#,STATE,LGA NAME,LGA CODE,WARD NAME,WARD CODE,Councillor,Start,End,
1,ABIA,ABIA NORTH,01,EZIAMA,01,,,,AB0101
2,ABIA,ABIA NORTH,01,INDUSTRIAL AREA,02,,,,AB0102
3,ABIA,ABIA NORTH,01,OSUSU I,03,,,,AB0103
4,ABIA,ABIA NORTH,01,OSUSU II,04,,,,AB0104
5,ABIA,ABIA NORTH,01,ST. EUGENES BY OKIGWE RD,05,,,,AB0105
6,ABIA,ABIA NORTH,01,URATTA,06,,,,AB0106
7,ABIA,ABIA NORTH,01,OLD ABA GRA,07,,,,AB0107
8,ABIA,ABIA NORTH,01,UMUOLA,08,,,,AB0108
9,ABIA,ABIA NORTH,01,ARIARIA MARKET,09,,,,AB0109
10,ABIA,ABIA NORTH,01,OGBOR I,10,,,,AB0110
11,ABIA,ABIA NORTH,01,OGBOR II,11,,,,AB0111
12,ABIA,ABIA NORTH,01,UMUOGOR,12,,,,AB0112
13,ABIA,ABA SOUTH,02,EZIUKWU,01,,,,AB0201
14,ABIA,ABA SOUTH,02,ASA,02,,,,AB0202
15,ABIA,ABA SOUTH,02,ENYIAMA,03,,,,AB0203
16,ABIA,ABA SOUTH,02,NGWA,04,,,,AB0204
17,ABIA,ABA SOUTH,02,OHAZU I,05,,,,AB0205
18,ABIA,ABA SOUTH,02,OHAZU II,06,,,,AB0206
19,ABIA,ABA SOUTH,02,IGWEBUIKE,07,,,,AB0207
20,ABIA,ABA SOUTH,02,EKEOHA,08,,,,AB0208
21,ABIA,ABA SOUTH,02,GLOUCHESTER,09,,,,AB0209
22,ABIA,ABA SOUTH,02,MOSQUE,10,,,,AB0210
23,ABIA,ABA SOUTH,02,ABA RIVER,11,,,,AB0211
24,ABIA,ABA SOUTH,02,ABA TOWN HALL,12,,,,AB0212
25,ABIA,AROCHUKWU,03,OVUKWU,01,,,,AB0301
26,ABIA,AROCHUKWU,03,OHAEKE,02,,,,AB0302
27,ABIA,AROCHUKWU,03,OHAFOR I,03,,,,AB0303
28,ABIA,AROCHUKWU,03,OHAFOR II,04,,,,AB0304
29,ABIA,AROCHUKWU,03,AROCHUKWU I,05,,,,AB0305
30,ABIA,AROCHUKWU,03,AROCHUKWU II,06,,,,AB0306
31,ABIA,AROCHUKWU,03,IKWUN IHECHIOWA,07,,,,AB0307
32,ABIA,AROCHUKWU,03,ELEOHA IHECHIOWA,08,,,,AB0308
33,ABIA,AROCHUKWU,03,UTUTU,09,,,,AB0309
34,ABIA,AROCHUKWU,03,ISU,10,,,,AB0310
35,ABIA,AROCHUKWU,03,AROCHUKWU III,11,,,,AB0311
36,ABIA,BENDE,04,AMINKALU/AKOLIUFU,01,,,,AB0401
37,ABIA,BENDE,04,BENDE,02,,,,AB0402
38,ABIA,BENDE,04,UGWUEKE/EZEUKWU,03,,,,AB0403
39,ABIA,BENDE,04,IGBERE ‘A’,04,,,,AB0404
40,ABIA,BENDE,04,IGBERE ‘B’,05,,,,AB0405
41,ABIA,BENDE,04,ITEM ‘A’,06,,,,AB0406
42,ABIA,BENDE,04,ITEM ‘B’,07,,,,AB0407
43,ABIA,BENDE,04,ITEM ‘C’,08,,,,AB0408
44,ABIA,BENDE,04,ITUMBAUZO,09,,,,AB0409
45,ABIA,BENDE,04,OZUITEM,10,,,,AB0410
46,ABIA,BENDE,04,UMUHU/EZECHI,11,,,,AB0411
47,ABIA,BENDE,04,UMU-IMENYI,12,,,,AB0412
48,ABIA,BENDE,04,UZUAKOLI,13,,,,AB0413
49,ABIA,IKWUANO,05,OLOKO I,01,,,,AB0501
50,ABIA,IKWUANO,05,OLOKO II,02,,,,AB0502
51,ABIA,IKWUANO,05,IBERE I,03,,,,AB0503
52,ABIA,IKWUANO,05,IBERE II,04,,,,AB0504
53,ABIA,IKWUANO,05,OBORO I,05,,,,AB0505
54,ABIA,IKWUANO,05,OBORO II,06,,,,AB0506
55,ABIA,IKWUANO,05,OBORO III,07,,,,AB0507
56,ABIA,IKWUANO,05,OBORO IV,08,,,,AB0508
57,ABIA,IKWUANO,05,ARIAM,09,,,,AB0509
58,ABIA,IKWUANO,05,USAKA,10,,,,AB0510
59,ABIA,ISIALA NGWA NORTH,06,AMASAA NSULU,01,,,,AB0601
60,ABIA,ISIALA NGWA NORTH,06,UMUNNA NSULU,02,,,,AB0602
61,ABIA,ISIALA NGWA NORTH,06,ISIALA NSULU,03,,,,AB0603
62,ABIA,ISIALA NGWA NORTH,06,NGWA UKWU II,04,,,,AB0604
63,ABIA,ISIALA NGWA NORTH,06,NGWA UKWU I,05,,,,AB0605
64,ABIA,ISIALA NGWA NORTH,06,IJIE,06,,,,AB0606
65,ABIA,ISIALA NGWA NORTH,06,AMASAA NTIGHA,07,,,,AB0607
66,ABIA,ISIALA NGWA NORTH,06,AMAPU NTIGHA,08,,,,AB0608
67,ABIA,ISIALA NGWA NORTH,06,UMUOHA,09,,,,AB0609
68,ABIA,ISIALA NGWA NORTH,06,MBAWSI/UMUOMA INTA,10,,,,AB0610
69,ABIA,ISIALA NGWA SOUTH,07,AMAISE/AMAISE AIYABA,01,,,,AB0701
70,ABIA,ISIALA NGWA SOUTH,07,NGWAOBI,02,,,,AB0702
71,ABIA,ISIALA NGWA SOUTH,07,MBUTU UKWU,03,,,,AB0703
72,ABIA,ISIALA NGWA SOUTH,07,MBUTU NGWA,04,,,,AB0704
73,ABIA,ISIALA NGWA SOUTH,07,EHI NA GURU OSOKWA,05,,,,AB0705
74,ABIA,ISIALA NGWA SOUTH,07,AKUNEKPU EZIAMA,06,,,,AB0706
75,ABIA,ISIALA NGWA SOUTH,07,NA OBUBA,07,,,,AB0707
76,ABIA,ISIALA NGWA SOUTH,07,OVUNGWU,08,,,,AB0708
77,ABIA,ISIALA NGWA SOUTH,07,OVUOKWU,09,,,,AB0709
78,ABIA,ISIALA NGWA SOUTH,07,OKPORO AHABA,10,,,,AB0710
79,ABIA,ISUIKWUATO,08,IMENYI,01,,,,AB0801
80,ABIA,ISUIKWUATO,08,EZERE,02,,,,AB0802
81,ABIA,ISUIKWUATO,08,ISIALA-AMAWU,03,,,,AB0803
82,ABIA,ISUIKWUATO,08,ISU-AMAWU,04,,,,AB0804
83,ABIA,ISUIKWUATO,08,OGUDUASA,05,,,,AB0805
84,ABIA,ISUIKWUATO,08,UMUNNEKWU,06,,,,AB0806
85,ABIA,ISUIKWUATO,08,ACHARA/MBAUGWU,07,,,,AB0807
86,ABIA,ISUIKWUATO,08,IKEAGHA I,08,,,,AB0808
87,ABIA,ISUIKWUATO,08,IKEAGHA II,09,,,,AB0809
88,ABIA,ISUIKWUATO,08,UMUANYI/ABSU,10,,,,AB0810
89,ABIA,OBINGWA,09,ABAYI I,01,,,,AB0901
90,ABIA,OBINGWA,09,ABAYI II,02,,,,AB0902
91,ABIA,OBINGWA,09,MGBOKO UMUANUNU,03,,,,AB0903
92,ABIA,OBINGWA,09,MGBOKO ITUN GWA,04,,,,AB0904
93,ABIA,OBINGWA,09,AHIABA,05,,,,AB0905
94,ABIA,OBINGWA,09,MGBOKO AMAIRI,06,,,,AB0906
95,ABIA,OBINGWA,09,ALAUKWU OHANZE,07,,,,AB0907
96,ABIA,OBINGWA,09,AKUMAIMO,08,,,,AB0908
97,ABIA,OBINGWA,09,NDIAKATA/AMAIRINABUA,09,,,,AB0909
98,ABIA,OBINGWA,09,NTIGHAUZO AMAIRI,10,,,,AB0910
99,ABIA,OBINGWA,09,IBEME,11,,,,AB0911
100,ABIA,OHAFIA,10,ISAMA OHAFIA,01,,,,AB1001
101,ABIA,OHAFIA,10,EBEM OHAFIA,02,,,,AB1002
102,ABIA,OHAFIA,10,NDI ELU NKPORO,03,,,,AB1003
103,ABIA,OHAFIA,10,NDI ETITI NKPORO,04,,,,AB1004
104,ABIA,OHAFIA,10,AMAEKE ABIRIBA,05,,,,AB1005
105,ABIA,OHAFIA,10,AMAOGUDU ABIRIBA,06,,,,AB1006
106,ABIA,OHAFIA,10,AGBOJI ABIRIBA,07,,,,AB1007
107,ABIA,OHAFIA,10,OHAFOR OHAFIA,08,,,,AB1008
108,ABIA,OHAFIA,10,OKAMU OHAFIA,09,,,,AB1009
109,ABIA,OHAFIA,10,ANIA OHAFIA,10,,,,AB1010
110,ABIA,OHAFIA,10,NDI AGBO NKPORO,11,,,,AB1011
111,ABIA,OSISIOMA,11,AMAVO,01,,,,AB1101
112,ABIA,OSISIOMA,11,AMAITOLU-MBUTU UMUOJIMA,02,,,,AB1102
113,ABIA,OSISIOMA,11,AMASATOR,03,,,,AB1103
114,ABIA,OSISIOMA,11,ARO-NGWA,04,,,,AB1104
115,ABIA,OSISIOMA,11,AMA-ASAA,05,,,,AB1105
116,ABIA,OSISIOMA,11,OSO-OKWA,06,,,,AB1106
117,ABIA,OSISIOMA,11,URATTA,07,,,,AB1107
118,ABIA,OSISIOMA,11,AMATOR,08,,,,AB1108
119,ABIA,OSISIOMA,11,UMUNNEISE,09,,,,AB1109
120,ABIA,OSISIOMA,11,OKPU-UMUOBO,10,,,,AB1110
121,ABIA,UGWUNAGBO,12,WARD ONE,01,,,,AB1201
122,ABIA,UGWUNAGBO,12,WARD TWO,02,,,,AB1202
123,ABIA,UGWUNAGBO,12,WARD THREE,03,,,,AB1203
124,ABIA,UGWUNAGBO,12,WARD FOUR,04,,,,AB1204
125,ABIA,UGWUNAGBO,12,WARD FIVE,05,,,,AB1205
126,ABIA,UGWUNAGBO,12,WARD SIX,06,,,,AB1206
127,ABIA,UGWUNAGBO,12,WARD SEVEN,07,,,,AB1207
128,ABIA,UGWUNAGBO,12,WARD EIGHT,08,,,,AB1208
129,ABIA,UGWUNAGBO,12,WARD NINE,09,,,,AB1209
130,ABIA,UGWUNAGBO,12,WARD TEN,10,,,,AB1210
131,ABIA,UKWA EAST,13,IKWURIATOR EAST,01,,,,AB1301
132,ABIA,UKWA EAST,13,IKURIATOR WEST,02,,,,AB1302
133,ABIA,UKWA EAST,13,AZUMINI,03,,,,AB1303
134,ABIA,UKWA EAST,13,UMUIGUBE ACHARA,04,,,,AB1304
135,ABIA,UKWA EAST,13,AKWETE,05,,,,AB1305
136,ABIA,UKWA EAST,13,OBOHIA,06,,,,AB1306
137,ABIA,UKWA EAST,13,IKWUEKE EAST,07,,,,AB1307
138,ABIA,UKWA EAST,13,IKWUEKE WEST,08,,,,AB1308
139,ABIA,UKWA EAST,13,NKPOROBE/OHURU,09,,,,AB1309
140,ABIA,UKWA EAST,13,IKWUORIE,10,,,,AB1310
141,ABIA,UKWA WEST,14,ASA NORTH,01,,,,AB1401
142,ABIA,UKWA WEST,14,OBOKWE,02,,,,AB1402
143,ABIA,UKWA WEST,14,OGWE,03,,,,AB1403
144,ABIA,UKWA WEST,14,ASA SOUTH,04,,,,AB1404
145,ABIA,UKWA WEST,14,OBUZOR,05,,,,AB1405
146,ABIA,UKWA WEST,14,IPU WEST,06,,,,AB1406
147,ABIA,UKWA WEST,14,IPU EAST,07,,,,AB1407
148,ABIA,UKWA WEST,14,IPU SOUTH,08,,,,AB1408
149,ABIA,UKWA WEST,14,OZAA UKWU,09,,,,AB1409
150,ABIA,UKWA WEST,14,OZAA WEST,10,,,,AB1410
151,ABIA,UMUAHIA NORTH,15,IBEKU EAST I,01,,,,AB1501
152,ABIA,UMUAHIA NORTH,15,IBEKU EAST II,02,,,,AB1502
153,ABIA,UMUAHIA NORTH,15,NDUME,03,,,,AB1503
154,ABIA,UMUAHIA NORTH,15,IBEKU WEST,04,,,,AB1504
155,ABIA,UMUAHIA NORTH,15,UMUAHIA URBAN I,05,,,,AB1505
156,ABIA,UMUAHIA NORTH,15,UMUAHIA URBAN II,06,,,,AB1506
157,ABIA,UMUAHIA NORTH,15,UMUAHIA URBAN III,07,,,,AB1507
158,ABIA,UMUAHIA NORTH,15,NKWOACHARA,08,,,,AB1508
159,ABIA,UMUAHIA NORTH,15,NKWOEGWU,09,,,,AB1509
160,ABIA,UMUAHIA NORTH,15,AFUGIRI,10,,,,AB1510
161,ABIA,UMUAHIA NORTH,15,UMUHU,11,,,,AB1511
162,ABIA,UMUAHIA NORTH,15,ISINGWU,12,,,,AB1512
163,ABIA,UMUAHIA SOUTH,16,EZELEKE/OGBO DIUKWU,01,,,,AB1601
164,ABIA,UMUAHIA SOUTH,16,OMAEGWU,02,,,,AB1602
165,ABIA,UMUAHIA SOUTH,16,OHIAOCHA,03,,,,AB1603
166,ABIA,UMUAHIA SOUTH,16,AMIAUKWU I,04,,,,AB1604
167,ABIA,UMUAHIA SOUTH,16,AMIAUKWU II,05,,,,AB1605
168,ABIA,UMUAHIA SOUTH,16,OLD UMUAHIA,06,,,,AB1606
169,ABIA,UMUAHIA SOUTH,16,AMAKAMA,07,,,,AB1607
170,ABIA,UMUAHIA SOUTH,16,UBAKALA ‘A’,08,,,,AB1608
171,ABIA,UMUAHIA SOUTH,16,NSIRIMO,09,,,,AB1609
172,ABIA,UMUAHIA SOUTH,16,UBAKALA ‘B’,10,,,,AB1610
173,ABIA,UMU-NNEOCHI,17,AMUDA,01,,,,AB1701
174,ABIA,UMU-NNEOCHI,17,UMUAKU,02,,,,AB1702
175,ABIA,UMU-NNEOCHI,17,MBALA/ACHARA,03,,,,AB1703
176,ABIA,UMU-NNEOCHI,17,EZIN GODO,04,,,,AB1704
177,ABIA,UMU-NNEOCHI,17,NDIAWA/UMUELEM/IHIE/AMORIE,05,,,,AB1705
178,ABIA,UMU-NNEOCHI,17,EZIAMA-UGWU,06,,,,AB1706
179,ABIA,UMU-NNEOCHI,17,EZIAMA-AGBO,07,,,,AB1707
180,ABIA,UMU-NNEOCHI,17,UBAHU/AKAWA/AROIKPA,08,,,,AB1708
181,ABIA,UMU-NNEOCHI,17,UMUCHIEZE I,09,,,,AB1709
182,ABIA,UMU-NNEOCHI,17,UMUCHIEZE II,10,,,,AB1710
183,ABIA,UMU-NNEOCHI,17,UMUCHIEZE III,11,,,,AB1711
184,ABIA,UMU-NNEOCHI,17,OBINOLU/OBIAGU/LOMARA,12,,,,AB1712
185,ADAMAWA,DEMSA,01,BILLE,01,,,,AD0101
186,ADAMAWA,DEMSA,01,BORRONG,02,,,,AD0102
187,ADAMAWA,DEMSA,01,DEMSA,03,,,,AD0103
188,ADAMAWA,DEMSA,01,DILLI,04,,,,AD0104
189,ADAMAWA,DEMSA,01,DONG,05,,,,AD0105
190,ADAMAWA,DEMSA,01,DWAM,06,,,,AD0106
191,ADAMAWA,DEMSA,01,GWAMBA,07,,,,AD0107
192,ADAMAWA,DEMSA,01,KPASHAM,08,,,,AD0108
193,ADAMAWA,DEMSA,01,MBULA-KULI,09,,,,AD0109
194,ADAMAWA,DEMSA,01,NASSARAWO DEMSA,10,,,,AD0110
195,ADAMAWA,FURORE,02,BETI,01,,,,AD0201
196,ADAMAWA,FURORE,02,FARANG,02,,,,AD0202
197,ADAMAWA,FURORE,02,FURORE,03,,,,AD0203
198,ADAMAWA,FURORE,02,GURIN,04,,,,AD0204
199,ADAMAWA,FURORE,02,KARLAHI,05,,,,AD0205
200,ADAMAWA,FURORE,02,MAYO-INE,06,,,,AD0206
201,ADAMAWA,FURORE,02,PARIYA,07,,,,AD0207
202,ADAMAWA,FURORE,02,RIBADU,08,,,,AD0208
203,ADAMAWA,FURORE,02,UKI TUKI,09,,,,AD0209
204,ADAMAWA,FURORE,02,WURO BOKKI,10,,,,AD0210
205,ADAMAWA,FURORE,02,YADIM,11,,,,AD0211
206,ADAMAWA,GANYE,03,BAKARI GUSO,01,,,,AD0301
207,ADAMAWA,GANYE,03,GAMU,02,,,,AD0302
208,ADAMAWA,GANYE,03,GANYE I,03,,,,AD0303
209,ADAMAWA,GANYE,03,GANYE II,04,,,,AD0304
210,ADAMAWA,GANYE,03,GURUM,05,,,,AD0305
211,ADAMAWA,GANYE,03,JAGGU,06,,,,AD0306
212,ADAMAWA,GANYE,03,SAGASUMI,07,,,,AD0307
213,ADAMAWA,GANYE,03,SUGU,08,,,,AD0308
214,ADAMAWA,GANYE,03,TIMDORE,09,,,,AD0309
215,ADAMAWA,GANYE,03,YEBBI,10,,,,AD0310
216,ADAMAWA,GEREI,04,DAKRI,01,,,,AD0401
217,ADAMAWA,GEREI,04,DAMARE,02,,,,AD0402
218,ADAMAWA,GEREI,04,GEREI I,03,,,,AD0403
219,ADAMAWA,GEREI,04,GEREI II,04,,,,AD0404
220,ADAMAWA,GEREI,04,GERENG,05,,,,AD0405
221,ADAMAWA,GEREI,04,JERA BAKARI,06,,,,AD0406
222,ADAMAWA,GEREI,04,JERA BONYO,07,,,,AD0407
223,ADAMAWA,GEREI,04,MODIRE/VINIKILANG,08,,,,AD0408
224,ADAMAWA,GEREI,04,TAMBO,09,,,,AD0409
225,ADAMAWA,GEREI,04,WURO DOLE,10,,,,AD0410
226,ADAMAWA,GOMBI,05,BOGA,01,,,,AD0501
227,ADAMAWA,GOMBI,05,DUWA,02,,,,AD0502
228,ADAMAWA,GOMBI,05,GA’ANDA,03,,,,AD0503
229,ADAMAWA,GOMBI,05,GABUN,04,,,,AD0504
230,ADAMAWA,GOMBI,05,GARKIDA,05,,,,AD0505
231,ADAMAWA,GOMBI,05,GOMBI NORTH,06,,,,AD0506
232,ADAMAWA,GOMBI,05,GOMBI SOUTH,07,,,,AD0507
233,ADAMAWA,GOMBI,05,GUYAKU,08,,,,AD0508
234,ADAMAWA,GOMBI,05,TAWA,09,,,,AD0509
235,ADAMAWA,GOMBI,05,YANG,10,,,,AD0510
236,ADAMAWA,GUYUK,06,BANJIRAM,01,,,,AD0601
237,ADAMAWA,GUYUK,06,BOBINI,02,,,,AD0602
238,ADAMAWA,GUYUK,06,BODENO,03,,,,AD0603
239,ADAMAWA,GUYUK,06,CHIKILA,04,,,,AD0604
240,ADAMAWA,GUYUK,06,DUKUL,05,,,,AD0605
241,ADAMAWA,GUYUK,06,DUMNA,06,,,,AD0606
242,ADAMAWA,GUYUK,06,GUYUK,07,,,,AD0607
243,ADAMAWA,GUYUK,06,KOLA,08,,,,AD0608
244,ADAMAWA,GUYUK,06,LOKORO,09,,,,AD0609
245,ADAMAWA,GUYUK,06,PUROKAYO,10,,,,AD0610
246,ADAMAWA,HONG,07,BANGSHIKA,01,,,,AD0701
247,ADAMAWA,HONG,07,DAKSIRI,02,,,,AD0702
248,ADAMAWA,HONG,07,GARAHA,03,,,,AD0703
249,ADAMAWA,HONG,07,GAYA SILKAMI,04,,,,AD0704
250,ADAMAWA,HONG,07,HILDI,05,,,,AD0705
251,ADAMAWA,HONG,07,HONG,06,,,,AD0706
252,ADAMAWA,HONG,07,HUSHEREZUM,07,,,,AD0707
253,ADAMAWA,HONG,07,KWARHI,08,,,,AD0708
254,ADAMAWA,HONG,07,MAYO LOPE,09,,,,AD0709
255,ADAMAWA,HONG,07,SHANGUI,10,,,,AD0710
256,ADAMAWA,HONG,07,THILBANG,11,,,,AD0711
257,ADAMAWA,HONG,07,UBA,12,,,,AD0712
258,ADAMAWA,JADA,08,DANABA,01,,,,AD0801
259,ADAMAWA,JADA,08,JADA I,02,,,,AD0802
260,ADAMAWA,JADA,08,JABA II,03,,,,AD0803
261,ADAMAWA,JADA,08,KOMA I,04,,,,AD0804
262,ADAMAWA,JADA,08,KOMA II,05,,,,AD0805
263,ADAMAWA,JADA,08,LEKO,06,,,,AD0806
264,ADAMAWA,JADA,08,MAPEO,07,,,,AD0807
265,ADAMAWA,JADA,08,MAYOKALAYE,08,,,,AD0808
266,ADAMAWA,JADA,08,MBULO,09,,,,AD0809
267,ADAMAWA,JADA,08,NYIBANGO,10,,,,AD0810
268,ADAMAWA,JADA,08,YELLI,11,,,,AD0811
269,ADAMAWA,LAMURDE,09,DUBWANGUN,01,,,,AD0901
270,ADAMAWA,LAMURDE,09,GYWANA,02,,,,AD0902
271,ADAMAWA,LAMURDE,09,LAFIYA,03,,,,AD0903
272,ADAMAWA,LAMURDE,09,LAMURDE,04,,,,AD0904
273,ADAMAWA,LAMURDE,09,NGBAKOWO,05,,,,AD0905
274,ADAMAWA,LAMURDE,09,NGBEBONGUN,06,,,,AD0906
275,ADAMAWA,LAMURDE,09,OPALO,07,,,,AD0907
276,ADAMAWA,LAMURDE,09,RIGANGE,08,,,,AD0908
277,ADAMAWA,LAMURDE,09,SUWA,09,,,,AD0909
278,ADAMAWA,LAMURDE,09,WADUKU,10,,,,AD0910
279,ADAMAWA,MADAGALI,10,BEBEL,01,,,,AD1001
280,ADAMAWA,MADAGALI,10,DUHU/SHUWA,02,,,,AD1002
281,ADAMAWA,MADAGALI,10,GULAK,03,,,,AD1003
282,ADAMAWA,MADAGALI,10,HYAMBULA,04,,,,AD1004
283,ADAMAWA,MADAGALI,10,K/WURO NGAYANDI,05,,,,AD1005
284,ADAMAWA,MADAGALI,10,MADAGALI,06,,,,AD1006
285,ADAMAWA,MADAGALI,10,PALLAM,07,,,,AD1007
286,ADAMAWA,MADAGALI,10,SHELMI/VAPURA,08,,,,AD1008
287,ADAMAWA,MADAGALI,10,WAGGA,09,,,,AD1009
288,ADAMAWA,MADAGALI,10,WULA,10,,,,AD1010
289,ADAMAWA,MAIHA,11,BEBEL,01,,,,AD1101
290,ADAMAWA,MAIHA,11,HUMBUTUDI,02,,,,AD1102
291,ADAMAWA,MAIHA,11,KONKOL,03,,,,AD1103
292,ADAMAWA,MAIHA,11,MAIHA GARI,04,,,,AD1104
293,ADAMAWA,MAIHA,11,MANJEKIN,05,,,,AD1105
294,ADAMAWA,MAIHA,11,MAYO NGULI,06,,,,AD1106
295,ADAMAWA,MAIHA,11,PAKKA,07,,,,AD1107
296,ADAMAWA,MAIHA,11,SORAU ‘U’,08,,,,AD1108
297,ADAMAWA,MAIHA,11,SORAU ‘B’,09,,,,AD1109
298,ADAMAWA,MAIHA,11,TAMBAJAM,10,,,,AD1110
299,ADAMAWA,MAYO-BELWA,12,BAJAMA,01,,,,AD1201
300,ADAMAWA,MAYO-BELWA,12,BINYERI,02,,,,AD1202
301,ADAMAWA,MAYO-BELWA,12,GANGFADA,03,,,,AD1203
302,ADAMAWA,MAYO-BELWA,12,GENGLE,04,,,,AD1204
303,ADAMAWA,MAYO-BELWA,12,GOROBI,05,,,,AD1205
304,ADAMAWA,MAYO-BELWA,12,MAYO-BELWA,06,,,,AD1206
305,ADAMAWA,MAYO-BELWA,12,MAYO-FARANG,07,,,,AD1207
306,ADAMAWA,MAYO-BELWA,12,NASSARAWO JERENG,08,,,,AD1208
307,ADAMAWA,MAYO-BELWA,12,NDIKONG,09,,,,AD1209
308,ADAMAWA,MAYO-BELWA,12,RIBADU,10,,,,AD1210
309,ADAMAWA,MAYO-BELWA,12,TOLA,11,,,,AD1211
310,ADAMAWA,MAYO-BELWA,12,YOFFO,12,,,,AD1212
311,ADAMAWA,MICHIKA,13,BAZZA MARGI,01,,,,AD1301
312,ADAMAWA,MICHIKA,13,FUTUDOU/FUTULES,02,,,,AD1302
313,ADAMAWA,MICHIKA,13,GARTA/GHUNCHI,03,,,,AD1303
314,ADAMAWA,MICHIKA,13,JIGALAMBU,04,,,,AD1304
315,ADAMAWA,MICHIKA,13,MADZI,05,,,,AD1305
316,ADAMAWA,MICHIKA,13,MICHIKA I,06,,,,AD1306
317,ADAMAWA,MICHIKA,13,MICHIKA II,07,,,,AD1307
318,ADAMAWA,MICHIKA,13,MINKISI/WURO NGIKI,08,,,,AD1308
319,ADAMAWA,MICHIKA,13,MODA/DLAKA/GHENJUWA,09,,,,AD1309
320,ADAMAWA,MICHIKA,13,MUNKA VICITA,10,,,,AD1310
321,ADAMAWA,MICHIKA,13,SINA KWANDE,11,,,,AD1311
322,ADAMAWA,MICHIKA,13,THUKUDOU/SUFUKU/ZAH,12,,,,AD1312
323,ADAMAWA,MICHIKA,13,TSUKUMU/TILLIJO,13,,,,AD1313
324,ADAMAWA,MICHIKA,13,TUMBARA NGABILI,14,,,,AD1314
325,ADAMAWA,MICHIKA,13,VI/BOKA,15,,,,AD1315
326,ADAMAWA,MICHIKA,13,WAMBLIMI/TILLI,16,,,,AD1316
327,ADAMAWA,MUBI NORTH,14,BAHULI,01,,,,AD1401
328,ADAMAWA,MUBI NORTH,14,BETSO,02,,,,AD1402
329,ADAMAWA,MUBI NORTH,14,DIGIL,03,,,,AD1403
330,ADAMAWA,MUBI NORTH,14,KOLERE,04,,,,AD1404
331,ADAMAWA,MUBI NORTH,14,LOKUWA,05,,,,AD1405
332,ADAMAWA,MUBI NORTH,14,MAYO-BANI,06,,,,AD1406
333,ADAMAWA,MUBI NORTH,14,MIJILU,07,,,,AD1407
334,ADAMAWA,MUBI NORTH,14,MUCHALA,08,,,,AD1408
335,ADAMAWA,MUBI NORTH,14,SABON-LAYI,09,,,,AD1409
336,ADAMAWA,MUBI NORTH,14,VITIM,10,,,,AD1410
337,ADAMAWA,MUBI NORTH,14,YELWA,11,,,,AD1411
338,ADAMAWA,MUBI SOUTH,15,DIRBISHI/GANDIRA,01,,,,AD1501
339,ADAMAWA,MUBI SOUTH,15,DUVU/CHABA/GIRBURUM,02,,,,AD1502
340,ADAMAWA,MUBI SOUTH,15,GELLA,03,,,,AD1503
341,ADAMAWA,MUBI SOUTH,15,GUDE,04,,,,AD1504
342,ADAMAWA,MUBI SOUTH,15,KWAJA,05,,,,AD1505
343,ADAMAWA,MUBI SOUTH,15,LAMORDE,06,,,,AD1506
344,ADAMAWA,MUBI SOUTH,15,MUJARA,07,,,,AD1507
345,ADAMAWA,MUBI SOUTH,15,MUGULBU/YADAFA,08,,,,AD1508
346,ADAMAWA,MUBI SOUTH,15,NASSARAWO,09,,,,AD1509
347,ADAMAWA,MUBI SOUTH,15,NDUKU,10,,,,AD1510
348,ADAMAWA,NUMAN,16,BARE,01,,,,AD1601
349,ADAMAWA,NUMAN,16,BOLKI,02,,,,AD1602
350,ADAMAWA,NUMAN,16,GAMADIO,03,,,,AD1603
351,ADAMAWA,NUMAN,16,IMBURU,04,,,,AD1604
352,ADAMAWA,NUMAN,16,KODOMTI,05,,,,AD1605
353,ADAMAWA,NUMAN,16,NUMAN I,06,,,,AD1606
354,ADAMAWA,NUMAN,16,NUMAN II,07,,,,AD1607
355,ADAMAWA,NUMAN,16,NUMAN II,08,,,,AD1608
356,ADAMAWA,NUMAN,16,SABON PEGI,09,,,,AD1609
357,ADAMAWA,NUMAN,16,VULPI,10,,,,AD1610
358,ADAMAWA,SHELLENG,17,BAKTA,01,,,,AD1701
359,ADAMAWA,SHELLENG,17,BODWAI,02,,,,AD1702
360,ADAMAWA,SHELLENG,17,GUNDO,03,,,,AD1703
361,ADAMAWA,SHELLENG,17,GWAPOPOLOK,04,,,,AD1704
362,ADAMAWA,SHELLENG,17,JUMBUL,05,,,,AD1705
363,ADAMAWA,SHELLENG,17,KETEMBERE,06,,,,AD1706
364,ADAMAWA,SHELLENG,17,KIRI,07,,,,AD1707
365,ADAMAWA,SHELLENG,17,LIBBO,08,,,,AD1708
366,ADAMAWA,SHELLENG,17,SHELLENG,09,,,,AD1709
367,ADAMAWA,SHELLENG,17,TALLUM,10,,,,AD1710
368,ADAMAWA,SONG,18,DIRMA,01,,,,AD1801
369,ADAMAWA,SONG,18,DUMNE,02,,,,AD1802
370,ADAMAWA,SONG,18,GUDU MBOI,03,,,,AD1803
371,ADAMAWA,SONG,18,KILANGE FUNA,04,,,,AD1804
372,ADAMAWA,SONG,18,KILANGE HIRNA,05,,,,AD1805
373,ADAMAWA,SONG,18,SIGIRE,06,,,,AD1806
374,ADAMAWA,SONG,18,SUKTU,07,,,,AD1807
375,ADAMAWA,SONG,18,SONG GARI,08,,,,AD1808
376,ADAMAWA,SONG,18,SONG WAJE,09,,,,AD1809
377,ADAMAWA,SONG,18,WALTANDI,10,,,,AD1810
378,ADAMAWA,SONG,18,ZUMO,11,,,,AD1811
379,ADAMAWA,TUNGO,19,DAWO I,01,,,,AD1901
380,ADAMAWA,TUNGO,19,DAWO II,02,,,,AD1902
381,ADAMAWA,TUNGO,19,GUMTI,03,,,,AD1903
382,ADAMAWA,TUNGO,19,KIRI I,04,,,,AD1904
383,ADAMAWA,TUNGO,19,KIRI II,05,,,,AD1905
384,ADAMAWA,TUNGO,19,KOGIN BABA I,06,,,,AD1906
385,ADAMAWA,TUNGO,19,KOGIN BABA II,07,,,,AD1907
386,ADAMAWA,TUNGO,19,TOUNGO I,08,,,,AD1908
387,ADAMAWA,TUNGO,19,TOUNGO II,09,,,,AD1909
388,ADAMAWA,TUNGO,19,TOUNGO III,10,,,,AD1910
389,ADAMAWA,YOLA NORTH,20,ALKALAWA,01,,,,AD2001
390,ADAMAWA,YOLA NORTH,20,AJIYA,02,,,,AD2002
391,ADAMAWA,YOLA NORTH,20,DOUBELI,03,,,,AD2003
392,ADAMAWA,YOLA NORTH,20,GWADABAWA,04,,,,AD2004
393,ADAMAWA,YOLA NORTH,20,JAMBUTU,05,,,,AD2005
394,ADAMAWA,YOLA NORTH,20,KAREWA,06,,,,AD2006
395,ADAMAWA,YOLA NORTH,20,LIMAWA,07,,,,AD2007
396,ADAMAWA,YOLA NORTH,20,LUGGERE,08,,,,AD2008
397,ADAMAWA,YOLA NORTH,20,NASSARAWO,09,,,,AD2009
398,ADAMAWA,YOLA NORTH,20,RUMDE,10,,,,AD2010
399,ADAMAWA,YOLA NORTH,20,YELWA,11,,,,AD2011
400,ADAMAWA,YOLA SOUTH,21,ADARAWO,01,,,,AD2101
401,ADAMAWA,YOLA SOUTH,21,BAKO,02,,,,AD2102
402,ADAMAWA,YOLA SOUTH,21,BOLE/YOLDE PATE,03,,,,AD2103
403,ADAMAWA,YOLA SOUTH,21,NAMTARI,04,,,,AD2104
404,ADAMAWA,YOLA SOUTH,21,NGURORE,05,,,,AD2105
405,ADAMAWA,YOLA SOUTH,21,MAKAMA ‘A’,06,,,,AD2106
406,ADAMAWA,YOLA SOUTH,21,MAKAMA ‘B’,07,,,,AD2107
407,ADAMAWA,YOLA SOUTH,21,MBAMBA,08,,,,AD2108
408,ADAMAWA,YOLA SOUTH,21,MBAMOI,09,,,,AD2109
409,ADAMAWA,YOLA SOUTH,21,TOUNGO,10,,,,AD2110
410,ADAMAWA,YOLA SOUTH,21,YOLDE KOHI,11,,,,AD2111
411,AKWA IBOM,ABAK,01,ABAK URBAN I,01,,,,AK0101
412,AKWA IBOM,ABAK,01,ABAK URBAN II,02,,,,AK0102
413,AKWA IBOM,ABAK,01,ABAK URBAN III,03,,,,AK0103
414,AKWA IBOM,ABAK,01,ABAK URBAN IV,04,,,,AK0104
415,AKWA IBOM,ABAK,01,AFAHA OBONG I,05,,,,AK0105
416,AKWA IBOM,ABAK,01,AFAHA OBONG II,06,,,,AK0106
417,AKWA IBOM,ABAK,01,MIDIM I,07,,,,AK0107
418,AKWA IBOM,ABAK,01,MIDIM II,08,,,,AK0108
419,AKWA IBOM,ABAK,01,OTORO I,09,,,,AK0109
420,AKWA IBOM,ABAK,01,OTORO II,10,,,,AK0110
421,AKWA IBOM,ABAK,01,OTORO III,11,,,,AK0111
422,AKWA IBOM,EASTERN OBOLO,02,EASTERN OBOLO I,01,,,,AK0201
423,AKWA IBOM,EASTERN OBOLO,02,EASTERN OBOLO II,02,,,,AK0202
424,AKWA IBOM,EASTERN OBOLO,02,EASTERN OBOLO III,03,,,,AK0203
425,AKWA IBOM,EASTERN OBOLO,02,EASTERN OBOLO IV,04,,,,AK0204
426,AKWA IBOM,EASTERN OBOLO,02,EASTERN OBOLO V,05,,,,AK0205
427,AKWA IBOM,EASTERN OBOLO,02,EASTERN OBOLO VI,06,,,,AK0206
428,AKWA IBOM,EASTERN OBOLO,02,EASTERN OBOLO VII,07,,,,AK0207
429,AKWA IBOM,EASTERN OBOLO,02,EASTERN OBOLO VIII,08,,,,AK0208
430,AKWA IBOM,EASTERN OBOLO,02,EASTERN OBOLO IX,09,,,,AK0209
431,AKWA IBOM,EASTERN OBOLO,02,EASTERN OBOLO X,10,,,,AK0210
432,AKWA IBOM,EKET,03,EKET URBAN I,01,,,,AK0301
433,AKWA IBOM,EKET,03,EKET URBAN II,02,,,,AK0302
434,AKWA IBOM,EKET,03,EKET URBAN III,03,,,,AK0303
435,AKWA IBOM,EKET,03,EKET URBAN IV,04,,,,AK0304
436,AKWA IBOM,EKET,03,EKET CENTRAL I,05,,,,AK0305
437,AKWA IBOM,EKET,03,EKET CENTRAL II,06,,,,AK0306
438,AKWA IBOM,EKET,03,EKET CENTRAL III,07,,,,AK0307
439,AKWA IBOM,EKET,03,EKET CENTRAL IV,08,,,,AK0308
440,AKWA IBOM,EKET,03,EKET CENTRAL V,09,,,,AK0309
441,AKWA IBOM,EKET,03,OKON I,10,,,,AK0310
442,AKWA IBOM,EKET,03,OKON II,11,,,,AK0311
443,AKWA IBOM,ESIT EKET (UQUO),04,EKPENE OBO,01,,,,AK0401
444,AKWA IBOM,ESIT EKET (UQUO),04,EDOR,02,,,,AK0402
445,AKWA IBOM,ESIT EKET (UQUO),04,EBE EKPI,03,,,,AK0403
446,AKWA IBOM,ESIT EKET (UQUO),04,IKPA,04,,,,AK0404
447,AKWA IBOM,ESIT EKET (UQUO),04,UQUO,05,,,,AK0405
448,AKWA IBOM,ESIT EKET (UQUO),04,EBIGHI OKPONO,06,,,,AK0406
449,AKWA IBOM,ESIT EKET (UQUO),04,ETEBI IDUNG ASSAN,07,,,,AK0407
450,AKWA IBOM,ESIT EKET (UQUO),04,ETEBI AKWATA,08,,,,AK0408
451,AKWA IBOM,ESIT EKET (UQUO),04,AKPAUTONG,09,,,,AK0409
452,AKWA IBOM,ESIT EKET (UQUO),04,NTAK INYANG,10,,,,AK0410
453,AKWA IBOM,ESSIEN UDIM,05,ADIASIM,01,,,,AK0501
454,AKWA IBOM,ESSIEN UDIM,05,AFAHA,02,,,,AK0502
455,AKWA IBOM,ESSIEN UDIM,05,EKPENEYONG I,03,,,,AK0503
456,AKWA IBOM,ESSIEN UDIM,05,EKPENYONG II,04,,,,AK0504
457,AKWA IBOM,ESSIEN UDIM,05,IKPE ANNANG,05,,,,AK0505
458,AKWA IBOM,ESSIEN UDIM,05,ODORO IKO I,06,,,,AK0506
459,AKWA IBOM,ESSIEN UDIM,05,ODORO IKOT II,07,,,,AK0507
460,AKWA IBOM,ESSIEN UDIM,05,OKON,08,,,,AK0508
461,AKWA IBOM,ESSIEN UDIM,05,UKANA EAST,09,,,,AK0509
462,AKWA IBOM,ESSIEN UDIM,05,UKANA WEST I,10,,,,AK0510
463,AKWA IBOM,ESSIEN UDIM,05,UKANA WEST II,11,,,,AK0511
464,AKWA IBOM,ETIM EKPO,06,ETIM EKPO I,01,,,,AK0601
465,AKWA IBOM,ETIM EKPO,06,ETIM EKPO II,02,,,,AK0602
466,AKWA IBOM,ETIM EKPO,06,ETIM EKPO III,03,,,,AK0603
467,AKWA IBOM,ETIM EKPO,06,ETIM EKPO IV,04,,,,AK0604
468,AKWA IBOM,ETIM EKPO,06,ETIM EKPO V,05,,,,AK0605
469,AKWA IBOM,ETIM EKPO,06,ETIM EKPO VI,06,,,,AK0606
470,AKWA IBOM,ETIM EKPO,06,ETIM EKPO VII,07,,,,AK0607
471,AKWA IBOM,ETIM EKPO,06,ETIM EKPO VIII,08,,,,AK0608
472,AKWA IBOM,ETIM EKPO,06,ETIM EKPO IX,09,,,,AK0609
473,AKWA IBOM,ETIM EKPO,06,ETIM EKPO X,10,,,,AK0610
474,AKWA IBOM,ETINAN,07,ETINAN URBAN I,01,,,,AK0701
475,AKWA IBOM,ETINAN,07,ETINAN URBAN II,02,,,,AK0702
476,AKWA IBOM,ETINAN,07,ETINAN URBAN III,03,,,,AK0703
477,AKWA IBOM,ETINAN,07,ETINAN URBAN IV,04,,,,AK0704
478,AKWA IBOM,ETINAN,07,ETINAN URBAN V,05,,,,AK0705
479,AKWA IBOM,ETINAN,07,SOUTHERN IMAN I,06,,,,AK0706
480,AKWA IBOM,ETINAN,07,SOUTHERN IMAN II,07,,,,AK0707
481,AKWA IBOM,ETINAN,07,SOUTHERN IMAN III,08,,,,AK0708
482,AKWA IBOM,ETINAN,07,SOUTHERN IMAN IV,09,,,,AK0709
483,AKWA IBOM,ETINAN,07,NORTHERN IMAN I,10,,,,AK0710
484,AKWA IBOM,ETINAN,07,NORTHERN IMAN II,11,,,,AK0711
485,AKWA IBOM,IBENO,08,IBENO I,01,,,,AK0801
486,AKWA IBOM,IBENO,08,IBENO I,02,,,,AK0802
487,AKWA IBOM,IBENO,08,IBENO I,03,,,,AK0803
488,AKWA IBOM,IBENO,08,IBENO I,04,,,,AK0804
489,AKWA IBOM,IBENO,08,IBENO I,05,,,,AK0805
490,AKWA IBOM,IBENO,08,IBENO I,06,,,,AK0806
491,AKWA IBOM,IBENO,08,IBENO I,07,,,,AK0807
492,AKWA IBOM,IBENO,08,IBENO I,08,,,,AK0808
493,AKWA IBOM,IBENO,08,IBENO I,09,,,,AK0809
494,AKWA IBOM,IBENO,08,IBENO I,10,,,,AK0810
495,AKWA IBOM,IBESIKPO/ASUTAN,09,IBESIKPO I,01,,,,AK0901
496,AKWA IBOM,IBESIKPO/ASUTAN,09,IBESIKPO II,02,,,,AK0902
497,AKWA IBOM,IBESIKPO/ASUTAN,09,IBESIKPO III,03,,,,AK0903
498,AKWA IBOM,IBESIKPO/ASUTAN,09,IBESIKPO IV,04,,,,AK0904
499,AKWA IBOM,IBESIKPO/ASUTAN,09,IBESIKPO V,05,,,,AK0905
500,AKWA IBOM,IBESIKPO/ASUTAN,09,AUSTAN I,06,,,,AK0906
501,AKWA IBOM,IBESIKPO/ASUTAN,09,AUSTAN II,07,,,,AK0907
502,AKWA IBOM,IBESIKPO/ASUTAN,09,AUSTAN III,08,,,,AK0908
503,AKWA IBOM,IBESIKPO/ASUTAN,09,AUSTAN IV,09,,,,AK0909
504,AKWA IBOM,IBESIKPO/ASUTAN,09,AUSTAN V,10,,,,AK0910
505,AKWA IBOM,IBIONO IBOM,10,IBIONO EASTERN I,01,,,,AK1001
506,AKWA IBOM,IBIONO IBOM,10,IBIONO EASTERN II,02,,,,AK1002
507,AKWA IBOM,IBIONO IBOM,10,IBIONO WESTERN I,03,,,,AK1003
508,AKWA IBOM,IBIONO IBOM,10,IBIONO WESTERN II,04,,,,AK1004
509,AKWA IBOM,IBIONO IBOM,10,IBIONO SOUTHERN I,05,,,,AK1005
510,AKWA IBOM,IBIONO IBOM,10,IBIONO SOURTHERN II,06,,,,AK1006
511,AKWA IBOM,IBIONO IBOM,10,IBIONO NORTHERN I,07,,,,AK1007
512,AKWA IBOM,IBIONO IBOM,10,IBIONO NORTHERN II,08,,,,AK1008
513,AKWA IBOM,IBIONO IBOM,10,IBIONO CENTRAL I,09,,,,AK1009
514,AKWA IBOM,IBIONO IBOM,10,IBIONO CENTRAL II,10,,,,AK1010
515,AKWA IBOM,IBIONO IBOM,10,IKPANYA,11,,,,AK1011
516,AKWA IBOM,IKA,11,IKA URBAN,01,,,,AK1101
517,AKWA IBOM,IKA,11,IKA URBAN,02,,,,AK1102
518,AKWA IBOM,IKA,11,ACHAN I,03,,,,AK1103
519,AKWA IBOM,IKA,11,ACHAN II,04,,,,AK1104
520,AKWA IBOM,IKA,11,ACHAN III,05,,,,AK1105
521,AKWA IBOM,IKA,11,ITIO I,06,,,,AK1106
522,AKWA IBOM,IKA,11,ITIO II,07,,,,AK1107
523,AKWA IBOM,IKA,11,ITIO III,08,,,,AK1108
524,AKWA IBOM,IKA,11,ODORO I,09,,,,AK1109
525,AKWA IBOM,IKA,11,ODORO II,10,,,,AK1110
526,AKWA IBOM,IKONO,12,IKONO MIDDLE I,01,,,,AK1201
527,AKWA IBOM,IKONO,12,IKONO MIDDLE II,02,,,,AK1202
528,AKWA IBOM,IKONO,12,IKONO MIDDLE III,03,,,,AK1203
529,AKWA IBOM,IKONO,12,IKONO MIDDLE IV,04,,,,AK1204
530,AKWA IBOM,IKONO,12,IKONO SOUTH,05,,,,AK1205
531,AKWA IBOM,IKONO,12,NKWO I,06,,,,AK1206
532,AKWA IBOM,IKONO,12,NKWO II,07,,,,AK1207
533,AKWA IBOM,IKONO,12,NDIYA/IKOT IDANA,08,,,,AK1208
534,AKWA IBOM,IKONO,12,EDIENE I,09,,,,AK1209
535,AKWA IBOM,IKONO,12,EDIENE II,10,,,,AK1210
536,AKWA IBOM,IKONO,12,ITAK,11,,,,AK1211
537,AKWA IBOM,IKOT ABASI,13,IKPA EBEKWE I,01,,,,AK1301
538,AKWA IBOM,IKOT ABASI,13,IKPA EBEKWE II,02,,,,AK1302
539,AKWA IBOM,IKOT ABASI,13,UKPUM ETE I,03,,,,AK1303
540,AKWA IBOM,IKOT ABASI,13,UKPUM ETE II,04,,,,AK1304
541,AKWA IBOM,IKOT ABASI,13,UKPUM OKON,05,,,,AK1305
542,AKWA IBOM,IKOT ABASI,13,EDEMAYA I,06,,,,AK1306
543,AKWA IBOM,IKOT ABASI,13,EDEMAYA II,07,,,,AK1307
544,AKWA IBOM,IKOT ABASI,13,EDEMAYA III,08,,,,AK1308
545,AKWA IBOM,IKOT ABASI,13,IKPA NUNG ASANG I,09,,,,AK1309
546,AKWA IBOM,IKOT ABASI,13,IKPA NUNG ASANG II,10,,,,AK1310
547,AKWA IBOM,IKOT EKPENE,14,IKOT EKPENE I,01,,,,AK1401
548,AKWA IBOM,IKOT EKPENE,14,IKOT EKPENE II,02,,,,AK1402
549,AKWA IBOM,IKOT EKPENE,14,IKOT EKPENE III,03,,,,AK1403
550,AKWA IBOM,IKOT EKPENE,14,IKOT EKPENE IV,04,,,,AK1404
551,AKWA IBOM,IKOT EKPENE,14,IKOT EKPENE V,05,,,,AK1405
552,AKWA IBOM,IKOT EKPENE,14,IKOT EKPENE VI,06,,,,AK1406
553,AKWA IBOM,IKOT EKPENE,14,IKOT EKPENE VII,07,,,,AK1407
554,AKWA IBOM,IKOT EKPENE,14,IKOT EKPENE VIII,08,,,,AK1408
555,AKWA IBOM,IKOT EKPENE,14,IKOT EKPENE IX,09,,,,AK1409
556,AKWA IBOM,IKOT EKPENE,14,IKOT EKPENE X,10,,,,AK1410
557,AKWA IBOM,IKOT EKPENE,14,IKOT EKPENE XI,11,,,,AK1411
558,AKWA IBOM,INI,15,IKPE I,01,,,,AK1501
559,AKWA IBOM,INI,15,IKPE II,02,,,,AK1502
560,AKWA IBOM,INI,15,ITU MBONUSO,03,,,,AK1503
561,AKWA IBOM,INI,15,NKARI,04,,,,AK1504
562,AKWA IBOM,INI,15,IWERRE,05,,,,AK1505
563,AKWA IBOM,INI,15,IKONO NORTH I,06,,,,AK1506
564,AKWA IBOM,INI,15,IKONO NORTH II,07,,,,AK1507
565,AKWA IBOM,INI,15,IKONO NORTH III,08,,,,AK1508
566,AKWA IBOM,INI,15,ODORO UKWOK,09,,,,AK1509
567,AKWA IBOM,INI,15,USUK UKWOK,10,,,,AK1510
568,AKWA IBOM,ITU,16,OKU IBOKU,01,,,,AK1601
569,AKWA IBOM,ITU,16,MBIABO/AYADEHE,02,,,,AK1602
570,AKWA IBOM,ITU,16,EAST IAM I,03,,,,AK1603
571,AKWA IBOM,ITU,16,EAST ITAM II,04,,,,AK1604
572,AKWA IBOM,ITU,16,EAST ITAM III,05,,,,AK1605
573,AKWA IBOM,ITU,16,EAST ITAM IV,06,,,,AK1606
574,AKWA IBOM,ITU,16,EAST ITAM V,07,,,,AK1607
575,AKWA IBOM,ITU,16,WEST ITAM I,08,,,,AK1608
576,AKWA IBOM,ITU,16,WEST ITAM II,09,,,,AK1609
577,AKWA IBOM,ITU,16,WEST ITAM III,10,,,,AK1610
578,AKWA IBOM,MBO,17,ENWANG I,01,,,,AK1701
579,AKWA IBOM,MBO,17,EWANG II,02,,,,AK1702
580,AKWA IBOM,MBO,17,EBUCHU I,03,,,,AK1703
581,AKWA IBOM,MBO,17,EBUCHU II,04,,,,AK1704
582,AKWA IBOM,MBO,17,UDESI,05,,,,AK1705
583,AKWA IBOM,MBO,17,EFFIAT I,06,,,,AK1706
584,AKWA IBOM,MBO,17,EFFIAT II,07,,,,AK1707
585,AKWA IBOM,MBO,17,IBAKA,08,,,,AK1708
586,AKWA IBOM,MBO,17,UDA I,09,,,,AK1709
587,AKWA IBOM,MBO,17,UDA II,10,,,,AK1710
588,AKWA IBOM,MKPAT ENIN,18,UKPUM MINYA I,01,,,,AK1801
589,AKWA IBOM,MKPAT ENIN,18,UKPUM MINYA II,02,,,,AK1802
590,AKWA IBOM,MKPAT ENIN,18,UKPUM MINYA III,03,,,,AK1803
591,AKWA IBOM,MKPAT ENIN,18,UKPUM IV,04,,,,AK1804
592,AKWA IBOM,MKPAT ENIN,18,IKPA IBOM I,05,,,,AK1805
593,AKWA IBOM,MKPAT ENIN,18,IKPA IBOM II,06,,,,AK1806
594,AKWA IBOM,MKPAT ENIN,18,IKPA IBOM III,07,,,,AK1807
595,AKWA IBOM,MKPAT ENIN,18,IKPA IBOM IV,08,,,,AK1808
596,AKWA IBOM,MKPAT ENIN,18,IBIAKU I,09,,,,AK1809
597,AKWA IBOM,MKPAT ENIN,18,IBIAKU II,10,,,,AK1810
598,AKWA IBOM,MKPAT ENIN,18,IBIAKU III,11,,,,AK1811
599,AKWA IBOM,MKPAT ENIN,18,IKPA IKONO I,12,,,,AK1812
600,AKWA IBOM,MKPAT ENIN,18,IKPA IKONO II,13,,,,AK1813
601,AKWA IBOM,MKPAT ENIN,18,IKPA IKONO III,14,,,,AK1814
602,AKWA IBOM,NSIT ATAI,19,EASTERN NSIT I,01,,,,AK1901
603,AKWA IBOM,NSIT ATAI,19,EASTERN NSIT II,02,,,,AK1902
604,AKWA IBOM,NSIT ATAI,19,EASTERN NSIT III,03,,,,AK1903
605,AKWA IBOM,NSIT ATAI,19,EASTERN NSIT IV,04,,,,AK1904
606,AKWA IBOM,NSIT ATAI,19,EASTERN NSIT V,05,,,,AK1905
607,AKWA IBOM,NSIT ATAI,19,EASTERN NSIT VI,06,,,,AK1906
608,AKWA IBOM,NSIT ATAI,19,EASTERN NSIT VII,07,,,,AK1907
609,AKWA IBOM,NSIT ATAI,19,EASTERN NSIT VIII,08,,,,AK1908
610,AKWA IBOM,NSIT ATAI,19,EASTERN NSIT IX,09,,,,AK1909
611,AKWA IBOM,NSIT ATAI,19,EASTERN NSIT X,10,,,,AK1910
612,AKWA IBOM,NSIT IBOM,20,ASANG I,01,,,,AK2001
613,AKWA IBOM,NSIT IBOM,20,ASANG II,02,,,,AK2002
614,AKWA IBOM,NSIT IBOM,20,ASANG III,03,,,,AK2003
615,AKWA IBOM,NSIT IBOM,20,ASANG IV,04,,,,AK2004
616,AKWA IBOM,NSIT IBOM,20,ASANG V,05,,,,AK2005
617,AKWA IBOM,NSIT IBOM,20,MBIASO I,06,,,,AK2006
618,AKWA IBOM,NSIT IBOM,20,MBIASO II,07,,,,AK2007
619,AKWA IBOM,NSIT IBOM,20,MBIASO III,08,,,,AK2008
620,AKWA IBOM,NSIT IBOM,20,MBIASO IV,09,,,,AK2009
621,AKWA IBOM,NSIT IBOM,20,MBIASO V,10,,,,AK2010
622,AKWA IBOM,NSIT UBIUM,21,IBIAKPAN/OBOTIM I,01,,,,AK2101
623,AKWA IBOM,NSIT UBIUM,21,IBIAKPAN/OBOTIM II,02,,,,AK2102
624,AKWA IBOM,NSIT UBIUM,21,ITRETO,03,,,,AK2103
625,AKWA IBOM,NSIT UBIUM,21,NDIYA,04,,,,AK2104
626,AKWA IBOM,NSIT UBIUM,21,UBIUM NORTH I,05,,,,AK2105
627,AKWA IBOM,NSIT UBIUM,21,UBIUM NORTH II,06,,,,AK2106
628,AKWA IBOM,NSIT UBIUM,21,UBIUM NORTH III,07,,,,AK2107
629,AKWA IBOM,NSIT UBIUM,21,UBIUM SOUTH I,08,,,,AK2108
630,AKWA IBOM,NSIT UBIUM,21,UBIUM SOUTH II,09,,,,AK2109
631,AKWA IBOM,NSIT UBIUM,21,UBIUM SOUTH III,10,,,,AK2110
632,AKWA IBOM,OBOT AKARA,22,IKOT ABIA I,01,,,,AK2201
633,AKWA IBOM,OBOT AKARA,22,IKOT ABIA II,02,,,,AK2202
634,AKWA IBOM,OBOT AKARA,22,IKOT ABIA III,03,,,,AK2203
635,AKWA IBOM,OBOT AKARA,22,OBOT AKARA I,04,,,,AK2204
636,AKWA IBOM,OBOT AKARA,22,OBOT AKARA II,05,,,,AK2205
637,AKWA IBOM,OBOT AKARA,22,OBOT AKARA III,06,,,,AK2206
638,AKWA IBOM,OBOT AKARA,22,NTO EDINO I,07,,,,AK2207
639,AKWA IBOM,OBOT AKARA,22,NTO EDINO II,08,,,,AK2208
640,AKWA IBOM,OBOT AKARA,22,NTO EDINO III,09,,,,AK2209
641,AKWA IBOM,OBOT AKARA,22,NTO EDINO IV,10,,,,AK2210
642,AKWA IBOM,KOBO,23,OKOPEDI I,01,,,,AK2301
643,AKWA IBOM,KOBO,23,OKOPEDI II,02,,,,AK2302
644,AKWA IBOM,KOBO,23,NUNG ATI/UBE I,03,,,,AK2303
645,AKWA IBOM,KOBO,23,NUNG ATAI/UBE II,04,,,,AK2304
646,AKWA IBOM,KOBO,23,AKAI/MBOKPU/UDUNG,05,,,,AK2305
647,AKWA IBOM,KOBO,23,EWEME I,06,,,,AK2306
648,AKWA IBOM,KOBO,23,EWEME II,07,,,,AK2307
649,AKWA IBOM,KOBO,23,OFFI I,08,,,,AK2308
650,AKWA IBOM,KOBO,23,OFFI II,09,,,,AK2309
651,AKWA IBOM,KOBO,23,EKEYA,10,,,,AK2310
652,AKWA IBOM,ONNAA,24,AWA I,01,,,,AK2401
653,AKWA IBOM,ONNAA,24,AWA II,02,,,,AK2402
654,AKWA IBOM,ONNAA,24,AWA III,03,,,,AK2403
655,AKWA IBOM,ONNAA,24,AWA IV,04,,,,AK2404
656,AKWA IBOM,ONNAA,24,NUNG UDEM I,05,,,,AK2405
657,AKWA IBOM,ONNAA,24,NUNG UDEM II,06,,,,AK2406
658,AKWA IBOM,ONNAA,24,ONIONG EAST I,07,,,,AK2407
659,AKWA IBOM,ONNAA,24,ONIONG EAST II,08,,,,AK2408
660,AKWA IBOM,ONNAA,24,ONIONG EAST III,09,,,,AK2409
661,AKWA IBOM,ONNAA,24,ONIONG WEST I,10,,,,AK2410
662,AKWA IBOM,ONNAA,24,ONIONG WEST II,11,,,,AK2411
663,AKWA IBOM,ONNAA,24,ONIONG EAST III,12,,,,AK2412
664,AKWA IBOM,ORON,25,ORON URBAN I,01,,,,AK2501
665,AKWA IBOM,ORON,25,ORON URBAN II,02,,,,AK2502
666,AKWA IBOM,ORON,25,ORON URBAN III,03,,,,AK2503
667,AKWA IBOM,ORON,25,ORON URBAN IV,04,,,,AK2504
668,AKWA IBOM,ORON,25,ORON URBAN V,05,,,,AK2505
669,AKWA IBOM,ORON,25,ORON URBAN VI,06,,,,AK2506
670,AKWA IBOM,ORON,25,ORON URBAN VII,07,,,,AK2507
671,AKWA IBOM,ORON,25,ORON URBAN VIII,08,,,,AK2508
672,AKWA IBOM,ORON,25,ORON URBAN IX,09,,,,AK2509
673,AKWA IBOM,ORON,25,ORON URBAN X,10,,,,AK2510
674,AKWA IBOM,ORUKANAM,26,IKOT IBRITAM I,01,,,,AK2601
675,AKWA IBOM,ORUKANAM,26,IKOT IBRITAM II,02,,,,AK2602
676,AKWA IBOM,ORUKANAM,26,NDOT/IK.OKORO I,03,,,,AK2603
677,AKWA IBOM,ORUKANAM,26,NDOT/IK. OKORO II,04,,,,AK2604
678,AKWA IBOM,ORUKANAM,26,NDOT/IK. OKORO III,05,,,,AK2605
679,AKWA IBOM,ORUKANAM,26,IBESIT,06,,,,AK2606
680,AKWA IBOM,ORUKANAM,26,EKPARAKWA,07,,,,AK2607
681,AKWA IBOM,ORUKANAM,26,ABAK MIDIM I,08,,,,AK2608
682,AKWA IBOM,ORUKANAM,26,ABAK MIDIM II,09,,,,AK2609
683,AKWA IBOM,ORUKANAM,26,ABAK MIDIM III,10,,,,AK2610
684,AKWA IBOM,ORUKANAM,26,ABAK MIDIMI IV,11,,,,AK2611
685,AKWA IBOM,ORUKANAM,26,IBESIT/NUNG IKOT I,12,,,,AK2612
686,AKWA IBOM,ORUKANAM,26,IBESIT/NUNG IKOT II,13,,,,AK2613
687,AKWA IBOM,UDUNG UKO,27,UDUNG UKO I,01,,,,AK2701
688,AKWA IBOM,UDUNG UKO,27,UDUNG UKO II,02,,,,AK2702
689,AKWA IBOM,UDUNG UKO,27,UDUNG UKO III,03,,,,AK2703
690,AKWA IBOM,UDUNG UKO,27,UDUNG UKO IV,04,,,,AK2704
691,AKWA IBOM,UDUNG UKO,27,UDUNG UKO V,05,,,,AK2705
692,AKWA IBOM,UDUNG UKO,27,UDUNG UKO VI,06,,,,AK2706
693,AKWA IBOM,UDUNG UKO,27,UDUNG UKO VII,07,,,,AK2707
694,AKWA IBOM,UDUNG UKO,27,UDUNG UKO VIII,08,,,,AK2708
695,AKWA IBOM,UDUNG UKO,27,UDUNG UKO IX,09,,,,AK2709
696,AKWA IBOM,UDUNG UKO,27,UDUNG UKO X,10,,,,AK2710
697,AKWA IBOM,UKANAFUN,28,UKANAFUN URBAN,01,,,,AK2801
698,AKWA IBOM,UKANAFUN,28,SOUTHERN UKANAFUN I,02,,,,AK2802
699,AKWA IBOM,UKANAFUN,28,SOUTHERN UKANAFUN II,03,,,,AK2803
700,AKWA IBOM,UKANAFUN,28,NORTHERN UKANAFUN I,04,,,,AK2804
701,AKWA IBOM,UKANAFUN,28,NORTHERN UKANAFUN II,05,,,,AK2805
702,AKWA IBOM,UKANAFUN,28,NORTHERN AFAHA I,06,,,,AK2806
703,AKWA IBOM,UKANAFUN,28,NORTHERN AFAHA II,07,,,,AK2807
704,AKWA IBOM,UKANAFUN,28,SOUTHERN AFAHA ADAT IFANG I,08,,,,AK2808
705,AKWA IBOM,UKANAFUN,28,SOUTHERN AFAHA ADAT IFANG II,09,,,,AK2809
706,AKWA IBOM,UKANAFUN,28,SOUTHERN AFAHA ADAT IFANG III,10,,,,AK2810
707,AKWA IBOM,UKANAFUN,28,SOUTHERN AFAHA ADAT IFANG IV,11,,,,AK2811
708,AKWA IBOM,URBAN,29,CENTRAL URUAN I,01,,,,AK2901
709,AKWA IBOM,URBAN,29,CENTRAL URUAN II,02,,,,AK2902
710,AKWA IBOM,URBAN,29,CENTRAL URUAN III,03,,,,AK2903
711,AKWA IBOM,URBAN,29,NORTHERN URUAN I,04,,,,AK2904
712,AKWA IBOM,URBAN,29,NORTHERN URUAN II,05,,,,AK2905
713,AKWA IBOM,URBAN,29,SOUTHERN URUAN III,06,,,,AK2906
714,AKWA IBOM,URBAN,29,SOUTHERN URUAN IV,07,,,,AK2907
715,AKWA IBOM,URBAN,29,SOUTHERN URUAN V,08,,,,AK2908
716,AKWA IBOM,URBAN,29,SOUTHERN URUAN VI,09,,,,AK2909
717,AKWA IBOM,URBAN,29,SOUTHERN URUAN VII,10,,,,AK2910
718,AKWA IBOM,URBAN,29,SOUTHERN URUAN VIII,11,,,,AK2911
719,AKWA IBOM,URUE OFFONG ORUKO,30,URUE OFFONG I,01,,,,AK3001
720,AKWA IBOM,URUE OFFONG ORUKO,30,URUE OFFONG II,02,,,,AK3002
721,AKWA IBOM,URUE OFFONG ORUKO,30,URUE OFFONG III,03,,,,AK3003
722,AKWA IBOM,URUE OFFONG ORUKO,30,URUE OFFONG IV,04,,,,AK3004
723,AKWA IBOM,URUE OFFONG ORUKO,30,URUE OFFONG V,05,,,,AK3005
724,AKWA IBOM,URUE OFFONG ORUKO,30,ORUKU I,06,,,,AK3006
725,AKWA IBOM,URUE OFFONG ORUKO,30,ORUKU II,07,,,,AK3007
726,AKWA IBOM,URUE OFFONG ORUKO,30,ORUKU III,08,,,,AK3008
727,AKWA IBOM,URUE OFFONG ORUKO,30,ORUKU IV,09,,,,AK3009
728,AKWA IBOM,URUE OFFONG ORUKO,30,ORUKU V,10,,,,AK3010
729,AKWA IBOM,UYO,31,UYO URBAN I,01,,,,AK3101
730,AKWA IBOM,UYO,31,UYO URBAN II,02,,,,AK3102
731,AKWA IBOM,UYO,31,UYO URBAN III,03,,,,AK3103
732,AKWA IBOM,UYO,31,ETOI I,04,,,,AK3104
733,AKWA IBOM,UYO,31,ETOI II,05,,,,AK3105
734,AKWA IBOM,UYO,31,OFFOT I,06,,,,AK3106
735,AKWA IBOM,UYO,31,OFFOT II,07,,,,AK3107
736,AKWA IBOM,UYO,31,IKONO I,08,,,,AK3108
737,AKWA IBOM,UYO,31,IKONO II,09,,,,AK3109
738,AKWA IBOM,UYO,31,OKU I,10,,,,AK3110
739,AKWA IBOM,UYO,31,OKU II,11,,,,AK3111
740,ANAMBRA,AGUATA,01,AKPO,01,,,,AN0101
741,ANAMBRA,AGUATA,01,ACHINA I,02,,,,AN0102
742,ANAMBRA,AGUATA,01,ACHINA II,03,,,,AN0103
743,ANAMBRA,AGUATA,01,AGULUEZE CHUKWU,04,,,,AN0104
744,ANAMBRA,AGUATA,01,AMESI,05,,,,AN0105
745,ANAMBRA,AGUATA,01,EKWULOBIA I,06,,,,AN0106
746,ANAMBRA,AGUATA,01,EKWULOBIA II,07,,,,AN0107
747,ANAMBRA,AGUATA,01,EZINIFITE I,08,,,,AN0108
748,ANAMBRA,AGUATA,01,ESINIFITE II,09,,,,AN0109
749,ANAMBRA,AGUATA,01,IGBO –UKWU I,10,,,,AN0110
750,ANAMBRA,AGUATA,01,IGBO-UKWU II,11,,,,AN0111
751,ANAMBRA,AGUATA,01,ISUOFIA,12,,,,AN0112
752,ANAMBRA,AGUATA,01,IKENGA,13,,,,AN0113
753,ANAMBRA,AGUATA,01,NKPOLOGWU,14,,,,AN0114
754,ANAMBRA,AGUATA,01,ORERI,15,,,,AN0115
755,ANAMBRA,AGUATA,01,UGA I,16,,,,AN0116
756,ANAMBRA,AGUATA,01,UGA II,17,,,,AN0117
757,ANAMBRA,AGUATA,01,UMUUCHU I,18,,,,AN0118
758,ANAMBRA,AGUATA,01,UMUCHU II,19,,,,AN0119
759,ANAMBRA,AGUATA,01,UMUONA,20,,,,AN0120
760,ANAMBRA,AYAMELUM,02,ANAKU,01,,,,AN0201
761,ANAMBRA,AYAMELUM,02,IFITE OGWAR I,02,,,,AN0202
762,ANAMBRA,AYAMELUM,02,IFITE OGWAR II,03,,,,AN0203
763,ANAMBRA,AYAMELUM,02,IGBAKWU,04,,,,AN0204
764,ANAMBRA,AYAMELUM,02,OMASI,05,,,,AN0205
765,ANAMBRA,AYAMELUM,02,OMOR I,06,,,,AN0206
766,ANAMBRA,AYAMELUM,02,OMOR II,07,,,,AN0207
767,ANAMBRA,AYAMELUM,02,OMOR III,08,,,,AN0208
768,ANAMBRA,AYAMELUM,02,UMERUM,09,,,,AN0209
769,ANAMBRA,AYAMELUM,02,UMUEJE,10,,,,AN0210
770,ANAMBRA,AYAMELUM,02,UMUMBO,11,,,,AN0211
771,ANAMBRA,ANAMBRA EAST,03,AGULERI I,01,,,,AN0301
772,ANAMBRA,ANAMBRA EAST,03,AGULERI II,02,,,,AN0302
773,ANAMBRA,ANAMBRA EAST,03,ENUGWU-OUT,03,,,,AN0303
774,ANAMBRA,ANAMBRA EAST,03,EZIAGULU-OUT,04,,,,AN0304
775,ANAMBRA,ANAMBRA EAST,03,IGBARIAM,05,,,,AN0305
776,ANAMBRA,ANAMBRA EAST,03,NANDO I,06,,,,AN0306
777,ANAMBRA,ANAMBRA EAST,03,NANDO II,07,,,,AN0307
778,ANAMBRA,ANAMBRA EAST,03,NANDO III,08,,,,AN0308
779,ANAMBRA,ANAMBRA EAST,03,NSUGBE I,09,,,,AN0309
780,ANAMBRA,ANAMBRA EAST,03,NSUGBE II,10,,,,AN0310
781,ANAMBRA,ANAMBRA EAST,03,OTUOCHA I,11,,,,AN0311
782,ANAMBRA,ANAMBRA EAST,03,OTUOCHA II,12,,,,AN0312
783,ANAMBRA,ANAMBRA EAST,03,UMULERI I,13,,,,AN0313
784,ANAMBRA,ANAMBRA EAST,03,UMULERI II,14,,,,AN0314
785,ANAMBRA,ANAMBRA EAST,03,UMUOBA-ANAM,15,,,,AN0315
786,ANAMBRA,ANAMBRA WEST(MBAMILI),04,EZI-ANAM,01,,,,AN0401
787,ANAMBRA,ANAMBRA WEST(MBAMILI),04,IFITE-ANAM,02,,,,AN0402
788,ANAMBRA,ANAMBRA WEST(MBAMILI),04,NZAM,03,,,,AN0403
789,ANAMBRA,ANAMBRA WEST(MBAMILI),04,OLUMANASA-ODE,04,,,,AN0404
790,ANAMBRA,ANAMBRA WEST(MBAMILI),04,OLUMBANASA-INOMA,05,,,,AN0405
791,ANAMBRA,ANAMBRA WEST(MBAMILI),04,OROMA ETITI-ANAM,06,,,,AN0406
792,ANAMBRA,ANAMBRA WEST(MBAMILI),04,UMUENWELUM-ANAM,07,,,,AN0407
793,ANAMBRA,ANAMBRA WEST(MBAMILI),04,UMUEZE-ANAM I,08,,,,AN0408
794,ANAMBRA,ANAMBRA WEST(MBAMILI),04,UMUEZE-ANAM II,09,,,,AN0409
795,ANAMBRA,ANAMBRA WEST(MBAMILI),04,UMUOBA-ANAM,10,,,,AN0410
796,ANAMBRA,ANAOCHA,05,ADAZI ANI I,01,,,,AN0501
797,ANAMBRA,ANAOCHA,05,ADAZI ANI II,02,,,,AN0502
798,ANAMBRA,ANAOCHA,05,ADAZI ENU I,03,,,,AN0503
799,ANAMBRA,ANAOCHA,05,ADAZI ENU II,04,,,,AN0504
800,ANAMBRA,ANAOCHA,05,ADAZI UNUKWU I,05,,,,AN0505
801,ANAMBRA,ANAOCHA,05,ADAZI UNUKWU II,06,,,,AN0506
802,ANAMBRA,ANAOCHA,05,AGULU I,07,,,,AN0507
803,ANAMBRA,ANAOCHA,05,AGULU II,08,,,,AN0508
804,ANAMBRA,ANAOCHA,05,AGULU III,09,,,,AN0509
805,ANAMBRA,ANAOCHA,05,AGULU IV,10,,,,AN0510
806,ANAMBRA,ANAOCHA,05,AGULU UZOIGBO,11,,,,AN0511
807,ANAMBRA,ANAOCHA,05,AKWA EZE,12,,,,AN0512
808,ANAMBRA,ANAOCHA,05,ICHIDA I,13,,,,AN0513
809,ANAMBRA,ANAOCHA,05,ICHIDA II,14,,,,AN0514
810,ANAMBRA,ANAOCHA,05,NENI I,15,,,,AN0515
811,ANAMBRA,ANAOCHA,05,NENI II,16,,,,AN0516
812,ANAMBRA,ANAOCHA,05,NRI I,17,,,,AN0517
813,ANAMBRA,ANAOCHA,05,NRI II,18,,,,AN0518
814,ANAMBRA,ANAOCHA,05,OBELEDU,19,,,,AN0519
815,ANAMBRA,AWKA-NORTH,06,ACHALLA I,01,,,,AN0601
816,ANAMBRA,AWKA-NORTH,06,ACHALLA II,02,,,,AN0602
817,ANAMBRA,AWKA-NORTH,06,ACHALLA III,03,,,,AN0603
818,ANAMBRA,AWKA-NORTH,06,AMANSEA,04,,,,AN0604
819,ANAMBRA,AWKA-NORTH,06,AMANUKE,05,,,,AN0605
820,ANAMBRA,AWKA-NORTH,06,AWBA-OFEMMILI,06,,,,AN0606
821,ANAMBRA,AWKA-NORTH,06,EBENEBE I,07,,,,AN0607
822,ANAMBRA,AWKA-NORTH,06,EBENEBE II,08,,,,AN0608
823,ANAMBRA,AWKA-NORTH,06,EBENEBE III,09,,,,AN0609
824,ANAMBRA,AWKA-NORTH,06,ISU ANIOCHA,10,,,,AN0610
825,ANAMBRA,AWKA-NORTH,06,MGBAKWU I (AMEZIKE),11,,,,AN0611
826,ANAMBRA,AWKA-NORTH,06,UGBENE,12,,,,AN0612
827,ANAMBRA,AWKA-NORTH,06,UGBENU,13,,,,AN0613
828,ANAMBRA,AWKA-NORTH,06,URUM,14,,,,AN0614
829,ANAMBRA,AWKA SOUTH,07,AGU OKA,01,,,,AN0701
830,ANAMBRA,AWKA SOUTH,07,AMAWBIA I,02,,,,AN0702
831,ANAMBRA,AWKA SOUTH,07,AMAWBIA II,03,,,,AN0703
832,ANAMBRA,AWKA SOUTH,07,AMAWBIA III,04,,,,AN0704
833,ANAMBRA,AWKA SOUTH,07,AWKA I,05,,,,AN0705
834,ANAMBRA,AWKA SOUTH,07,AWKA II,06,,,,AN0706
835,ANAMBRA,AWKA SOUTH,07,AWKA III,07,,,,AN0707
836,ANAMBRA,AWKA SOUTH,07,AWKA IV,08,,,,AN0708
837,ANAMBRA,AWKA SOUTH,07,AWKA V,09,,,,AN0709
838,ANAMBRA,AWKA SOUTH,07,AWKA VI,10,,,,AN0710
839,ANAMBRA,AWKA SOUTH,07,AWKA VII,11,,,,AN0711
840,ANAMBRA,AWKA SOUTH,07,EZINATO ISIAGU,12,,,,AN0712
841,ANAMBRA,AWKA SOUTH,07,MBAUKWU,13,,,,AN0713
842,ANAMBRA,AWKA SOUTH,07,NIBO I,14,,,,AN0714
843,ANAMBRA,AWKA SOUTH,07,NIBO II,15,,,,AN0715
844,ANAMBRA,AWKA SOUTH,07,NIBO III,16,,,,AN0716
845,ANAMBRA,AWKA SOUTH,07,NISE I,17,,,,AN0717
846,ANAMBRA,AWKA SOUTH,07,NISE II,18,,,,AN0718
847,ANAMBRA,AWKA SOUTH,07,OKPUNO,19,,,,AN0719
848,ANAMBRA,AWKA SOUTH,07,UMUAWULU,20,,,,AN0720
849,ANAMBRA,DUNUKOFIA,08,AKWA,01,,,,AN0801
850,ANAMBRA,DUNUKOFIA,08,IFITEDUNU I,02,,,,AN0802
851,ANAMBRA,DUNUKOFIA,08,IFITEDUNU II,03,,,,AN0803
852,ANAMBRA,DUNUKOFIA,08,NAWGU I,04,,,,AN0804
853,ANAMBRA,DUNUKOFIA,08,NAWGU II,05,,,,AN0805
854,ANAMBRA,DUNUKOFIA,08,UKPO I,06,,,,AN0806
855,ANAMBRA,DUNUKOFIA,08,UKPO II,07,,,,AN0807
856,ANAMBRA,DUNUKOFIA,08,UKPO III,08,,,,AN0808
857,ANAMBRA,DUNUKOFIA,08,UKWULU I,09,,,,AN0809
858,ANAMBRA,DUNUKOFIA,08,UKWULU II,10,,,,AN0810
859,ANAMBRA,DUNUKOFIA,08,UMUDIOKA I,11,,,,AN0811
860,ANAMBRA,DUNUKOFIA,08,UMUDIOKA II,12,,,,AN0812
861,ANAMBRA,DUNUKOFIA,08,UMUNNACHI I,13,,,,AN0813
862,ANAMBRA,DUNUKOFIA,08,UMUNNACHI II,14,,,,AN0814
863,ANAMBRA,EKWUSIGO,09,ICHI,01,,,,AN0901
864,ANAMBRA,EKWUSIGO,09,IHEMBOSI/ANAUBAHU,02,,,,AN0902
865,ANAMBRA,EKWUSIGO,09,ORIFITE I,03,,,,AN0903
866,ANAMBRA,EKWUSIGO,09,ORIFITE II,04,,,,AN0904
867,ANAMBRA,EKWUSIGO,09,ORIFITE III,05,,,,AN0905
868,ANAMBRA,EKWUSIGO,09,OZUBULU I,06,,,,AN0906
869,ANAMBRA,EKWUSIGO,09,OZUBULU II,07,,,,AN0907
870,ANAMBRA,EKWUSIGO,09,OZUBULU III,08,,,,AN0908
871,ANAMBRA,EKWUSIGO,09,OZUBULU IV,09,,,,AN0909
872,ANAMBRA,EKWUSIGO,09,OZUBULU V,10,,,,AN0910
873,ANAMBRA,EKWUSIGO,09,AMAKWA II,11,,,,AN0911
874,ANAMBRA,EKWUSIGO,09,IHITEOCHA,12,,,,AN0912
875,ANAMBRA,IDEMILI NORTH,10,ABACHA,01,,,,AN1001
876,ANAMBRA,IDEMILI NORTH,10,ABATETE,02,,,,AN1002
877,ANAMBRA,IDEMILI NORTH,10,EZIOWELE,03,,,,AN1003
878,ANAMBRA,IDEMILI NORTH,10,IDEANI,04,,,,AN1004
879,ANAMBRA,IDEMILI NORTH,10,NKPOR I,05,,,,AN1005
880,ANAMBRA,IDEMILI NORTH,10,NKPOR II,06,,,,AN1006
881,ANAMBRA,IDEMILI NORTH,10,OBOSI,07,,,,AN1007
882,ANAMBRA,IDEMILI NORTH,10,OGIDI I,08,,,,AN1008
883,ANAMBRA,IDEMILI NORTH,10,OGIDI II,09,,,,AN1009
884,ANAMBRA,IDEMILI NORTH,10,ORAUKWU,10,,,,AN1010
885,ANAMBRA,IDEMILI NORTH,10,UKE,11,,,,AN1011
886,ANAMBRA,IDEMILI NORTH,10,UMUOJI,12,,,,AN1012
887,ANAMBRA,IDEMILI SOUTH,11,AKWUKWU,01,,,,AN1101
888,ANAMBRA,IDEMILI SOUTH,11,ALOR I,02,,,,AN1102
889,ANAMBRA,IDEMILI SOUTH,11,ALOR II,03,,,,AN1103
890,ANAMBRA,IDEMILI SOUTH,11,AWKA-ETITI I,04,,,,AN1104
891,ANAMBRA,IDEMILI SOUTH,11,AWKA-ETITI II,05,,,,AN1105
892,ANAMBRA,IDEMILI SOUTH,11,NNOBI I,06,,,,AN1106
893,ANAMBRA,IDEMILI SOUTH,11,NNOBI II,07,,,,AN1107
894,ANAMBRA,IDEMILI SOUTH,11,NNOBI III,08,,,,AN1108
895,ANAMBRA,IDEMILI SOUTH,11,NNOKWA,09,,,,AN1109
896,ANAMBRA,IDEMILI SOUTH,11,OBA I,10,,,,AN1110
897,ANAMBRA,IDEMILI SOUTH,11,OBA II,11,,,,AN1111
898,ANAMBRA,IDEMILI SOUTH,11,OJOTO,12,,,,AN1112
899,ANAMBRA,IHIALA,12,AMAMU A (1),01,,,,AN1201
900,ANAMBRA,IHIALA,12,MAMU B (II),02,,,,AN1202
901,ANAMBRA,IHIALA,12,AMORKA,03,,,,AN1203
902,ANAMBRA,IHIALA,12,AZIA,04,,,,AN1204
903,ANAMBRA,IHIALA,12,IHITE,05,,,,AN1205
904,ANAMBRA,IHIALA,12,ISSEKE,06,,,,AN1206
905,ANAMBRA,IHIALA,12,OGBOLO,07,,,,AN1207
906,ANAMBRA,IHIALA,12,OKIJA I,08,,,,AN1208
907,ANAMBRA,IHIALA,12,OKIJA II,09,,,,AN1209
908,ANAMBRA,IHIALA,12,OKIJA III,10,,,,AN1210
909,ANAMBRA,IHIALA,12,OKIJA IV,11,,,,AN1211
910,ANAMBRA,IHIALA,12,OKIJA V,12,,,,AN1212
911,ANAMBRA,IHIALA,12,ORSUMOGHU,13,,,,AN1213
912,ANAMBRA,IHIALA,12,UBULUISIUZO,14,,,,AN1214
913,ANAMBRA,IHIALA,12,ULI I,15,,,,AN1215
914,ANAMBRA,IHIALA,12,ULI II,16,,,,AN1216
915,ANAMBRA,IHIALA,12,ULI III,17,,,,AN1217
916,ANAMBRA,IHIALA,12,LILU,18,,,,AN1218
917,ANAMBRA,IHIALA,12,UZOAKWA,19,,,,AN1219
918,ANAMBRA,IHIALA,12,MBOSI,20,,,,AN1220
919,ANAMBRA,NJIKOKA,13,ABBA I,01,,,,AN1301
920,ANAMBRA,NJIKOKA,13,ABBA II,02,,,,AN1302
921,ANAMBRA,NJIKOKA,13,ABAGANA I,03,,,,AN1303
922,ANAMBRA,NJIKOKA,13,ABAGANA II,04,,,,AN1304
923,ANAMBRA,NJIKOKA,13,ABAGANA III,05,,,,AN1305
924,ANAMBRA,NJIKOKA,13,ABAGANA IV,06,,,,AN1306
925,ANAMBRA,NJIKOKA,13,ENUGU-AGIDI I,07,,,,AN1307
926,ANAMBRA,NJIKOKA,13,ENUGU-AGIDI II,08,,,,AN1308
927,ANAMBRA,NJIKOKA,13,ENUGU-UKWU I,09,,,,AN1309
928,ANAMBRA,NJIKOKA,13,ENUGU-UKWU II,10,,,,AN1310
929,ANAMBRA,NJIKOKA,13,ENUGU-UKWU III,11,,,,AN1311
930,ANAMBRA,NJIKOKA,13,ENUGU-UKWU IV,12,,,,AN1312
931,ANAMBRA,NJIKOKA,13,NAWFIA I,13,,,,AN1313
932,ANAMBRA,NJIKOKA,13,NAWFIA II,14,,,,AN1314
933,ANAMBRA,NJIKOKA,13,NIMO I,15,,,,AN1315
934,ANAMBRA,NJIKOKA,13,NIMO II,16,,,,AN1316
935,ANAMBRA,NJIKOKA,13,NIMO III,17,,,,AN1317
936,ANAMBRA,NJIKOKA,13,NIMO IV,18,,,,AN1318
937,ANAMBRA,NNEWI NORTH,14,NNEWI-ICHI I,01,,,,AN1401
938,ANAMBRA,NNEWI NORTH,14,NNEWI-ICHI II,02,,,,AN1402
939,ANAMBRA,NNEWI NORTH,14,OTOLO I,03,,,,AN1403
940,ANAMBRA,NNEWI NORTH,14,OTOLO II,04,,,,AN1404
941,ANAMBRA,NNEWI NORTH,14,OTOLO III,05,,,,AN1405
942,ANAMBRA,NNEWI NORTH,14,UMUDIM I,06,,,,AN1406
943,ANAMBRA,NNEWI NORTH,14,UMUDIM II,07,,,,AN1407
944,ANAMBRA,NNEWI NORTH,14,URUAGU I,08,,,,AN1408
945,ANAMBRA,NNEWI NORTH,14,URUAGU II,09,,,,AN1409
946,ANAMBRA,NNEWI NORTH,14,URUAGU III,10,,,,AN1410
947,ANAMBRA,NNEWI SOUTH,15,AKWA IHEDI,01,,,,AN1501
948,ANAMBRA,NNEWI SOUTH,15,AMICHI I,02,,,,AN1502
949,ANAMBRA,NNEWI SOUTH,15,AMICHI II,03,,,,AN1503
950,ANAMBRA,NNEWI SOUTH,15,AMICHI III,04,,,,AN1504
951,ANAMBRA,NNEWI SOUTH,15,AZUIGBO,05,,,,AN1505
952,ANAMBRA,NNEWI SOUTH,15,EBENATOR,06,,,,AN1506
953,ANAMBRA,NNEWI SOUTH,15,EKWULUMILI,07,,,,AN1507
954,ANAMBRA,NNEWI SOUTH,15,EZINIFITE I,08,,,,AN1508
955,ANAMBRA,NNEWI SOUTH,15,EZINIFITE II,09,,,,AN1509
956,ANAMBRA,NNEWI SOUTH,15,EZINIFITE III,10,,,,AN1510
957,ANAMBRA,NNEWI SOUTH,15,OSUMENYI I,11,,,,AN1511
958,ANAMBRA,NNEWI SOUTH,15,OSUMENYI II,12,,,,AN1512
959,ANAMBRA,NNEWI SOUTH,15,UKPOR I,13,,,,AN1513
960,ANAMBRA,NNEWI SOUTH,15,UKPOR II,14,,,,AN1514
961,ANAMBRA,NNEWI SOUTH,15,UKPOR III,15,,,,AN1515
962,ANAMBRA,NNEWI SOUTH,15,UKPOR IV,16,,,,AN1516
963,ANAMBRA,NNEWI SOUTH,15,UKPOR V,17,,,,AN1517
964,ANAMBRA,NNEWI SOUTH,15,UKPOR VI,18,,,,AN1518
965,ANAMBRA,NNEWI SOUTH,15,UNUBI,19,,,,AN1519
966,ANAMBRA,NNEWI SOUTH,15,UTUH,20,,,,AN1520
967,ANAMBRA,OGBARU,16,AKILI OGIDI/OBEAGWE,01,,,,AN1601
968,ANAMBRA,OGBARU,16,AKILI OZIZOR,02,,,,AN1602
969,ANAMBRA,OGBARU,16,ATANI I,03,,,,AN1603
970,ANAMBRA,OGBARU,16,ATANI II,04,,,,AN1604
971,ANAMBRA,OGBARU,16,IYIOWA/ODEKPE/OHITA,05,,,,AN1605
972,ANAMBRA,OGBARU,16,OCHUCHE/UMUODU,06,,,,AN1606
973,ANAMBRA,OGBARU,16,OGBAKUBA,07,,,,AN1607
974,ANAMBRA,OGBARU,16,OGWUANIOCHA,08,,,,AN1608
975,ANAMBRA,OGBARU,16,OGWUIKPELE,09,,,,AN1609
976,ANAMBRA,OGBARU,16,OKPOKO I,10,,,,AN1610
977,ANAMBRA,OGBARU,16,OKPOKO II,11,,,,AN1611
978,ANAMBRA,OGBARU,16,OKPOKO III,12,,,,AN1612
979,ANAMBRA,OGBARU,16,OKPOKO IV,13,,,,AN1613
980,ANAMBRA,OGBARU,16,OKPOKO V,14,,,,AN1614
981,ANAMBRA,OGBARU,16,OKPOKO VI,15,,,,AN1615
982,ANAMBRA,OGBARU,16,OSSOMALA,16,,,,AN1616
983,ANAMBRA,OGBARU,16,UMUNANKWO/MPUPU,17,,,,AN1617
984,ANAMBRA,ONITSAHA NORTH,17,AMERICAN QUARTERS,01,,,,AN1701
985,ANAMBRA,ONITSAHA NORTH,17,GRA,02,,,,AN1702
986,ANAMBRA,ONITSAHA NORTH,17,INLAND TOWN I,03,,,,AN1703
987,ANAMBRA,ONITSAHA NORTH,17,INLAND TOWN II,04,,,,AN1704
988,ANAMBRA,ONITSAHA NORTH,17,INLAND TOWN III,05,,,,AN1705
989,ANAMBRA,ONITSAHA NORTH,17,INLAND TOWN IV,06,,,,AN1706
990,ANAMBRA,ONITSAHA NORTH,17,INLAND TOWN V,07,,,,AN1707
991,ANAMBRA,ONITSAHA NORTH,17,INLAND TOWN VI,08,,,,AN1708
992,ANAMBRA,ONITSAHA NORTH,17,INLAND TOWN VII,09,,,,AN1709
993,ANAMBRA,ONITSAHA NORTH,17,INLAND TOWN VIII,10,,,,AN1710
994,ANAMBRA,ONITSAHA NORTH,17,OGBE UMUONICHA,11,,,,AN1711
995,ANAMBRA,ONITSAHA NORTH,17,TRANS NKISI,12,,,,AN1712
996,ANAMBRA,ONITSAHA NORTH,17,WATER SIDE CENTRAL I,13,,,,AN1713
997,ANAMBRA,ONITSAHA NORTH,17,WATER SIDE CENTRAL II,14,,,,AN1714
998,ANAMBRA,ONITSAHA NORTH,17,WOLUWO LAYOUT,15,,,,AN1715
999,ANAMBRA,ONITSHA SOUTH,18,BRIDGE HEAD I,01,,,,AN1801
1000,ANAMBRA,ONITSHA SOUTH,18,BRIDGE HEAD II,02,,,,AN1802
1001,ANAMBRA,ONITSHA SOUTH,18,BRIDGE HEAD III,03,,,,AN1803
1002,ANAMBRA,ONITSHA SOUTH,18,FEGGE I,04,,,,AN1804
1003,ANAMBRA,ONITSHA SOUTH,18,FEGGE II,05,,,,AN1805
1004,ANAMBRA,ONITSHA SOUTH,18,FEGGE III,06,,,,AN1806
1005,ANAMBRA,ONITSHA SOUTH,18,FEGGE IV,07,,,,AN1807
1006,ANAMBRA,ONITSHA SOUTH,18,FEGGE V,08,,,,AN1808
1007,ANAMBRA,ONITSHA SOUTH,18,FEGGE VI,09,,,,AN1809
1008,ANAMBRA,ONITSHA SOUTH,18,FEGGE VII,10,,,,AN1810
1009,ANAMBRA,ONITSHA SOUTH,18,ODOAKPU I,11,,,,AN1811
1010,ANAMBRA,ONITSHA SOUTH,18,ODOAKPU II,12,,,,AN1812
1011,ANAMBRA,ONITSHA SOUTH,18,ODOAKPU III,13,,,,AN1813
1012,ANAMBRA,ONITSHA SOUTH,18,ODO AKPU IV,14,,,,AN1814
1013,ANAMBRA,ONITSHA SOUTH,18,ODOAKPU V,15,,,,AN1815
1014,ANAMBRA,ONITSHA SOUTH,18,ODOAKPU VI,16,,,,AN1816
1015,ANAMBRA,ONITSHA SOUTH,18,ODOAKPU VIII,17,,,,AN1817
1016,ANAMBRA,ORUMBA NORTH,19,AJALLI I (OBINIKPA & UMUEVE),01,,,,AN1901
1017,ANAMBRA,ORUMBA NORTH,19,AJALLI II (UMUABIAMA * AMAGU),02,,,,AN1902
1018,ANAMBRA,ORUMBA NORTH,19,AMAETITI,03,,,,AN1903
1019,ANAMBRA,ORUMBA NORTH,19,AMAOKPALA/OMOGHO,04,,,,AN1904
1020,ANAMBRA,ORUMBA NORTH,19,AWA,05,,,,AN1905
1021,ANAMBRA,ORUMBA NORTH,19,AWGBU I,06,,,,AN1906
1022,ANAMBRA,ORUMBA NORTH,19,AWGBU II,07,,,,AN1907
1023,ANAMBRA,ORUMBA NORTH,19,NANKA I,08,,,,AN1908
1024,ANAMBRA,ORUMBA NORTH,19,NANKA II,09,,,,AN1909
1025,ANAMBRA,ORUMBA NORTH,19,NDIKELIONWU,10,,,,AN1910
1026,ANAMBRA,ORUMBA NORTH,19,NDIOKOLO/NDIOKPALEKE,11,,,,AN1911
1027,ANAMBRA,ORUMBA NORTH,19,NDIOWU,12,,,,AN1912
1028,ANAMBRA,ORUMBA NORTH,19,NDIUKWUENU/OKPEZE,13,,,,AN1913
1029,ANAMBRA,ORUMBA NORTH,19,OKO I,14,,,,AN1914
1030,ANAMBRA,ORUMBA NORTH,19,OKO II,15,,,,AN1915
1031,ANAMBRA,ORUMBA NORTH,19,NDIOKALAEZE,16,,,,AN1916
1032,ANAMBRA,ORUMBA NORTH,19,UFUMA I,17,,,,AN1917
1033,ANAMBRA,ORUMBA NORTH,19,UFUMA II,18,,,,AN1918
1034,ANAMBRA,ORUMBA SOUTH,20,AGBUDU,01,,,,AN2001
1035,ANAMBRA,ORUMBA SOUTH,20,AKPU,02,,,,AN2002
1036,ANAMBRA,ORUMBA SOUTH,20,ENUGU/UMUONYIA/ONNE,03,,,,AN2003
1037,ANAMBRA,ORUMBA SOUTH,20,EZIAGU,04,,,,AN2004
1038,ANAMBRA,ORUMBA SOUTH,20,EZIRA,05,,,,AN2005
1039,ANAMBRA,ORUMBA SOUTH,20,IHITE,06,,,,AN2006
1040,ANAMBRA,ORUMBA SOUTH,20,ISULO,07,,,,AN2007
1041,ANAMBRA,ORUMBA SOUTH,20,NAWFIJA,08,,,,AN2008
1042,ANAMBRA,ORUMBA SOUTH,20,NKEREHI,09,,,,AN2009
1043,ANAMBRA,ORUMBA SOUTH,20,OGBOJI,10,,,,AN2010
1044,ANAMBRA,ORUMBA SOUTH,20,OGBUNKA I,11,,,,AN2011
1045,ANAMBRA,ORUMBA SOUTH,20,OGBUNKA II,12,,,,AN2012
1046,ANAMBRA,ORUMBA SOUTH,20,OWERRE EZUKALA I,13,,,,AN2013
1047,ANAMBRA,ORUMBA SOUTH,20,OWERRE EZUKALA II,14,,,,AN2014
1048,ANAMBRA,ORUMBA SOUTH,20,UMUNZE I,15,,,,AN2015
1049,ANAMBRA,ORUMBA SOUTH,20,UMUNZE II,16,,,,AN2016
1050,ANAMBRA,ORUMBA SOUTH,20,UMUNZE III,17,,,,AN2017
1051,ANAMBRA,ORUMBA SOUTH,20,UMUOMAKU,18,,,,AN2018
1052,ANAMBRA,OYI,21,AWKUZU I,01,,,,AN2101
1053,ANAMBRA,OYI,21,AWKUZU II,02,,,,AN2102
1054,ANAMBRA,OYI,21,AWKUZU III,03,,,,AN2103
1055,ANAMBRA,OYI,21,AWKUZU IV,04,,,,AN2104
1056,ANAMBRA,OYI,21,NTEJE I,05,,,,AN2105
1057,ANAMBRA,OYI,21,NTEJE II,06,,,,AN2106
1058,ANAMBRA,OYI,21,NTEJE III,07,,,,AN2107
1059,ANAMBRA,OYI,21,NTEJE IV,08,,,,AN2108
1060,ANAMBRA,OYI,21,NTEJE V,09,,,,AN2109
1061,ANAMBRA,OYI,21,NKWELLE EZUNAKA I,10,,,,AN2110
1062,ANAMBRA,OYI,21,NKWELLE EZUNAKA II,11,,,,AN2111
1063,ANAMBRA,OYI,21,OGBUNIKE I,12,,,,AN2112
1064,ANAMBRA,OYI,21,OGBUNIKE II,13,,,,AN2113
1065,ANAMBRA,OYI,21,UMUNYA I,14,,,,AN2114
1066,ANAMBRA,OYI,21,UMUNYA II,15,,,,AN2115
1067,BAUCHI,ALKALERE,01,ALKALERI,01,,,,BA0101
1068,BAUCHI,ALKALERE,01,PALI,02,,,,BA0102
1069,BAUCHI,ALKALERE,01,GAR,03,,,,BA0103
1070,BAUCHI,ALKALERE,01,GWARAM,04,,,,BA0104
1071,BAUCHI,ALKALERE,01,MAIMADI,05,,,,BA0105
1072,BAUCHI,ALKALERE,01,DAN/KUNGIBAR,06,,,,BA0106
1073,BAUCHI,ALKALERE,01,BIRIN/GIGARA/YANKARI,07,,,,BA0107
1074,BAUCHI,ALKALERE,01,YULI/LIM,08,,,,BA0108
1075,BAUCHI,ALKALERE,01,FURUK,09,,,,BA0109
1076,BAUCHI,ALKALERE,01,YALO,10,,,,BA0110
1077,BAUCHI,ALKALERE,01,GWANAN/MANSUR,11,,,,BA0111
1078,BAUCHI,BAUCHI,02,MAJIDADI ‘’A’’,01,,,,BA0201
1079,BAUCHI,BAUCHI,02,MAJIDADI ‘’B’’,02,,,,BA0202
1080,BAUCHI,BAUCHI,02,MAKAMA S/BAKI,03,,,,BA0203
1081,BAUCHI,BAUCHI,02,ZUGUR L/KATAGUM,04,,,,BA0204
1082,BAUCHI,BAUCHI,02,MUN/MUNSAL,05,,,,BA0205
1083,BAUCHI,BAUCHI,02,DANDANGO/YAMRAT,06,,,,BA0206
1084,BAUCHI,BAUCHI,02,BIRSHI/MIRI,07,,,,BA0207
1085,BAUCHI,BAUCHI,02,KUNDUM/DURUM,08,,,,BA0208
1086,BAUCHI,BAUCHI,02,KANGYARE/TURNWUN,09,,,,BA0209
1087,BAUCHI,BAUCHI,02,GALAMBI/GWASKWARAM,10,,,,BA0210
1088,BAUCHI,BAUCHI,02,DAN’IYA/HARDO,11,,,,BA0211
1089,BAUCHI,BAUCHI,02,DAWAKI,12,,,,BA0212
1090,BAUCHI,BOGORO,03,BOGORO ‘’A’’,01,,,,BA0301
1091,BAUCHI,BOGORO,03,BOGORO ‘’B’’,02,,,,BA0302
1092,BAUCHI,BOGORO,03,BOGORO ‘’C’’,03,,,,BA0303
1093,BAUCHI,BOGORO,03,BOGORO ‘’D’’,04,,,,BA0304
1094,BAUCHI,BOGORO,03,BOI ‘’A’’,05,,,,BA0305
1095,BAUCHI,BOGORO,03,BOI ‘’B’’,06,,,,BA0306
1096,BAUCHI,BOGORO,03,BOI ‘’C’’,07,,,,BA0307
1097,BAUCHI,BOGORO,03,LUSA ‘’A’’,08,,,,BA0308
1098,BAUCHI,BOGORO,03,LUSA ‘’B’’,09,,,,BA0309
1099,BAUCHI,BOGORO,03,LUSA ‘’C’’,10,,,,BA0310
1100,BAUCHI,DAMBAM,04,GARAZA,12,,,,BA0412
1101,BAUCHI,DAMBAM,04,GURBANA,02,,,,BA0402
1102,BAUCHI,DAMBAM,04,DAMBAM,03,,,,BA0403
1103,BAUCHI,DAMBAM,04,YANDA,04,,,,BA0404
1104,BAUCHI,DAMBAM,04,YAME,05,,,,BA0405
1105,BAUCHI,DAMBAM,04,DAGAUDA,06,,,,BA0406
1106,BAUCHI,DAMBAM,04,GARGAWA,07,,,,BA0407
1107,BAUCHI,DAMBAM,04,ZAURA,08,,,,BA0408
1108,BAUCHI,DAMBAM,04,JALAM CENTRAL,09,,,,BA0409
1109,BAUCHI,DAMBAM,04,JALAM EAST,10,,,,BA0410
1110,BAUCHI,DARAZO,05,DARAZO,01,,,,BA0501
1111,BAUCHI,DARAZO,05,TAUYA,02,,,,BA0502
1112,BAUCHI,DARAZO,05,GABARIN,03,,,,BA0503
1113,BAUCHI,DARAZO,05,KONKIYAL,04,,,,BA0504
1114,BAUCHI,DARAZO,05,LAGO,05,,,,BA0505
1115,BAUCHI,DARAZO,05,SADE,06,,,,BA0506
1116,BAUCHI,DARAZO,05,LANZAI,07,,,,BA0507
1117,BAUCHI,DARAZO,05,YAUTARE,08,,,,BA0508
1118,BAUCHI,DARAZO,05,GABCHIYARI,09,,,,BA0509
1119,BAUCHI,DARAZO,05,WAHU,10,,,,BA0510
1120,BAUCHI,DARAZO,05,PAPA,11,,,,BA0511
1121,BAUCHI,DASS,06,BAGEL/BAJAR,01,,,,BA0601
1122,BAUCHI,DASS,06,BUNDOT,02,,,,BA0602
1123,BAUCHI,DASS,06,BUNUNU CENTRAL,03,,,,BA0603
1124,BAUCHI,DASS,06,BUNUNU SOUTH WEST,04,,,,BA0604
1125,BAUCHI,DASS,06,BARAZA,05,,,,BA0605
1126,BAUCHI,DASS,06,DOTT,06,,,,BA0606
1127,BAUCHI,DASS,06,DURR,07,,,,BA0607
1128,BAUCHI,DASS,06,POLCHI,08,,,,BA0608
1129,BAUCHI,DASS,06,WANDI,09,,,,BA0609
1130,BAUCHI,DASS,06,ZUMBUL/LUKSHI,10,,,,BA0610
1131,BAUCHI,GAMAWA,07,GAMAWA,01,,,,BA0701
1132,BAUCHI,GAMAWA,07,KAFIN ROMI,02,,,,BA0702
1133,BAUCHI,GAMAWA,07,GOLOLO,03,,,,BA0703
1134,BAUCHI,GAMAWA,07,KUBDIYA,04,,,,BA0704
1135,BAUCHI,GAMAWA,07,ALAGARNO/JADORI,05,,,,BA0705
1136,BAUCHI,GAMAWA,07,TUMBI,06,,,,BA0706
1137,BAUCHI,GAMAWA,07,UDUBO,07,,,,BA0707
1138,BAUCHI,GAMAWA,07,TARMASUWA,08,,,,BA0708
1139,BAUCHI,GAMAWA,07,RAGA,09,,,,BA0709
1140,BAUCHI,GAMAWA,07,GADIYA,10,,,,BA0710
1141,BAUCHI,GAMAWA,07,ZINDIWA,11,,,,BA0711
1142,BAUCHI,GANJUWA,08,GANJUWA,01,,,,BA0801
1143,BAUCHI,GANJUWA,08,GUNGURA,02,,,,BA0802
1144,BAUCHI,GANJUWA,08,KAFIN MADAKI,03,,,,BA0803
1145,BAUCHI,GANJUWA,08,KARIYA,04,,,,BA0804
1146,BAUCHI,GANJUWA,08,KUBI EAST,05,,,,BA0805
1147,BAUCHI,GANJUWA,08,KUBI WEST,06,,,,BA0806
1148,BAUCHI,GANJUWA,08,MIYA EAST,07,,,,BA0807
1149,BAUCHI,GANJUWA,08,MIYA WEST,08,,,,BA0808
1150,BAUCHI,GANJUWA,08,NASARAWA NORTH,09,,,,BA0809
1151,BAUCHI,GANJUWA,08,NASARAWA SOUTH,10,,,,BA0810
1152,BAUCHI,GANJUWA,08,YALI,11,,,,BA0811
1153,BAUCHI,GIADE,09,CHINKANI,01,,,,BA0901
1154,BAUCHI,GIADE,09,SABON SARA,02,,,,BA0902
1155,BAUCHI,GIADE,09,DOGUWA CENTRAL,03,,,,BA0903
1156,BAUCHI,GIADE,09,DOGUWA SOUTH,04,,,,BA0904
1157,BAUCHI,GIADE,09,GLADE,05,,,,BA0905
1158,BAUCHI,GIADE,09,ISAWA,06,,,,BA0906
1159,BAUCHI,GIADE,09,UZUM ‘’A’’,07,,,,BA0907
1160,BAUCHI,GIADE,09,UZUM ‘’B’’,08,,,,BA0908
1161,BAUCHI,GIADE,09,ZABI,09,,,,BA0909
1162,BAUCHI,GIADE,09,ZIRRMI,10,,,,BA0910
1163,BAUCHI,ITAS/GADAU,10,ITAS,01,,,,BA1001
1164,BAUCHI,ITAS/GADAU,10,MASHEMA,02,,,,BA1002
1165,BAUCHI,ITAS/GADAU,10,GWARAI,03,,,,BA1003
1166,BAUCHI,ITAS/GADAU,10,ABDALLAWA,04,,,,BA1004
1167,BAUCHI,ITAS/GADAU,10,MAGARYA,05,,,,BA1005
1168,BAUCHI,ITAS/GADAU,10,BUZAWA,06,,,,BA1006
1169,BAUCHI,ITAS/GADAU,10,BILKI CHERU,07,,,,BA1007
1170,BAUCHI,ITAS/GADAU,10,BAMBAL,08,,,,BA1008
1171,BAUCHI,ITAS/GADAU,10,GADAU,09,,,,BA1009
1172,BAUCHI,ITAS/GADAU,10,KASHURU,10,,,,BA1010
1173,BAUCHI,ITAS/GADAU,10,ZUBUKI,11,,,,BA1011
1174,BAUCHI,JAMA’ARE’,11,JAMA’ARE ‘’A’’,01,,,,BA1101
1175,BAUCHI,JAMA’ARE’,11,JAMA’ARE ‘’B’’,02,,,,BA1102
1176,BAUCHI,JAMA’ARE’,11,JAMA’ARE ‘’C’’,03,,,,BA1103
1177,BAUCHI,JAMA’ARE’,11,JAMA’ARE ‘’D’’,04,,,,BA1104
1178,BAUCHI,JAMA’ARE’,11,DOGON JEJI ‘’A’’,05,,,,BA1105
1179,BAUCHI,JAMA’ARE’,11,DOGON JEJI ‘’B’’,06,,,,BA1106
1180,BAUCHI,JAMA’ARE’,11,DOGON JEJI ‘’C’’,07,,,,BA1107
1181,BAUCHI,JAMA’ARE’,11,HANAFARI,08,,,,BA1108
1182,BAUCHI,JAMA’ARE’,11,GALDIMARI,09,,,,BA1109
1183,BAUCHI,JAMA’ARE’,11,JUMARA,10,,,,BA1110
1184,BAUCHI,KATAGUM,12,TSAKUWA/GABAS,01,,,,BA1201
1185,BAUCHI,KATAGUM,12,NASARAWA/B/KASUWA,02,,,,BA1202
1186,BAUCHI,KATAGUM,12,MADANGALA,03,,,,BA1203
1187,BAUCHI,KATAGUM,12,MADARA,04,,,,BA1204
1188,BAUCHI,KATAGUM,12,BUSKURI,05,,,,BA1205
1189,BAUCHI,KATAGUM,12,RAGWAM/MAGONSHI,06,,,,BA1206
1190,BAUCHI,KATAGUM,12,GAMBAKI/BIDIR,07,,,,BA1207
1191,BAUCHI,KATAGUM,12,CHINADE,08,,,,BA1208
1192,BAUCHI,KATAGUM,12,BULKACHUWA/DAGARO,09,,,,BA1209
1193,BAUCHI,KATAGUM,12,YAYU,10,,,,BA1210
1194,BAUCHI,KATAGUM,12,MADACHI/GANGAI,11,,,,BA1211
1195,BAUCHI,KIRFI,13,BADARA,01,,,,BA1301
1196,BAUCHI,KIRFI,13,DARA,02,,,,BA1302
1197,BAUCHI,KIRFI,13,BENI ‘’A’’,03,,,,BA1303
1198,BAUCHI,KIRFI,13,BENI ‘’B’’,04,,,,BA1304
1199,BAUCHI,KIRFI,13,DEWU CENTRAL,05,,,,BA1305
1200,BAUCHI,KIRFI,13,DEWU EAST,06,,,,BA1306
1201,BAUCHI,KIRFI,13,DIRFI,07,,,,BA1307
1202,BAUCHI,KIRFI,13,SHANGO,08,,,,BA1308
1203,BAUCHI,KIRFI,13,TUBULE,09,,,,BA1309
1204,BAUCHI,KIRFI,13,WANKA,10,,,,BA1310
1205,BAUCHI,MISAU,14,ZADAWA,01,,,,BA1401
1206,BAUCHI,MISAU,14,BETI,02,,,,BA1402
1207,BAUCHI,MISAU,14,JARKASA,03,,,,BA1403
1208,BAUCHI,MISAU,14,KUDADI/GUNDARI,04,,,,BA1404
1209,BAUCHI,MISAU,14,AJILI/GUGULIN,05,,,,BA1405
1210,BAUCHI,MISAU,14,TOFU,06,,,,BA1406
1211,BAUCHI,MISAU,14,HARDAWA,07,,,,BA1407
1212,BAUCHI,MISAU,14,SARMA/AKUYAM,08,,,,BA1408
1213,BAUCHI,MISAU,14,SIRKO,09,,,,BA1409
1214,BAUCHI,MISAU,14,GWARAM,10,,,,BA1410
1215,BAUCHI,NINGI,15,NINGI,01,,,,BA1501
1216,BAUCHI,NINGI,15,DINGIS,02,,,,BA1502
1217,BAUCHI,NINGI,15,NASARU,03,,,,BA1503
1218,BAUCHI,NINGI,15,JANGU,04,,,,BA1504
1219,BAUCHI,NINGI,15,BALMA,05,,,,BA1505
1220,BAUCHI,NINGI,15,KUDU/YAMMA,06,,,,BA1506
1221,BAUCHI,NINGI,15,TIFFI/GUDA,07,,,,BA1507
1222,BAUCHI,NINGI,15,BURRA/KYATA,08,,,,BA1508
1223,BAUCHI,NINGI,15,SAMA,09,,,,BA1509
1224,BAUCHI,NINGI,15,SASHE,10,,,,BA1510
1225,BAUCHI,NINGI,15,KURMI,11,,,,BA1511
1226,BAUCHI,SHIRA,16,ANDUBUN,01,,,,BA1601
1227,BAUCHI,SHIRA,16,SAMBUWAL,02,,,,BA1602
1228,BAUCHI,SHIRA,16,BUKUL/BANGIRI,03,,,,BA1603
1229,BAUCHI,SHIRA,16,DISINA,04,,,,BA1604
1230,BAUCHI,SHIRA,16,FAGGO,05,,,,BA1605
1231,BAUCHI,SHIRA,16,BELI/GAGIDIBA,06,,,,BA1606
1232,BAUCHI,SHIRA,16,KILBORI,07,,,,BA1607
1233,BAUCHI,SHIRA,16,SHIRA,08,,,,BA1608
1234,BAUCHI,SHIRA,16,TSAFI,09,,,,BA1609
1235,BAUCHI,SHIRA,16,TUMFAFI,10,,,,BA1610
1236,BAUCHI,SHIRA,16,ZUBO,11,,,,BA1611
1237,BAUCHI,TAFAWA BALEWA,17,KARDAM ‘’A’’,01,,,,BA1701
1238,BAUCHI,TAFAWA BALEWA,17,KARDAM ‘’B’’,02,,,,BA1702
1239,BAUCHI,TAFAWA BALEWA,17,LERE NORTH,03,,,,BA1703
1240,BAUCHI,TAFAWA BALEWA,17,LERE SOUTH,04,,,,BA1704
1241,BAUCHI,TAFAWA BALEWA,17,TAPSHIN,05,,,,BA1705
1242,BAUCHI,TAFAWA BALEWA,17,WAI,06,,,,BA1706
1243,BAUCHI,TAFAWA BALEWA,17,BALL,07,,,,BA1707
1244,BAUCHI,TAFAWA BALEWA,17,BULA,08,,,,BA1708
1245,BAUCHI,TAFAWA BALEWA,17,DAJIN,09,,,,BA1709
1246,BAUCHI,TAFAWA BALEWA,17,DULL,10,,,,BA1710
1247,BAUCHI,TAFAWA BALEWA,17,BUNUNU,11,,,,BA1711
1248,BAUCHI,TORO,18,TORO/TULAI,01,,,,BA1801
1249,BAUCHI,TORO,18,TILDEN FULANI,02,,,,BA1802
1250,BAUCHI,TORO,18,RIBINA,03,,,,BA1803
1251,BAUCHI,TORO,18,MARA/PALAMA,04,,,,BA1804
1252,BAUCHI,TORO,18,RAUTA/GEJI,05,,,,BA1805
1253,BAUCHI,TORO,18,JAMA’A/ZARANDA,06,,,,BA1806
1254,BAUCHI,TORO,18,LAME,07,,,,BA1807
1255,BAUCHI,TORO,18,RISHI/ZALAU,08,,,,BA1808
1256,BAUCHI,TORO,18,TAMA,09,,,,BA1809
1257,BAUCHI,TORO,18,RAHAMA,10,,,,BA1810
1258,BAUCHI,WARJI,19,BAIMA NORTH WEST,01,,,,BA1901
1259,BAUCHI,WARJI,19,BAIMA SOUTH WEST,02,,,,BA1902
1260,BAUCHI,WARJI,19,DAGU EAST,03,,,,BA1903
1261,BAUCHI,WARJI,19,DAGU WEST,04,,,,BA1904
1262,BAUCHI,WARJI,19,GABANGA,05,,,,BA1905
1263,BAUCHI,WARJI,19,KATANGA,06,,,,BA1906
1264,BAUCHI,WARJI,19,RANGA,07,,,,BA1907
1265,BAUCHI,WARJI,19,TIYIN,08,,,,BA1908
1266,BAUCHI,WARJI,19,TUDUN WADA EAST,09,,,,BA1909
1267,BAUCHI,WARJI,19,TUDUN WADA WEST,10,,,,BA1910
1268,BAUCHI,ZAKI,20,BURSALI,01,,,,BA2001
1269,BAUCHI,ZAKI,20,KATAGUM,02,,,,BA2002
1270,BAUCHI,ZAKI,20,TASHENA/GADAI,03,,,,BA2003
1271,BAUCHI,ZAKI,20,MAKAWA,04,,,,BA2004
1272,BAUCHI,ZAKI,20,SAKWA,05,,,,BA2005
1273,BAUCHI,ZAKI,20,GUMAI,06,,,,BA2006
1274,BAUCHI,ZAKI,20,MURMUR NORTH,07,,,,BA2007
1275,BAUCHI,ZAKI,20,MURMUR SOUTH,08,,,,BA2008
1276,BAUCHI,ZAKI,20,ALANGAWARI,09,,,,BA2009
1277,BAUCHI,ZAKI,20,MAIWA,10,,,,BA2010
1278,BAUCHI,ZAKI,20,MAIMAKO,11,,,,BA2011
1279,BAYELSA,BRASS,01,BRASS ONE (TWON),01,,,,BY0101
1280,BAYELSA,BRASS,01,BRASS TWO (TWON),02,,,,BY0102
1281,BAYELSA,BRASS,01,EWOAMA,03,,,,BY0103
1282,BAYELSA,BRASS,01,EKPOAMA,04,,,,BY0104
1283,BAYELSA,BRASS,01,ODIOMA/DIEMA,05,,,,BY0105
1284,BAYELSA,BRASS,01,CAPE FORMOSA,06,,,,BY0106
1285,BAYELSA,BRASS,01,KONSHO,07,,,,BY0107
1286,BAYELSA,BRASS,01,OSINIBIRI,08,,,,BY0108
1287,BAYELSA,BRASS,01,MINIBIE,09,,,,BY0109
1288,BAYELSA,BRASS,01,SANGANA,10,,,,BY0110
1289,BAYELSA,EKEREMOR,02,TARAKIRI,01,,,,BY0201
1290,BAYELSA,EKEREMOR,02,OYIAKIRI I,02,,,,BY0202
1291,BAYELSA,EKEREMOR,02,OYIAKIRI II,03,,,,BY0203
1292,BAYELSA,EKEREMOR,02,OYIAKIRI III,04,,,,BY0204
1293,BAYELSA,EKEREMOR,02,OYIAKIRI IV,05,,,,BY0205
1294,BAYELSA,EKEREMOR,02,OPOROMOR I,06,,,,BY0206
1295,BAYELSA,EKEREMOR,02,OPOROMOR II,07,,,,BY0207
1296,BAYELSA,EKEREMOR,02,OPOROMOR III,08,,,,BY0208
1297,BAYELSA,EKEREMOR,02,OPOROMOR IV,09,,,,BY0209
1298,BAYELSA,EKEREMOR,02,OPOROMOR V,10,,,,BY0210
1299,BAYELSA,EKEREMOR,02,EDUWINI I,11,,,,BY0211
1300,BAYELSA,EKEREMOR,02,EDUWINI II,12,,,,BY0212
1301,BAYELSA,KOLOKUMA/OPOKUMA,03,ODI (NORTH) I,01,,,,BY0301
1302,BAYELSA,KOLOKUMA/OPOKUMA,03,ODI (CENTRAL) II,02,,,,BY0302
1303,BAYELSA,KOLOKUMA/OPOKUMA,03,ODI (SOUTH) III,03,,,,BY0303
1304,BAYELSA,KOLOKUMA/OPOKUMA,03,KAIAMA,04,,,,BY0304
1305,BAYELSA,KOLOKUMA/OPOKUMA,03,KAIAMA/OLOBIRI,05,,,,BY0305
1306,BAYELSA,KOLOKUMA/OPOKUMA,03,SAMPOU/KALAMA,06,,,,BY0306
1307,BAYELSA,KOLOKUMA/OPOKUMA,03,OPOKUMA NORTH,07,,,,BY0307
1308,BAYELSA,KOLOKUMA/OPOKUMA,03,OPOKUMA SOUTH,08,,,,BY0308
1309,BAYELSA,KOLOKUMA/OPOKUMA,03,SEIBOKOROGHA,09,,,,BY0309
1310,BAYELSA,KOLOKUMA/OPOKUMA,03,(SABAGREIA) I,10,,,,BY0310
1311,BAYELSA,KOLOKUMA/OPOKUMA,03,OKOLOBA (SABAGREIA) II,11,,,,BY0311
1312,BAYELSA,KOLOKUMA/OPOKUMA,03,IGBEDI,12,,,,BY0312
1313,BAYELSA,NEMBE,04,OGBOLOMABIRI I,01,,,,BY0401
1314,BAYELSA,NEMBE,04,OGBOLOMABIRI II,02,,,,BY0402
1315,BAYELSA,NEMBE,04,OGBOLOMABIRI III,03,,,,BY0403
1316,BAYELSA,NEMBE,04,BASSAMBIRI I,04,,,,BY0404
1317,BAYELSA,NEMBE,04,BASSAMBIRI II,05,,,,BY0405
1318,BAYELSA,NEMBE,04,BASSAMBIRI III,06,,,,BY0406
1319,BAYELSA,NEMBE,04,BASSAMBIRI IV,07,,,,BY0407
1320,BAYELSA,NEMBE,04,IGBETA-EWOAMA,08,,,,BY0408
1321,BAYELSA,NEMBE,04,OKOROMA I,09,,,,BY0409
1322,BAYELSA,NEMBE,04,OKOROMA II,10,,,,BY0410
1323,BAYELSA,NEMBE,04,MINI,11,,,,BY0411
1324,BAYELSA,NEMBE,04,IKENSI,12,,,,BY0412
1325,BAYELSA,NEMBE,04,OLUASIRI,13,,,,BY0413
1326,BAYELSA,OGBIA,05,OGBIA,01,,,,BY0501
1327,BAYELSA,OGBIA,05,OTUOKPOTI,02,,,,BY0502
1328,BAYELSA,OGBIA,05,OLOGI,03,,,,BY0503
1329,BAYELSA,OGBIA,05,ANYAMA,04,,,,BY0504
1330,BAYELSA,OGBIA,05,OKODI,05,,,,BY0505
1331,BAYELSA,OGBIA,05,OTUASEGA,06,,,,BY0506
1332,BAYELSA,OGBIA,05,EMEYAL,07,,,,BY0507
1333,BAYELSA,OGBIA,05,IMIRINGI,08,,,,BY0508
1334,BAYELSA,OGBIA,05,KOLO,09,,,,BY0509
1335,BAYELSA,OGBIA,05,OLOIBIRI,10,,,,BY0510
1336,BAYELSA,OGBIA,05,OPUME,11,,,,BY0511
1337,BAYELSA,OGBIA,05,OTAKEME,12,,,,BY0512
1338,BAYELSA,OGBIA,05,OTUABULA,13,,,,BY0513
1339,BAYELSA,SAGBAMA,06,AGBERE,01,,,,BY0601
1340,BAYELSA,SAGBAMA,06,ANGALABIRI,02,,,,BY0602
1341,BAYELSA,SAGBAMA,06,OFONI I,03,,,,BY0603
1342,BAYELSA,SAGBAMA,06,OFONI II,04,,,,BY0604
1343,BAYELSA,SAGBAMA,06,EBEDEBIRI,05,,,,BY0605
1344,BAYELSA,SAGBAMA,06,OSSIAMA,06,,,,BY0606
1345,BAYELSA,SAGBAMA,06,ASAMABIRI,07,,,,BY0607
1346,BAYELSA,SOUTHERN IJAW,07,OPOROMA I,01,,,,BY0701
1347,BAYELSA,SOUTHERN IJAW,07,OPOROMA II,02,,,,BY0702
1348,BAYELSA,SOUTHERN IJAW,07,OLODIAMA I,03,,,,BY0703
1349,BAYELSA,SOUTHERN IJAW,07,OLODIAMA II,04,,,,BY0704
1350,BAYELSA,SOUTHERN IJAW,07,OTUAN,05,,,,BY0705
1351,BAYELSA,SOUTHERN IJAW,07,WEST BOMA,06,,,,BY0706
1352,BAYELSA,SOUTHERN IJAW,07,CENTRAL BOMA I,07,,,,BY0707
1353,BAYELSA,SOUTHERN IJAW,07,CENTRAL BOMA II,08,,,,BY0708
1354,BAYELSA,SOUTHERN IJAW,07,AMASSOMA I,09,,,,BY0709
1355,BAYELSA,SOUTHERN IJAW,07,AMASSOMA II,10,,,,BY0710
1356,BAYELSA,SOUTHERN IJAW,07,AMASSOMA III,11,,,,BY0711
1357,BAYELSA,SOUTHERN IJAW,07,EAST BOMA I,12,,,,BY0712
1358,BAYELSA,SOUTHERN IJAW,07,EAST BOMA II,13,,,,BY0713
1359,BAYELSA,SOUTHERN IJAW,07,FOROPA,14,,,,BY0714
1360,BAYELSA,SOUTHERN IJAW,07,APOI,15,,,,BY0715
1361,BAYELSA,SOUTHERN IJAW,07,UKUBIE,16,,,,BY0716
1362,BAYELSA,SOUTHERN IJAW,07,KOLUAMA,16,,,,BY0716
1363,BAYELSA,YENAGOA,08,ATISSA I,01,,,,BY0801
1364,BAYELSA,YENAGOA,08,ATISSA II,02,,,,BY0802
1365,BAYELSA,YENAGOA,08,ATISSA III,03,,,,BY0803
1366,BAYELSA,YENAGOA,08,EPIE I,04,,,,BY0804
1367,BAYELSA,YENAGOA,08,EPIE II,05,,,,BY0805
1368,BAYELSA,YENAGOA,08,EPIE III,06,,,,BY0806
1369,BAYELSA,YENAGOA,08,GBARAIN I,07,,,,BY0807
1370,BAYELSA,YENAGOA,08,GBARAIN II,08,,,,BY0808
1371,BAYELSA,YENAGOA,08,GBARAIN III,09,,,,BY0809
1372,BAYELSA,YENAGOA,08,EKPETIAMA I,10,,,,BY0810
1373,BAYELSA,YENAGOA,08,EKPETIAMA II,11,,,,BY0811
1374,BAYELSA,YENAGOA,08,EKPETIAMA III,12,,,,BY0812
1375,BAYELSA,YENAGOA,08,BISENI I,13,,,,BY0813
1376,BAYELSA,YENAGOA,08,BISENI II,14,,,,BY0814
1377,BAYELSA,YENAGOA,08,OKORDIA,15,,,,BY0815
1378,BAYELSA,YENAGOA,08,ZARAMA,16,,,,BY0816
1379,BENUE,ADO,01,AKPOGE/OGBILOLO,01,,,,BN0101
1380,BENUE,ADO,01,APA,02,,,,BN0102
1381,BENUE,ADO,01,EKILE,03,,,,BN0103
1382,BENUE,ADO,01,IGUMALE I,04,,,,BN0104
1383,BENUE,ADO,01,IGUMALE II,05,,,,BN0105
1384,BENUE,ADO,01,HIGBAM,06,,,,BN0106
1385,BENUE,ADO,01,OGEGE,07,,,,BN0107
1386,BENUE,ADO,01,ROYONGO,08,,,,BN0108
1387,BENUE,ADO,01,UKWONYO,09,,,,BN0109
1388,BENUE,ADO,01,ULAYI,10,,,,BN0110
1389,BENUE,AGATU,02,EGBA,01,,,,BN0201
1390,BENUE,AGATU,02,ENUNGBA,02,,,,BN0202
1391,BENUE,AGATU,02,OBAGAJI,03,,,,BN0203
1392,BENUE,AGATU,02,ODUGBEHO,04,,,,BN0204
1393,BENUE,AGATU,02,EGBAULU,05,,,,BN0205
1394,BENUE,AGATU,02,OGWULE-KADUNA,06,,,,BN0206
1395,BENUE,AGATU,02,OGWULE-OGBAULU,07,,,,BN0207
1396,BENUE,AGATU,02,OKOKOLO,08,,,,BN0208
1397,BENUE,AGATU,02,OSHIGBUDU,09,,,,BN0209
1398,BENUE,AGATU,02,USHA,10,,,,BN0210
1399,BENUE,APA,03,AKPETE/OJANTELLE,01,,,,BN0301
1400,BENUE,APA,03,AUKE,02,,,,BN0302
1401,BENUE,APA,03,EDIKWU I,03,,,,BN0303
1402,BENUE,APA,03,EDIKWU II,04,,,,BN0304
1403,BENUE,APA,03,IGAH-OKPAYA,05,,,,BN0305
1404,BENUE,APA,03,IGORO,06,,,,BN0306
1405,BENUE,APA,03,IKOBI,07,,,,BN0307
1406,BENUE,APA,03,OBA,08,,,,BN0308
1407,BENUE,APA,03,OFOKE,09,,,,BN0309
1408,BENUE,APA,03,OIJI,10,,,,BN0310
1409,BENUE,APA,03,UGBOKPO,11,,,,BN0311
1410,BENUE,BURUKU,04,BINEV,01,,,,BN0401
1411,BENUE,BURUKU,04,ETULO,02,,,,BN0402
1412,BENUE,BURUKU,04,MBAADE,03,,,,BN0403
1413,BENUE,BURUKU,04,MBAAKURA,04,,,,BN0404
1414,BENUE,BURUKU,04,MBAAPEN,05,,,,BN0405
1415,BENUE,BURUKU,04,MBAATIRKYAA,06,,,,BN0406
1416,BENUE,BURUKU,04,MBAAZAGEE,07,,,,BN0407
1417,BENUE,BURUKU,04,MABIKYONGO/NYIFON,08,,,,BN0408
1418,BENUE,BURUKU,04,MBAITYOUGH,09,,,,BN0409
1419,BENUE,BURUKU,04,MBAKYAAN,10,,,,BN0410
1420,BENUE,BURUKU,04,MBAYA,11,,,,BN0411
1421,BENUE,BURUKU,04,MBAYAKA,12,,,,BN0412
1422,BENUE,BURUKU,04,SHOROV,13,,,,BN0413
1423,BENUE,GBOKO,05,GBOKO CENTRAL/MKT,01,,,,BN0501
1424,BENUE,GBOKO,05,GBOKO EAST,02,,,,BN0502
1425,BENUE,GBOKO,05,GBOKO NORTH WEST,03,,,,BN0503
1426,BENUE,GBOKO,05,GBOKO SOUTH,04,,,,BN0504
1427,BENUE,GBOKO,05,IGYOROV,05,,,,BN0505
1428,BENUE,GBOKO,05,MBAANKU,06,,,,BN0506
1429,BENUE,GBOKO,05,MBAAVARAKAA,07,,,,BN0507
1430,BENUE,GBOKO,05,MBADAM,08,,,,BN0508
1431,BENUE,GBOKO,05,MBADIM,09,,,,BN0509
1432,BENUE,GBOKO,05,MBAKPER,10,,,,BN0510
1433,BENUE,GBOKO,05,MBAKWEN,11,,,,BN0511
1434,BENUE,GBOKO,05,MBATAN,12,,,,BN0512
1435,BENUE,GBOKO,05,MBATSER,13,,,,BN0513
1436,BENUE,GBOKO,05,MBATYU,14,,,,BN0514
1437,BENUE,GBOKO,05,UKPEKPE,15,,,,BN0515
1438,BENUE,GBOKO,05,YANDEV NORTH,16,,,,BN0516
1439,BENUE,GBOKO,05,YANDEV SOUTH,17,,,,BN0517
1440,BENUE,GUMA,06,ABINSI,01,,,,BN0601
1441,BENUE,GUMA,06,KAAMBE,02,,,,BN0602
1442,BENUE,GUMA,06,MBAABAI,03,,,,BN0603
1443,BENUE,GUMA,06,MBADWEM,04,,,,BN0604
1444,BENUE,GUMA,06,MBAWA,05,,,,BN0605
1445,BENUE,GUMA,06,MBAYER/YANDLEV,06,,,,BN0606
1446,BENUE,GUMA,06,NYIEV,07,,,,BN0607
1447,BENUE,GUMA,06,NZOROV,08,,,,BN0608
1448,BENUE,GUMA,06,SAGHEV,09,,,,BN0609
1449,BENUE,GUMA,06,UVIR,10,,,,BN0610
1450,BENUE,GWER EAST,07,AKPACH’AYI,01,,,,BN0701
1451,BENUE,GWER EAST,07,ALIADE TOWN,02,,,,BN0702
1452,BENUE,GWER EAST,07,GBEMACHA,03,,,,BN0703
1453,BENUE,GWER EAST,07,IKYOGBAJIR,04,,,,BN0704
1454,BENUE,GWER EAST,07,IKYONOV,05,,,,BN0705
1455,BENUE,GWER EAST,07,MBABUR,06,,,,BN0706
1456,BENUE,GWER EAST,07,MBAIASE,07,,,,BN0707
1457,BENUE,GWER EAST,07,MBAIKYU,08,,,,BN0708
1458,BENUE,GWER EAST,07,MBAIKYAAN,09,,,,BN0709
1459,BENUE,GWER EAST,07,MBALOM,10,,,,BN0710
1460,BENUE,GWER EAST,07,MBASOMBO,11,,,,BN0711
1461,BENUE,GWER EAST,07,MBAYOM,12,,,,BN0712
1462,BENUE,GWER EAST,07,SHOUGH,13,,,,BN0713
1463,BENUE,GWER EAST,07,UGEE,14,,,,BN0714
1464,BENUE,GWER WEST,08,AVIHIJIME,01,,,,BN0801
1465,BENUE,GWER WEST,08,GAAMBE USHIN,02,,,,BN0802
1466,BENUE,GWER WEST,08,GBAANGE/TONGOV,03,,,,BN0803
1467,BENUE,GWER WEST,08,IKYAGHEV,04,,,,BN0804
1468,BENUE,GWER WEST,08,ITYOUGHATEE/INJAHA,05,,,,BN0805
1469,BENUE,GWER WEST,08,MBABUANDE,06,,,,BN0806
1470,BENUE,GWER WEST,08,MBACHOHON,07,,,,BN0807
1471,BENUE,GWER WEST,08,MBANYAMSHI,08,,,,BN0808
1472,BENUE,GWER WEST,08,MBAPA,09,,,,BN0809
1473,BENUE,GWER WEST,08,MERKYEN,10,,,,BN0810
1474,BENUE,GWER WEST,08,SAGHEV/UKUSU,11,,,,BN0811
1475,BENUE,GWER WEST,08,SENGEV,12,,,,BN0812
1476,BENUE,GWER WEST,08,SENGEV/YENGEV,13,,,,BN0813
1477,BENUE,GWER WEST,08,TIJIME,14,,,,BN0814
1478,BENUE,GWER WEST,08,TSAMBE/MBESEV,15,,,,BN0815
1479,BENUE,KATSINA-ALA,09,IKURAV TIEV I,01,,,,BN0901
1480,BENUE,KATSINA-ALA,09,IKURAV TIEV II,02,,,,BN0902
1481,BENUE,KATSINA-ALA,09,IWAR (TONGOV) I,03,,,,BN0903
1482,BENUE,KATSINA-ALA,09,KATSINA-ALA TOWN,04,,,,BN0904
1483,BENUE,KATSINA-ALA,09,MBACHER,05,,,,BN0905
1484,BENUE,KATSINA-ALA,09,MBAJIR,06,,,,BN0906
1485,BENUE,KATSINA-ALA,09,MBATULA/MBEREV,07,,,,BN0907
1486,BENUE,KATSINA-ALA,09,MBAYONGO,08,,,,BN0908
1487,BENUE,KATSINA-ALA,09,MICHIHE,09,,,,BN0909
1488,BENUE,KATSINA-ALA,09,TIIR (TONGOV) II,10,,,,BN0910
1489,BENUE,KATSINA-ALA,09,UTANGE,11,,,,BN0911
1490,BENUE,KATSINA-ALA,09,YOOYO,12,,,,BN0912
1491,BENUE,KONSHISHA,10,IKYURAV/MBATWER,01,,,,BN1001
1492,BENUE,KONSHISHA,10,MBAGUSA/MBATSER,02,,,,BN1002
1493,BENUE,KONSHISHA,10,MBAIKYASE,03,,,,BN1003
1494,BENUE,KONSHISHA,10,MBAIWARNYAM,04,,,,BN1004
1495,BENUE,KONSHISHA,10,MBAKE,05,,,,BN1005
1496,BENUE,KONSHISHA,10,MBANOR,06,,,,BN1006
1497,BENUE,KONSHISHA,10,MBATSEN,07,,,,BN1007
1498,BENUE,KONSHISHA,10,MBAVAA,08,,,,BN1008
1499,BENUE,KONSHISHA,10,MBAWAR,09,,,,BN1009
1500,BENUE,KONSHISHA,10,MBAVEGH/MBAIKYER,10,,,,BN1010
1501,BENUE,KONSHISHA,10,TSE-AGBERAGBA,11,,,,BN1011
1502,BENUE,KWANDE,11,ADIKPO METROPOLIS,01,,,,BN1101
1503,BENUE,KWANDE,11,LIVE I,02,,,,BN1102
1504,BENUE,KWANDE,11,LIEVE II,03,,,,BN1103
1505,BENUE,KWANDE,11,MBADURA,04,,,,BN1104
1506,BENUE,KWANDE,11,MBAGBA/MBAIKYAN,05,,,,BN1105
1507,BENUE,KWANDE,11,MBAIKYOR,06,,,,BN1106
1508,BENUE,KWANDE,11,MBAKETSA,07,,,,BN1107
1509,BENUE,KWANDE,11,MENEV,08,,,,BN1108
1510,BENUE,KWANDE,11,TONDOV I,09,,,,BN1109
1511,BENUE,KWANDE,11,TONDOV II,10,,,,BN1110
1512,BENUE,KWANDE,11,USAR,11,,,,BN1111
1513,BENUE,KWANDE,11,MBAYOO,12,,,,BN1112
1514,BENUE,KWANDE,11,YAAAV,13,,,,BN1113
1515,BENUE,KWANDE,11,MOON,14,,,,BN1114
1516,BENUE,KWANDE,11,KUMAKWAGH,15,,,,BN1115
1517,BENUE,LOGO,12,MBAD YUL,01,,,,BN1201
1518,BENUE,LOGO,12,MBAGBER,02,,,,BN1202
1519,BENUE,LOGO,12,MBATER,03,,,,BN1203
1520,BENUE,LOGO,12,MBAYAM,04,,,,BN1204
1521,BENUE,LOGO,12,MBAVUUM,05,,,,BN1205
1522,BENUE,LOGO,12,NENZEV,06,,,,BN1206
1523,BENUE,LOGO,12,TOMBO,07,,,,BN1207
1524,BENUE,LOGO,12,TURAN,08,,,,BN1208
1525,BENUE,LOGO,12,UKEMBERGYA/TSWAREV,09,,,,BN1209
1526,BENUE,LOGO,12,YONOV,10,,,,BN1210
1527,BENUE,MAKURDI,13,AGAN,01,,,,BN1301
1528,BENUE,MAKURDI,13,ANKPA/WADATA,02,,,,BN1302
1529,BENUE,MAKURDI,13,BAR,03,,,,BN1303
1530,BENUE,MAKURDI,13,CENTRAL/SOUTH MISSION,04,,,,BN1304
1531,BENUE,MAKURDI,13,CLERKS/MARKET,05,,,,BN1305
1532,BENUE,MAKURDI,13,FIIDI,06,,,,BN1306
1533,BENUE,MAKURDI,13,MBALAGH,07,,,,BN1307
1534,BENUE,MAKURDI,13,MODERN MARKET,08,,,,BN1308
1535,BENUE,MAKURDI,13,NORTH BANK I,09,,,,BN1309
1536,BENUE,MAKURDI,13,NORTH BANK II,10,,,,BN1310
1537,BENUE,MAKURDI,13,WAILOMAYO,11,,,,BN1311
1538,BENUE,OBI,14,ADIKO,01,,,,BN1401
1539,BENUE,OBI,14,ADUM WEST,02,,,,BN1402
1540,BENUE,OBI,14,IKWOKWU,03,,,,BN1403
1541,BENUE,OBI,14,IRABI,04,,,,BN1404
1542,BENUE,OBI,14,ITOGO,05,,,,BN1405
1543,BENUE,OBI,14,OBARIKE,06,,,,BN1406
1544,BENUE,OBI,14,OBEKO,07,,,,BN1407
1545,BENUE,OBI,14,ODIAPA,08,,,,BN1408
1546,BENUE,OBI,14,OGORE,09,,,,BN1409
1547,BENUE,OBI,14,OKPOKWU,10,,,,BN1410
1548,BENUE,OBI,14,OKWUTUNGBE,11,,,,BN1411
1549,BENUE,OBI,14,ORII II,12,,,,BN1412
1550,BENUE,OGBADIBO,15,AL-OODO I,01,,,,BN1501
1551,BENUE,OGBADIBO,15,AL-OODO II,02,,,,BN1502
1552,BENUE,OGBADIBO,15,AL-OONO I,03,,,,BN1503
1553,BENUE,OGBADIBO,15,AL-OONO II,04,,,,BN1504
1554,BENUE,OGBADIBO,15,AL-OONO III,05,,,,BN1505
1555,BENUE,OGBADIBO,15,EHAJE I,06,,,,BN1506
1556,BENUE,OGBADIBO,15,EHAJE II,07,,,,BN1507
1557,BENUE,OGBADIBO,15,ITABONO I,08,,,,BN1508
1558,BENUE,OGBADIBO,15,ITABONO II,09,,,,BN1509
1559,BENUE,OGBADIBO,15,OLACHAGBAHA,10,,,,BN1510
1560,BENUE,OGBADIBO,15,OROKAM I,11,,,,BN1511
1561,BENUE,OGBADIBO,15,OROKAM II,12,,,,BN1512
1562,BENUE,OGBADIBO,15,OROKAM III,13,,,,BN1513
1563,BENUE,OJU,16,ADOKPA,01,,,,BN1601
1564,BENUE,OJU,16,AINU,02,,,,BN1602
1565,BENUE,OJU,16,IBILLA,03,,,,BN1603
1566,BENUE,OJU,16,IDELLE,04,,,,BN1604
1567,BENUE,OJU,16,IYECHE,05,,,,BN1605
1568,BENUE,OJU,16,OBORU/OYE,06,,,,BN1606
1569,BENUE,OJU,16,OJU,07,,,,BN1607
1570,BENUE,OJU,16,OKOKPO,08,,,,BN1608
1571,BENUE,OJU,16,OKWUDU,09,,,,BN1609
1572,BENUE,OJU,16,OWO,10,,,,BN1610
1573,BENUE,OJU,16,UKPA/AINU ETTE,11,,,,BN1611
1574,BENUE,OHIMINI,17,AGADAGBA,01,,,,BN1701
1575,BENUE,OHIMINI,17,AMUME-EHAJE,02,,,,BN1702
1576,BENUE,OHIMINI,17,AMUME-ICHO,03,,,,BN1703
1577,BENUE,OHIMINI,17,EHATOKPE,04,,,,BN1704
1578,BENUE,OHIMINI,17,IDEKPA,05,,,,BN1705
1579,BENUE,OHIMINI,17,OCHOBO,06,,,,BN1706
1580,BENUE,OHIMINI,17,OGLEWO-EHAJE,07,,,,BN1707
1581,BENUE,OHIMINI,17,OGLEWO-ICHO,08,,,,BN1708
1582,BENUE,OHIMINI,17,ONYAGEDE-EHAJE,09,,,,BN1709
1583,BENUE,OHIMINI,17,ONYAGEDE-ICHO,10,,,,BN1710
1584,BENUE,OKPOKWU,18,AMEJO,01,,,,BN1801
1585,BENUE,OKPOKWU,18,EKE,02,,,,BN1802
1586,BENUE,OKPOKWU,18,ICHAMA II,03,,,,BN1803
1587,BENUE,OKPOKWU,18,OJIGO,04,,,,BN1804
1588,BENUE,OKPOKWU,18,OJOGA,05,,,,BN1805
1589,BENUE,OKPOKWU,18,OKONOBO,06,,,,BN1806
1590,BENUE,OKPOKWU,18,OKAPILE/INGLE,07,,,,BN1807
1591,BENUE,OKPOKWU,18,OKPOGA CENTRAL,08,,,,BN1808
1592,BENUE,OKPOKWU,18,OKPOGA NORTH,09,,,,BN1809
1593,BENUE,OKPOKWU,18,OKPOGA SOUTH,10,,,,BN1810
1594,BENUE,OKPOKWU,18,OKPOGA WEST,11,,,,BN1811
1595,BENUE,OKPOKWU,18,UGBOKOLO,12,,,,BN1812
1596,BENUE,OTUKPO,19,ADOKA-ICHO,01,,,,BN1901
1597,BENUE,OTUKPO,19,ADOKA-EHAJE,02,,,,BN1902
1598,BENUE,OTUKPO,19,ALLAN,03,,,,BN1903
1599,BENUE,OTUKPO,19,ENTEKPA,04,,,,BN1904
1600,BENUE,OTUKPO,19,EWULO,05,,,,BN1905
1601,BENUE,OTUKPO,19,EKETE,06,,,,BN1906
1602,BENUE,OTUKPO,19,OTOBI,07,,,,BN1907
1603,BENUE,OTUKPO,19,OTUKPO TOWN CENTRAL,08,,,,BN1908
1604,BENUE,OTUKPO,19,OTUKPO TOWN EAST,09,,,,BN1909
1605,BENUE,OTUKPO,19,OTUKPO TOWN WEST,10,,,,BN1910
1606,BENUE,OTUKPO,19,UGBOJU EHAJE,11,,,,BN1911
1607,BENUE,OTUKPO,19,UGBOJU-ICHO,12,,,,BN1912
1608,BENUE,TARKA,20,MBAAJIRAKAA,01,,,,BN2001
1609,BENUE,TARKA,20,MBAAYO,02,,,,BN2002
1610,BENUE,TARKA,20,MBACHAVERIKYONDO,03,,,,BN2003
1611,BENUE,TARKA,20,MBA IGBA,04,,,,BN2004
1612,BENUE,TARKA,20,MBAIKYO/MBAYIA,05,,,,BN2005
1613,BENUE,TARKA,20,MBA KWAKEM,06,,,,BN2006
1614,BENUE,TARKA,20,MBANYAGBER,07,,,,BN2007
1615,BENUE,TARKA,20,SHITILE,08,,,,BN2008
1616,BENUE,TARKA,20,TONGOV,09,,,,BN2009
1617,BENUE,UKUM,21,ATERAYANGE,01,,,,BN2101
1618,BENUE,UKUM,21,AZENDESHI,02,,,,BN2102
1619,BENUE,UKUM,21,BORIKYO,03,,,,BN2103
1620,BENUE,UKUM,21,ITYULUV,04,,,,BN2104
1621,BENUE,UKUM,21,KENDEV,05,,,,BN2105
1622,BENUE,UKUM,21,KUNDAV,06,,,,BN2106
1623,BENUE,UKUM,21,KUMBUV,07,,,,BN2107
1624,BENUE,UKUM,21,MBATAIN,08,,,,BN2108
1625,BENUE,UKUM,21,MBAYENGE,09,,,,BN2109
1626,BENUE,UKUM,21,MBAZUN,10,,,,BN2110
1627,BENUE,UKUM,21,TSAAV,11,,,,BN2111
1628,BENUE,UKUM,21,UGBAAM,12,,,,BN2112
1629,BENUE,UKUM,21,UYAM,13,,,,BN2113
1630,BENUE,USHONGO,22,ATIKYESE,01,,,,BN2201
1631,BENUE,USHONGO,22,IKYOV,02,,,,BN2202
1632,BENUE,USHONGO,22,LESSEL,03,,,,BN2203
1633,BENUE,USHONGO,22,MBAAKA,04,,,,BN2204
1634,BENUE,USHONGO,22,MBANYAM,05,,,,BN2205
1635,BENUE,USHONGO,22,MBAAWE,06,,,,BN2206
1636,BENUE,USHONGO,22,MBAGBA,07,,,,BN2207
1637,BENUE,USHONGO,22,MBAGWAZA,08,,,,BN2208
1638,BENUE,USHONGO,22,MBAKUHA,09,,,,BN2209
1639,BENUE,USHONGO,22,MBAYEGH,10,,,,BN2210
1640,BENUE,USHONGO,22,UTANGE,11,,,,BN2211
1641,BENUE,VENDEIKYA,23,MBADE,01,,,,BN2301
1642,BENUE,VENDEIKYA,23,MBATYOUGH,02,,,,BN2302
1643,BENUE,VENDEIKYA,23,MBAGBAM,03,,,,BN2303
1644,BENUE,VENDEIKYA,23,MBAGBURA,04,,,,BN2304
1645,BENUE,VENDEIKYA,23,MBAIK,05,,,,BN2305
1646,BENUE,VENDEIKYA,23,MBAKAANGE,06,,,,BN2306
1647,BENUE,VENDEIKYA,23,MBAKYAHA,07,,,,BN2307
1648,BENUE,VENDEIKYA,23,MBAYONGO,08,,,,BN2308
1649,BENUE,VENDEIKYA,23,NINGEV,09,,,,BN2309
1650,BENUE,VENDEIKYA,23,TSAMPE,10,,,,BN2310
1651,BENUE,VENDEIKYA,23,VALAEIKYA,11,,,,BN2311
1652,BENUE,VENDEIKYA,23,MNAN YUMANGBAGH,12,,,,BN2312
1653,BORNO,ABADAM,01,ARERE,01,,,,BO0101
1654,BORNO,ABADAM,01,BANOWA,02,,,,BO0102
1655,BORNO,ABADAM,01,FUGUWA,03,,,,BO0103
1656,BORNO,ABADAM,01,JABULLAM,04,,,,BO0104
1657,BORNO,ABADAM,01,KUDOKURGU,05,,,,BO0105
1658,BORNO,ABADAM,01,MALLAM FOTORI KESA’A,06,,,,BO0106
1659,BORNO,ABADAM,01,MALLAM KANURARI,07,,,,BO0107
1660,BORNO,ABADAM,01,YAU,08,,,,BO0108
1661,BORNO,ABADAM,01,YAWA KURA,09,,,,BO0109
1662,BORNO,ABADAM,01,YITUWA,10,,,,BO0110
1663,BORNO,ASKIRA/UBA,02,ASKIRA EAST,01,,,,BO0201
1664,BORNO,ASKIRA/UBA,02,CHUL/RUMIRGO,02,,,,BO0202
1665,BORNO,ASKIRA/UBA,02,DILLE/HUYUM,03,,,,BO0203
1666,BORNO,ASKIRA/UBA,02,HASARA/TAMPUL,04,,,,BO0204
1667,BORNO,ASKIRA/UBA,02,KOPA MULTHAFU,05,,,,BO0205
1668,BORNO,ASKIRA/UBA,02,LASSA,06,,,,BO0206
1669,BORNO,ASKIRA/UBA,02,MUSSA,07,,,,BO0207
1670,BORNO,ASKIRA/UBA,02,NGOHI,08,,,,BO0208
1671,BORNO,ASKIRA/UBA,02,NGULDE,09,,,,BO0209
1672,BORNO,ASKIRA/UBA,02,UBA,10,,,,BO0210
1673,BORNO,ASKIRA/UBA,02,UVU UDA,11,,,,BO0211
1674,BORNO,ASKIRA/UBA,02,WAMDEO/GIWI,12,,,,BO0212
1675,BORNO,ASKIRA/UBA,02,ZADAWA/HAUSARI,13,,,,BO0213
1676,BORNO,BAMA,03,ANDARA/AJIRI/WULBA,01,,,,BO0301
1677,BORNO,BAMA,03,BUDUWA/BULACHIRABE,02,,,,BO0302
1678,BORNO,BAMA,03,DIPCHARI/JERE/KOTEMBE/DARAJ AMAL,03,,,,BO0303
1679,BORNO,BAMA,03,GULUMBA/JUKKURI/BATRA,04,,,,BO0304
1680,BORNO,BAMA,03,KASUGULA,05,,,,BO0305
1681,BORNO,BAMA,03,KUMSHE/NDUGUNO,06,,,,BO0306
1682,BORNO,BAMA,03,LAWANTI/MAL MASTARI/ABBARAM,07,,,,BO0307
1683,BORNO,BAMA,03,MARKA/MALGE/AMCHAKA,08,,,,BO0308
1684,BORNO,BAMA,03,MBULIYA/GONIRI/SIRAJA,09,,,,BO0309
1685,BORNO,BAMA,03,SABSABWA/SOYE/BULAONGU,10,,,,BO0310
1686,BORNO,BAMA,03,SHEHURI/HAUSARI/MAIRI,11,,,,BO0311
1687,BORNO,BAMA,03,WULBARI/NDINE/CHACHILE,12,,,,BO0312
1688,BORNO,BAMA,03,YABIRI KURA/YABI RIGANA/CHONGOLO,13,,,,BO0313
1689,BORNO,BAMA,03,ZANGERII/KASH KASH,14,,,,BO0314
1690,BORNO,BAYO,04,BALBAYA,01,,,,BO0401
1691,BORNO,BAYO,04,BRIYEL,02,,,,BO0402
1692,BORNO,BAYO,04,FIKAYEL,03,,,,BO0403
1693,BORNO,BAYO,04,GAMADADI,04,,,,BO0404
1694,BORNO,BAYO,04,JARA GOL,05,,,,BO0405
1695,BORNO,BAYO,04,JARA DALI,06,,,,BO0406
1696,BORNO,BAYO,04,LIMANTI,07,,,,BO0407
1697,BORNO,BAYO,04,TELI,08,,,,BO0408
1698,BORNO,BAYO,04,WUYO,09,,,,BO0409
1699,BORNO,BAYO,04,ZARA,10,,,,BO0410
1700,BORNO,BIU,05,BURANTAI,01,,,,BO0501
1701,BORNO,BIU,05,DADIN KOWA,02,,,,BO0502
1702,BORNO,BIU,05,DUDJA,03,,,,BO0503
1703,BORNO,BIU,05,GURUBULA,04,,,,BO0504
1704,BORNO,BIU,05,GUR,05,,,,BO0505
1705,BORNO,BIU,05,KENKEN,06,,,,BO0506
1706,BORNO,BIU,05,MANDARA GIRAU,07,,,,BO0507
1707,BORNO,BIU,05,MIRINGA,08,,,,BO0508
1708,BORNO,BIU,05,SULUMTHLA,09,,,,BO0509
1709,BORNO,BIU,05,YAWI,10,,,,BO0510
1710,BORNO,BIU,05,ZARAWUYAKU,11,,,,BO0511
1711,BORNO,CHIBOK,06,CHIBOK GARU,01,,,,BO0601
1712,BORNO,CHIBOK,06,CHIBOK LIKAMA,02,,,,BO0602
1713,BORNO,CHIBOK,06,CHIBOK WHISNTAKU,03,,,,BO0603
1714,BORNO,CHIBOK,06,GATAMARWA,04,,,,BO0604
1715,BORNO,CHIBOK,06,KAUTIKARI,05,,,,BO0605
1716,BORNO,CHIBOK,06,KORONGILIM,06,,,,BO0606
1717,BORNO,CHIBOK,06,KUBURMBULA,07,,,,BO0607
1718,BORNO,CHIBOK,06,MBALALA,08,,,,BO0608
1719,BORNO,CHIBOK,06,MBOA KURA,09,,,,BO0609
1720,BORNO,CHIBOK,06,SHIKAKIR,10,,,,BO0610
1721,BORNO,CHIBOK,06,PEMI,11,,,,BO0611
1722,BORNO,DAMBOA,07,AJIGIN (A),01,,,,BO0701
1723,BORNO,DAMBOA,07,AJIGIN (B),02,,,,BO0702
1724,BORNO,DAMBOA,07,AZUR/MULTE/FORFOR,03,,,,BO0703
1725,BORNO,DAMBOA,07,BEGO/YERWA/NGIRNA,04,,,,BO0704
1726,BORNO,DAMBOA,07,DAMBOA,05,,,,BO0705
1727,BORNO,DAMBOA,07,GUMSURI/MISA/KURBUTU,06,,,,BO0706
1728,BORNO,DAMBOA,07,KAFA/MAFI,07,,,,BO0707
1729,BORNO,DAMBOA,07,MULGWAI/KOPCHI,08,,,,BO0708
1730,BORNO,DAMBOA,07,NZUDA/WUYARAM,09,,,,BO0709
1731,BORNO,DAMBOA,07,WAMA/KOREDE,10,,,,BO0710
1732,BORNO,DIKWA,08,BOBOSHE,01,,,,BO0801
1733,BORNO,DIKWA,08,DIKWA,02,,,,BO0802
1734,BORNO,DIKWA,08,GAJIBO,03,,,,BO0803
1735,BORNO,DIKWA,08,UFAYE/GUJILE,04,,,,BO0804
1736,BORNO,DIKWA,08,MULIYE/JEMURI,05,,,,BO0805
1737,BORNO,DIKWA,08,MUDU/KAZA,06,,,,BO0806
1738,BORNO,DIKWA,08,MALLAM MAJA,07,,,,BO0807
1739,BORNO,DIKWA,08,NGUDORAM,08,,,,BO0808
1740,BORNO,DIKWA,08,MAGARTA/SHEFFRI,09,,,,BO0809
1741,BORNO,DIKWA,08,SOGOMA/AFUYE,10,,,,BO0810
1742,BORNO,GUBIO,09,ARDIMINI,01,,,,BO0901
1743,BORNO,GUBIO,09,DABIRA,02,,,,BO0902
1744,BORNO,GUBIO,09,FELO,03,,,,BO0903
1745,BORNO,GUBIO,09,GAMOWO,04,,,,BO0904
1746,BORNO,GUBIO,09,GAZABURE,05,,,,BO0905
1747,BORNO,GUBIO,09,GUBIO TOWN I,06,,,,BO0906
1748,BORNO,GUBIO,09,GUBIO TOWN II,07,,,,BO0907
1749,BORNO,GUBIO,09,KINGOWA,08,,,,BO0908
1750,BORNO,GUBIO,09,NGETRA,09,,,,BO0909
1751,BORNO,GUBIO,09,ZOWO,10,,,,BO0910
1752,BORNO,GUZAMALA,10,ADUWA,01,,,,BO1001
1753,BORNO,GUZAMALA,10,GUDUMBALI EAST,02,,,,BO1002
1754,BORNO,GUZAMALA,10,GUDUMBALI WEST,03,,,,BO1003
1755,BORNO,GUZAMALA,10,GUWORAM,04,,,,BO1004
1756,BORNO,GUZAMALA,10,GUZAMALA EAST,05,,,,BO1005
1757,BORNO,GUZAMALA,10,GUZAMALA WEST,06,,,,BO1006
1758,BORNO,GUZAMALA,10,KINGARWA,07,,,,BO1007
1759,BORNO,GUZAMALA,10,MAIJARI,08,,,,BO1008
1760,BORNO,GUZAMALA,10,MODURI,09,,,,BO1009
1761,BORNO,GUZAMALA,10,WAMIRI,10,,,,BO1010
1762,BORNO,GWOZA,11,ASHIGASHIYA,01,,,,BO1101
1763,BORNO,GWOZA,11,BITA/IZGE,02,,,,BO1102
1764,BORNO,GWOZA,11,DURE/WALA/WARABE,03,,,,BO1103
1765,BORNO,GWOZA,11,GAVVA AGAPALWA,04,,,,BO1104
1766,BORNO,GWOZA,11,GUDUF/NAGADIYO,05,,,,BO1105
1767,BORNO,GWOZA,11,GWOZA TOWN/GADA MAYO,06,,,,BO1106
1768,BORNO,GWOZA,11,GWOZA WAKAN/BULABULIN,07,,,,BO1107
1769,BORNO,GWOZA,11,HAMBAGDA/LIMANKARA,08,,,,BO1108
1770,BORNO,GWOZA,11,JOHADE/CHIKIDE/KUGHUM,09,,,,BO1109
1771,BORNO,GWOZA,11,KIRAWA/JIMINI,10,,,,BO1110
1772,BORNO,GWOZA,11,KURA NABASSA NGOSHESAMA’A,11,,,,BO1111
1773,BORNO,GWOZA,11,NGOSHE,12,,,,BO1112
1774,BORNO,GWOZA,11,PULKE/BOKKO,13,,,,BO1113
1775,BORNO,HAWUL,12,BULUNGURI,01,,,,BO1201
1776,BORNO,HAWUL,12,GRIM/DZAR/VINADUM/BIRNINI/D LADI,02,,,,BO1202
1777,BORNO,HAWUL,12,GWANGANG/PUSDA,03,,,,BO1203
1778,BORNO,HAWUL,12,HIZHI,04,,,,BO1204
1779,BORNO,HAWUL,12,KIDA,05,,,,BO1205
1780,BORNO,HAWUL,12,KWAJJAFA/HAARANG,06,,,,BO1206
1781,BORNO,HAWUL,12,KWAYA-BURA/TANGA RAMTA,07,,,,BO1207
1782,BORNO,HAWUL,12,MARAMA/KIDANG,08,,,,BO1208
1783,BORNO,HAWUL,12,PAMA/WHIT AMBAYA,09,,,,BO1209
1784,BORNO,HAWUL,12,PUBA/VIDAU LOKOJA,10,,,,BO1210
1785,BORNO,HAWUL,12,SAKWA/HEMA,11,,,,BO1211
1786,BORNO,HAWUL,12,SHAFFA,12,,,,BO1212
1787,BORNO,JERE,13,ALAU,01,,,,BO1301
1788,BORNO,JERE,13,BALE GALTIMARI,02,,,,BO1302
1789,BORNO,JERE,13,DALA LAWANTI,03,,,,BO1303
1790,BORNO,JERE,13,DUSUMAN,04,,,,BO1304
1791,BORNO,JERE,13,GONGULONG,05,,,,BO1305
1792,BORNO,JERE,13,MAIMUSARI,06,,,,BO1306
1793,BORNO,JERE,13,MASHAMARI,07,,,,BO1307
1794,BORNO,JERE,13,NGUDDA/ADDAMARI,08,,,,BO1308
1795,BORNO,JERE,13,OLD MAIDUGURI,09,,,,BO1309
1796,BORNO,JERE,13,TUBA,10,,,,BO1310
1797,BORNO,JERE,13,MAIRA,11,,,,BO1311
1798,BORNO,JERE,13,GOMARI,12,,,,BO1312
1799,BORNO,KAGA,14,AFA/DIG MAUDORI,01,,,,BO1401
1800,BORNO,KAGA,14,BENISHEIKH,02,,,,BO1402
1801,BORNO,KAGA,14,BORGOZO,03,,,,BO1403
1802,BORNO,KAGA,14,DOGOMA/JALORI,04,,,,BO1404
1803,BORNO,KAGA,14,DONGO,05,,,,BO1405
1804,BORNO,KAGA,14,GALANGI,06,,,,BO1406
1805,BORNO,KAGA,14,GUWO,07,,,,BO1407
1806,BORNO,KAGA,14,KARAGAWARU,08,,,,BO1408
1807,BORNO,KAGA,14,MAINOK,09,,,,BO1409
1808,BORNO,KAGA,14,MARGUBA,10,,,,BO1410
1809,BORNO,KAGA,14,NGAMDU,11,,,,BO1411
1810,BORNO,KAGA,14,SHETTIMARI,12,,,,BO1412
1811,BORNO,KAGA,14,TOBOLO,13,,,,BO1413
1812,BORNO,KAGA,14,WAJIRO/BURGUMMA,14,,,,BO1414
1813,BORNO,KAGA,14,WASSARAM,15,,,,BO1415
1814,BORNO,KALA BALGE,15,BALGE,01,,,,BO1501
1815,BORNO,KALA BALGE,15,JILBE (A),02,,,,BO1502
1816,BORNO,KALA BALGE,15,JILBE (B),03,,,,BO1503
1817,BORNO,KALA BALGE,15,JARAWA,04,,,,BO1504
1818,BORNO,KALA BALGE,15,KALA,05,,,,BO1505
1819,BORNO,KALA BALGE,15,KUMAGA,06,,,,BO1506
1820,BORNO,KALA BALGE,15,RANN (A),07,,,,BO1507
1821,BORNO,KALA BALGE,15,RANN (B),08,,,,BO1508
1822,BORNO,KALA BALGE,15,SABKARA,09,,,,BO1509
1823,BORNO,KALA BALGE,15,SIGNAL,10,,,,BO1510
1824,BORNO,KONDUGA,16,AUNO/CHABBOL,01,,,,BO1601
1825,BORNO,KONDUGA,16,DALORI/WANORI,02,,,,BO1602
1826,BORNO,KONDUGA,16,DALWA EAST/MALARI/KANGAMARI,03,,,,BO1603
1827,BORNO,KONDUGA,16,JEWU/LAMBOA,04,,,,BO1604
1828,BORNO,KONDUGA,16,KAWURI,05,,,,BO1605
1829,BORNO,KONDUGA,16,KELUMIRI/NGALBIMARI/YALE,06,,,,BO1606
1830,BORNO,KONDUGA,16,KONDUGA,07,,,,BO1607
1831,BORNO,KONDUGA,16,MAIRAMRI/YALERI/BAZAMRI,08,,,,BO1608
1832,BORNO,KONDUGA,16,MASBA/DALWA WEST,09,,,,BO1609
1833,BORNO,KONDUGA,16,NYALERI/SANDIA/YEJIWA,10,,,,BO1610
1834,BORNO,KONDUGA,16,SOJIRI/NGURO-NGURO,11,,,,BO1611
1835,BORNO,KUKAWA,17,ALAGARNO,01,,,,BO1701
1836,BORNO,KUKAWA,17,BAGA,02,,,,BO1702
1837,BORNO,KUKAWA,17,BUNDUR,03,,,,BO1703
1838,BORNO,KUKAWA,17,DOGOSHI,04,,,,BO1704
1839,BORNO,KUKAWA,17,DORO/DUGURI,05,,,,BO1705
1840,BORNO,KUKAWA,17,KALUWA,06,,,,BO1706
1841,BORNO,KUKAWA,17,KEKENO,07,,,,BO1707
1842,BORNO,KUKAWA,17,KUKAWA,08,,,,BO1708
1843,BORNO,KUKAWA,17,MODUARI/BARWATI,09,,,,BO1709
1844,BORNO,KUKAWA,17,YOYO,10,,,,BO1710
1845,BORNO,KWAYA KUSAR,18,GONDI,01,,,,BO1801
1846,BORNO,KWAYA KUSAR,18,GUSI/BILLA,02,,,,BO1802
1847,BORNO,KWAYA KUSAR,18,GUWAL,03,,,,BO1803
1848,BORNO,KWAYA KUSAR,18,KUBUKU,04,,,,BO1804
1849,BORNO,KWAYA KUSAR,18,KURBA,05,,,,BO1805
1850,BORNO,KWAYA KUSAR,18,KWAYA KUSAR,06,,,,BO1806
1851,BORNO,KWAYA KUSAR,18,PETA,07,,,,BO1807
1852,BORNO,KWAYA KUSAR,18,WADA,08,,,,BO1808
1853,BORNO,KWAYA KUSAR,18,WAWA,09,,,,BO1809
1854,BORNO,KWAYA KUSAR,18,YIMIRTHLALANG,10,,,,BO1810
1855,BORNO,MAFA,19,ABBARI,01,,,,BO1901
1856,BORNO,MAFA,19,ANADUA,02,,,,BO1902
1857,BORNO,MAFA,19,GAWA,03,,,,BO1903
1858,BORNO,MAFA,19,KOSHEBE,04,,,,BO1904
1859,BORNO,MAFA,19,LAJE,05,,,,BO1905
1860,BORNO,MAFA,19,LAWANTI,06,,,,BO1906
1861,BORNO,MAFA,19,LOSKURI,07,,,,BO1907
1862,BORNO,MAFA,19,MA’AFA,08,,,,BO1908
1863,BORNO,MAFA,19,MAFA,09,,,,BO1909
1864,BORNO,MAFA,19,MASU,10,,,,BO1910
1865,BORNO,MAFA,19,MAJIGINE,11,,,,BO1911
1866,BORNO,MAFA,19,TAMSU-NGAMDUA,12,,,,BO1912
1867,BORNO,MAGUMERI,20,ARDORAM,01,,,,BO2001
1868,BORNO,MAGUMERI,20,AYI/YASKU,02,,,,BO2002
1869,BORNO,MAGUMERI,20,BORNO YESU,03,,,,BO2003
1870,BORNO,MAGUMERI,20,FURRAM,04,,,,BO2004
1871,BORNO,MAGUMERI,20,GAJIGANNA I,05,,,,BO2005
1872,BORNO,MAGUMERI,20,GAJIGANNA II,06,,,,BO2006
1873,BORNO,MAGUMERI,20,YOYO/CHINGOWA,07,,,,BO2007
1874,BORNO,MAGUMERI,20,KALIZORAM/BANORAM,08,,,,BO2008
1875,BORNO,MAGUMERI,20,KARERAM,09,,,,BO2009
1876,BORNO,MAGUMERI,20,KUBTI,10,,,,BO2010
1877,BORNO,MAGUMERI,20,MAGUMERI,11,,,,BO2011
1878,BORNO,MAGUMERI,20,NGAMMA,12,,,,BO2012
1879,BORNO,MAGUMERI,20,NGUBALA,13,,,,BO2013
1880,BORNO,MAIDUGURI,21,BOLORI I,01,,,,BO2101
1881,BORNO,MAIDUGURI,21,BOLORI II,02,,,,BO2102
1882,BORNO,MAIDUGURI,21,BULABLIN,03,,,,BO2103
1883,BORNO,MAIDUGURI,21,FEZZAN,04,,,,BO2104
1884,BORNO,MAIDUGURI,21,GAMBORU LIBERTY,05,,,,BO2105
1885,BORNO,MAIDUGURI,21,GWANGE I,06,,,,BO2106
1886,BORNO,MAIDUGURI,21,GWANGE II,07,,,,BO2107
1887,BORNO,MAIDUGURI,21,GWANGE III,08,,,,BO2108
1888,BORNO,MAIDUGURI,21,HAUSARI/ZANGO,09,,,,BO2109
1889,BORNO,MAIDUGURI,21,LAMISULA/JABBAMARI,10,,,,BO2110
1890,BORNO,MAIDUGURI,21,LIMANTI,11,,,,BO2111
1891,BORNO,MAIDUGURI,21,MAFONI,12,,,,BO2112
1892,BORNO,MAIDUGURI,21,MAISANDARI,13,,,,BO2113
1893,BORNO,MAIDUGURI,21,SHEHURI NORTH,14,,,,BO2114
1894,BORNO,MAIDUGURI,21,SHEHURI SOUTH,15,,,,BO2115
1895,BORNO,MARTE,22,ALA,01,,,,BO2201
1896,BORNO,MARTE,22,ALLA LAWANTI,02,,,,BO2202
1897,BORNO,MARTE,22,BORSORI,03,,,,BO2203
1898,BORNO,MARTE,22,GUMNA,04,,,,BO2204
1899,BORNO,MARTE,22,KABULAWA,05,,,,BO2205
1900,BORNO,MARTE,22,KIRENOWA,06,,,,BO2206
1901,BORNO,MARTE,22,KULLI,07,,,,BO2207
1902,BORNO,MARTE,22,MARTE,08,,,,BO2208
1903,BORNO,MARTE,22,MAWULLI,09,,,,BO2209
1904,BORNO,MARTE,22,MUSUNE,10,,,,BO2210
1905,BORNO,MARTE,22,NGELEIWA,11,,,,BO2211
1906,BORNO,MARTE,22,NJINE,12,,,,BO2212
1907,BORNO,MARTE,22,ZAGA,13,,,,BO2213
1908,BORNO,MOBBAR,23,ASAGA,01,,,,BO2301
1909,BORNO,MOBBAR,23,BOGUM,02,,,,BO2302
1910,BORNO,MOBBAR,23,CHAMBA,03,,,,BO2303
1911,BORNO,MOBBAR,23,DAMASAK,04,,,,BO2304
1912,BORNO,MOBBAR,23,DUJI,05,,,,BO2305
1913,BORNO,MOBBAR,23,CASHAAGAR,06,,,,BO2306
1914,BORNO,MOBBAR,23,KARETO,07,,,,BO2307
1915,BORNO,MOBBAR,23,LAYI,08,,,,BO2308
1916,BORNO,MOBBAR,23,ZANWA UMARTI,09,,,,BO2309
1917,BORNO,MOBBAR,23,ZARI,10,,,,BO2310
1918,BORNO,MONGUNO,24,DAMAKULLI,01,,,,BO2401
1919,BORNO,MONGUNO,24,KAGURAM,02,,,,BO2402
1920,BORNO,MONGUNO,24,KUMALIA,03,,,,BO2403
1921,BORNO,MONGUNO,24,MAFIO,04,,,,BO2404
1922,BORNO,MONGUNO,24,MANDALA,05,,,,BO2405
1923,BORNO,MONGUNO,24,MINTAR,06,,,,BO2406
1924,BORNO,MONGUNO,24,MONGUNO,07,,,,BO2407
1925,BORNO,MONGUNO,24,NGURNO,08,,,,BO2408
1926,BORNO,MONGUNO,24,SURE,09,,,,BO2409
1927,BORNO,MONGUNO,24,WULO,10,,,,BO2410
1928,BORNO,MONGUNO,24,YELE,11,,,,BO2411
1929,BORNO,MONGUNO,24,ZULUM,12,,,,BO2412
1930,BORNO,NGALA,25,DARRAK,01,,,,BO2501
1931,BORNO,NGALA,25,FUYE,02,,,,BO2502
1932,BORNO,NGALA,25,GAMBORU (B),03,,,,BO2503
1933,BORNO,NGALA,25,GAMBORU (C),04,,,,BO2504
1934,BORNO,NGALA,25,LOGUMANE,05,,,,BO2505
1935,BORNO,NGALA,25,NDUFU,06,,,,BO2506
1936,BORNO,NGALA,25,NGALA,07,,,,BO2507
1937,BORNO,NGALA,25,OLD GAMBORU ‘A’,08,,,,BO2508
1938,BORNO,NGALA,25,TUNOKALIA,09,,,,BO2509
1939,BORNO,NGALA,25,WARSHELLE,10,,,,BO2510
1940,BORNO,NGALA,25,WULGO,11,,,,BO2511
1941,BORNO,NGANZAI,26,ALARGE,01,,,,BO2601
1942,BORNO,NGANZAI,26,BADU,02,,,,BO2602
1943,BORNO,NGANZAI,26,DAMARAM,03,,,,BO2603
1944,BORNO,NGANZAI,26,GAJIRAM,04,,,,BO2604
1945,BORNO,NGANZAI,26,GADAI,05,,,,BO2605
1946,BORNO,NGANZAI,26,JIGALTA,06,,,,BO2606
1947,BORNO,NGANZAI,26,DUKA,07,,,,BO2607
1948,BORNO,NGANZAI,26,KURNAWA,08,,,,BO2608
1949,BORNO,NGANZAI,26,MAIWA,09,,,,BO2609
1950,BORNO,NGANZAI,26,MIYE,10,,,,BO2610
1951,BORNO,NGANZAI,26,SABSABUWA,11,,,,BO2611
1952,BORNO,NGANZAI,26,SUBUNDURE,12,,,,BO2612
1953,BORNO,SHANI,27,BURGU/BURASHIKA,01,,,,BO2701
1954,BORNO,SHANI,27,BUMA,02,,,,BO2702
1955,BORNO,SHANI,27,GASI/SALIFAWA,03,,,,BO2703
1956,BORNO,SHANI,27,GORA,04,,,,BO2704
1957,BORNO,SHANI,27,GWALASHO,05,,,,BO2705
1958,BORNO,SHANI,27,GWASKARA,06,,,,BO2706
1959,BORNO,SHANI,27,KOMBO,07,,,,BO2707
1960,BORNO,SHANI,27,KUBO,08,,,,BO2708
1961,BORNO,SHANI,27,KWABA,09,,,,BO2709
1962,BORNO,SHANI,27,SHANI,10,,,,BO2710
1963,BORNO,SHANI,27,WALAMA,11,,,,BO2711
1964,CROSS RIVER,ABI,01,ADAMAWA,01,,,,CR0101
1965,CROSS RIVER,ABI,01,AFAFANYI/IGONIGONI,02,,,,CR0102
1966,CROSS RIVER,ABI,01,EBOM,03,,,,CR0103
1967,CROSS RIVER,ABI,01,EDIBA,04,,,,CR0104
1968,CROSS RIVER,ABI,01,EKUREKU I,05,,,,CR0105
1969,CROSS RIVER,ABI,01,EKUREKU II,06,,,,CR0106
1970,CROSS RIVER,ABI,01,IMABANA I,07,,,,CR0107
1971,CROSS RIVER,ABI,01,IMBABNA II,08,,,,CR0108
1972,CROSS RIVER,ABI,01,ITIGIDI,09,,,,CR0109
1973,CROSS RIVER,ABI,01,USUMUTONG,10,,,,CR0110
1974,CROSS RIVER,AKAMKPA,02,AKAMKPA URBAN,01,,,,CR0201
1975,CROSS RIVER,AKAMKPA,02,AWI,02,,,,CR0202
1976,CROSS RIVER,AKAMKPA,02,EKU,03,,,,CR0203
1977,CROSS RIVER,AKAMKPA,02,IKO,04,,,,CR0204
1978,CROSS RIVER,AKAMKPA,02,IKPAI,05,,,,CR0205
1979,CROSS RIVER,AKAMKPA,02,MBARAKOM,06,,,,CR0206
1980,CROSS RIVER,AKAMKPA,02,OBAN,07,,,,CR0207
1981,CROSS RIVER,AKAMKPA,02,OJUK NORTH,08,,,,CR0208
1982,CROSS RIVER,AKAMKPA,02,OJUK SOUTH,09,,,,CR0209
1983,CROSS RIVER,AKAMKPA,02,UYANGA,10,,,,CR0210
1984,CROSS RIVER,AKPABUYO,03,ATIMBO EAST,01,,,,CR0301
1985,CROSS RIVER,AKPABUYO,03,ATIMBO WEST,02,,,,CR0302
1986,CROSS RIVER,AKPABUYO,03,ENEYO,03,,,,CR0303
1987,CROSS RIVER,AKPABUYO,03,IDUNDU/ANYANGANSE,04,,,,CR0304
1988,CROSS RIVER,AKPABUYO,03,IKANG CENTRAL,05,,,,CR0305
1989,CROSS RIVER,AKPABUYO,03,IKANG NORTH,06,,,,CR0306
1990,CROSS RIVER,AKPABUYO,03,IKANG SOUTH,07,,,,CR0307
1991,CROSS RIVER,AKPABUYO,03,IKOT EDEM ODO,08,,,,CR0308
1992,CROSS RIVER,AKPABUYO,03,IKOT EYO,09,,,,CR0309
1993,CROSS RIVER,AKPABUYO,03,IKOT NAKANDA,10,,,,CR0310
1994,CROSS RIVER,BAKASSI,04,ABANA,01,,,,CR0401
1995,CROSS RIVER,BAKASSI,04,AKPANKANYA,02,,,,CR0402
1996,CROSS RIVER,BAKASSI,04,AKWA,03,,,,CR0403
1997,CROSS RIVER,BAKASSI,04,AMBAI EKPA,04,,,,CR0404
1998,CROSS RIVER,BAKASSI,04,AMOTO,05,,,,CR0405
1999,CROSS RIVER,BAKASSI,04,ARCHIBONG,06,,,,CR0406
2000,CROSS RIVER,BAKASSI,04,ATAI EMA,07,,,,CR0407
2001,CROSS RIVER,BAKASSI,04,EFUT INWANG,08,,,,CR0408
2002,CROSS RIVER,BAKASSI,04,EKPOT ABIA,09,,,,CR0409
2003,CROSS RIVER,BAKASSI,04,ODIONG,10,,,,CR0410
2004,CROSS RIVER,BEKWARRA,05,ABUOCHICHE,01,,,,CR0501
2005,CROSS RIVER,BEKWARRA,05,AFRIKE OCHAGBE,02,,,,CR0502
2006,CROSS RIVER,BEKWARRA,05,AFRIKE OKPECHE,03,,,,CR0503
2007,CROSS RIVER,BEKWARRA,05,BETEN,04,,,,CR0504
2008,CROSS RIVER,BEKWARRA,05,GAKEM,05,,,,CR0505
2009,CROSS RIVER,BEKWARRA,05,IBIARAGIDI,06,,,,CR0506
2010,CROSS RIVER,BEKWARRA,05,NYANYA,07,,,,CR0507
2011,CROSS RIVER,BEKWARRA,05,OTUKPURU,08,,,,CR0508
2012,CROSS RIVER,BEKWARRA,05,UGBORO,09,,,,CR0509
2013,CROSS RIVER,BEKWARRA,05,UKPAH,10,,,,CR0510
2014,CROSS RIVER,BIASE,06,ABAYONG,01,,,,CR0601
2015,CROSS RIVER,BIASE,06,ADIM,02,,,,CR0602
2016,CROSS RIVER,BIASE,06,AGWAGUNE/OKURIKE,03,,,,CR0603
2017,CROSS RIVER,BIASE,06,AKPET/ABINI,04,,,,CR0604
2018,CROSS RIVER,BIASE,06,BIAKPAN,05,,,,CR0605
2019,CROSS RIVER,BIASE,06,AHOM,06,,,,CR0606
2020,CROSS RIVER,BIASE,06,EREI NORTH,07,,,,CR0607
2021,CROSS RIVER,BIASE,06,EREI SOUTH,08,,,,CR0608
2022,CROSS RIVER,BIASE,06,IKUN/ETONO,09,,,,CR0609
2023,CROSS RIVER,BIASE,06,UMON NORTH,10,,,,CR0610
2024,CROSS RIVER,BIASE,06,UMON SOUTH,11,,,,CR0611
2025,CROSS RIVER,BOKI,07,ABO,01,,,,CR0701
2026,CROSS RIVER,BOKI,07,ALANKWU,02,,,,CR0702
2027,CROSS RIVER,BOKI,07,BEEBO/BUMAJI,03,,,,CR0703
2028,CROSS RIVER,BOKI,07,BOJE,04,,,,CR0704
2029,CROSS RIVER,BOKI,07,BUDA,05,,,,CR0705
2030,CROSS RIVER,BOKI,07,BUENTSEBE,06,,,,CR0706
2031,CROSS RIVER,BOKI,07,BUNYIA/OKUBUCHI,07,,,,CR0707
2032,CROSS RIVER,BOKI,07,EKPASHI,08,,,,CR0708
2033,CROSS RIVER,BOKI,07,KAKWAGOM/BAWOP,09,,,,CR0709
2034,CROSS RIVER,BOKI,07,OGEP/OSOKOM,10,,,,CR0710
2035,CROSS RIVER,BOKI,07,OKUM/BORUM/NJUA,11,,,,CR0711
2036,CROSS RIVER,CALABAR MUNICIPALITY,08,I,01,,,,CR0801
2037,CROSS RIVER,CALABAR MUNICIPALITY,08,II,02,,,,CR0802
2038,CROSS RIVER,CALABAR MUNICIPALITY,08,III,03,,,,CR0803
2039,CROSS RIVER,CALABAR MUNICIPALITY,08,IV,04,,,,CR0804
2040,CROSS RIVER,CALABAR MUNICIPALITY,08,V,05,,,,CR0805
2041,CROSS RIVER,CALABAR MUNICIPALITY,08,VI,06,,,,CR0806
2042,CROSS RIVER,CALABAR MUNICIPALITY,08,VII,07,,,,CR0807
2043,CROSS RIVER,CALABAR MUNICIPALITY,08,VIII,08,,,,CR0808
2044,CROSS RIVER,CALABAR MUNICIPALITY,08,IX,09,,,,CR0809
2045,CROSS RIVER,CALABAR MUNICIPALITY,08,X,10,,,,CR0810
2046,CROSS RIVER,CALABAR SOUTH,09,ONE (I),01,,,,CR0901
2047,CROSS RIVER,CALABAR SOUTH,09,TWO (2),02,,,,CR0902
2048,CROSS RIVER,CALABAR SOUTH,09,THREE (3),03,,,,CR0903
2049,CROSS RIVER,CALABAR SOUTH,09,FOUR (4),04,,,,CR0904
2050,CROSS RIVER,CALABAR SOUTH,09,FIVE (5),05,,,,CR0905
2051,CROSS RIVER,CALABAR SOUTH,09,SIX (6),06,,,,CR0906
2052,CROSS RIVER,CALABAR SOUTH,09,SEVEN (7),07,,,,CR0907
2053,CROSS RIVER,CALABAR SOUTH,09,EIGHT (8),08,,,,CR0908
2054,CROSS RIVER,CALABAR SOUTH,09,NINE (9),09,,,,CR0909
2055,CROSS RIVER,CALABAR SOUTH,09,TEN (10),10,,,,CR0910
2056,CROSS RIVER,CALABAR SOUTH,09,ELEVEN (11),11,,,,CR0911
2057,CROSS RIVER,CALABAR SOUTH,09,TWELVE (12),12,,,,CR0912
2058,CROSS RIVER,ETUNG,10,ABIA,01,,,,CR1001
2059,CROSS RIVER,ETUNG,10,ABIJANG,02,,,,CR1002
2060,CROSS RIVER,ETUNG,10,AGBOKIM,03,,,,CR1003
2061,CROSS RIVER,ETUNG,10,AJASSOR,04,,,,CR1004
2062,CROSS RIVER,ETUNG,10,BENDEGHE EKIEM,05,,,,CR1005
2063,CROSS RIVER,ETUNG,10,EFFRAYA,06,,,,CR1006
2064,CROSS RIVER,ETUNG,10,ETOMI,07,,,,CR1007
2065,CROSS RIVER,ETUNG,10,ITAKA,08,,,,CR1008
2066,CROSS RIVER,ETUNG,10,MKPOT/AYUKABA,09,,,,CR1009
2067,CROSS RIVER,ETUNG,10,NSOFANG,10,,,,CR1010
2068,CROSS RIVER,IKOM,11,ABANYUM,01,,,,CR1101
2069,CROSS RIVER,IKOM,11,AKPARABONG,02,,,,CR1102
2070,CROSS RIVER,IKOM,11,IKOM URBAN I,03,,,,CR1103
2071,CROSS RIVER,IKOM,11,IKOM URBAN II,04,,,,CR1104
2072,CROSS RIVER,IKOM,11,NDE,05,,,,CR1105
2073,CROSS RIVER,IKOM,11,NNAM,06,,,,CR1106
2074,CROSS RIVER,IKOM,11,NTA/NSELLE,07,,,,CR1107
2075,CROSS RIVER,IKOM,11,OFUTOP I,08,,,,CR1108
2076,CROSS RIVER,IKOM,11,OFUTOP II,09,,,,CR1109
2077,CROSS RIVER,IKOM,11,OLULUMO,10,,,,CR1110
2078,CROSS RIVER,IKOM,11,YALA/NKUM,11,,,,CR1111
2079,CROSS RIVER,OBANLIKU,12,BASSANG,01,,,,CR1201
2080,CROSS RIVER,OBANLIKU,12,BEBI,02,,,,CR1202
2081,CROSS RIVER,OBANLIKU,12,BECHEVE,03,,,,CR1203
2082,CROSS RIVER,OBANLIKU,12,BENDI I,04,,,,CR1204
2083,CROSS RIVER,OBANLIKU,12,BENDI II,05,,,,CR1205
2084,CROSS RIVER,OBANLIKU,12,BISHIRI NORTH,06,,,,CR1206
2085,CROSS RIVER,OBANLIKU,12,BISHIRI SOUTH,07,,,,CR1207
2086,CROSS RIVER,OBANLIKU,12,BISU,08,,,,CR1208
2087,CROSS RIVER,OBANLIKU,12,BUSI,09,,,,CR1209
2088,CROSS RIVER,OBANLIKU,12,UTANGA,10,,,,CR1210
2089,CROSS RIVER,OBUBRA,13,ABABENE,01,,,,CR1301
2090,CROSS RIVER,OBUBRA,13,APIAPUM,02,,,,CR1302
2091,CROSS RIVER,OBUBRA,13,IYAMOYONG,03,,,,CR1303
2092,CROSS RIVER,OBUBRA,13,OBUBRA URBAN,04,,,,CR1304
2093,CROSS RIVER,OBUBRA,13,OCHON,05,,,,CR1305
2094,CROSS RIVER,OBUBRA,13,OFAT,06,,,,CR1306
2095,CROSS RIVER,OBUBRA,13,OFODUA,07,,,,CR1307
2096,CROSS RIVER,OBUBRA,13,OFUMBONGHA/YALA,08,,,,CR1308
2097,CROSS RIVER,OBUBRA,13,OSOPONG I,09,,,,CR1309
2098,CROSS RIVER,OBUBRA,13,OSOPONG II,10,,,,CR1310
2099,CROSS RIVER,OBUBRA,13,OVONUM,11,,,,CR1311
2100,CROSS RIVER,OBUDU,14,ALEGE/UBANG,01,,,,CR1401
2101,CROSS RIVER,OBUDU,14,ANGIABA/BEGIAKA,02,,,,CR1402
2102,CROSS RIVER,OBUDU,14,BEGIADING,03,,,,CR1403
2103,CROSS RIVER,OBUDU,14,IPONG,04,,,,CR1404
2104,CROSS RIVER,OBUDU,14,OBUDU URBAN I,05,,,,CR1405
2105,CROSS RIVER,OBUDU,14,UBUDU URBAN II,06,,,,CR1406
2106,CROSS RIVER,OBUDU,14,UKPE,07,,,,CR1407
2107,CROSS RIVER,OBUDU,14,UTUGWANG CENTRAL,08,,,,CR1408
2108,CROSS RIVER,OBUDU,14,UTUGWANG NORTH,09,,,,CR1409
2109,CROSS RIVER,OBUDU,14,UTUGWANG SOUTH,10,,,,CR1410
2110,CROSS RIVER,ODUKPANI,15,ADIABO/EFUT,01,,,,CR1501
2111,CROSS RIVER,ODUKPANI,15,AKAMKPA,02,,,,CR1502
2112,CROSS RIVER,ODUKPANI,15,CREEK TOWN I,03,,,,CR1503
2113,CROSS RIVER,ODUKPANI,15,CREEK TOWN II,04,,,,CR1504
2114,CROSS RIVER,ODUKPANI,15,EKORI/ANAKU,05,,,,CR1505
2115,CROSS RIVER,ODUKPANI,15,ENIONG,06,,,,CR1506
2116,CROSS RIVER,ODUKPANI,15,EKI,07,,,,CR1507
2117,CROSS RIVER,ODUKPANI,15,OBOMITIAT/MBIABO/EDIONG,08,,,,CR1508
2118,CROSS RIVER,ODUKPANI,15,ODOT,09,,,,CR1509
2119,CROSS RIVER,ODUKPANI,15,ODUKPANI CENTRAL,10,,,,CR1510
2120,CROSS RIVER,ODUKPANI,15,ONIMAN-KIONG,11,,,,CR1511
2121,CROSS RIVER,ODUKPANI,15,IKONETO,12,,,,CR1512
2122,CROSS RIVER,ODUKPANI,15,ITO/IDERE/UKWA,13,,,,CR1513
2123,CROSS RIVER,OGOJA,16,EKAJUK I,01,,,,CR1601
2124,CROSS RIVER,OGOJA,16,EKAJUK II,02,,,,CR1602
2125,CROSS RIVER,OGOJA,16,MBUBE EAST I,03,,,,CR1603
2126,CROSS RIVER,OGOJA,16,MBUBE EAST II,04,,,,CR1604
2127,CROSS RIVER,OGOJA,16,MBUBE WEST I,05,,,,CR1605
2128,CROSS RIVER,OGOJA,16,MBUBE WEST II,06,,,,CR1606
2129,CROSS RIVER,OGOJA,16,NKUM IBOR,07,,,,CR1607
2130,CROSS RIVER,OGOJA,16,NKUM IREDE,08,,,,CR1608
2131,CROSS RIVER,OGOJA,16,OGOJA URBAN I,09,,,,CR1609
2132,CROSS RIVER,OGOJA,16,OGOJA URBAN II,10,,,,CR1610
2133,CROSS RIVER,YAKURR,17,AFREKPE/EKPENTI,01,,,,CR1701
2134,CROSS RIVER,YAKURR,17,AJERE,02,,,,CR1702
2135,CROSS RIVER,YAKURR,17,ASSIGA,03,,,,CR1703
2136,CROSS RIVER,YAKURR,17,BIKO BIKO,04,,,,CR1704
2137,CROSS RIVER,YAKURR,17,IDOM,05,,,,CR1705
2138,CROSS RIVER,YAKURR,17,IJIMAN,06,,,,CR1706
2139,CROSS RIVER,YAKURR,17,IJOM,07,,,,CR1707
2140,CROSS RIVER,YAKURR,17,IKPKAPIT,08,,,,CR1708
2141,CROSS RIVER,YAKURR,17,INYIMA,09,,,,CR1709
2142,CROSS RIVER,YAKURR,17,MPKANI/AGOI,10,,,,CR1710
2143,CROSS RIVER,YAKURR,17,ABANAKPAI,11,,,,CR1711
2144,CROSS RIVER,YAKURR,17,NKPOLO/UKPAWEN,12,,,,CR1712
2145,CROSS RIVER,YAKURR,17,NTAN,13,,,,CR1713
2146,CROSS RIVER,YALA,18,ECHUMOFANA,01,,,,CR1801
2147,CROSS RIVER,YALA,18,GABU,02,,,,CR1802
2148,CROSS RIVER,YALA,18,IJIRAGA,03,,,,CR1803
2149,CROSS RIVER,YALA,18,NJRIGOM/MFUMA,04,,,,CR1804
2150,CROSS RIVER,YALA,18,IKPOMA,05,,,,CR1805
2151,CROSS RIVER,YALA,18,OKUKU,06,,,,CR1806
2152,CROSS RIVER,YALA,18,WANIHEM,07,,,,CR1807
2153,CROSS RIVER,YALA,18,WANIKADE,08,,,,CR1808
2154,CROSS RIVER,YALA,18,WANAKOM,09,,,,CR1809
2155,CROSS RIVER,YALA,18,YACHE,10,,,,CR1810
2156,CROSS RIVER,YALA,18,YAHE,11,,,,CR1811
2157,DELTA,ANIOCHA NORTH,01,OBIOR,01,,,,DT0101
2158,DELTA,ANIOCHA NORTH,01,ONICHA-UGBO,02,,,,DT0102
2159,DELTA,ANIOCHA NORTH,01,OBAMKPA,03,,,,DT0103
2160,DELTA,ANIOCHA NORTH,01,ONICHA-OLONA,04,,,,DT0104
2161,DELTA,ANIOCHA NORTH,01,ISSELE-AZAGBA,05,,,,DT0105
2162,DELTA,ANIOCHA NORTH,01,ISSELE-UKU I,06,,,,DT0106
2163,DELTA,ANIOCHA NORTH,01,ISSELE-UKU II,07,,,,DT0107
2164,DELTA,ANIOCHA NORTH,01,IDUMUJE-UNOR,08,,,,DT0108
2165,DELTA,ANIOCHA NORTH,01,UKWU-NZU,09,,,,DT0109
2166,DELTA,ANIOCHA NORTH,01,EZI,10,,,,DT0110
2167,DELTA,ANIOCHA SOUTH,02,OGWASHI-UKU VILLAGE,01,,,,DT0201
2168,DELTA,ANIOCHA SOUTH,02,OGWASHI-UKU I,02,,,,DT0202
2169,DELTA,ANIOCHA SOUTH,02,OGWASHI-UKU II,03,,,,DT0203
2170,DELTA,ANIOCHA SOUTH,02,UBULU-KU I,04,,,,DT0204
2171,DELTA,ANIOCHA SOUTH,02,UBULU-KU II,05,,,,DT0205
2172,DELTA,ANIOCHA SOUTH,02,UBULU-UNOR,06,,,,DT0206
2173,DELTA,ANIOCHA SOUTH,02,NSUKWA,07,,,,DT0207
2174,DELTA,ANIOCHA SOUTH,02,EJEME,08,,,,DT0208
2175,DELTA,ANIOCHA SOUTH,02,ISHEAGU/EWULU,09,,,,DT0209
2176,DELTA,ANIOCHA SOUTH,02,ABA-UNOR,10,,,,DT0210
2177,DELTA,ANIOCHA SOUTH,02,UBULU OKITI,11,,,,DT0211
2178,DELTA,BOMADI,03,BOMADI,01,,,,DT0301
2179,DELTA,BOMADI,03,KPAKIAMA,02,,,,DT0302
2180,DELTA,BOMADI,03,SYAMA,03,,,,DT0303
2181,DELTA,BOMADI,03,OGRIAGBENE,04,,,,DT0304
2182,DELTA,BOMADI,03,KOLOFIOGBENE/EKEMET AGBENE,05,,,,DT0305
2183,DELTA,BOMADI,03,OGBEINAMA/OKOLOBA,06,,,,DT0306
2184,DELTA,BOMADI,03,AKUGBENE I,07,,,,DT0307
2185,DELTA,BOMADI,03,AKUGBENE II,08,,,,DT0308
2186,DELTA,BOMADI,03,AKUGBENE III,09,,,,DT0309
2187,DELTA,BOMADI,03,OGO-EZE,10,,,,DT0310
2188,DELTA,BURUTU,04,TORUGBENE,01,,,,DT0401
2189,DELTA,BURUTU,04,TAMIGBE,02,,,,DT0402
2190,DELTA,BURUTU,04,TUOMO,03,,,,DT0403
2191,DELTA,BURUTU,04,SEIBIRI,04,,,,DT0404
2192,DELTA,BURUTU,04,OJOBO,05,,,,DT0405
2193,DELTA,BURUTU,04,BULOU-NDORO,06,,,,DT0406
2194,DELTA,BURUTU,04,NGBILEBIRI I,07,,,,DT0407
2195,DELTA,BURUTU,04,NGBILEBIRI II,08,,,,DT0408
2196,DELTA,BURUTU,04,OGBOLUBIRI,09,,,,DT0409
2197,DELTA,BURUTU,04,OBOTEBE,10,,,,DT0410
2198,DELTA,BURUTU,04,OGULAGHA,11,,,,DT0411
2199,DELTA,ETHIOPE- EAST,05,ABRAKA I,01,,,,DT0501
2200,DELTA,ETHIOPE- EAST,05,ABRAKA II,02,,,,DT0502
2201,DELTA,ETHIOPE- EAST,05,ABRAKA III,03,,,,DT0503
2202,DELTA,ETHIOPE- EAST,05,AGBON I,04,,,,DT0504
2203,DELTA,ETHIOPE- EAST,05,AGBON II,05,,,,DT0505
2204,DELTA,ETHIOPE- EAST,05,AGBON III,06,,,,DT0506
2205,DELTA,ETHIOPE- EAST,05,AGBON IV,07,,,,DT0507
2206,DELTA,ETHIOPE- EAST,05,AGBON V,08,,,,DT0508
2207,DELTA,ETHIOPE- EAST,05,AGBON VI,09,,,,DT0509
2208,DELTA,ETHIOPE- EAST,05,AGBON VII,10,,,,DT0510
2209,DELTA,ETHIOPE- EAST,05,AGBON VIII,11,,,,DT0511
2210,DELTA,ETHIOPE- WEST,06,MOSOGAR I,01,,,,DT0601
2211,DELTA,ETHIOPE- WEST,06,MOSOGAR II,02,,,,DT0602
2212,DELTA,ETHIOPE- WEST,06,JESSE I,03,,,,DT0603
2213,DELTA,ETHIOPE- WEST,06,JESSE II,04,,,,DT0604
2214,DELTA,ETHIOPE- WEST,06,JESSE III,05,,,,DT0605
2215,DELTA,ETHIOPE- WEST,06,JESSE IV,06,,,,DT0606
2216,DELTA,ETHIOPE- WEST,06,OGHARA I,07,,,,DT0607
2217,DELTA,ETHIOPE- WEST,06,OGHARA II,08,,,,DT0608
2218,DELTA,ETHIOPE- WEST,06,OGHARA III,09,,,,DT0609
2219,DELTA,ETHIOPE- WEST,06,OGHARA IV,10,,,,DT0610
2220,DELTA,ETHIOPE- WEST,06,OGHARA V,11,,,,DT0611
2221,DELTA,IKA NORTH-EAST,07,OWA I,01,,,,DT0701
2222,DELTA,IKA NORTH-EAST,07,OWA II,02,,,,DT0702
2223,DELTA,IKA NORTH-EAST,07,OWA III,03,,,,DT0703
2224,DELTA,IKA NORTH-EAST,07,OWA IV,04,,,,DT0704
2225,DELTA,IKA NORTH-EAST,07,OWA V,05,,,,DT0705
2226,DELTA,IKA NORTH-EAST,07,OWA VI,06,,,,DT0706
2227,DELTA,IKA NORTH-EAST,07,AKUMAZI,07,,,,DT0707
2228,DELTA,IKA NORTH-EAST,07,IGBODO,08,,,,DT0708
2229,DELTA,IKA NORTH-EAST,07,UTE-OKPU,09,,,,DT0709
2230,DELTA,IKA NORTH-EAST,07,IDUMUESAH,10,,,,DT0710
2231,DELTA,IKA NORTH-EAST,07,UMUNEDE,11,,,,DT0711
2232,DELTA,IKA NORTH-EAST,07,MBIRI,12,,,,DT0712
2233,DELTA,IKA NORTH-EAST,07,UTE-OGBEJE,13,,,,DT0713
2234,DELTA,IKA NORTH-EAST,07,OTOLOKPO,14,,,,DT0714
2235,DELTA,IKA-SOUTH,08,AGBOR TOWN I,01,,,,DT0801
2236,DELTA,IKA-SOUTH,08,AGBOR TOWN II,02,,,,DT0802
2237,DELTA,IKA-SOUTH,08,IHUOZOMOR (OZONOGOGO ALISIMIE),03,,,,DT0803
2238,DELTA,IKA-SOUTH,08,IHUIYASE I,04,,,,DT0804
2239,DELTA,IKA-SOUTH,08,EKUKU-AGBOR,05,,,,DT0805
2240,DELTA,IKA-SOUTH,08,IHUIYASE II,06,,,,DT0806
2241,DELTA,IKA-SOUTH,08,BOJI-BOJI I,07,,,,DT0807
2242,DELTA,IKA-SOUTH,08,BOJI-BOJI II,08,,,,DT0808
2243,DELTA,IKA-SOUTH,08,BOJI-BOJI III,09,,,,DT0809
2244,DELTA,IKA-SOUTH,08,ABAVO I,10,,,,DT0810
2245,DELTA,IKA-SOUTH,08,ABAVO II,11,,,,DT0811
2246,DELTA,IKA-SOUTH,08,ABAVO III,12,,,,DT0812
2247,DELTA,ISOKO- NORTH,09,IYEDE I,01,,,,DT0901
2248,DELTA,ISOKO- NORTH,09,IYEDE II,02,,,,DT0902
2249,DELTA,ISOKO- NORTH,09,ELLU,03,,,,DT0903
2250,DELTA,ISOKO- NORTH,09,OFAGBE,04,,,,DT0904
2251,DELTA,ISOKO- NORTH,09,ILUELOGBO,05,,,,DT0905
2252,DELTA,ISOKO- NORTH,09,OWHE/AKIEHWE,06,,,,DT0906
2253,DELTA,ISOKO- NORTH,09,EMEVOR,07,,,,DT0907
2254,DELTA,ISOKO- NORTH,09,OKPE-ISOKO,08,,,,DT0908
2255,DELTA,ISOKO- NORTH,09,OZORO I,09,,,,DT0909
2256,DELTA,ISOKO- NORTH,09,OZORO II,10,,,,DT0910
2257,DELTA,ISOKO- NORTH,09,OZORO III,11,,,,DT0911
2258,DELTA,ISOKO- NORTH,09,OYEDE,12,,,,DT0912
2259,DELTA,ISOKO- NORTH,09,OTIBIO,13,,,,DT0913
2260,DELTA,ISOKO- SOUTH,10,OLEH I,01,,,,DT1001
2261,DELTA,ISOKO- SOUTH,10,OLEH II,02,,,,DT1002
2262,DELTA,ISOKO- SOUTH,10,AVIARA,03,,,,DT1003
2263,DELTA,ISOKO- SOUTH,10,UZERE,04,,,,DT1004
2264,DELTA,ISOKO- SOUTH,10,EMEDE,05,,,,DT1005
2265,DELTA,ISOKO- SOUTH,10,OLOMORO,06,,,,DT1006
2266,DELTA,ISOKO- SOUTH,10,IGBIDE/OWODOKPOKPO,07,,,,DT1007
2267,DELTA,ISOKO- SOUTH,10,EROHWA/UMEH,08,,,,DT1008
2268,DELTA,ISOKO- SOUTH,10,ENHWE/OKPOLO,09,,,,DT1009
2269,DELTA,ISOKO- SOUTH,10,IRRI I,10,,,,DT1010
2270,DELTA,ISOKO- SOUTH,10,IRRI II,11,,,,DT1011
2271,DELTA,NDOKWA- EAST,11,OSSISSA,01,,,,DT1101
2272,DELTA,NDOKWA- EAST,11,AFOR/OBIKWELE,02,,,,DT1102
2273,DELTA,NDOKWA- EAST,11,ABARRA/INYI/ONUABOH,03,,,,DT1103
2274,DELTA,NDOKWA- EAST,11,OKPAI/UTCHI/BENEKU,04,,,,DT1104
2275,DELTA,NDOKWA- EAST,11,ABOH/AKARRAI,05,,,,DT1105
2276,DELTA,NDOKWA- EAST,11,ONYI/ADIA/OUT/OKU/UMUOLU,06,,,,DT1106
2277,DELTA,NDOKWA- EAST,11,ASE,07,,,,DT1107
2278,DELTA,NDOKWA- EAST,11,IBEDENI,08,,,,DT1108
2279,DELTA,NDOKWA- EAST,11,IBREDE/IGBUKU/ONOGBOKOR,09,,,,DT1109
2280,DELTA,NDOKWA- EAST,11,ASHAKA,10,,,,DT1110
2281,DELTA,NDOKWA- WEST,12,UTAGBA OGBE,01,,,,DT1201
2282,DELTA,NDOKWA- WEST,12,UTAGBA UNO I,02,,,,DT1202
2283,DELTA,NDOKWA- WEST,12,UTAGBA UNO II,03,,,,DT1203
2284,DELTA,NDOKWA- WEST,12,UTAGBA III,04,,,,DT1204
2285,DELTA,NDOKWA- WEST,12,ONICHA-UKWUANI,05,,,,DT1205
2286,DELTA,NDOKWA- WEST,12,OGUME I,06,,,,DT1206
2287,DELTA,NDOKWA- WEST,12,OGUME II,07,,,,DT1207
2288,DELTA,NDOKWA- WEST,12,ABBI I,08,,,,DT1208
2289,DELTA,NDOKWA- WEST,12,ABBII,09,,,,DT1209
2290,DELTA,NDOKWA- WEST,12,EMU,10,,,,DT1210
2291,DELTA,OKPE,13,OREROKPE,01,,,,DT1301
2292,DELTA,OKPE,13,OVIRI-OKPE,02,,,,DT1302
2293,DELTA,OKPE,13,OHA I,03,,,,DT1303
2294,DELTA,OKPE,13,OHA II,04,,,,DT1304
2295,DELTA,OKPE,13,AGBALOKPE,05,,,,DT1305
2296,DELTA,OKPE,13,ARAGBA TOWN,06,,,,DT1306
2297,DELTA,OKPE,13,MEREJE I,07,,,,DT1307
2298,DELTA,OKPE,13,MEREJE II,08,,,,DT1308
2299,DELTA,OKPE,13,MEREJE III,09,,,,DT1309
2300,DELTA,OKPE,13,UGBOTON,10,,,,DT1310
2301,DELTA,OSHIMILI- NORTH,14,AKWUKWU,01,,,,DT1401
2302,DELTA,OSHIMILI- NORTH,14,EBU,02,,,,DT1402
2303,DELTA,OSHIMILI- NORTH,14,ILLAH,03,,,,DT1403
2304,DELTA,OSHIMILI- NORTH,14,IBUSA I,04,,,,DT1404
2305,DELTA,OSHIMILI- NORTH,14,IBUSA II,05,,,,DT1405
2306,DELTA,OSHIMILI- NORTH,14,IBUSA III,06,,,,DT1406
2307,DELTA,OSHIMILI- NORTH,14,IBUSA IV,07,,,,DT1407
2308,DELTA,OSHIMILI- NORTH,14,IBUSA V,08,,,,DT1408
2309,DELTA,OSHIMILI- NORTH,14,OKPANAM,09,,,,DT1409
2310,DELTA,OSHIMILI- NORTH,14,UKALA,10,,,,DT1410
2311,DELTA,OSHIMILI- SOUTH,15,OGBELE/AKPAKO,01,,,,DT1501
2312,DELTA,OSHIMILI- SOUTH,15,ANALA-AMAKOM,02,,,,DT1502
2313,DELTA,OSHIMILI- SOUTH,15,OKWE,03,,,,DT1503
2314,DELTA,OSHIMILI- SOUTH,15,UMUEZEI,04,,,,DT1504
2315,DELTA,OSHIMILI- SOUTH,15,UMUAJI,05,,,,DT1505
2316,DELTA,OSHIMILI- SOUTH,15,UMUONAJE,06,,,,DT1506
2317,DELTA,OSHIMILI- SOUTH,15,AGU,07,,,,DT1507
2318,DELTA,OSHIMILI- SOUTH,15,UGBOMANTA QUARTERS,08,,,,DT1508
2319,DELTA,OSHIMILI- SOUTH,15,WEST END,09,,,,DT1509
2320,DELTA,OSHIMILI- SOUTH,15,CABLE POINT I,10,,,,DT1510
2321,DELTA,OSHIMILI- SOUTH,15,CABLE POINT II,11,,,,DT1511
2322,DELTA,PATANI,16,ABARI,01,,,,DT1601
2323,DELTA,PATANI,16,PATANI I,02,,,,DT1602
2324,DELTA,PATANI,16,PATANI II,03,,,,DT1603
2325,DELTA,PATANI,16,PATANI III,04,,,,DT1604
2326,DELTA,PATANI,16,TAWARE/KOLOWARE/AVEN,05,,,,DT1605
2327,DELTA,PATANI,16,AGOLOMA,06,,,,DT1606
2328,DELTA,PATANI,16,TORU-ANGIAMA/TORU APELEBIRI,07,,,,DT1607
2329,DELTA,PATANI,16,BOLOU-ANGIAMA,08,,,,DT1608
2330,DELTA,PATANI,16,UDUOPHORI,09,,,,DT1609
2331,DELTA,PATANI,16,ODORUBU/ADOBU/BOLOU/APELEBI RI,10,,,,DT1610
2332,DELTA,SAPELE,17,SAPELE URBAN I,01,,,,DT1701
2333,DELTA,SAPELE,17,SAPELE URBAN II,02,,,,DT1702
2334,DELTA,SAPELE,17,SAPELE URBAN III,03,,,,DT1703
2335,DELTA,SAPELE,17,SAPELE URBAN IV,04,,,,DT1704
2336,DELTA,SAPELE,17,SAPELE URBAN V,05,,,,DT1705
2337,DELTA,SAPELE,17,SAPELE URBAN VI,06,,,,DT1706
2338,DELTA,SAPELE,17,SAPELE URBAN VII,07,,,,DT1707
2339,DELTA,SAPELE,17,SAPELE URBAN VIII,08,,,,DT1708
2340,DELTA,SAPELE,17,AMUKPE,09,,,,DT1709
2341,DELTA,SAPELE,17,ELUME,10,,,,DT1710
2342,DELTA,SAPELE,17,OKOKPORO/UGBORHEN,11,,,,DT1711
2343,DELTA,UDU,18,UDU I,01,,,,DT1801
2344,DELTA,UDU,18,UDU II,02,,,,DT1802
2345,DELTA,UDU,18,UDU III,03,,,,DT1803
2346,DELTA,UDU,18,UDU IV,04,,,,DT1804
2347,DELTA,UDU,18,OPETE/ASSAGBA/EDJOHPE,05,,,,DT1805
2348,DELTA,UDU,18,EKETE,06,,,,DT1806
2349,DELTA,UDU,18,OVWIAN I,07,,,,DT1807
2350,DELTA,UDU,18,OVWIAN II,08,,,,DT1808
2351,DELTA,UDU,18,ORHUWERUN,09,,,,DT1809
2352,DELTA,UDU,18,ALADJA,10,,,,DT1810
2353,DELTA,UGHELLI NORTH,19,AGBARHA,01,,,,DT1901
2354,DELTA,UGHELLI NORTH,19,OGOR,02,,,,DT1902
2355,DELTA,UGHELLI NORTH,19,OROGUN I,03,,,,DT1903
2356,DELTA,UGHELLI NORTH,19,OROGUN II,04,,,,DT1904
2357,DELTA,UGHELLI NORTH,19,UGHELLI I,05,,,,DT1905
2358,DELTA,UGHELLI NORTH,19,UGHELLI II,06,,,,DT1906
2359,DELTA,UGHELLI NORTH,19,UGHELLI III,07,,,,DT1907
2360,DELTA,UGHELLI NORTH,19,EVWRENI,08,,,,DT1908
2361,DELTA,UGHELLI NORTH,19,UWHERU,09,,,,DT1909
2362,DELTA,UGHELLI NORTH,19,AGBARHO I,10,,,,DT1910
2363,DELTA,UGHELLI NORTH,19,AGHARHO II,11,,,,DT1911
2364,DELTA,UGHELLI- SOUTH,20,EWU I,01,,,,DT2001
2365,DELTA,UGHELLI- SOUTH,20,EWU II,02,,,,DT2002
2366,DELTA,UGHELLI- SOUTH,20,EWU III,03,,,,DT2003
2367,DELTA,UGHELLI- SOUTH,20,OLOMU I,04,,,,DT2004
2368,DELTA,UGHELLI- SOUTH,20,OLOMU II,05,,,,DT2005
2369,DELTA,UGHELLI- SOUTH,20,EFFURN-OTOR,06,,,,DT2006
2370,DELTA,UGHELLI- SOUTH,20,EKAKPAMRE,07,,,,DT2007
2371,DELTA,UGHELLI- SOUTH,20,JEREMI I,08,,,,DT2008
2372,DELTA,UGHELLI- SOUTH,20,JEREMI II,09,,,,DT2009
2373,DELTA,UGHELLI- SOUTH,20,JEREMI III,10,,,,DT2010
2374,DELTA,UGHELLI- SOUTH,20,JEREMI IV,11,,,,DT2011
2375,DELTA,UKWUANI,21,UMUTU,01,,,,DT2101
2376,DELTA,UKWUANI,21,AKOKU,02,,,,DT2102
2377,DELTA,UKWUANI,21,EBEDEI,03,,,,DT2103
2378,DELTA,UKWUANI,21,UMUKWATA,04,,,,DT2104
2379,DELTA,UKWUANI,21,EZIOKPOR,05,,,,DT2105
2380,DELTA,UKWUANI,21,AMAI,06,,,,DT2106
2381,DELTA,UKWUANI,21,EZIONUM,07,,,,DT2107
2382,DELTA,UKWUANI,21,UMUEBU,08,,,,DT2108
2383,DELTA,UKWUANI,21,OBIARUKU I,09,,,,DT2109
2384,DELTA,UKWUANI,21,OBIARUKU II,10,,,,DT2110
2385,DELTA,UVWIE,22,EFFURUN I,01,,,,DT2201
2386,DELTA,UVWIE,22,EFFURUN II,02,,,,DT2202
2387,DELTA,UVWIE,22,ENERHEN I,03,,,,DT2203
2388,DELTA,UVWIE,22,ENERHEN II,04,,,,DT2204
2389,DELTA,UVWIE,22,UGBORIKOKO,05,,,,DT2205
2390,DELTA,UVWIE,22,UGBOROKE,06,,,,DT2206
2391,DELTA,UVWIE,22,UGBOMRO/UGBOLOKPOSO,07,,,,DT2207
2392,DELTA,UVWIE,22,ARMY BARRACKS AREA,08,,,,DT2208
2393,DELTA,UVWIE,22,EKPAN I,09,,,,DT2209
2394,DELTA,UVWIE,22,EKPAN II,10,,,,DT2210
2395,DELTA,WARRI- NORTH,23,OGHEYE,01,,,,DT2301
2396,DELTA,WARRI- NORTH,23,GBOKODA,02,,,,DT2302
2397,DELTA,WARRI- NORTH,23,EBROHIMI,03,,,,DT2303
2398,DELTA,WARRI- NORTH,23,EGHORO,04,,,,DT2304
2399,DELTA,WARRI- NORTH,23,KOKO I,05,,,,DT2305
2400,DELTA,WARRI- NORTH,23,KOKO II,06,,,,DT2306
2401,DELTA,WARRI- NORTH,23,OPUAMA (EGBEMA I),07,,,,DT2307
2402,DELTA,WARRI- NORTH,23,TSEKELEWU (EGBEMA II),08,,,,DT2308
2403,DELTA,WARRI- NORTH,23,OGBINBIRI (EGBEMA III),09,,,,DT2309
2404,DELTA,WARRI- NORTH,23,OGBUDUGBUDU (EGBEMA IV),10,,,,DT2310
2405,DELTA,WARRI- SOUTH,24,OBODO/OMADINO,01,,,,DT2401
2406,DELTA,WARRI- SOUTH,24,ODE-ITSEKIRI,02,,,,DT2402
2407,DELTA,WARRI- SOUTH,24,OGUN/EKUREDE-URHOBO,03,,,,DT2403
2408,DELTA,WARRI- SOUTH,24,UGBUWANGUE EKUREDE- ITSEKIRI,04,,,,DT2404
2409,DELTA,WARRI- SOUTH,24,GRA,05,,,,DT2405
2410,DELTA,WARRI- SOUTH,24,BOWEN,06,,,,DT2406
2411,DELTA,WARRI- SOUTH,24,PESSU,07,,,,DT2407
2412,DELTA,WARRI- SOUTH,24,OKERE,08,,,,DT2408
2413,DELTA,WARRI- SOUTH,24,IGBUDU,09,,,,DT2409
2414,DELTA,WARRI- SOUTH,24,EDJEBA,10,,,,DT2410
2415,DELTA,WARRI- SOUTH,24,OKUMAGBA I,11,,,,DT2411
2416,DELTA,WARRI- SOUTH,24,OKUMAGBA II,12,,,,DT2412
2417,DELTA,WARRI- SOUTH WEST,25,OGBE-IJOH,01,,,,DT2501
2418,DELTA,WARRI- SOUTH WEST,25,ISABA,02,,,,DT2502
2419,DELTA,WARRI- SOUTH WEST,25,OPOROZA,03,,,,DT2503
2420,DELTA,WARRI- SOUTH WEST,25,OGBARAMATU,04,,,,DT2504
2421,DELTA,WARRI- SOUTH WEST,25,UGBORODO,05,,,,DT2505
2422,DELTA,WARRI- SOUTH WEST,25,AKPIKPA,06,,,,DT2506
2423,DELTA,WARRI- SOUTH WEST,25,MADANGHO,07,,,,DT2507
2424,DELTA,WARRI- SOUTH WEST,25,ORERE,08,,,,DT2508
2425,DELTA,WARRI- SOUTH WEST,25,AJA-UDAIBO,09,,,,DT2509
2426,DELTA,WARRI- SOUTH WEST,25,OGIDIGBEN,10,,,,DT2510
2427,EBONYI,ABAKALIKI,01,ABAKPA,01,,,,EB0101
2428,EBONYI,ABAKALIKI,01,AMACHI (NDEGU),02,,,,EB0102
2429,EBONYI,ABAKALIKI,01,AMACHI (NDEGU),03,,,,EB0103
2430,EBONYI,ABAKALIKI,01,AMAGU (ENYIGBA),04,,,,EB0104
2431,EBONYI,ABAKALIKI,01,AMAGU UNUHU,05,,,,EB0105
2432,EBONYI,ABAKALIKI,01,AZUMINI/ AZUGWU LAYOUT,06,,,,EB0106
2433,EBONYI,ABAKALIKI,01,AZUIYIOKWU LAYOUT,07,,,,EB0107
2434,EBONYI,ABAKALIKI,01,AZUIYIUDENE LAYOUT,08,,,,EB0108
2435,EBONYI,ABAKALIKI,01,EDDA,09,,,,EB0109
2436,EBONYI,ABAKALIKI,01,IZZI UNUHU,10,,,,EB0110
2437,EBONYI,ABAKALIKI,01,NDIAGU,11,,,,EB0111
2438,EBONYI,ABAKALIKI,01,OKPOITUMO/NDEBOR,12,,,,EB0112
2439,EBONYI,ABAKALIKI,01,OKPOITUMO NDIEGU,13,,,,EB0113
2440,EBONYI,ABAKALIKI,01,TIMBER SHED,14,,,,EB0114
2441,EBONYI,AFIKPO NORTH,02,AMATA-AKPOHA,01,,,,EB0201
2442,EBONYI,AFIKPO NORTH,02,AMOGU-AKPOHA,02,,,,EB0202
2443,EBONYI,AFIKPO NORTH,02,EZEKE-AMASIRI,03,,,,EB0203
2444,EBONYI,AFIKPO NORTH,02,POPERI-AMASIRI,04,,,,EB0204
2445,EBONYI,AFIKPO NORTH,02,ITIM-AFIKPO,05,,,,EB0205
2446,EBONYI,AFIKPO NORTH,02,IBII/OZIZA AFIKPO,06,,,,EB0206
2447,EBONYI,AFIKPO NORTH,02,NKPOGHORO AFIKPO,07,,,,EB0207
2448,EBONYI,AFIKPO NORTH,02,OHAISU-AFIKPO ‘A’,08,,,,EB0208
2449,EBONYI,AFIKPO NORTH,02,OHISU-AFIKPO   ‘B’,09,,,,EB0209
2450,EBONYI,AFIKPO NORTH,02,UGWUEGU-AFIKPO,10,,,,EB0210
2451,EBONYI,AFIKPO NORTH,02,UNWANA-AFIKPO I,11,,,,EB0211
2452,EBONYI,AFIKPO NORTH,02,UNWANA-AFIKPO II,12,,,,EB0212
2453,EBONYI,AFIKPO SOUTH,03,AMANGWU EDDA,01,,,,EB0301
2454,EBONYI,AFIKPO SOUTH,03,AMEKE EKOLI-EDDA,02,,,,EB0302
2455,EBONYI,AFIKPO SOUTH,03,AMIGBO ETITI-EDDA,03,,,,EB0303
2456,EBONYI,AFIKPO SOUTH,03,AMIRI EKOLI,04,,,,EB0304
2457,EBONYI,AFIKPO SOUTH,03,AMOSO ETITI EDDA,05,,,,EB0305
2458,EBONYI,AFIKPO SOUTH,03,EBUNWANA,06,,,,EB0306
2459,EBONYI,AFIKPO SOUTH,03,NDIOKE EKOLI-EDDA,07,,,,EB0307
2460,EBONYI,AFIKPO SOUTH,03,NGUZU EDDA,08,,,,EB0308
2461,EBONYI,AFIKPO SOUTH,03,OGBU-EDA,09,,,,EB0309
2462,EBONYI,AFIKPO SOUTH,03,OSO-EDDA,10,,,,EB0310
2463,EBONYI,AFIKPO SOUTH,03,OWUTU-EDDA,11,,,,EB0311
2464,EBONYI,EBONYI,04,AGALEGU,01,,,,EB0401
2465,EBONYI,EBONYI,04,EGWU DINAGU,02,,,,EB0402
2466,EBONYI,EBONYI,04,KPIRI KPIRI,03,,,,EB0403
2467,EBONYI,EBONYI,04,MBEKE,04,,,,EB0404
2468,EBONYI,EBONYI,04,NDIEBO,05,,,,EB0405
2469,EBONYI,EBONYI,04,NDIEGU,06,,,,EB0406
2470,EBONYI,EBONYI,04,(ECHIABA) I,07,,,,EB0407
2471,EBONYI,EBONYI,04,ENYIBICHIRI I,08,,,,EB0408
2472,EBONYI,EBONYI,04,ENYIBICHIRI II,09,,,,EB0409
2473,EBONYI,EBONYI,04,(ABOFIA),10,,,,EB0410
2474,EBONYI,EBONYI,04,ONUENYIM,11,,,,EB0411
2475,EBONYI,EBONYI,04,(ABAKPA),12,,,,EB0412
2476,EBONYI,EBONYI,04,URBAN (NEW LAYOUT),13,,,,EB0413
2477,EBONYI,EZZA NORTH,05,AMUDA/AMAEWULA,01,,,,EB0501
2478,EBONYI,EZZA NORTH,05,EKKA,02,,,,EB0502
2479,EBONYI,EZZA NORTH,05,INYERE,03,,,,EB0503
2480,EBONYI,EZZA NORTH,05,NDIEGUAZU/UMUOGHARA,04,,,,EB0504
2481,EBONYI,EZZA NORTH,05,NKOMORO,05,,,,EB0505
2482,EBONYI,EZZA NORTH,05,OGBOJI,06,,,,EB0506
2483,EBONYI,EZZA NORTH,05,OSHIEGBE-UMUEZEOKHA,07,,,,EB0507
2484,EBONYI,EZZA NORTH,05,OMEGE-UMUEZEOKOHA,08,,,,EB0508
2485,EBONYI,EZZA NORTH,05,OKPOSI-UMUOGHARA,09,,,,EB0509
2486,EBONYI,EZZA NORTH,05,ORIUZO,10,,,,EB0510
2487,EBONYI,EZZA NORTH,05,UMUEZEOKA,11,,,,EB0511
2488,EBONYI,EZZA SOUTH,06,AMAEZEKWE,01,,,,EB0601
2489,EBONYI,EZZA SOUTH,06,AMAGU/NSOKRA,02,,,,EB0602
2490,EBONYI,EZZA SOUTH,06,AMAEKA,03,,,,EB0603
2491,EBONYI,EZZA SOUTH,06,AMANA,04,,,,EB0604
2492,EBONYI,EZZA SOUTH,06,AMUDO/OKOFFIA,05,,,,EB0605
2493,EBONYI,EZZA SOUTH,06,AMUZU,06,,,,EB0606
2494,EBONYI,EZZA SOUTH,06,ECHARA,07,,,,EB0607
2495,EBONYI,EZZA SOUTH,06,EZZAMA,08,,,,EB0608
2496,EBONYI,EZZA SOUTH,06,IKWUATOR/IDEMBIA,09,,,,EB0609
2497,EBONYI,EZZA SOUTH,06,ONU EKE (URBAN),10,,,,EB0610
2498,EBONYI,EZZA SOUTH,06,UMUNWAGU/IDEMBIA,11,,,,EB0611
2499,EBONYI,IKWO,07,AMAINYIMA,01,,,,EB0701
2500,EBONYI,IKWO,07,ECHIALIKE,02,,,,EB0702
2501,EBONYI,IKWO,07,EKA AWOKE,03,,,,EB0703
2502,EBONYI,IKWO,07,EKPANWUDELE,04,,,,EB0704
2503,EBONYI,IKWO,07,EKPELU,05,,,,EB0705
2504,EBONYI,IKWO,07,ENYIBICHIRI,06,,,,EB0706
2505,EBONYI,IKWO,07,ETAM,07,,,,EB0707
2506,EBONYI,IKWO,07,IGBUDU,08,,,,EB0708
2507,EBONYI,IKWO,07,INYIMAGU,09,,,,EB0709
2508,EBONYI,IKWO,07,INYIMAGU,10,,,,EB0710
2509,EBONYI,IKWO,07,NDIAGU AMAGU,11,,,,EB0711
2510,EBONYI,IKWO,07,NDIAGU AMAGU,12,,,,EB0712
2511,EBONYI,IKWO,07,NDIAGU ECHARA,13,,,,EB0713
2512,EBONYI,IKWO,07,NDIAGU ECHARA,14,,,,EB0714
2513,EBONYI,IKWO,07,NDUFU AMAGU,15,,,,EB0715
2514,EBONYI,IKWO,07,NDUFU AMAGU,16,,,,EB0716
2515,EBONYI,IKWO,07,NDUFU AWKE,17,,,,EB0717
2516,EBONYI,IKWO,07,NDUFU ECHARA,18,,,,EB0718
2517,EBONYI,IKWO,07,NOYE ALIKE,19,,,,EB0719
2518,EBONYI,ISHIELU,08,AGBA,01,,,,EB0801
2519,EBONYI,ISHIELU,08,AMAEZU,02,,,,EB0802
2520,EBONYI,ISHIELU,08,AZU INYABA ‘A’,03,,,,EB0803
2521,EBONYI,ISHIELU,08,AZY UBTABA ‘B’,04,,,,EB0804
2522,EBONYI,ISHIELU,08,EZILLO I,05,,,,EB0805
2523,EBONYI,ISHIELU,08,EZILLO II,06,,,,EB0806
2524,EBONYI,ISHIELU,08,EZZAGU (OGBOJI) I,07,,,,EB0807
2525,EBONYI,ISHIELU,08,EZZAGU (NKOMORO) II,08,,,,EB0808
2526,EBONYI,ISHIELU,08,IYIONU,09,,,,EB0809
2527,EBONYI,ISHIELU,08,NKALAGU,10,,,,EB0810
2528,EBONYI,ISHIELU,08,NKALAHA,11,,,,EB0811
2529,EBONYI,ISHIELU,08,NTEZI,12,,,,EB0812
2530,EBONYI,ISHIELU,08,OBEAGU,13,,,,EB0813
2531,EBONYI,ISHIELU,08,OHAFIA,14,,,,EB0814
2532,EBONYI,ISHIELU,08,OKPOTO,15,,,,EB0815
2533,EBONYI,ISHIELU,08,UMUHUALI,16,,,,EB0816
2534,EBONYI,IVO,09,AKAEZE UKWU,01,,,,EB0901
2535,EBONYI,IVO,09,AMAEZE ISHIAGU,02,,,,EB0902
2536,EBONYI,IVO,09,AMAGU,03,,,,EB0903
2537,EBONYI,IVO,09,AMONYE,04,,,,EB0904
2538,EBONYI,IVO,09,IHENTA/OGIDI,05,,,,EB0905
2539,EBONYI,IVO,09,IYIOJI-AKAEZE,06,,,,EB0906
2540,EBONYI,IVO,09,NDIOKORO UKWU,07,,,,EB0907
2541,EBONYI,IVO,09,NGWONGWO,08,,,,EB0908
2542,EBONYI,IVO,09,OBINAGU,09,,,,EB0909
2543,EBONYI,IVO,09,OKUE,10,,,,EB0910
2544,EBONYI,IVO,09,UMUBOR,11,,,,EB0911
2545,EBONYI,IZZI,10,AGBAJA MGBO,01,,,,EB1001
2546,EBONYI,IZZI,10,AGBAJA ANYANWUIGWE,02,,,,EB1002
2547,EBONYI,IZZI,10,AGBAJA OFFIA ONWE,03,,,,EB1003
2548,EBONYI,IZZI,10,EZZA INYIMAGU IGBUHU,04,,,,EB1004
2549,EBONYI,IZZI,10,EZZA INYIMAGU-IGWELED OHA,05,,,,EB1005
2550,EBONYI,IZZI,10,EZZA INYIMAGU-IZZI OGO,06,,,,EB1006
2551,EBONYI,IZZI,10,EZZA INYIMAGU-NDIAGU,07,,,,EB1007
2552,EBONYI,IZZI,10,EGBEAGU NDU OGBU,08,,,,EB1008
2553,EBONYI,IZZI,10,IGBEAGU II NDI ETTAH,09,,,,EB1009
2554,EBONYI,IZZI,10,IGEAGU III,10,,,,EB1010
2555,EBONYI,IZZI,10,MGBALUKWU INYIMAGU I,11,,,,EB1011
2556,EBONYI,IZZI,10,MGBALUKWU INYIMAGU II,12,,,,EB1012
2557,EBONYI,IZZI,10,NDIEZE/INYIMAGU,13,,,,EB1013
2558,EBONYI,IZZI,10,NDIEZE/INYIMAGU/NDIABOISHI AGU,14,,,,EB1014
2559,EBONYI,OHAOZARA,11,AMAECHI OKPASI,01,,,,EB1101
2560,EBONYI,OHAOZARA,11,ENE NA EZERAKU,02,,,,EB1102
2561,EBONYI,OHAOZARA,11,MGBOM OKPOSI,03,,,,EB1103
2562,EBONYI,OHAOZARA,11,OBIOZARA,04,,,,EB1104
2563,EBONYI,OHAOZARA,11,OKPOSI ACHARA,05,,,,EB1105
2564,EBONYI,OHAOZARA,11,OKPOSI OKWU,06,,,,EB1106
2565,EBONYI,OHAOZARA,11,UGBOGOLO-UGWULANGWU,07,,,,EB1107
2566,EBONYI,OHAOZARA,11,UHUOTARU-UGWU-LANGWU,08,,,,EB1108
2567,EBONYI,OHAOZARA,11,UMUCHIMA,09,,,,EB1109
2568,EBONYI,OHAOZARA,11,UMUNAGA,10,,,,EB1110
2569,EBONYI,OHAOZARA,11,UMUOBUNA,11,,,,EB1111
2570,EBONYI,OHAUKWU,12,EFFIUM I,01,,,,EB1201
2571,EBONYI,OHAUKWU,12,EFFIUM II,02,,,,EB1202
2572,EBONYI,OHAUKWU,12,EZZAMGBO,03,,,,EB1203
2573,EBONYI,OHAUKWU,12,ISHI NGBO I,04,,,,EB1204
2574,EBONYI,OHAUKWU,12,ISHI NGBO II,05,,,,EB1205
2575,EBONYI,OHAUKWU,12,NGBO,06,,,,EB1206
2576,EBONYI,OHAUKWU,12,OKPOSHI I,07,,,,EB1207
2577,EBONYI,OHAUKWU,12,OKPOSHI II,08,,,,EB1208
2578,EBONYI,OHAUKWU,12,UMUAGBARA/AMECHI,09,,,,EB1209
2579,EBONYI,OHAUKWU,12,UMU OGUDU OSHIA,10,,,,EB1210
2580,EBONYI,OHAUKWU,12,UMU OGUDU AKPU I,11,,,,EB1211
2581,EBONYI,OHAUKWU,12,UMU OGUDU AKPU II,12,,,,EB1212
2582,EBONYI,OHAUKWU,12,WIGBEKE I,13,,,,EB1213
2583,EBONYI,OHAUKWU,12,WIGBEKE II,14,,,,EB1214
2584,EBONYI,OHAUKWU,12,WIGBEKE III,15,,,,EB1215
2585,EBONYI,ONICHA,13,ABAOMEGA,01,,,,EB1301
2586,EBONYI,ONICHA,13,AGABOR-ISU,02,,,,EB1302
2587,EBONYI,ONICHA,13,AMANATOR-ISU,03,,,,EB1303
2588,EBONYI,ONICHA,13,EBIA OSHIRI,04,,,,EB1304
2589,EBONYI,ONICHA,13,ENUAGU-ONUCHA,05,,,,EB1305
2590,EBONYI,ONICHA,13,ISINKWO-UKWU,06,,,,EB1306
2591,EBONYI,ONICHA,13,ISI-ONICHA,07,,,,EB1307
2592,EBONYI,ONICHA,13,OBEAGU-ISU,08,,,,EB1308
2593,EBONYI,ONICHA,13,OGUDU UKWO-OSHIRI,09,,,,EB1309
2594,EBONYI,ONICHA,13,OKUZU UKUAWU,10,,,,EB1310
2595,EBONYI,ONICHA,13,UGWU-OSHIRI,11,,,,EB1311
2596,EBONYI,ONICHA,13,UMUDOMI-ONICHA,12,,,,EB1312
2597,EDO,AKOKO EDO,01,IGARRAI I,01,,,,ED0101
2598,EDO,AKOKO EDO,01,IGARRAI II,02,,,,ED0102
2599,EDO,AKOKO EDO,01,IMOGA/LAMPESE/BEKUM A EKPE,03,,,,ED0103
2600,EDO,AKOKO EDO,01,EBILLO/EKPESE/EKOR/IKI RAN-ILE/IKIRAN OKE,04,,,,ED0104
2601,EDO,AKOKO EDO,01,MAKEKE/OJAH,05,,,,ED0105
2602,EDO,AKOKO EDO,01,DANGBALA/OJIRAMI/ANY AWOZA,06,,,,ED0106
2603,EDO,AKOKO EDO,01,OLOMA/OKPE IJAJA/KAKUMA ANYARA,07,,,,ED0107
2604,EDO,AKOKO EDO,01,SOMORIKA/OGBE/SARAR O,08,,,,ED0108
2605,EDO,AKOKO EDO,01,ONUMU/ESHAWA/OGUGU IGBOSHI-AFE/IGBOSHI ELE/AIYEGUNLE,09,,,,ED0109
2606,EDO,AKOKO EDO,01,ENWAN/ATTE/IKPESHI/EG BIGERE,10,,,,ED0110
2607,EDO,AKOKO EDO,01,UNEME- NEKHUA/AKPAMA/AIYET ORO/EKPEDO/ERHURUN/U NEME OSU,11,,,,ED0111
2608,EDO,AKOKO EDO,01,OSOSO,12,,,,ED0112
2609,EDO,EGOR,02,OTUBU,01,,,,ED0201
2610,EDO,EGOR,02,OLIHA,02,,,,ED0202
2611,EDO,EGOR,02,OGIDA/USE,03,,,,ED0203
2612,EDO,EGOR,02,EGOR,04,,,,ED0204
2613,EDO,EGOR,02,UWELU,05,,,,ED0205
2614,EDO,EGOR,02,EVBAREKE,06,,,,ED0206
2615,EDO,EGOR,02,USELU I,07,,,,ED0207
2616,EDO,EGOR,02,USELU II,08,,,,ED0208
2617,EDO,EGOR,02,OKHORO,09,,,,ED0209
2618,EDO,EGOR,02,UGBOWO,10,,,,ED0210
2619,EDO,ESAN CENTRAL,03,UNEAH,01,,,,ED0301
2620,EDO,ESAN CENTRAL,03,UWESSAN I,02,,,,ED0302
2621,EDO,ESAN CENTRAL,03,UWESSAN II,03,,,,ED0303
2622,EDO,ESAN CENTRAL,03,IKEKATO,04,,,,ED0304
2623,EDO,ESAN CENTRAL,03,OTORUWO I,05,,,,ED0305
2624,EDO,ESAN CENTRAL,03,OTORUWO II,06,,,,ED0306
2625,EDO,ESAN CENTRAL,03,EWU I,07,,,,ED0307
2626,EDO,ESAN CENTRAL,03,EWU II,08,,,,ED0308
2627,EDO,ESAN CENTRAL,03,OPOJI,09,,,,ED0309
2628,EDO,ESAN CENTRAL,03,UGBEGUN,10,,,,ED0310
2629,EDO,ESAN NORTH EAST,04,EGBELE,01,,,,ED0401
2630,EDO,ESAN NORTH EAST,04,OBEIDU,02,,,,ED0402
2631,EDO,ESAN NORTH EAST,04,ARUE,03,,,,ED0403
2632,EDO,ESAN NORTH EAST,04,UELEN/OKUGBE,04,,,,ED0404
2633,EDO,ESAN NORTH EAST,04,IDUMU-OKOJIE,05,,,,ED0405
2634,EDO,ESAN NORTH EAST,04,UZEA,06,,,,ED0406
2635,EDO,ESAN NORTH EAST,04,AMEDOKHIAN,07,,,,ED0407
2636,EDO,ESAN NORTH EAST,04,EFANDION,08,,,,ED0408
2637,EDO,ESAN NORTH EAST,04,UWALOR,09,,,,ED0409
2638,EDO,ESAN NORTH EAST,04,EWOYI,10,,,,ED0410
2639,EDO,ESAN NORTH EAST,04,UBIERUMU,11,,,,ED0411
2640,EDO,ESSAN SOUTH EAST,05,ESOHIMI I,01,,,,ED0501
2641,EDO,ESSAN SOUTH EAST,05,EWOHIMI II,02,,,,ED0502
2642,EDO,ESSAN SOUTH EAST,05,EWATTO,03,,,,ED0503
2643,EDO,ESSAN SOUTH EAST,05,OHORDUA,04,,,,ED0504
2644,EDO,ESSAN SOUTH EAST,05,EMU,05,,,,ED0505
2645,EDO,ESSAN SOUTH EAST,05,UBIAJA I,06,,,,ED0506
2646,EDO,ESSAN SOUTH EAST,05,UBIAJA II,07,,,,ED0507
2647,EDO,ESSAN SOUTH EAST,05,ILLUSHI I,08,,,,ED0508
2648,EDO,ESSAN SOUTH EAST,05,ILLUSHI II,09,,,,ED0509
2649,EDO,ESSAN SOUTH EAST,05,UGBOHA,10,,,,ED0510
2650,EDO,ESAN WEST,06,ILLEH/EKO-INE,01,,,,ED0601
2651,EDO,ESAN WEST,06,UJIOGBO,02,,,,ED0602
2652,EDO,ESAN WEST,06,EGORO/IDOA/UKHUN,03,,,,ED0603
2653,EDO,ESAN WEST,06,EMAUDO/EGUARE/EKPOM A,04,,,,ED0604
2654,EDO,ESAN WEST,06,IHUNMUDUM/IDUMEBO/U KE/UJEMEN,05,,,,ED0605
2655,EDO,ESAN WEST,06,IRUEKPEN,06,,,,ED0606
2656,EDO,ESAN WEST,06,EMUHI/UKPENU/UJOELEN,07,,,,ED0607
2657,EDO,ESAN WEST,06,UROHI,08,,,,ED0608
2658,EDO,ESAN WEST,06,UHIELE,09,,,,ED0609
2659,EDO,ESAN WEST,06,OGWA,10,,,,ED0610
2660,EDO,ETSAKO CENTRAL,07,FUGAR I,01,,,,ED0701
2661,EDO,ETSAKO CENTRAL,07,FUGAR II,02,,,,ED0702
2662,EDO,ETSAKO CENTRAL,07,FUGAR III,03,,,,ED0703
2663,EDO,ETSAKO CENTRAL,07,OGBONA,04,,,,ED0704
2664,EDO,ETSAKO CENTRAL,07,IRAOKHOR,05,,,,ED0705
2665,EDO,ETSAKO CENTRAL,07,EKPERI I,06,,,,ED0706
2666,EDO,ETSAKO CENTRAL,07,EKPERI II,07,,,,ED0707
2667,EDO,ETSAKO CENTRAL,07,EKPERI III,08,,,,ED0708
2668,EDO,ETSAKO CENTRAL,07,SOUTH UNEME I,09,,,,ED0709
2669,EDO,ETSAKO CENTRAL,07,SOUTH UNEME II,10,,,,ED0710
2670,EDO,ETSAKO EAST,08,AGENEBODE,01,,,,ED0801
2671,EDO,ETSAKO EAST,08,WANNO I,02,,,,ED0802
2672,EDO,ETSAKO EAST,08,WANNO II,03,,,,ED0803
2673,EDO,ETSAKO EAST,08,WEPPA,04,,,,ED0804
2674,EDO,ETSAKO EAST,08,OKPELLA I,05,,,,ED0805
2675,EDO,ETSAKO EAST,08,OKPELLA II,06,,,,ED0806
2676,EDO,ETSAKO EAST,08,OKPELLA III,07,,,,ED0807
2677,EDO,ETSAKO EAST,08,OKPELLA IV,08,,,,ED0808
2678,EDO,ETSAKO EAST,08,THREE IBIES,09,,,,ED0809
2679,EDO,ETSAKO EAST,08,OKPEKPE,10,,,,ED0810
2680,EDO,ETSAKO WEST,09,AUCHI,01,,,,ED0901
2681,EDO,ETSAKO WEST,09,AUCHI I,02,,,,ED0902
2682,EDO,ETSAKO WEST,09,AUCHI II,03,,,,ED0903
2683,EDO,ETSAKO WEST,09,AUCHI III,04,,,,ED0904
2684,EDO,ETSAKO WEST,09,SOUTH IBIE,05,,,,ED0905
2685,EDO,ETSAKO WEST,09,JAGBE,06,,,,ED0906
2686,EDO,ETSAKO WEST,09,AVIELE,07,,,,ED0907
2687,EDO,ETSAKO WEST,09,ANWAIN,08,,,,ED0908
2688,EDO,ETSAKO WEST,09,UZAIRUE NORTH WEST,09,,,,ED0909
2689,EDO,ETSAKO WEST,09,UZAIRUE NORTH EAST,10,,,,ED0910
2690,EDO,ETSAKO WEST,09,UZAIRUE SOUTH WEST,11,,,,ED0911
2691,EDO,ETSAKO WEST,09,UZAIRUE SOUTH EAST,12,,,,ED0912
2692,EDO,IGUEBEN,10,EKEKHEN/NDUMU,01,,,,ED1001
2693,EDO,IGUEBEN,10,ODO/EGBIKI,02,,,,ED1002
2694,EDO,IGUEBEN,10,IDIGUN/IDUMUOKA,03,,,,ED1003
2695,EDO,IGUEBEN,10,AFUDA/IDUMUOKA,04,,,,ED1004
2696,EDO,IGUEBEN,10,UHE/IDMUOGBO/IDUMUE KE,05,,,,ED1005
2697,EDO,IGUEBEN,10,UDO,06,,,,ED1006
2698,EDO,IGUEBEN,10,OWU/OKUTA/EGBELLE,07,,,,ED1007
2699,EDO,IGUEBEN,10,OKALO/OKPUJIE,08,,,,ED1008
2700,EDO,IGUEBEN,10,AMAHOR/UGUN,09,,,,ED1009
2701,EDO,IGUEBEN,10,EWOSSA,10,,,,ED1010
2702,EDO,IGUEBEN,10,EKPON,11,,,,ED1011
2703,EDO,IKPOBA/OKHA,11,IWOGBAN/UTEH,01,,,,ED1101
2704,EDO,IKPOBA/OKHA,11,OREGBENI,02,,,,ED1102
2705,EDO,IKPOBA/OKHA,11,OGBESON,03,,,,ED1103
2706,EDO,IKPOBA/OKHA,11,ADUWAWA/EVBO MODU,04,,,,ED1104
2707,EDO,IKPOBA/OKHA,11,ST. SAVIOUR,05,,,,ED1105
2708,EDO,IKPOBA/OKHA,11,GORRETTI,06,,,,ED1106
2709,EDO,IKPOBA/OKHA,11,UGBEKUN,07,,,,ED1107
2710,EDO,IKPOBA/OKHA,11,IDOGBO,08,,,,ED1108
2711,EDO,IKPOBA/OKHA,11,OBAYANTOR,09,,,,ED1109
2712,EDO,IKPOBA/OKHA,11,OLOGBO,10,,,,ED1110
2713,EDO,OREDO,12,OGBE,01,,,,ED1201
2714,EDO,OREDO,12,GRA/ETETE,02,,,,ED1202
2715,EDO,OREDO,12,UZEBU,03,,,,ED1203
2716,EDO,OREDO,12,URUBI/EVBIEMWEN/IWEH EN,04,,,,ED1204
2717,EDO,OREDO,12,IHOGBE/ISEKHERE/OREO GHENE/IBIWE/ICE ROAD,05,,,,ED1205
2718,EDO,OREDO,12,NEW BENIN I,06,,,,ED1206
2719,EDO,OREDO,12,NEW BENIN II,07,,,,ED1207
2720,EDO,OREDO,12,OKEDO,08,,,,ED1208
2721,EDO,OREDO,12,IKPEMA/EGUADASE,09,,,,ED1209
2722,EDO,OREDO,12,UNERU/OGBOKA,10,,,,ED1210
2723,EDO,OREDO,12,OGBELAKA/NEKPEN- NEKPEN,11,,,,ED1211
2724,EDO,OREDO,12,IBIWE/IWEGIE/UGBAGUE,12,,,,ED1212
2725,EDO,ORHIONMWON,13,AIBIOKULA I,01,,,,ED1301
2726,EDO,ORHIONMWON,13,AIBIOKULA II,02,,,,ED1302
2727,EDO,ORHIONMWON,13,UGBEKA,03,,,,ED1303
2728,EDO,ORHIONMWON,13,IYOBA,04,,,,ED1304
2729,EDO,ORHIONMWON,13,UGBOKO,05,,,,ED1305
2730,EDO,ORHIONMWON,13,UKPATO,06,,,,ED1306
2731,EDO,ORHIONMWON,13,URHONIGBE NORTH,07,,,,ED1307
2732,EDO,ORHIONMWON,13,URHONIGBE SOUTH,08,,,,ED1308
2733,EDO,ORHIONMWON,13,UGU,09,,,,ED1309
2734,EDO,ORHIONMWON,13,EVBOESI,10,,,,ED1310
2735,EDO,ORHIONMWON,13,IGBANKE EAST,11,,,,ED1311
2736,EDO,ORHIONMWON,13,IGBANKE WEST,12,,,,ED1312
2737,EDO,OVIA NORTH EAST,14,OKADA WEST,01,,,,ED1401
2738,EDO,OVIA NORTH EAST,14,OKADA EAST,02,,,,ED1402
2739,EDO,OVIA NORTH EAST,14,UHEN,03,,,,ED1403
2740,EDO,OVIA NORTH EAST,14,ADOLOR,04,,,,ED1404
2741,EDO,OVIA NORTH EAST,14,OFUNMWEGBE,05,,,,ED1405
2742,EDO,OVIA NORTH EAST,14,OLUKU,06,,,,ED1406
2743,EDO,OVIA NORTH EAST,14,UHIERE,07,,,,ED1407
2744,EDO,OVIA NORTH EAST,14,ISIUWA,08,,,,ED1408
2745,EDO,OVIA NORTH EAST,14,OKOKHUO,09,,,,ED1409
2746,EDO,OVIA NORTH EAST,14,OGHEDE,10,,,,ED1410
2747,EDO,OVIA NORTH EAST,14,ODUNA,11,,,,ED1411
2748,EDO,OVIA NORTH EAST,14,IGUOSHODUN,12,,,,ED1412
2749,EDO,OVIA NORTH EAST,14,UTOKA,13,,,,ED1413
2750,EDO,OVIA SOUTH WEST,15,IGUOBAZUWA EAST,01,,,,ED1501
2751,EDO,OVIA SOUTH WEST,15,IGUOBAZUWA WEST,02,,,,ED1502
2752,EDO,OVIA SOUTH WEST,15,UMAZA,03,,,,ED1503
2753,EDO,OVIA SOUTH WEST,15,SILUKO,04,,,,ED1504
2754,EDO,OVIA SOUTH WEST,15,UDO,05,,,,ED1505
2755,EDO,OVIA SOUTH WEST,15,ORA,06,,,,ED1506
2756,EDO,OVIA SOUTH WEST,15,USEM,07,,,,ED1507
2757,EDO,OVIA SOUTH WEST,15,UGBOGUI,08,,,,ED1508
2758,EDO,OVIA SOUTH WEST,15,OFUNAMA,09,,,,ED1509
2759,EDO,OVIA SOUTH WEST,15,NIKOROGHA,10,,,,ED1510
2760,EDO,OWAN EAST,16,EMAI I,01,,,,ED1601
2761,EDO,OWAN EAST,16,EMAI II,02,,,,ED1602
2762,EDO,OWAN EAST,16,IHIEVBE I,03,,,,ED1603
2763,EDO,OWAN EAST,16,IHIEVBE II,04,,,,ED1604
2764,EDO,OWAN EAST,16,UOKHA/AKE,05,,,,ED1605
2765,EDO,OWAN EAST,16,IGUE/IKAO,06,,,,ED1606
2766,EDO,OWAN EAST,16,IVBIMION,07,,,,ED1607
2767,EDO,OWAN EAST,16,OTUO I,08,,,,ED1608
2768,EDO,OWAN EAST,16,OTUO II,09,,,,ED1609
2769,EDO,OWAN EAST,16,IVBIADAOBI,10,,,,ED1610
2770,EDO,OWAN EAST,16,WARRAKE,11,,,,ED1611
2771,EDO,OWAN WEST,17,OZALLA,01,,,,ED1701
2772,EDO,OWAN WEST,17,UHONMORA,02,,,,ED1702
2773,EDO,OWAN WEST,17,EME-ORA/OKE,03,,,,ED1703
2774,EDO,OWAN WEST,17,SABONGIDA/ORA/OGBETU RU,04,,,,ED1704
2775,EDO,OWAN WEST,17,AVBIOSI,05,,,,ED1705
2776,EDO,OWAN WEST,17,UKHUSE-OSI,06,,,,ED1706
2777,EDO,OWAN WEST,17,ERUERE,07,,,,ED1707
2778,EDO,OWAN WEST,17,OKPUJE,08,,,,ED1708
2779,EDO,OWAN WEST,17,UZEBBA I,09,,,,ED1709
2780,EDO,OWAN WEST,17,UZEBBA II,10,,,,ED1710
2781,EDO,OWAN WEST,17,SOBE,11,,,,ED1711
2782,EDO,UHUNMWODE,18,EHOR,01,,,,ED1801
2783,EDO,UHUNMWODE,18,UHI,02,,,,ED1802
2784,EDO,UHUNMWODE,18,IGIEDUMA,03,,,,ED1803
2785,EDO,UHUNMWODE,18,IRHUE,04,,,,ED1804
2786,EDO,UHUNMWODE,18,UMAGBAE NORTH,05,,,,ED1805
2787,EDO,UHUNMWODE,18,UMAGBAE SOUTH,06,,,,ED1806
2788,EDO,UHUNMWODE,18,ISI NORTH,07,,,,ED1807
2789,EDO,UHUNMWODE,18,ISI SOUTH,08,,,,ED1808
2790,EDO,UHUNMWODE,18,OHUAN,09,,,,ED1809
2791,EDO,UHUNMWODE,18,EGBEDE,10,,,,ED1810
2792,EKITI,ADO EKITI,01,ADO ‘A’ IDOFIN,01,,,,EK0101
2793,EKITI,ADO EKITI,01,ADO ‘B’ INISA,02,,,,EK0102
2794,EKITI,ADO EKITI,01,ADO ‘C’ IDOLOFIN,03,,,,EK0103
2795,EKITI,ADO EKITI,01,ADO ‘D’ IJIGBO,04,,,,EK0104
2796,EKITI,ADO EKITI,01,ADO ‘E’ IJOKA/ORERE OWU,05,,,,EK0105
2797,EKITI,ADO EKITI,01,ADO ‘F’ OKEYINMI,06,,,,EK0106
2798,EKITI,ADO EKITI,01,ADO ‘G’ OKE-ILA,07,,,,EK0107
2799,EKITI,ADO EKITI,01,ADO ‘H’ EREGURU,08,,,,EK0108
2800,EKITI,ADO EKITI,01,ADO DALLIMORE ‘T’,09,,,,EK0109
2801,EKITI,ADO EKITI,01,ADO ‘J’ OKESA,10,,,,EK0110
2802,EKITI,ADO EKITI,01,ADO ‘K’ IRONA,11,,,,EK0111
2803,EKITI,ADO EKITI,01,ADO ‘L’ IGBEHIN,12,,,,EK0112
2804,EKITI,ADO EKITI,01,ADO ‘M’ FARM SETTLEMENT,13,,,,EK0113
2805,EKITI,EFON,02,EFON I,01,,,,EK0201
2806,EKITI,EFON,02,EFON II,02,,,,EK0202
2807,EKITI,EFON,02,EFON III,03,,,,EK0203
2808,EKITI,EFON,02,EFON IV,04,,,,EK0204
2809,EKITI,EFON,02,EFON V,05,,,,EK0205
2810,EKITI,EFON,02,EFON VI,06,,,,EK0206
2811,EKITI,EFON,02,EFON VII,07,,,,EK0207
2812,EKITI,EFON,02,EFON VIII,08,,,,EK0208
2813,EKITI,EFON,02,EFON IX,09,,,,EK0209
2814,EKITI,EFON,02,EFON X,10,,,,EK0210
2815,EKITI,EKITI EAST,03,OMUO-OKE I,01,,,,EK0301
2816,EKITI,EKITI EAST,03,OMUO-OKE II,02,,,,EK0302
2817,EKITI,EKITI EAST,03,ARAROMI,03,,,,EK0303
2818,EKITI,EKITI EAST,03,KOTA I,04,,,,EK0304
2819,EKITI,EKITI EAST,03,KOTA II,05,,,,EK0305
2820,EKITI,EKITI EAST,03,IJERO/EDUGBE/EKURUGB E WARD VI,06,,,,EK0306
2821,EKITI,EKITI EAST,03,IWORO WARD VII,07,,,,EK0307
2822,EKITI,EKITI EAST,03,ILISA WARD VIII,08,,,,EK0308
2823,EKITI,EKITI EAST,03,ILUDOFIN WARD/ORUJU,09,,,,EK0309
2824,EKITI,EKITI EAST,03,ILASA I/EDA-ILE,10,,,,EK0310
2825,EKITI,EKITI EAST,03,ILASA II/IKUN/ARAROMI,11,,,,EK0311
2826,EKITI,EKITI EAST,03,ISINBODE,12,,,,EK0312
2827,EKITI,EKITI WEST,04,ARAMOKO I,01,,,,EK0401
2828,EKITI,EKITI WEST,04,ARAMOKO II,02,,,,EK0402
2829,EKITI,EKITI WEST,04,ARAMOKO ERIO III,03,,,,EK0403
2830,EKITI,EKITI WEST,04,ERIJIYAN I,04,,,,EK0404
2831,EKITI,EKITI WEST,04,ERIJIYAN II,05,,,,EK0405
2832,EKITI,EKITI WEST,04,IKOGOSIO,06,,,,EK0406
2833,EKITI,EKITI WEST,04,IPOLE-ILORO,07,,,,EK0407
2834,EKITI,EKITI WEST,04,OKEMESI I,08,,,,EK0408
2835,EKITI,EKITI WEST,04,OKEMESI II,09,,,,EK0409
2836,EKITI,EKITI WEST,04,OKEMESI III,10,,,,EK0410
2837,EKITI,EKITI WEST,04,IDO-AJINARE,11,,,,EK0411
2838,EKITI,EKITI SOUTH WEST,05,ILAWE I,01,,,,EK0501
2839,EKITI,EKITI SOUTH WEST,05,ILAWE II,02,,,,EK0502
2840,EKITI,EKITI SOUTH WEST,05,ILAWE III,03,,,,EK0503
2841,EKITI,EKITI SOUTH WEST,05,ILAWE IV,04,,,,EK0504
2842,EKITI,EKITI SOUTH WEST,05,ILAWE V,05,,,,EK0505
2843,EKITI,EKITI SOUTH WEST,05,ILAWE VI,06,,,,EK0506
2844,EKITI,EKITI SOUTH WEST,05,ILAWE VII,07,,,,EK0507
2845,EKITI,EKITI SOUTH WEST,05,IGBARA ODO I,08,,,,EK0508
2846,EKITI,EKITI SOUTH WEST,05,IGBARA ODO II,09,,,,EK0509
2847,EKITI,EKITI SOUTH WEST,05,OGOTUN I,10,,,,EK0510
2848,EKITI,EKITI SOUTH WEST,05,OGOTUN II,11,,,,EK0511
2849,EKITI,EMURE,06,ODO-EMURE I,01,,,,EK0601
2850,EKITI,EMURE,06,ODO-EMURE II,02,,,,EK0602
2851,EKITI,EMURE,06,ODO-EMURE III,03,,,,EK0603
2852,EKITI,EMURE,06,ODO-EMURE IV,04,,,,EK0604
2853,EKITI,EMURE,06,ODO-EMURE V,05,,,,EK0605
2854,EKITI,EMURE,06,ODO-EMURE VI,06,,,,EK0606
2855,EKITI,EMURE,06,IDAMUDU I,07,,,,EK0607
2856,EKITI,EMURE,06,IDAMUDU II,08,,,,EK0608
2857,EKITI,EMURE,06,OGBONTIORO I,09,,,,EK0609
2858,EKITI,EMURE,06,OGBONTIORO II,10,,,,EK0610
2859,EKITI,GBOYIN,07,RGBE/IRO,01,,,,EK0701
2860,EKITI,GBOYIN,07,ODE I,02,,,,EK0702
2861,EKITI,GBOYIN,07,ODE II,03,,,,EK0703
2862,EKITI,GBOYIN,07,ODE III,04,,,,EK0704
2863,EKITI,GBOYIN,07,IMESI,05,,,,EK0705
2864,EKITI,GBOYIN,07,AGBADO,06,,,,EK0706
2865,EKITI,GBOYIN,07,AISEGBA I,07,,,,EK0707
2866,EKITI,GBOYIN,07,AISEGBA II,08,,,,EK0708
2867,EKITI,GBOYIN,07,ILUOMOBA,09,,,,EK0709
2868,EKITI,GBOYIN,07,IJAN,10,,,,EK0710
2869,EKITI,IDO/OSI,08,IDO I,01,,,,EK0801
2870,EKITI,IDO/OSI,08,IDO II,02,,,,EK0802
2871,EKITI,IDO/OSI,08,IFAKI I,03,,,,EK0803
2872,EKITI,IDO/OSI,08,IFAKI II,04,,,,EK0804
2873,EKITI,IDO/OSI,08,ILOGBO,05,,,,EK0805
2874,EKITI,IDO/OSI,08,USI,06,,,,EK0806
2875,EKITI,IDO/OSI,08,OSI,07,,,,EK0807
2876,EKITI,IDO/OSI,08,ORIN/ORA,08,,,,EK0808
2877,EKITI,IDO/OSI,08,IGBOLE/IFISIN/AAYE,09,,,,EK0809
2878,EKITI,IDO/OSI,08,AYETORO I,10,,,,EK0810
2879,EKITI,IDO/OSI,08,AYETORO II,11,,,,EK0811
2880,EKITI,IJERO,09,IJERO WARD ‘A’,01,,,,EK0901
2881,EKITI,IJERO,09,IJERO WARD ‘B’,02,,,,EK0902
2882,EKITI,IJERO,09,IJERO WARD ‘C’,03,,,,EK0903
2883,EKITI,IJERO,09,IJERO WARD ‘D’,04,,,,EK0904
2884,EKITI,IJERO,09,IPOTI WARD ‘A’,05,,,,EK0905
2885,EKITI,IJERO,09,IPOTI WARD ‘B’,06,,,,EK0906
2886,EKITI,IJERO,09,ODO OWA WARD,07,,,,EK0907
2887,EKITI,IJERO,09,IKORO WARD ‘A’,08,,,,EK0908
2888,EKITI,IJERO,09,ILORO WARD ‘B’,09,,,,EK0909
2889,EKITI,IJERO,09,ILORO/IJURIN WARD ‘B’,10,,,,EK0910
2890,EKITI,IJERO,09,EKAMARUN WARD,11,,,,EK0911
2891,EKITI,IJERO,09,EKAMETA WARD,12,,,,EK0912
2892,EKITI,IKERE,10,ATIBA/AAFIN,01,,,,EK1001
2893,EKITI,IKERE,10,OKERUKU,02,,,,EK1002
2894,EKITI,IKERE,10,UGELE/AROKUN,03,,,,EK1003
2895,EKITI,IKERE,10,AGBADO/OYO,04,,,,EK1004
2896,EKITI,IKERE,10,OGBONJANA,05,,,,EK1005
2897,EKITI,IKERE,10,OKE-OSUN,06,,,,EK1006
2898,EKITI,IKERE,10,IDEMO,07,,,,EK1007
2899,EKITI,IKERE,10,ILAPETU/IJAO,08,,,,EK1008
2900,EKITI,IKERE,10,ARE/ARAROMI,09,,,,EK1009
2901,EKITI,IKERE,10,AFAO/KAJOLA/AYETORO,10,,,,EK1010
2902,EKITI,IKERE,10,ODOSE,11,,,,EK1011
2903,EKITI,IKOLE,11,IKOLE WEST I,01,,,,EK1101
2904,EKITI,IKOLE,11,IKOLE WEST II,02,,,,EK1102
2905,EKITI,IKOLE,11,IKOLE EAST,03,,,,EK1103
2906,EKITI,IKOLE,11,IKOLE NORTH,04,,,,EK1104
2907,EKITI,IKOLE,11,IKOLE SOUTH,05,,,,EK1105
2908,EKITI,IKOLE,11,ARAROMI/BALORUNDURO,06,,,,EK1106
2909,EKITI,IKOLE,11,IJESA ISU,07,,,,EK1107
2910,EKITI,IKOLE,11,ODO AYEDUN I,08,,,,EK1108
2911,EKITI,IKOLE,11,ODO AYEDUN/AYEBODE,09,,,,EK1109
2912,EKITI,IKOLE,11,OKE AYEDUN/ESUN,10,,,,EK1110
2913,EKITI,IKOLE,11,IPA/OKE AKO/IRELE,11,,,,EK1111
2914,EKITI,IKOLE,11,ITAPAJI/IYEMERO,12,,,,EK1112
2915,EKITI,ILEJEMEJE,12,EWU,01,,,,EK1201
2916,EKITI,ILEJEMEJE,12,EDA ONIYO,02,,,,EK1202
2917,EKITI,ILEJEMEJE,12,OBADA,03,,,,EK1203
2918,EKITI,ILEJEMEJE,12,IYE I,04,,,,EK1204
2919,EKITI,ILEJEMEJE,12,IYE II,05,,,,EK1205
2920,EKITI,ILEJEMEJE,12,IYE III,06,,,,EK1206
2921,EKITI,ILEJEMEJE,12,IJESAMODU,07,,,,EK1207
2922,EKITI,ILEJEMEJE,12,ILUDUN I,08,,,,EK1208
2923,EKITI,ILEJEMEJE,12,ILUDUN II,09,,,,EK1209
2924,EKITI,ILEJEMEJE,12,IPERE,10,,,,EK1210
2925,EKITI,IREPODU/IFELO DUN,13,AFAO,01,,,,EK1301
2926,EKITI,IREPODU/IFELO DUN,13,ARE,02,,,,EK1302
2927,EKITI,IREPODU/IFELO DUN,13,AWE,03,,,,EK1303
2928,EKITI,IREPODU/IFELO DUN,13,AWO,04,,,,EK1304
2929,EKITI,IREPODU/IFELO DUN,13,IGBEMO,05,,,,EK1305
2930,EKITI,IREPODU/IFELO DUN,13,IGBEDE I,06,,,,EK1306
2931,EKITI,IREPODU/IFELO DUN,13,IGBEDE II,07,,,,EK1307
2932,EKITI,IREPODU/IFELO DUN,13,IGBEDE III,08,,,,EK1308
2933,EKITI,IREPODU/IFELO DUN,13,IROPORA/ESURE/EYIO,09,,,,EK1309
2934,EKITI,IREPODU/IFELO DUN,13,IWOROKO,10,,,,EK1310
2935,EKITI,IREPODU/IFELO DUN,13,IYIN I,11,,,,EK1311
2936,EKITI,IREPODU/IFELO DUN,13,IYIN II,12,,,,EK1312
2937,EKITI,ISE/ORUN,14,ODO ISE I,01,,,,EK1401
2938,EKITI,ISE/ORUN,14,ODO ISE II,02,,,,EK1402
2939,EKITI,ISE/ORUN,14,ODO ISE III,03,,,,EK1403
2940,EKITI,ISE/ORUN,14,ERINWA I,04,,,,EK1404
2941,EKITI,ISE/ORUN,14,ERINWA II,05,,,,EK1405
2942,EKITI,ISE/ORUN,14,ORAYE I,06,,,,EK1406
2943,EKITI,ISE/ORUN,14,ORAYE II,07,,,,EK1407
2944,EKITI,ISE/ORUN,14,ORAYE III,08,,,,EK1408
2945,EKITI,ISE/ORUN,14,ORUN I,09,,,,EK1409
2946,EKITI,ISE/ORUN,14,ORUN II,10,,,,EK1410
2947,EKITI,MOBA,15,OTUN I,01,,,,EK1501
2948,EKITI,MOBA,15,OTUN II,02,,,,EK1502
2949,EKITI,MOBA,15,OTUN III,03,,,,EK1503
2950,EKITI,MOBA,15,IGOGO I,04,,,,EK1504
2951,EKITI,MOBA,15,IGOGO II,05,,,,EK1505
2952,EKITI,MOBA,15,ERINMOPE I,06,,,,EK1506
2953,EKITI,MOBA,15,ERINMOPE II,07,,,,EK1507
2954,EKITI,MOBA,15,IKUN I,08,,,,EK1508
2955,EKITI,MOBA,15,IKUN II,09,,,,EK1509
2956,EKITI,MOBA,15,OSUN,10,,,,EK1510
2957,EKITI,MOBA,15,OSAN,11,,,,EK1511
2958,EKITI,OYE,16,ITAPA/OSUN,01,,,,EK1601
2959,EKITI,OYE,16,OYE I,02,,,,EK1602
2960,EKITI,OYE,16,OYE II,03,,,,EK1603
2961,EKITI,OYE,16,AYEGBAJU,04,,,,EK1604
2962,EKITI,OYE,16,ILUPEJU I,05,,,,EK1605
2963,EKITI,OYE,16,ILUPEJU II,06,,,,EK1606
2964,EKITI,OYE,16,IRE I,07,,,,EK1607
2965,EKITI,OYE,16,IRE II,08,,,,EK1608
2966,EKITI,OYE,16,AYEDE NORTH,09,,,,EK1609
2967,EKITI,OYE,16,AYEDE SOUTH ITAJI,10,,,,EK1610
2968,EKITI,OYE,16,ISAN/ILAFON/ILEMESO,11,,,,EK1611
2969,EKITI,OYE,16,OMU OKE/OMU ODO I/IJELUU,12,,,,EK1612
2970,ENUGU,ANINRI,01,ODUMA I,01,,,,EN0101
2971,ENUGU,ANINRI,01,ODUMA II,02,,,,EN0102
2972,ENUGU,ANINRI,01,ODUMA III,03,,,,EN0103
2973,ENUGU,ANINRI,01,ODUMA IV,04,,,,EN0104
2974,ENUGU,ANINRI,01,NNENWE I,05,,,,EN0105
2975,ENUGU,ANINRI,01,NNENWE II,06,,,,EN0106
2976,ENUGU,ANINRI,01,NNENWE III,07,,,,EN0107
2977,ENUGU,ANINRI,01,NDEABO,08,,,,EN0108
2978,ENUGU,ANINRI,01,OKPANKU,09,,,,EN0109
2979,ENUGU,ANINRI,01,MPU,10,,,,EN0110
2980,ENUGU,AWGU,02,AWGU I,01,,,,EN0201
2981,ENUGU,AWGU,02,AWGU II,02,,,,EN0202
2982,ENUGU,AWGU,02,MGBOWO,03,,,,EN0203
2983,ENUGU,AWGU,02,AGBOGUGU,04,,,,EN0204
2984,ENUGU,AWGU,02,IHE,05,,,,EN0205
2985,ENUGU,AWGU,02,OBEAGU,06,,,,EN0206
2986,ENUGU,AWGU,02,MGBIDI/MMAKU,07,,,,EN0207
2987,ENUGU,AWGU,02,ANIKENANO/UGUEME,08,,,,EN0208
2988,ENUGU,AWGU,02,OWELLI/AMOLI/UGBO/ OGUGU,09,,,,EN0209
2989,ENUGU,AWGU,02,ISIAWA/OGUGU/AGBUD U ITUKU,10,,,,EN0210
2990,ENUGU,AWGU,02,OGBAKU,11,,,,EN0211
2991,ENUGU,ENUGU-EAST,03,ABAKPA I,01,,,,EN0301
2992,ENUGU,ENUGU-EAST,03,ABAKPA II,02,,,,EN0302
2993,ENUGU,ENUGU-EAST,03,UMUENWENE,03,,,,EN0303
2994,ENUGU,ENUGU-EAST,03,AMORJI,04,,,,EN0304
2995,ENUGU,ENUGU-EAST,03,MBULUIYIUKWU,05,,,,EN0305
2996,ENUGU,ENUGU-EAST,03,MBULUOWEHE,06,,,,EN0306
2997,ENUGU,ENUGU-EAST,03,MBULU-NJODO WEST,07,,,,EN0307
2998,ENUGU,ENUGU-EAST,03,UMUOCHIGBO,08,,,,EN0308
2999,ENUGU,ENUGU-EAST,03,TRANS EKULU,09,,,,EN0309
3000,ENUGU,ENUGU-EAST,03,IBAGWA-NIKE/EDEM,10,,,,EN0310
3001,ENUGU,ENUGU-EAST,03,UGWUGO NIKE,11,,,,EN0311
3002,ENUGU,ENUGU-EAST,03,MBULU-NJODO EAST,12,,,,EN0312
3003,ENUGU,ENUGU-NORTH,04,ASATA TOWNSHIP,01,,,,EN0401
3004,ENUGU,ENUGU-NORTH,04,OMUNEVO,02,,,,EN0402
3005,ENUGU,ENUGU-NORTH,04,IHEWUZI,03,,,,EN0403
3006,ENUGU,ENUGU-NORTH,04,ONU-ASATA,04,,,,EN0404
3007,ENUGU,ENUGU-NORTH,04,OGBETTE EAST,05,,,,EN0405
3008,ENUGU,ENUGU-NORTH,04,OGBETTE WEST,06,,,,EN0406
3009,ENUGU,ENUGU-NORTH,04,GRA,07,,,,EN0407
3010,ENUGU,ENUGU-NORTH,04,OGUI NEW LAYOUT,08,,,,EN0408
3011,ENUGU,ENUGU-NORTH,04,CHINA TOWN,09,,,,EN0409
3012,ENUGU,ENUGU-NORTH,04,NEW HAVEN,10,,,,EN0410
3013,ENUGU,ENUGU-NORTH,04,INDEPENDENCE LAYOUT,11,,,,EN0411
3014,ENUGU,ENUGU-NORTH,04,UDI SIDING/IVA VALLAY,12,,,,EN0412
3015,ENUGU,ENUGU-NORTH,04,OGUI TOWNSHIP,13,,,,EN0413
3016,ENUGU,ENUGU-SOUTH,05,AMECHI I,01,,,,EN0501
3017,ENUGU,ENUGU-SOUTH,05,AMECHI II,02,,,,EN0502
3018,ENUGU,ENUGU-SOUTH,05,OBEAGU I,03,,,,EN0503
3019,ENUGU,ENUGU-SOUTH,05,UWANI EAST,04,,,,EN0504
3020,ENUGU,ENUGU-SOUTH,05,UWANI WEST,05,,,,EN0505
3021,ENUGU,ENUGU-SOUTH,05,ACHARA LAYOUT EAST,06,,,,EN0506
3022,ENUGU,ENUGU-SOUTH,05,ACHARA LAYOUT WEST,07,,,,EN0507
3023,ENUGU,ENUGU-SOUTH,05,AWKUNANAW EAST,08,,,,EN0508
3024,ENUGU,ENUGU-SOUTH,05,AWKUNANAW WEST,09,,,,EN0509
3025,ENUGU,ENUGU-SOUTH,05,UGWU AJI,10,,,,EN0510
3026,ENUGU,ENUGU-SOUTH,05,OBEAGU II,11,,,,EN0511
3027,ENUGU,ENUGU-SOUTH,05,AKWUKE,12,,,,EN0512
3028,ENUGU,ENUGU-SOUTH,05,MARYLAND,13,,,,EN0513
3029,ENUGU,EZEAGU,06,OLO/AMAGU/UMULIKP A,01,,,,EN0601
3030,ENUGU,EZEAGU,06,AWHA,02,,,,EN0602
3031,ENUGU,EZEAGU,06,AGUOBU-OWA I,03,,,,EN0603
3032,ENUGU,EZEAGU,06,AGUOBU-OWA II,04,,,,EN0604
3033,ENUGU,EZEAGU,06,UMANA NDIAGU,05,,,,EN0605
3034,ENUGU,EZEAGU,06,AGBA UMANA,06,,,,EN0606
3035,ENUGU,EZEAGU,06,UGUOBU (UMUMBA),07,,,,EN0607
3036,ENUGU,EZEAGU,06,UMUMBA NDIUMO,08,,,,EN0608
3037,ENUGU,EZEAGU,06,OCHE I,09,,,,EN0609
3038,ENUGU,EZEAGU,06,OCHE II,10,,,,EN0610
3039,ENUGU,EZEAGU,06,IMERI OWA I,11,,,,EN0611
3040,ENUGU,EZEAGU,06,IMERI OWA II,12,,,,EN0612
3041,ENUGU,EZEAGU,06,MGBAGBU OWA I,13,,,,EN0613
3042,ENUGU,EZEAGU,06,MGBAGBU OWA II,14,,,,EN0614
3043,ENUGU,EZEAGU,06,MGBAGBU OWA III,15,,,,EN0615
3044,ENUGU,EZEAGU,06,IWLLO,16,,,,EN0616
3045,ENUGU,EZEAGU,06,OBINOFIA,17,,,,EN0617
3046,ENUGU,EZEAGU,06,OKPOGHO,18,,,,EN0618
3047,ENUGU,EZEAGU,06,OBEAGU IMAN,19,,,,EN0619
3048,ENUGU,EZEAGU,06,OLO/AMAGU/UMULOK PA,20,,,,EN0620
3049,ENUGU,IGBO ETITI,07,AKU I,01,,,,EN0701
3050,ENUGU,IGBO ETITI,07,AKU II,02,,,,EN0702
3051,ENUGU,IGBO ETITI,07,AKU III,03,,,,EN0703
3052,ENUGU,IGBO ETITI,07,AKU IV,04,,,,EN0704
3053,ENUGU,IGBO ETITI,07,AKU V/IDIEME,05,,,,EN0705
3054,ENUGU,IGBO ETITI,07,EKWEGBE I,06,,,,EN0706
3055,ENUGU,IGBO ETITI,07,EKWEGBE II,07,,,,EN0707
3056,ENUGU,IGBO ETITI,07,OHAODO I,08,,,,EN0708
3057,ENUGU,IGBO ETITI,07,OHAODO II,09,,,,EN0709
3058,ENUGU,IGBO ETITI,07,OZZALLA I,10,,,,EN0710
3059,ENUGU,IGBO ETITI,07,OZZALLA II,11,,,,EN0711
3060,ENUGU,IGBO ETITI,07,DIOGBE/UMUNKO,12,,,,EN0712
3061,ENUGU,IGBO ETITI,07,IKOLI/OHEBE,13,,,,EN0713
3062,ENUGU,IGBO ETITI,07,ONYOHOR/OCHIMA/ID OHA,14,,,,EN0714
3063,ENUGU,IGBO ETITI,07,EJUONA/UDEME,15,,,,EN0715
3064,ENUGU,IGBO ETITI,07,UKEHE I,16,,,,EN0716
3065,ENUGU,IGBO ETITI,07,UKEHE II,17,,,,EN0717
3066,ENUGU,IGBO ETITI,07,UKEHE III,18,,,,EN0718
3067,ENUGU,IGBO ETITI,07,UKEHE IV,19,,,,EN0719
3068,ENUGU,IGBO ETITI,07,UKEHE V,20,,,,EN0720
3069,ENUGU,IGBO-EZE NORTH,08,ESSODO I,01,,,,EN0801
3070,ENUGU,IGBO-EZE NORTH,08,ESSODO II,02,,,,EN0802
3071,ENUGU,IGBO-EZE NORTH,08,ESSODO III,03,,,,EN0803
3072,ENUGU,IGBO-EZE NORTH,08,ETTE I,04,,,,EN0804
3073,ENUGU,IGBO-EZE NORTH,08,ETTE II,05,,,,EN0805
3074,ENUGU,IGBO-EZE NORTH,08,ETTE CENTRAL,06,,,,EN0806
3075,ENUGU,IGBO-EZE NORTH,08,UMUITODO,07,,,,EN0807
3076,ENUGU,IGBO-EZE NORTH,08,UMUITODO,08,,,,EN0808
3077,ENUGU,IGBO-EZE NORTH,08,UMUITODO,09,,,,EN0809
3078,ENUGU,IGBO-EZE NORTH,08,ESSODO,10,,,,EN0810
3079,ENUGU,IGBO-EZE NORTH,08,UMUOZZI I,11,,,,EN0811
3080,ENUGU,IGBO-EZE NORTH,08,UMUOZZI II,12,,,,EN0812
3081,ENUGU,IGBO-EZE NORTH,08,UMUOZZI III,13,,,,EN0813
3082,ENUGU,IGBO-EZE NORTH,08,UMUOZZI IV,14,,,,EN0814
3083,ENUGU,IGBO-EZE NORTH,08,UMUOZZI V,15,,,,EN0815
3084,ENUGU,IGBO-EZE NORTH,08,UMUOZZI VI,16,,,,EN0816
3085,ENUGU,IGBO-EZE NORTH,08,UMUOZZI VII,17,,,,EN0817
3086,ENUGU,IGBO-EZE NORTH,08,UMUOZZI VIII,18,,,,EN0818
3087,ENUGU,IGBO-EZE NORTH,08,UMUOZZI IX,19,,,,EN0819
3088,ENUGU,IGBO-EZE NORTH,08,UMUOZZI X,20,,,,EN0820
3089,ENUGU,IGBO-EZE SOUTH,09,OLOR AGU,01,,,,EN0901
3090,ENUGU,IGBO-EZE SOUTH,09,AMAEBO/HAUSA/YORU BA,02,,,,EN0902
3091,ENUGU,IGBO-EZE SOUTH,09,EZEMA WARD,03,,,,EN0903
3092,ENUGU,IGBO-EZE SOUTH,09,ECHARA,04,,,,EN0904
3093,ENUGU,IGBO-EZE SOUTH,09,IHEAKA (UGO AKOYI WARD),05,,,,EN0905
3094,ENUGU,IGBO-EZE SOUTH,09,IHEAKA (LIKKI/AKUTARA WARD),06,,,,EN0906
3095,ENUGU,IGBO-EZE SOUTH,09,IHEAKPU EZZINGWU,07,,,,EN0907
3096,ENUGU,IGBO-EZE SOUTH,09,IHEAKPU AJUONA OGBUGU,08,,,,EN0908
3097,ENUGU,IGBO-EZE SOUTH,09,ITCH UWANI I,09,,,,EN0909
3098,ENUGU,IGBO-EZE SOUTH,09,ITCHI UWANI II,10,,,,EN0910
3099,ENUGU,IGBO-EZE SOUTH,09,NKALAGU OBUKPA,11,,,,EN0911
3100,ENUGU,IGBO-EZE SOUTH,09,OVOKO AJUONA,12,,,,EN0912
3101,ENUGU,IGBO-EZE SOUTH,09,OVOKO UMUELO/OVOKOAGU,13,,,,EN0913
3102,ENUGU,IGBO-EZE SOUTH,09,OVOKO UMULOLO,14,,,,EN0914
3103,ENUGU,IGBO-EZE SOUTH,09,UHUNOWERRE,15,,,,EN0915
3104,ENUGU,IGBO-EZE SOUTH,09,UNADU,16,,,,EN0916
3105,ENUGU,ISI-UZO,10,IKEM I,01,,,,EN1001
3106,ENUGU,ISI-UZO,10,IKEM II,02,,,,EN1002
3107,ENUGU,ISI-UZO,10,NEKE I,03,,,,EN1003
3108,ENUGU,ISI-UZO,10,NEKE II,04,,,,EN1004
3109,ENUGU,ISI-UZO,10,MBU I,05,,,,EN1005
3110,ENUGU,ISI-UZO,10,MBU II,06,,,,EN1006
3111,ENUGU,ISI-UZO,10,UMUALOR,07,,,,EN1007
3112,ENUGU,ISI-UZO,10,EHA-MUFU I,08,,,,EN1008
3113,ENUGU,ISI-UZO,10,EHA-MUFU II,09,,,,EN1009
3114,ENUGU,ISI-UZO,10,EHA-MUFU III,10,,,,EN1010
3115,ENUGU,ISI-UZO,10,EHA-MUFU IV,11,,,,EN1011
3116,ENUGU,NKANU EAST,11,AMECHI/IDODO/ORUK U,01,,,,EN1101
3117,ENUGU,NKANU EAST,11,AMANKANU/OGBAHU,02,,,,EN1102
3118,ENUGU,NKANU EAST,11,AKPAWFU/ISIENU/AMA NGUNZE,03,,,,EN1103
3119,ENUGU,NKANU EAST,11,IHUOKPARA,04,,,,EN1104
3120,ENUGU,NKANU EAST,11,NARA I,05,,,,EN1105
3121,ENUGU,NKANU EAST,11,NARA II,06,,,,EN1106
3122,ENUGU,NKANU EAST,11,NKEREFI I,07,,,,EN1107
3123,ENUGU,NKANU EAST,11,NKEREFI II,08,,,,EN1108
3124,ENUGU,NKANU EAST,11,AMAGUNZE,09,,,,EN1109
3125,ENUGU,NKANU EAST,11,UGBAWKA I,10,,,,EN1110
3126,ENUGU,NKANU EAST,11,UGBAWKA II,11,,,,EN1111
3127,ENUGU,NKANU EAST,11,MOMEH,12,,,,EN1112
3128,ENUGU,NKANU EAST,11,MBURUBU,13,,,,EN1113
3129,ENUGU,NKANU EAST,11,OWO,14,,,,EN1114
3130,ENUGU,NKANU WEST,12,AGBANI,01,,,,EN1201
3131,ENUGU,NKANU WEST,12,AMURRI,02,,,,EN1202
3132,ENUGU,NKANU WEST,12,AKEGBE-UGWU (OKWUO),03,,,,EN1203
3133,ENUGU,NKANU WEST,12,AMODU,04,,,,EN1204
3134,ENUGU,NKANU WEST,12,OBUOFFIA,05,,,,EN1205
3135,ENUGU,NKANU WEST,12,OBE,06,,,,EN1206
3136,ENUGU,NKANU WEST,12,OZALLA,07,,,,EN1207
3137,ENUGU,NKANU WEST,12,AKPUGO I,08,,,,EN1208
3138,ENUGU,NKANU WEST,12,AKPUGO II,09,,,,EN1209
3139,ENUGU,NKANU WEST,12,AKPUGO III,10,,,,EN1210
3140,ENUGU,NKANU WEST,12,AKPUGO IV,11,,,,EN1211
3141,ENUGU,NKANU WEST,12,UMUEZE,12,,,,EN1212
3142,ENUGU,NKANU WEST,12,IBITE AKEGBE UGWU,13,,,,EN1213
3143,ENUGU,NKANU WEST,12,UWANI (AKPUGU I),14,,,,EN1214
3144,ENUGU,NSUKKA,13,OGBOZALLA/IDI,01,,,,EN1301
3145,ENUGU,NSUKKA,13,IBEKU,02,,,,EN1302
3146,ENUGU,NSUKKA,13,ALOR-UNO,03,,,,EN1303
3147,ENUGU,NSUKKA,13,EDE-UKWU,04,,,,EN1304
3148,ENUGU,NSUKKA,13,EDE-NTA,05,,,,EN1305
3149,ENUGU,NSUKKA,13,EDE-ANI,06,,,,EN1306
3150,ENUGU,NSUKKA,13,AKPA/OZZI,07,,,,EN1307
3151,ENUGU,NSUKKA,13,AGBEMERE/UMABOR,08,,,,EN1308
3152,ENUGU,NSUKKA,13,EHA-UNO,09,,,,EN1309
3153,ENUGU,NSUKKA,13,EHA-NDIAGU,10,,,,EN1310
3154,ENUGU,NSUKKA,13,IBAGWANI/IBAGWAGA OKPALIGBO,11,,,,EN1311
3155,ENUGU,NSUKKA,13,EJUONA/UWANI,12,,,,EN1312
3156,ENUGU,NSUKKA,13,AKALITE,13,,,,EN1313
3157,ENUGU,NSUKKA,13,MKPUNANO,14,,,,EN1314
3158,ENUGU,NSUKKA,13,IHE,15,,,,EN1315
3159,ENUGU,NSUKKA,13,NNU,16,,,,EN1316
3160,ENUGU,NSUKKA,13,OWERRE/UMUOYO,17,,,,EN1317
3161,ENUGU,NSUKKA,13,OBIMO/IKWOKA,18,,,,EN1318
3162,ENUGU,NSUKKA,13,OKPUJE/OKUTU ANU,19,,,,EN1319
3163,ENUGU,NSUKKA,13,OBUKPA,20,,,,EN1320
3164,ENUGU,OJI-RIVER,14,OJI-RIVER I,01,,,,EN1401
3165,ENUGU,OJI-RIVER,14,OJI-RIVER II,02,,,,EN1402
3166,ENUGU,OJI-RIVER,14,OJI-RIVER III,03,,,,EN1403
3167,ENUGU,OJI-RIVER,14,OJI-RIVER IV,04,,,,EN1404
3168,ENUGU,OJI-RIVER,14,UGWUOBA I,05,,,,EN1405
3169,ENUGU,OJI-RIVER,14,UGWUOBA II,06,,,,EN1406
3170,ENUGU,OJI-RIVER,14,UGWUOBA III,07,,,,EN1407
3171,ENUGU,OJI-RIVER,14,ACHIAGU I,08,,,,EN1408
3172,ENUGU,OJI-RIVER,14,ACHIAGU II,09,,,,EN1409
3173,ENUGU,OJI-RIVER,14,ACHIAGU III,10,,,,EN1410
3174,ENUGU,OJI-RIVER,14,ACHIUNO I,11,,,,EN1411
3175,ENUGU,OJI-RIVER,14,ACHIUNO II,12,,,,EN1412
3176,ENUGU,OJI-RIVER,14,ACHIUNO III,13,,,,EN1413
3177,ENUGU,OJI-RIVER,14,ACHIUNO IV,14,,,,EN1414
3178,ENUGU,OJI-RIVER,14,INYI  1,15,,,,EN1415
3179,ENUGU,OJI-RIVER,14,INYI 11,16,,,,EN1416
3180,ENUGU,OJI-RIVER,14,INYI 111,17,,,,EN1417
3181,ENUGU,OJI-RIVER,14,INYI IV,18,,,,EN1418
3182,ENUGU,OJI-RIVER,14,AWLAW,19,,,,EN1419
3183,ENUGU,OJI-RIVER,14,AKPUGO-EZE,20,,,,EN1420
3184,ENUGU,UDENU,15,AMALA,01,,,,EN1501
3185,ENUGU,UDENU,15,EZIMO,02,,,,EN1502
3186,ENUGU,UDENU,15,IMILIKE,03,,,,EN1503
3187,ENUGU,UDENU,15,OBOLLO-AFOR,04,,,,EN1504
3188,ENUGU,UDENU,15,OBOLO-ETITI,05,,,,EN1505
3189,ENUGU,UDENU,15,OBOLLO-EKE,06,,,,EN1506
3190,ENUGU,UDENU,15,OGBODU-ABA,07,,,,EN1507
3191,ENUGU,UDENU,15,ORBA 1,08,,,,EN1508
3192,ENUGU,UDENU,15,ORBA 11,09,,,,EN1509
3193,ENUGU,UDENU,15,UDENEDEM,10,,,,EN1510
3194,ENUGU,UDI,16,UDI/AGBUDU,01,,,,EN1601
3195,ENUGU,UDI,16,NSUDE,02,,,,EN1602
3196,ENUGU,UDI,16,UMUAGA,03,,,,EN1603
3197,ENUGU,UDI,16,UMUABI,04,,,,EN1604
3198,ENUGU,UDI,16,OBINAGU,05,,,,EN1605
3199,ENUGU,UDI,16,NACHI,06,,,,EN1606
3200,ENUGU,UDI,16,ABIA,07,,,,EN1607
3201,ENUGU,UDI,16,NGWO ASA,08,,,,EN1608
3202,ENUGU,UDI,16,NGWO UNO,09,,,,EN1609
3203,ENUGU,UDI,16,EBE,10,,,,EN1610
3204,ENUGU,UDI,16,AWHUM/UKANA,11,,,,EN1611
3205,ENUGU,UDI,16,EGEDE/UMUOKA,12,,,,EN1612
3206,ENUGU,UDI,16,AKPAWUME/NZE,13,,,,EN1613
3207,ENUGU,UDI,16,AFFA/OGHU/IKONO,14,,,,EN1614
3208,ENUGU,UDI,16,ABOR,15,,,,EN1615
3209,ENUGU,UDI,16,OKPATU,16,,,,EN1616
3210,ENUGU,UDI,16,OBIOMA,17,,,,EN1617
3211,ENUGU,UDI,16,UMULUMGBE,18,,,,EN1618
3212,ENUGU,UDI,16,EKE,19,,,,EN1619
3213,ENUGU,UDI,16,AMOKWE,20,,,,EN1620
3214,ENUGU,UZO-UWANI,17,IGGA-ASABA,01,,,,EN1701
3215,ENUGU,UZO-UWANI,17,ADABA-NKUME,02,,,,EN1702
3216,ENUGU,UZO-UWANI,17,UMULOKPA,03,,,,EN1703
3217,ENUGU,UZO-UWANI,17,AKPATA,04,,,,EN1704
3218,ENUGU,UZO-UWANI,17,OJO,05,,,,EN1705
3219,ENUGU,UZO-UWANI,17,ADANI,06,,,,EN1706
3220,ENUGU,UZO-UWANI,17,OGURUGU,07,,,,EN1707
3221,ENUGU,UZO-UWANI,17,ABBI,08,,,,EN1708
3222,ENUGU,UZO-UWANI,17,AKPUGO,09,,,,EN1709
3223,ENUGU,UZO-UWANI,17,UVURU,10,,,,EN1710
3224,ENUGU,UZO-UWANI,17,NIMBO 1,11,,,,EN1711
3225,ENUGU,UZO-UWANI,17,NIMBO  11,12,,,,EN1712
3226,ENUGU,UZO-UWANI,17,UGBENE 1,13,,,,EN1713
3227,ENUGU,UZO-UWANI,17,UGBENE  11,14,,,,EN1714
3228,ENUGU,UZO-UWANI,17,NROBO,15,,,,EN1715
3229,ENUGU,UZO-UWANI,17,NKPOLOGU,16,,,,EN1716
3230,GOMBE,AKKO,01,AKKO,01,,,,GM0101
3231,GOMBE,AKKO,01,GARKO,02,,,,GM0102
3232,GOMBE,AKKO,01,KALSHINGI,03,,,,GM0103
3233,GOMBE,AKKO,01,KASHERE,04,,,,GM0104
3234,GOMBE,AKKO,01,KUMO CENTRAL,05,,,,GM0105
3235,GOMBE,AKKO,01,KUMO EAST,06,,,,GM0106
3236,GOMBE,AKKO,01,KUMO NORTH,07,,,,GM0107
3237,GOMBE,AKKO,01,KUMO WEST,08,,,,GM0108
3238,GOMBE,AKKO,01,PINDIGA,09,,,,GM0109
3239,GOMBE,AKKO,01,TUMU,10,,,,GM0110
3240,GOMBE,AKKO,01,TUKULMA,11,,,,GM0111
3241,GOMBE,BALANGA,02,BAMBAM,01,,,,GM0201
3242,GOMBE,BALANGA,02,LUNGUDA,02,,,,GM0202
3243,GOMBE,BALANGA,02,DADIYA,03,,,,GM0203
3244,GOMBE,BALANGA,02,GELENGU/BALANGA,04,,,,GM0204
3245,GOMBE,BALANGA,02,KINDIYO,05,,,,GM0205
3246,GOMBE,BALANGA,02,KULANI/DEGRI/SIKKAM,06,,,,GM0206
3247,GOMBE,BALANGA,02,MWONA,07,,,,GM0207
3248,GOMBE,BALANGA,02,NYUWAR/JESSU,08,,,,GM0208
3249,GOMBE,BALANGA,02,SWA/REF/GASI/W.WAJA,09,,,,GM0209
3250,GOMBE,BALANGA,02,TALASEE/DONG/REME,10,,,,GM0210
3251,GOMBE,BILLIRI,03,BANGANJE NORTH,01,,,,GM0301
3252,GOMBE,BILLIRI,03,BANGANJE SOUTH,02,,,,GM0302
3253,GOMBE,BILLIRI,03,BARE,03,,,,GM0303
3254,GOMBE,BILLIRI,03,BILLIRI NORTH,04,,,,GM0304
3255,GOMBE,BILLIRI,03,BILLIRI SOUTH,05,,,,GM0305
3256,GOMBE,BILLIRI,03,KALMAI,06,,,,GM0306
3257,GOMBE,BILLIRI,03,TAL,07,,,,GM0307
3258,GOMBE,BILLIRI,03,TANGLANG,08,,,,GM0308
3259,GOMBE,BILLIRI,03,TODI,09,,,,GM0309
3260,GOMBE,BILLIRI,03,TUDU KWAYA,10,,,,GM0310
3261,GOMBE,DUKKU,04,GOMBE ABBA,01,,,,GM0401
3262,GOMBE,DUKKU,04,HASHIDU,02,,,,GM0402
3263,GOMBE,DUKKU,04,JAMARI,03,,,,GM0403
3264,GOMBE,DUKKU,04,KUNDE,04,,,,GM0404
3265,GOMBE,DUKKU,04,LAFIYA,05,,,,GM0405
3266,GOMBE,DUKKU,04,MALALA,06,,,,GM0406
3267,GOMBE,DUKKU,04,WAZIRI NORTH,07,,,,GM0407
3268,GOMBE,DUKKU,04,WAZIRI CENTRAL SOUTH,08,,,,GM0408
3269,GOMBE,DUKKU,04,WURO TALE,09,,,,GM0409
3270,GOMBE,DUKKU,04,ZANGE,10,,,,GM0410
3271,GOMBE,DUKKU,04,ZAUNE,11,,,,GM0411
3272,GOMBE,FUNAKAYE,05,ASHAKA/MAGABA,01,,,,GM0501
3273,GOMBE,FUNAKAYE,05,BAGE,02,,,,GM0502
3274,GOMBE,FUNAKAYE,05,BAJOGA WEST,03,,,,GM0503
3275,GOMBE,FUNAKAYE,05,BAJOBA  EAST,04,,,,GM0504
3276,GOMBE,FUNAKAYE,05,BODOR/TILDE,05,,,,GM0505
3277,GOMBE,FUNAKAYE,05,JILLAHI,06,,,,GM0506
3278,GOMBE,FUNAKAYE,05,KUPTO,07,,,,GM0507
3279,GOMBE,FUNAKAYE,05,RIBADU,08,,,,GM0508
3280,GOMBE,FUNAKAYE,05,TONGO,09,,,,GM0509
3281,GOMBE,FUNAKAYE,05,WAWA/WAKKALTU,10,,,,GM0510
3282,GOMBE,GOMBE,06,AJIYA,01,,,,GM0601
3283,GOMBE,GOMBE,06,BAJOGA,02,,,,GM0602
3284,GOMBE,GOMBE,06,BOLARI EAST,03,,,,GM0603
3285,GOMBE,GOMBE,06,BOLARI  WEST,04,,,,GM0604
3286,GOMBE,GOMBE,06,DAWAKI,05,,,,GM0605
3287,GOMBE,GOMBE,06,HERWA GANA,06,,,,GM0606
3288,GOMBE,GOMBE,06,JEKADAFARI,07,,,,GM0607
3289,GOMBE,GOMBE,06,KUMBIYA KUMBIYA,08,,,,GM0608
3290,GOMBE,GOMBE,06,NASARAWA,09,,,,GM0609
3291,GOMBE,GOMBE,06,PANTAMI,10,,,,GM0610
3292,GOMBE,GOMBE,06,SHAMAKI,11,,,,GM0611
3293,GOMBE,KALTUNGO,07,AWAK,01,,,,GM0701
3294,GOMBE,KALTUNGO,07,BULE/KALTIN,02,,,,GM0702
3295,GOMBE,KALTUNGO,07,KALTUNGO WEST,03,,,,GM0703
3296,GOMBE,KALTUNGO,07,KALTUNGO EAST,04,,,,GM0704
3297,GOMBE,KALTUNGO,07,KAMO,05,,,,GM0705
3298,GOMBE,KALTUNGO,07,TULA BAULE,06,,,,GM0706
3299,GOMBE,KALTUNGO,07,TULA WANGE,07,,,,GM0707
3300,GOMBE,KALTUNGO,07,TULA YIRI,08,,,,GM0708
3301,GOMBE,KALTUNGO,07,TUNGO,09,,,,GM0709
3302,GOMBE,KALTUNGO,07,TURE,10,,,,GM0710
3303,GOMBE,KWAMI,08,BOJUDE,01,,,,GM0801
3304,GOMBE,KWAMI,08,DABA FULANI,02,,,,GM0802
3305,GOMBE,KWAMI,08,DOHO,03,,,,GM0803
3306,GOMBE,KWAMI,08,DUKUL,04,,,,GM0804
3307,GOMBE,KWAMI,08,GADAM,05,,,,GM0805
3308,GOMBE,KWAMI,08,JURARA,06,,,,GM0806
3309,GOMBE,KWAMI,08,KOMFULATA,07,,,,GM0807
3310,GOMBE,KWAMI,08,KWAMI,08,,,,GM0808
3311,GOMBE,KWAMI,08,MALAM-SIDI,09,,,,GM0809
3312,GOMBE,KWAMI,08,MALLERI,10,,,,GM0810
3313,GOMBE,NAFADA,09,BARWO NASARAWA,01,,,,GM0901
3314,GOMBE,NAFADA,09,BARWO WINDE,02,,,,GM0902
3315,GOMBE,NAFADA,09,BIRIN BOLEWA,03,,,,GM0903
3316,GOMBE,NAFADA,09,BIRIN FULANI EAST,04,,,,GM0904
3317,GOMBE,NAFADA,09,BIRIN FULANI WEST,05,,,,GM0905
3318,GOMBE,NAFADA,09,GUDUKKU,06,,,,GM0906
3319,GOMBE,NAFADA,09,JIGAWA,07,,,,GM0907
3320,GOMBE,NAFADA,09,NAFADA CENTRAL,08,,,,GM0908
3321,GOMBE,NAFADA,09,NAFADA EAST,09,,,,GM0909
3322,GOMBE,NAFADA,09,NAFADA WEST,10,,,,GM0910
3323,GOMBE,SHONGOM,10,BANGUNJI,01,,,,GM1001
3324,GOMBE,SHONGOM,10,BOH,02,,,,GM1002
3325,GOMBE,SHONGOM,10,BURAK,03,,,,GM1003
3326,GOMBE,SHONGOM,10,FILIYA,04,,,,GM1004
3327,GOMBE,SHONGOM,10,GUNDALE,05,,,,GM1005
3328,GOMBE,SHONGOM,10,GWANDUM,06,,,,GM1006
3329,GOMBE,SHONGOM,10,KULISHIM,07,,,,GM1007
3330,GOMBE,SHONGOM,10,KUSHI,08,,,,GM1008
3331,GOMBE,SHONGOM,10,LALIPIDO,09,,,,GM1009
3332,GOMBE,SHONGOM,10,LAPAN,10,,,,GM1010
3333,GOMBE,YAMALTU/DEBA,11,DEBA,01,,,,GM1101
3334,GOMBE,YAMALTU/DEBA,11,DIFA/LUBO/KINAFA,02,,,,GM1102
3335,GOMBE,YAMALTU/DEBA,11,GWANI/SHINGA/WADE,03,,,,GM1103
3336,GOMBE,YAMALTU/DEBA,11,HINNA,04,,,,GM1104
3337,GOMBE,YAMALTU/DEBA,11,JAGALI NORTH,05,,,,GM1105
3338,GOMBE,YAMALTU/DEBA,11,JAGALI SOUTH,06,,,,GM1106
3339,GOMBE,YAMALTU/DEBA,11,KANAWA/WAJARI,07,,,,GM1107
3340,GOMBE,YAMALTU/DEBA,11,KURI/LANO/LAMBAM,08,,,,GM1108
3341,GOMBE,YAMALTU/DEBA,11,KWADON/LIJI/KURBA,09,,,,GM1109
3342,GOMBE,YAMALTU/DEBA,11,NONO/KUNUWA/W.BIRD EKA,10,,,,GM1110
3343,GOMBE,YAMALTU/DEBA,11,ZAMBUK/KWALI,11,,,,GM1111
3344,IMO,ABOH MBAISE,01,ENYIOGUGU,01,,,,IM0101
3345,IMO,ABOH MBAISE,01,NGURU-AHIATO,02,,,,IM0102
3346,IMO,ABOH MBAISE,01,NGURU-NWENKWO,03,,,,IM0103
3347,IMO,ABOH MBAISE,01,NGURU-NWEKE,04,,,,IM0104
3348,IMO,ABOH MBAISE,01,MBUTU,05,,,,IM0105
3349,IMO,ABOH MBAISE,01,UVURU I,06,,,,IM0106
3350,IMO,ABOH MBAISE,01,UVURU II,07,,,,IM0107
3351,IMO,ABOH MBAISE,01,LORJI,08,,,,IM0108
3352,IMO,ABOH MBAISE,01,AMUZU,09,,,,IM0109
3353,IMO,ABOH MBAISE,01,UMUHU,10,,,,IM0110
3354,IMO,ABOH MBAISE,01,LAGWA,11,,,,IM0111
3355,IMO,ABOH MBAISE,01,IBEKU,12,,,,IM0112
3356,IMO,AHAIAZU MBAISE,02,OGBE,01,,,,IM0201
3357,IMO,AHAIAZU MBAISE,02,OTULU/AGUNEZE,02,,,,IM0202
3358,IMO,AHAIAZU MBAISE,02,ORU-NALUDE,03,,,,IM0203
3359,IMO,AHAIAZU MBAISE,02,NNARAMBIA,04,,,,IM0204
3360,IMO,AHAIAZU MBAISE,02,OKRIKA/NWENKWO,05,,,,IM0205
3361,IMO,AHAIAZU MBAISE,02,AMUZI/IHENWORIE,06,,,,IM0206
3362,IMO,AHAIAZU MBAISE,02,OKRIKA/NWEKE,07,,,,IM0207
3363,IMO,AHAIAZU MBAISE,02,OBOHIA/EKWEREAZU TOWN,08,,,,IM0208
3364,IMO,AHAIAZU MBAISE,02,MPAM,09,,,,IM0209
3365,IMO,AHAIAZU MBAISE,02,OPARANADIM,10,,,,IM0210
3366,IMO,AHAIAZU MBAISE,02,UMUNUMO/UMUCHIEZE,11,,,,IM0211
3367,IMO,AHAIAZU MBAISE,02,OGBOR/UMUEZE,12,,,,IM0212
3368,IMO,EHIME MBANO,03,AGBAJA,01,,,,IM0301
3369,IMO,EHIME MBANO,03,UMUKABIA,02,,,,IM0302
3370,IMO,EHIME MBANO,03,NSU ‘A’ IKPA,03,,,,IM0303
3371,IMO,EHIME MBANO,03,NSU ‘B’ IHITTE,04,,,,IM0304
3372,IMO,EHIME MBANO,03,NZEREM/IKPEM,05,,,,IM0305
3373,IMO,EHIME MBANO,03,UMUALUMAKU/UMUIHIM,06,,,,IM0306
3374,IMO,EHIME MBANO,03,UMUNAKANU,07,,,,IM0307
3375,IMO,EHIME MBANO,03,UMUNUMO,08,,,,IM0308
3376,IMO,EHIME MBANO,03,UMUEZEALA,09,,,,IM0309
3377,IMO,EHIME MBANO,03,UMUEZE I,10,,,,IM0310
3378,IMO,EHIME MBANO,03,UMUEZE II/UMUELEKE,11,,,,IM0311
3379,IMO,EZINIHITTE MBAISE,04,AMUMARA,01,,,,IM0401
3380,IMO,EZINIHITTE MBAISE,04,ITU,02,,,,IM0402
3381,IMO,EZINIHITTE MBAISE,04,OKPOFE/EZIAGBOGU,03,,,,IM0403
3382,IMO,EZINIHITTE MBAISE,04,ONICHA I,04,,,,IM0404
3383,IMO,EZINIHITTE MBAISE,04,ONICHA II,05,,,,IM0405
3384,IMO,EZINIHITTE MBAISE,04,ONICHA III,06,,,,IM0406
3385,IMO,EZINIHITTE MBAISE,04,ONICHA IV,07,,,,IM0407
3386,IMO,EZINIHITTE MBAISE,04,EZIUDO,08,,,,IM0408
3387,IMO,EZINIHITTE MBAISE,04,UDO-NA-OBIZI,09,,,,IM0409
3388,IMO,EZINIHITTE MBAISE,04,IHITTE,10,,,,IM0410
3389,IMO,EZINIHITTE MBAISE,04,OBOAMA/UMUNAMA,11,,,,IM0411
3390,IMO,EZINIHITTE MBAISE,04,AKPODIM/IFE/CHOKONEZ E,12,,,,IM0412
3391,IMO,IDEATO NORTH,05,AKPULU,01,,,,IM0501
3392,IMO,IDEATO NORTH,05,ISIOKPO,02,,,,IM0502
3393,IMO,IDEATO NORTH,05,UMUOKWARA/UMUEZEAG A,03,,,,IM0503
3394,IMO,IDEATO NORTH,05,AKWU OWERRE,04,,,,IM0504
3395,IMO,IDEATO NORTH,05,UMUOPIA/UMUKEGWU,05,,,,IM0505
3396,IMO,IDEATO NORTH,05,NDI IHEME,06,,,,IM0506
3397,IMO,IDEATO NORTH,05,ARONDIZUOGU,07,,,,IM0507
3398,IMO,IDEATO NORTH,05,IZUOGU I,08,,,,IM0508
3399,IMO,IDEATO NORTH,05,NDIMOKO,09,,,,IM0509
3400,IMO,IDEATO NORTH,05,OSINA,10,,,,IM0510
3401,IMO,IDEATO NORTH,05,UZINA/UMUALOMA,11,,,,IM0511
3402,IMO,IDEATO NORTH,05,EZEMAZU/OZU,12,,,,IM0512
3403,IMO,IDEATO NORTH,05,OZUAKOLI/UMUAGO,13,,,,IM0513
3404,IMO,IDEATO NORTH,05,IZUOGU II,14,,,,IM0514
3405,IMO,IDEATO SOUTH,06,AMANATOR/UMUESHI,01,,,,IM0601
3406,IMO,IDEATO SOUTH,06,DIKENAFAI,02,,,,IM0602
3407,IMO,IDEATO SOUTH,06,ISIEKENESI I,03,,,,IM0603
3408,IMO,IDEATO SOUTH,06,ISIEKENESI II,04,,,,IM0604
3409,IMO,IDEATO SOUTH,06,NTUEKE,05,,,,IM0605
3410,IMO,IDEATO SOUTH,06,UGBELLE,06,,,,IM0606
3411,IMO,IDEATO SOUTH,06,OBIOHIA,07,,,,IM0607
3412,IMO,IDEATO SOUTH,06,OGBOKO I,08,,,,IM0608
3413,IMO,IDEATO SOUTH,06,OGBOKO II,09,,,,IM0609
3414,IMO,IDEATO SOUTH,06,UMUAKAM/UMUAGO,10,,,,IM0610
3415,IMO,IDEATO SOUTH,06,UMUCHIMA,11,,,,IM0611
3416,IMO,IDEATO SOUTH,06,UMUMAISIAKU,12,,,,IM0612
3417,IMO,IDEATO SOUTH,06,UMUOBOM,13,,,,IM0613
3418,IMO,IHITTE/UBOMA (ISINWEKE),07,ABUEKE,01,,,,IM0701
3419,IMO,IHITTE/UBOMA (ISINWEKE),07,AMAKOHIA,02,,,,IM0702
3420,IMO,IHITTE/UBOMA (ISINWEKE),07,AMAINYI,03,,,,IM0703
3421,IMO,IHITTE/UBOMA (ISINWEKE),07,ATONERIM,04,,,,IM0704
3422,IMO,IHITTE/UBOMA (ISINWEKE),07,AWUCHINUMO,05,,,,IM0705
3423,IMO,IHITTE/UBOMA (ISINWEKE),07,DIMNEZE,06,,,,IM0706
3424,IMO,IHITTE/UBOMA (ISINWEKE),07,IKPEREJERE,07,,,,IM0707
3425,IMO,IHITTE/UBOMA (ISINWEKE),07,OKPATA,08,,,,IM0708
3426,IMO,IHITTE/UBOMA (ISINWEKE),07,UMUEZEGWU,09,,,,IM0709
3427,IMO,IHITTE/UBOMA (ISINWEKE),07,UMUIHI,10,,,,IM0710
3428,IMO,IKEDURU (IHO),08,AKABO,01,,,,IM0801
3429,IMO,IKEDURU (IHO),08,AMATTA,02,,,,IM0802
3430,IMO,IKEDURU (IHO),08,IHO,03,,,,IM0803
3431,IMO,IKEDURU (IHO),08,INYISHI/UMUDIM,04,,,,IM0804
3432,IMO,IKEDURU (IHO),08,AMAIMO,05,,,,IM0805
3433,IMO,IKEDURU (IHO),08,AMAKOHIA,06,,,,IM0806
3434,IMO,IKEDURU (IHO),08,AVUVU,07,,,,IM0807
3435,IMO,IKEDURU (IHO),08,ATTA I,08,,,,IM0808
3436,IMO,IKEDURU (IHO),08,ATTA II,09,,,,IM0809
3437,IMO,IKEDURU (IHO),08,UGIRIKE/OKWU/EZIAMA,10,,,,IM0810
3438,IMO,IKEDURU (IHO),08,NGUGO/IKEMBARA,11,,,,IM0811
3439,IMO,IKEDURU (IHO),08,UZOAGBA,12,,,,IM0812
3440,IMO,ISIALA MBANO (UMUELEMAI),09,AMARAKU,01,,,,IM0901
3441,IMO,ISIALA MBANO (UMUELEMAI),09,UMUNKWO,02,,,,IM0902
3442,IMO,ISIALA MBANO (UMUELEMAI),09,OGBOR,03,,,,IM0903
3443,IMO,ISIALA MBANO (UMUELEMAI),09,IBEME,04,,,,IM0904
3444,IMO,ISIALA MBANO (UMUELEMAI),09,OSU-OWERRE I,05,,,,IM0905
3445,IMO,ISIALA MBANO (UMUELEMAI),09,OSU-OWERRE II,06,,,,IM0906
3446,IMO,ISIALA MBANO (UMUELEMAI),09,OSUAMA/ANARA,07,,,,IM0907
3447,IMO,ISIALA MBANO (UMUELEMAI),09,UGIRI/OKA,08,,,,IM0908
3448,IMO,ISIALA MBANO (UMUELEMAI),09,AMAUZARI,09,,,,IM0909
3449,IMO,ISIALA MBANO (UMUELEMAI),09,OBOLLO,10,,,,IM0910
3450,IMO,ISIALA MBANO (UMUELEMAI),09,UMUOZU,11,,,,IM0911
3451,IMO,ISIALA MBANO (UMUELEMAI),09,OSU-ACHARA,12,,,,IM0912
3452,IMO,ISU (UMUNDUGBA),10,AMANDUGBA I,01,,,,IM1001
3453,IMO,ISU (UMUNDUGBA),10,AMANDUGBA II,02,,,,IM1002
3454,IMO,ISU (UMUNDUGBA),10,UMUNDUGBA I,03,,,,IM1003
3455,IMO,ISU (UMUNDUGBA),10,UMUNDUGBA II,04,,,,IM1004
3456,IMO,ISU (UMUNDUGBA),10,AMURIE OMANZE I,05,,,,IM1005
3457,IMO,ISU (UMUNDUGBA),10,AMURIE OMANZE II,06,,,,IM1006
3458,IMO,ISU (UMUNDUGBA),10,EKWE I,07,,,,IM1007
3459,IMO,ISU (UMUNDUGBA),10,EKWE II,08,,,,IM1008
3460,IMO,ISU (UMUNDUGBA),10,ISU-NJABA I,09,,,,IM1009
3461,IMO,ISU (UMUNDUGBA),10,ISU-NJABA II,10,,,,IM1010
3462,IMO,ISU (UMUNDUGBA),10,ISU-NJABA III,11,,,,IM1011
3463,IMO,MBAITOLU (NWAORIEUBI),11,AFARA/EZIAMA,01,,,,IM1101
3464,IMO,MBAITOLU (NWAORIEUBI),11,OGBAKU,02,,,,IM1102
3465,IMO,MBAITOLU (NWAORIEUBI),11,UMUNOHA/AZARA,03,,,,IM1103
3466,IMO,MBAITOLU (NWAORIEUBI),11,UBOMIRI,04,,,,IM1104
3467,IMO,MBAITOLU (NWAORIEUBI),11,IFAKALA,05,,,,IM1105
3468,IMO,MBAITOLU (NWAORIEUBI),11,OGWA I,06,,,,IM1106
3469,IMO,MBAITOLU (NWAORIEUBI),11,OGWA II,07,,,,IM1107
3470,IMO,MBAITOLU (NWAORIEUBI),11,ORODO ‘A’,08,,,,IM1108
3471,IMO,MBAITOLU (NWAORIEUBI),11,ORODO ‘B’,09,,,,IM1109
3472,IMO,MBAITOLU (NWAORIEUBI),11,UMUNWOHA/UMUAGWU MBIERI,10,,,,IM1110
3473,IMO,MBAITOLU (NWAORIEUBI),11,AMAIKE MBIERI,11,,,,IM1111
3474,IMO,MBAITOLU (NWAORIEUBI),11,EZINIHITTE MBIERI,13,,,,IM1113
3475,IMO,NGOW OKPALA (UMUNEKE),12,AMALA/ALULU/OBURU/O BOKWE/NTU,01,,,,IM1201
3476,IMO,NGOW OKPALA (UMUNEKE),12,ELELEM/OBIKE,02,,,,IM1202
3477,IMO,NGOW OKPALA (UMUNEKE),12,OZUZU,03,,,,IM1203
3478,IMO,NGOW OKPALA (UMUNEKE),12,EZIAMA/OKPALA,04,,,,IM1204
3479,IMO,NGOW OKPALA (UMUNEKE),12,IMERIENWE,05,,,,IM1205
3480,IMO,NGOW OKPALA (UMUNEKE),12,NGURU/UMUOWA,06,,,,IM1206
3481,IMO,NGOW OKPALA (UMUNEKE),12,NGOR/IHITTE/UMUKABI A,07,,,,IM1207
3482,IMO,NGOW OKPALA (UMUNEKE),12,OHEKELEM/NNORIE,08,,,,IM1208
3483,IMO,NGOW OKPALA (UMUNEKE),12,UMUHU,09,,,,IM1209
3484,IMO,NGOW OKPALA (UMUNEKE),12,OBIANGWU,10,,,,IM1210
3485,IMO,NGOW OKPALA (UMUNEKE),12,LOGARA/UMUOHIAGU,11,,,,IM1211
3486,IMO,NJABA (NNENASA),13,ATTA I,01,,,,IM1301
3487,IMO,NJABA (NNENASA),13,ATTA II,02,,,,IM1302
3488,IMO,NJABA (NNENASA),13,ATTA III,03,,,,IM1303
3489,IMO,NJABA (NNENASA),13,AMUCHA I,04,,,,IM1304
3490,IMO,NJABA (NNENASA),13,AMUCHA II,05,,,,IM1305
3491,IMO,NJABA (NNENASA),13,NKUME,06,,,,IM1306
3492,IMO,NJABA (NNENASA),13,OKWUDOR,07,,,,IM1307
3493,IMO,NJABA (NNENASA),13,UMUAKA I,08,,,,IM1308
3494,IMO,NJABA (NNENASA),13,UMUAKA II,09,,,,IM1309
3495,IMO,NJABA (NNENASA),13,UMUAKA III,10,,,,IM1310
3496,IMO,NJABA (NNENASA),13,UMUAKA IV,11,,,,IM1311
3497,IMO,"NWANGELE (ONUNWANGELE
) AMAIGBO",14,AMANO/UMUDURUMBA WARD (AMAIGBO I),01,,,,IM1401
3498,IMO,"NWANGELE (ONUNWANGELE
) AMAIGBO",14,UMUANU COMMUNITY WARD (AMAIGBO II),02,,,,IM1402
3499,IMO,"NWANGELE (ONUNWANGELE
) AMAIGBO",14,AMAJU COMMUNITY WARD (AMAIGBO III),03,,,,IM1403
3500,IMO,"NWANGELE (ONUNWANGELE
) AMAIGBO",14,AMAMNAISI (AMAIGBO IV),04,,,,IM1404
3501,IMO,"NWANGELE (ONUNWANGELE
) AMAIGBO",14,EZEOBOLO/OFEAHIA/DU RUOHA/UMUKABIA (AMAIGBO WARD V),05,,,,IM1405
3502,IMO,"NWANGELE (ONUNWANGELE
) AMAIGBO",14,ABBA WARD,06,,,,IM1406
3503,IMO,"NWANGELE (ONUNWANGELE
) AMAIGBO",14,UMUOZU WARD,07,,,,IM1407
3504,IMO,"NWANGELE (ONUNWANGELE
) AMAIGBO",14,KARA-NA-ORLU,08,,,,IM1408
3505,IMO,"NWANGELE (ONUNWANGELE
) AMAIGBO",14,DIM-NA-NUME,09,,,,IM1409
3506,IMO,"NWANGELE (ONUNWANGELE
) AMAIGBO",14,ABAJAH WARD I,10,,,,IM1410
3507,IMO,"NWANGELE (ONUNWANGELE
) AMAIGBO",14,ABAJAH WARD II,11,,,,IM1411
3508,IMO,NKWERRE,15,ONUSA,01,,,,IM1501
3509,IMO,NKWERRE,15,NNANANO (NKWERRE II),02,,,,IM1502
3510,IMO,NKWERRE,15,UMUKOR (NKWERRE III),03,,,,IM1503
3511,IMO,NKWERRE,15,NKWERRE IV (UMUNUBO/UMUNACHI),04,,,,IM1504
3512,IMO,NKWERRE,15,NKWERRE V,05,,,,IM1505
3513,IMO,NKWERRE,15,OWERRE V,06,,,,IM1506
3514,IMO,NKWERRE,15,OWERRI NKWORJI I,07,,,,IM1507
3515,IMO,NKWERRE,15,OWERRI NKWORJI II,08,,,,IM1508
3516,IMO,NKWERRE,15,UMUDI/UMUWALA,09,,,,IM1509
3517,IMO,NKWERRE,15,AMAOKPARA,10,,,,IM1510
3518,IMO,NKWERRE,15,EZIAMA OBAIRE,11,,,,IM1511
3519,IMO,OBOWO (OTOKO),16,ALIKE,01,,,,IM1601
3520,IMO,OBOWO (OTOKO),16,AMANZE/UMUNGWA,02,,,,IM1602
3521,IMO,OBOWO (OTOKO),16,AMUZI,03,,,,IM1603
3522,IMO,OBOWO (OTOKO),16,AVUTU,04,,,,IM1604
3523,IMO,OBOWO (OTOKO),16,EHUME,05,,,,IM1605
3524,IMO,OBOWO (OTOKO),16,ODENKUME/UMUOSOCH IE,06,,,,IM1606
3525,IMO,OBOWO (OTOKO),16,OKENALOGHO,07,,,,IM1607
3526,IMO,OBOWO (OTOKO),16,OKWUOHIA,08,,,,IM1608
3527,IMO,OBOWO (OTOKO),16,UMUARIAM/ACHARA,09,,,,IM1609
3528,IMO,OBOWO (OTOKO),16,UMUNACHI,10,,,,IM1610
3529,IMO,OGUTA (OGUTA),17,AWA,01,,,,IM1701
3530,IMO,OGUTA (OGUTA),17,EGWE/EGBUOMA,02,,,,IM1702
3531,IMO,OGUTA (OGUTA),17,IZOMBE,03,,,,IM1703
3532,IMO,OGUTA (OGUTA),17,MBALA/UBA,04,,,,IM1704
3533,IMO,OGUTA (OGUTA),17,NDEULOUKWU/UMUOW ERE,05,,,,IM1705
3534,IMO,OGUTA (OGUTA),17,OBUDI/ARO,06,,,,IM1706
3535,IMO,OGUTA (OGUTA),17,OGUTA ‘A’,07,,,,IM1707
3536,IMO,OGUTA (OGUTA),17,OGUTA ‘B’,08,,,,IM1708
3537,IMO,OGUTA (OGUTA),17,ORU,09,,,,IM1709
3538,IMO,OGUTA (OGUTA),17,OSSEMOTO/ENUIGBO,10,,,,IM1710
3539,IMO,OGUTA (OGUTA),17,UWAORIE,11,,,,IM1711
3540,IMO,OHAJI/EGBEMA (MMAHU EGBEMA),18,ASSA/OBILE,01,,,,IM1801
3541,IMO,OHAJI/EGBEMA (MMAHU EGBEMA),18,AWAR/IKWEREDE,02,,,,IM1802
3542,IMO,OHAJI/EGBEMA (MMAHU EGBEMA),18,EGBEMA ‘A’,03,,,,IM1803
3543,IMO,OHAJI/EGBEMA (MMAHU EGBEMA),18,EGBEMA ‘B’,04,,,,IM1804
3544,IMO,OHAJI/EGBEMA (MMAHU EGBEMA),18,EGBEMA ‘C’,05,,,,IM1805
3545,IMO,OHAJI/EGBEMA (MMAHU EGBEMA),18,EGBEMA ‘D’,06,,,,IM1806
3546,IMO,OHAJI/EGBEMA (MMAHU EGBEMA),18,EKWUATO,07,,,,IM1807
3547,IMO,OHAJI/EGBEMA (MMAHU EGBEMA),18,OBITTI/MGBISHI,08,,,,IM1808
3548,IMO,OHAJI/EGBEMA (MMAHU EGBEMA),18,OHOBA,09,,,,IM1809
3549,IMO,OHAJI/EGBEMA (MMAHU EGBEMA),18,UMUAGWO,10,,,,IM1810
3550,IMO,OHAJI/EGBEMA (MMAHU EGBEMA),18,UMUAPU,11,,,,IM1811
3551,IMO,OKIGWE (OKIGWE),19,OKIGWE I,01,,,,IM1901
3552,IMO,OKIGWE (OKIGWE),19,OKIGWE II,02,,,,IM1902
3553,IMO,OKIGWE (OKIGWE),19,IHUBE,03,,,,IM1903
3554,IMO,OKIGWE (OKIGWE),19,AKU,04,,,,IM1904
3555,IMO,OKIGWE (OKIGWE),19,OGII,05,,,,IM1905
3556,IMO,OKIGWE (OKIGWE),19,EZINACHI,06,,,,IM1906
3557,IMO,OKIGWE (OKIGWE),19,UMUALUMUOKE,07,,,,IM1907
3558,IMO,OKIGWE (OKIGWE),19,AMURO,08,,,,IM1908
3559,IMO,OKIGWE (OKIGWE),19,NDIMOKO/OFEIMO/IBIN TA/OKANACHI/UMUOWA,09,,,,IM1909
3560,IMO,OKIGWE (OKIGWE),19,UMULOLO,10,,,,IM1910
3561,IMO,OKIGWE (OKIGWE),19,AGBOBU COMMUNITY,11,,,,IM1911
3562,IMO,ONUIMO,20,EZIAMA,01,,,,IM2001
3563,IMO,ONUIMO,20,UMUCHEKE,02,,,,IM2002
3564,IMO,ONUIMO,20,OWERRE,03,,,,IM2003
3565,IMO,ONUIMO,20,EZELU,04,,,,IM2004
3566,IMO,ONUIMO,20,OFEAHIA/UMUANUMEZE,05,,,,IM2005
3567,IMO,ONUIMO,20,ABOH/OKOHI,06,,,,IM2006
3568,IMO,ONUIMO,20,OZIMO/UMUANUMEZE,07,,,,IM2007
3569,IMO,ONUIMO,20,UMUNA,08,,,,IM2008
3570,IMO,ONUIMO,20,OKWELLE I,09,,,,IM2009
3571,IMO,ONUIMO,20,OKWELLE II,10,,,,IM2010
3572,IMO,ORLU,21,OHAFOR/OKORO/UMUT ANZE,01,,,,IM2101
3573,IMO,ORLU,21,OHAEKE/OKPORO,02,,,,IM2102
3574,IMO,ORLU,21,EBENESE/UMUEZE/NNAC HI/IHIOMA,03,,,,IM2103
3575,IMO,ORLU,21,OKWUA BALA/IHIOMA,04,,,,IM2104
3576,IMO,ORLU,21,UMUNA,05,,,,IM2105
3577,IMO,ORLU,21,UMUDIOKA,06,,,,IM2106
3578,IMO,ORLU,21,IHITE OWERRE,07,,,,IM2107
3579,IMO,ORLU,21,AMAIFEKE,08,,,,IM2108
3580,IMO,ORLU,21,UMUZIKE/UMUOWA,09,,,,IM2109
3581,IMO,ORLU,21,OWERRI EBEIRI,10,,,,IM2110
3582,IMO,ORLU,21,EZIACHI/AMIKE,11,,,,IM2111
3583,IMO,ORLU,21,OGBERURU/OBIBI,12,,,,IM2112
3584,IMO,ORLU,21,ORLU/MGBEE/ORLU GOVT. STATION,13,,,,IM2113
3585,IMO,ORSU (AWO IDEMILI),22,UMUHU OKABIA,01,,,,IM2201
3586,IMO,ORSU (AWO IDEMILI),22,EBENATOR,02,,,,IM2202
3587,IMO,ORSU (AWO IDEMILI),22,OKWUFURUAKU,03,,,,IM2203
3588,IMO,ORSU (AWO IDEMILI),22,OKWUAMARAIHIE I,04,,,,IM2204
3589,IMO,ORSU (AWO IDEMILI),22,OKWUAMARAIHIE II,05,,,,IM2205
3590,IMO,ORSU (AWO IDEMILI),22,OKWUETITI,06,,,,IM2206
3591,IMO,ORSU (AWO IDEMILI),22,ORSU IHITEUKWA,07,,,,IM2207
3592,IMO,ORSU (AWO IDEMILI),22,IHITENANSA,08,,,,IM2208
3593,IMO,ORSU (AWO IDEMILI),22,ASSAH UBIRIELEM,09,,,,IM2209
3594,IMO,ORSU (AWO IDEMILI),22,EZIAWA,10,,,,IM2210
3595,IMO,ORSU (AWO IDEMILI),22,AMARURU,11,,,,IM2211
3596,IMO,ORU-EAST,23,AWO-OMAMMA I,01,,,,IM2301
3597,IMO,ORU-EAST,23,AWO-OMAMMA II,02,,,,IM2302
3598,IMO,ORU-EAST,23,AWO-OMAMMA III,03,,,,IM2303
3599,IMO,ORU-EAST,23,AWO-OMAMMA IV,04,,,,IM2304
3600,IMO,ORU-EAST,23,AMIRI I,05,,,,IM2305
3601,IMO,ORU-EAST,23,AMIRI II,06,,,,IM2306
3602,IMO,ORU-EAST,23,AKUMA,07,,,,IM2307
3603,IMO,ORU-EAST,23,AMAGU,08,,,,IM2308
3604,IMO,ORU-EAST,23,AKATA,09,,,,IM2309
3605,IMO,ORU-EAST,23,OMUMA,10,,,,IM2310
3606,IMO,ORU-WEST (MGBIDI),24,NEMPI/ELEM,01,,,,IM2401
3607,IMO,ORU-WEST (MGBIDI),24,OTULU,02,,,,IM2402
3608,IMO,ORU-WEST (MGBIDI),24,AJI,03,,,,IM2403
3609,IMO,ORU-WEST (MGBIDI),24,IBIASOEGBE,04,,,,IM2404
3610,IMO,ORU-WEST (MGBIDI),24,AMAFUO,05,,,,IM2405
3611,IMO,ORU-WEST (MGBIDI),24,OHAKPU,06,,,,IM2406
3612,IMO,ORU-WEST (MGBIDI),24,OZARA,07,,,,IM2407
3613,IMO,ORU-WEST (MGBIDI),24,UBULU,08,,,,IM2408
3614,IMO,ORU-WEST (MGBIDI),24,MGBIDI I,09,,,,IM2409
3615,IMO,ORU-WEST (MGBIDI),24,MGBIDI II,10,,,,IM2410
3616,IMO,OWERRI-URBAN (OWERRI),25,ALADINMA I,01,,,,IM2501
3617,IMO,OWERRI-URBAN (OWERRI),25,ALADINMA II,02,,,,IM2502
3618,IMO,OWERRI-URBAN (OWERRI),25,IKENEGBU I,03,,,,IM2503
3619,IMO,OWERRI-URBAN (OWERRI),25,IKENEGBU II,04,,,,IM2504
3620,IMO,OWERRI-URBAN (OWERRI),25,AZUZI I,05,,,,IM2505
3621,IMO,OWERRI-URBAN (OWERRI),25,AZUZI II,06,,,,IM2506
3622,IMO,OWERRI-URBAN (OWERRI),25,AZUZI III,07,,,,IM2507
3623,IMO,OWERRI-URBAN (OWERRI),25,AZUZI IV,08,,,,IM2508
3624,IMO,OWERRI-URBAN (OWERRI),25,G.R.A,09,,,,IM2509
3625,IMO,OWERRI-URBAN (OWERRI),25,NEW OWERRI I,10,,,,IM2510
3626,IMO,OWERRI-URBAN (OWERRI),25,NEW OWERRI II,11,,,,IM2511
3627,IMO,OWERRI NORTH (ORIE URATTA),26,AWAKA/IHITTE OGBADA,01,,,,IM2601
3628,IMO,OWERRI NORTH (ORIE URATTA),26,NAZE,02,,,,IM2602
3629,IMO,OWERRI NORTH (ORIE URATTA),26,EGBU,03,,,,IM2603
3630,IMO,OWERRI NORTH (ORIE URATTA),26,EMMI,04,,,,IM2604
3631,IMO,OWERRI NORTH (ORIE URATTA),26,IEMEKUKU I,05,,,,IM2605
3632,IMO,OWERRI NORTH (ORIE URATTA),26,EMEKUKU II,06,,,,IM2606
3633,IMO,OWERRI NORTH (ORIE URATTA),26,ORJI,07,,,,IM2607
3634,IMO,OWERRI NORTH (ORIE URATTA),26,IHITTE OHA,08,,,,IM2608
3635,IMO,OWERRI NORTH (ORIE URATTA),26,OBIBI-URATTA I,09,,,,IM2609
3636,IMO,OWERRI NORTH (ORIE URATTA),26,OBIBI-URATTA II,10,,,,IM2610
3637,IMO,OWERRI NORTH (ORIE URATTA),26,AGBAKA/OBUBE/ULAKW O,11,,,,IM2611
3638,IMO,OWERRI NORTH (ORIE URATTA),26,OBIBIEZENA,12,,,,IM2612
3639,IMO,OWERRI WEST (UMUGUMA),27,AVU/OFOROLA,01,,,,IM2701
3640,IMO,OWERRI WEST (UMUGUMA),27,UMUGUMA,02,,,,IM2702
3641,IMO,OWERRI WEST (UMUGUMA),27,OKUKU,03,,,,IM2703
3642,IMO,OWERRI WEST (UMUGUMA),27,EMEABIAM/OKOLOCHI,04,,,,IM2704
3643,IMO,OWERRI WEST (UMUGUMA),27,EZIOBODO,05,,,,IM2705
3644,IMO,OWERRI WEST (UMUGUMA),27,IHIAGWA,06,,,,IM2706
3645,IMO,OWERRI WEST (UMUGUMA),27,NEKEDE,07,,,,IM2707
3646,IMO,OWERRI WEST (UMUGUMA),27,OBINZE,08,,,,IM2708
3647,IMO,OWERRI WEST (UMUGUMA),27,AMAKOHIA- UBI/NDEGWU OHI,09,,,,IM2709
3648,IMO,OWERRI WEST (UMUGUMA),27,IRETE/OROGWE,10,,,,IM2710
3649,JIGAWA,AUYO,01,AUYO,01,,,,JG0101
3650,JIGAWA,AUYO,01,AUYAKAYI,02,,,,JG0102
3651,JIGAWA,AUYO,01,AYAMA,03,,,,JG0103
3652,JIGAWA,AUYO,01,AYAN,04,,,,JG0104
3653,JIGAWA,AUYO,01,GAMAFOI,05,,,,JG0105
3654,JIGAWA,AUYO,01,GAMSARKA,06,,,,JG0106
3655,JIGAWA,AUYO,01,GATAFA,07,,,,JG0107
3656,JIGAWA,AUYO,01,KAFUR,08,,,,JG0108
3657,JIGAWA,AUYO,01,TSIDIR,09,,,,JG0109
3658,JIGAWA,AUYO,01,UNIK,10,,,,JG0110
3659,JIGAWA,BABURA,02,BABURA AREWA,01,,,,JG0201
3660,JIGAWA,BABURA,02,BATTALI,02,,,,JG0202
3661,JIGAWA,BABURA,02,DORAWA,03,,,,JG0203
3662,JIGAWA,BABURA,02,GARU,04,,,,JG0204
3663,JIGAWA,BABURA,02,GASAKOLI,05,,,,JG0205
3664,JIGAWA,BABURA,02,INSHARUWA,06,,,,JG0206
3665,JIGAWA,BABURA,02,JIGAWA,07,,,,JG0207
3666,JIGAWA,BABURA,02,KANYA,08,,,,JG0208
3667,JIGAWA,BABURA,02,KAZUN-ZUMI,09,,,,JG0209
3668,JIGAWA,BABURA,02,KYAMBO,10,,,,JG0210
3669,JIGAWA,BABURA,02,TAKWASA,11,,,,JG0211
3670,JIGAWA,BIRNIN-KUDU,03,B/KUDU,01,,,,JG0301
3671,JIGAWA,BIRNIN-KUDU,03,KANTOGA,02,,,,JG0302
3672,JIGAWA,BIRNIN-KUDU,03,SURKO,03,,,,JG0303
3673,JIGAWA,BIRNIN-KUDU,03,WURNO,04,,,,JG0304
3674,JIGAWA,BIRNIN-KUDU,03,LAFIYA,05,,,,JG0305
3675,JIGAWA,BIRNIN-KUDU,03,KWANGWARA,06,,,,JG0306
3676,JIGAWA,BIRNIN-KUDU,03,SUNDIMINA,07,,,,JG0307
3677,JIGAWA,BIRNIN-KUDU,03,KIYAKO,08,,,,JG0308
3678,JIGAWA,BIRNIN-KUDU,03,KANGIRE,09,,,,JG0309
3679,JIGAWA,BIRNIN-KUDU,03,`YAIWAN DAMAI,10,,,,JG0310
3680,JIGAWA,BIRNIN-KUDU,03,UNGUWAR’YA,11,,,,JG0311
3681,JIGAWA,BIRNIWA,04,BIRNIWA,01,,,,JG0401
3682,JIGAWA,BIRNIWA,04,DANGWALERI,02,,,,JG0402
3683,JIGAWA,BIRNIWA,04,DIGINSA,03,,,,JG0403
3684,JIGAWA,BIRNIWA,04,FAGI,04,,,,JG0404
3685,JIGAWA,BIRNIWA,04,KACHALLARI,05,,,,JG0405
3686,JIGAWA,BIRNIWA,04,KARANKA,06,,,,JG0406
3687,JIGAWA,BIRNIWA,04,KAZURA,07,,,,JG0407
3688,JIGAWA,BIRNIWA,04,MACHINAMARI,08,,,,JG0408
3689,JIGAWA,BIRNIWA,04,MATAMU,09,,,,JG0409
3690,JIGAWA,BIRNIWA,04,NGUWA,10,,,,JG0410
3691,JIGAWA,BUJI,05,AHOTO,01,,,,JG0501
3692,JIGAWA,BUJI,05,BUJI,02,,,,JG0502
3693,JIGAWA,BUJI,05,CHURBUN,03,,,,JG0503
3694,JIGAWA,BUJI,05,GANTSA,04,,,,JG0504
3695,JIGAWA,BUJI,05,FULAGERI,05,,,,JG0505
3696,JIGAWA,BUJI,05,KAWAYA,06,,,,JG0506
3697,JIGAWA,BUJI,05,KUKUMA,07,,,,JG0507
3698,JIGAWA,BUJI,05,K/LELEN KUDU,08,,,,JG0508
3699,JIGAWA,BUJI,05,MADABE,09,,,,JG0509
3700,JIGAWA,BUJI,05,YAYARIN TUKUR,10,,,,JG0510
3701,JIGAWA,DUTSE,06,ABAYA,01,,,,JG0601
3702,JIGAWA,DUTSE,06,CHAMO,02,,,,JG0602
3703,JIGAWA,DUTSE,06,DUNDUBUS,03,,,,JG0603
3704,JIGAWA,DUTSE,06,DURU,04,,,,JG0604
3705,JIGAWA,DUTSE,06,JIGAWAR TSADA,05,,,,JG0605
3706,JIGAWA,DUTSE,06,KACHI,06,,,,JG0606
3707,JIGAWA,DUTSE,06,KARNAYA,07,,,,JG0607
3708,JIGAWA,DUTSE,06,KUDAI,08,,,,JG0608
3709,JIGAWA,DUTSE,06,LIMAWA,09,,,,JG0609
3710,JIGAWA,DUTSE,06,MADOBI,10,,,,JG0610
3711,JIGAWA,DUTSE,06,SAKWAYA,11,,,,JG0611
3712,JIGAWA,GARKI,07,BUDURU,01,,,,JG0701
3713,JIGAWA,GARKI,07,DOKO,02,,,,JG0702
3714,JIGAWA,GARKI,07,GARKI,03,,,,JG0703
3715,JIGAWA,GARKI,07,GWARZON GARKI,04,,,,JG0704
3716,JIGAWA,GARKI,07,JIRIMA,05,,,,JG0705
3717,JIGAWA,GARKI,07,KANYA,06,,,,JG0706
3718,JIGAWA,GARKI,07,KARGO,07,,,,JG0707
3719,JIGAWA,GARKI,07,KORE,08,,,,JG0708
3720,JIGAWA,GARKI,07,MUKU,09,,,,JG0709
3721,JIGAWA,GARKI,07,RAFIN MARKE,10,,,,JG0710
3722,JIGAWA,GARKI,07,SIYORI,11,,,,JG0711
3723,JIGAWA,GAGARAWA,08,GAGARAWA GARI,01,,,,JG0801
3724,JIGAWA,GAGARAWA,08,GAGARAWA TASHA,02,,,,JG0802
3725,JIGAWA,GAGARAWA,08,GARIN CHIROMA,03,,,,JG0803
3726,JIGAWA,GAGARAWA,08,KORE BALATU,04,,,,JG0804
3727,JIGAWA,GAGARAWA,08,MADAKA,05,,,,JG0805
3728,JIGAWA,GAGARAWA,08,MAI’ADUWA,06,,,,JG0806
3729,JIGAWA,GAGARAWA,08,MAIKILILI,07,,,,JG0807
3730,JIGAWA,GAGARAWA,08,MEDU,08,,,,JG0808
3731,JIGAWA,GAGARAWA,08,YALAWA,09,,,,JG0809
3732,JIGAWA,GAGARAWA,08,ZARADA,10,,,,JG0810
3733,JIGAWA,GUMEL,09,BAIKARYA,01,,,,JG0901
3734,JIGAWA,GUMEL,09,DAN’AMA,02,,,,JG0902
3735,JIGAWA,GUMEL,09,DANTAROMA,03,,,,JG0903
3736,JIGAWA,GUMEL,09,GALAGAMMA,04,,,,JG0904
3737,JIGAWA,GUMEL,09,GARIN GAMBO,05,,,,JG0905
3738,JIGAWA,GUMEL,09,GARIN BARKA,06,,,,JG0906
3739,JIGAWA,GUMEL,09,GUSAU,07,,,,JG0907
3740,JIGAWA,GUMEL,09,HAMMADO,08,,,,JG0908
3741,JIGAWA,GUMEL,09,K/AREWA,09,,,,JG0909
3742,JIGAWA,GUMEL,09,K/YAMMA,10,,,,JG0910
3743,JIGAWA,GUMEL,09,ZANGO,11,,,,JG0911
3744,JIGAWA,GURI,10,ABUNABO,01,,,,JG1001
3745,JIGAWA,GURI,10,ADIYANI,02,,,,JG1002
3746,JIGAWA,GURI,10,DAWA,03,,,,JG1003
3747,JIGAWA,GURI,10,GARBAGAL,04,,,,JG1004
3748,JIGAWA,GURI,10,GURI,05,,,,JG1005
3749,JIGAWA,GURI,10,KADIRA,06,,,,JG1006
3750,JIGAWA,GURI,10,LAFIYA,07,,,,JG1007
3751,JIGAWA,GURI,10,MARGADU,08,,,,JG1008
3752,JIGAWA,GURI,10,MATARA BABBA,09,,,,JG1009
3753,JIGAWA,GURI,10,MUSARI,10,,,,JG1010
3754,JIGAWA,GWARAM,11,BASIRKA,01,,,,JG1101
3755,JIGAWA,GWARAM,11,DINGAYA,02,,,,JG1102
3756,JIGAWA,GWARAM,11,FAGAM,03,,,,JG1103
3757,JIGAWA,GWARAM,11,DINGAYA,04,,,,JG1104
3758,JIGAWA,GWARAM,11,GWARAM TSOHUWA,05,,,,JG1105
3759,JIGAWA,GWARAM,11,KILA,06,,,,JG1106
3760,JIGAWA,GWARAM,11,KWANDIKO DUTSE,07,,,,JG1107
3761,JIGAWA,GWARAM,11,MARUTA,08,,,,JG1108
3762,JIGAWA,GWARAM,11,SARA,09,,,,JG1109
3763,JIGAWA,GWARAM,11,TSANGARWA,10,,,,JG1110
3764,JIGAWA,GWARAM,11,ZANDAN NAGOGO,11,,,,JG1111
3765,JIGAWA,GWIWA,12,BUNTUSU,01,,,,JG1201
3766,JIGAWA,GWIWA,12,DABI,02,,,,JG1202
3767,JIGAWA,GWIWA,12,DARINA,03,,,,JG1203
3768,JIGAWA,GWIWA,12,FIRJIN YAMMA,04,,,,JG1204
3769,JIGAWA,GWIWA,12,GUNTAI,05,,,,JG1205
3770,JIGAWA,GWIWA,12,GWIWA,06,,,,JG1206
3771,JIGAWA,GWIWA,12,KORAYAL,07,,,,JG1207
3772,JIGAWA,GWIWA,12,RORAU,08,,,,JG1208
3773,JIGAWA,GWIWA,12,SHAFE,09,,,,JG1209
3774,JIGAWA,GWIWA,12,YOLA,10,,,,JG1210
3775,JIGAWA,GWIWA,12,TSANGARWA,11,,,,JG1211
3776,JIGAWA,HADEJIA,13,ATAFI,01,,,,JG1301
3777,JIGAWA,HADEJIA,13,DUBANTU,02,,,,JG1302
3778,JIGAWA,HADEJIA,13,GAGULMARI,03,,,,JG1303
3779,JIGAWA,HADEJIA,13,KASUWAR KUDA,04,,,,JG1304
3780,JIGAWA,HADEJIA,13,KASUWAR KOFA,05,,,,JG1305
3781,JIGAWA,HADEJIA,13,MAJEMA,06,,,,JG1306
3782,JIGAWA,HADEJIA,13,MATASARO,07,,,,JG1307
3783,JIGAWA,HADEJIA,13,RUMFA,08,,,,JG1308
3784,JIGAWA,HADEJIA,13,SABONGARU,09,,,,JG1309
3785,JIGAWA,HADEJIA,13,KASUWAR KUDA,10,,,,JG1310
3786,JIGAWA,HADEJIA,13,YAYARI,11,,,,JG1311
3787,JIGAWA,JAHUN,14,AUJARA,01,,,,JG1401
3788,JIGAWA,JAHUN,14,GANGAWA,02,,,,JG1402
3789,JIGAWA,JAHUN,14,GAUZA TAZARA,03,,,,JG1403
3790,JIGAWA,JAHUN,14,GUNKAHARBO SABUWA,04,,,,JG1404
3791,JIGAWA,JAHUN,14,HARBO SABUWA,05,,,,JG1405
3792,JIGAWA,JAHUN,14,HARBO TSOHUWA,06,,,,JG1406
3793,JIGAWA,JAHUN,14,IDANDUNA,07,,,,JG1407
3794,JIGAWA,JAHUN,14,JABARNA,08,,,,JG1408
3795,JIGAWA,JAHUN,14,JAHUN,09,,,,JG1409
3796,JIGAWA,JAHUN,14,KALE,10,,,,JG1410
3797,JIGAWA,JAHUN,14,KANWA,11,,,,JG1411
3798,JIGAWA,KAFIN-HAUSA,15,BULANGU,01,,,,JG1501
3799,JIGAWA,KAFIN-HAUSA,15,DUMADUMIN TOKA,02,,,,JG1502
3800,JIGAWA,KAFIN-HAUSA,15,GAFAYA,03,,,,JG1503
3801,JIGAWA,KAFIN-HAUSA,15,JABO,04,,,,JG1504
3802,JIGAWA,KAFIN-HAUSA,15,KAFIN-HAUSA,05,,,,JG1505
3803,JIGAWA,KAFIN-HAUSA,15,KAZALEWA,06,,,,JG1506
3804,JIGAWA,KAFIN-HAUSA,15,MAJAWA,07,,,,JG1507
3805,JIGAWA,KAFIN-HAUSA,15,MEZAN,08,,,,JG1508
3806,JIGAWA,KAFIN-HAUSA,15,RUBA,09,,,,JG1509
3807,JIGAWA,KAFIN-HAUSA,15,SARAWA,10,,,,JG1510
3808,JIGAWA,KAFIN-HAUSA,15,ZAGO,11,,,,JG1511
3809,JIGAWA,KAUGAMA,16,ARBUS,01,,,,JG1601
3810,JIGAWA,KAUGAMA,16,ASKANDU,02,,,,JG1602
3811,JIGAWA,KAUGAMA,16,DABUWARAN,03,,,,JG1603
3812,JIGAWA,KAUGAMA,16,DAKAIYAWA,04,,,,JG1604
3813,JIGAWA,KAUGAMA,16,HADIN,05,,,,JG1605
3814,JIGAWA,KAUGAMA,16,JA’E,06,,,,JG1606
3815,JIGAWA,KAUGAMA,16,JARKASA,07,,,,JG1607
3816,JIGAWA,KAUGAMA,16,KAUGAMA,08,,,,JG1608
3817,JIGAWA,KAUGAMA,16,ASKANDU,09,,,,JG1609
3818,JIGAWA,KAUGAMA,16,UNGUWAR JIBRIN,10,,,,JG1610
3819,JIGAWA,KAUGAMA,16,YALO,11,,,,JG1611
3820,JIGAWA,KAZAURE,17,DABA,01,,,,JG1701
3821,JIGAWA,KAZAURE,17,DABAZA,02,,,,JG1702
3822,JIGAWA,KAZAURE,17,DANDI,03,,,,JG1703
3823,JIGAWA,KAZAURE,17,GADA,04,,,,JG1704
3824,JIGAWA,KAZAURE,17,KANTI,05,,,,JG1705
3825,JIGAWA,KAZAURE,17,MARADAWA,06,,,,JG1706
3826,JIGAWA,KAZAURE,17,SABARU,07,,,,JG1707
3827,JIGAWA,KAZAURE,17,UNGUWAR AREWA,08,,,,JG1708
3828,JIGAWA,KAZAURE,17,UNGUWA GABAS,09,,,,JG1709
3829,JIGAWA,KAZAURE,17,UNGUWAR YAMMA,10,,,,JG1710
3830,JIGAWA,K/KASAMMA,18,BATURIYA,01,,,,JG1801
3831,JIGAWA,K/KASAMMA,18,BULUNCHAI,02,,,,JG1802
3832,JIGAWA,K/KASAMMA,18,DOLERI,03,,,,JG1803
3833,JIGAWA,K/KASAMMA,18,FANDUM,04,,,,JG1804
3834,JIGAWA,K/KASAMMA,18,GAYIN,05,,,,JG1805
3835,JIGAWA,K/KASAMMA,18,KIRIKASAMMA,06,,,,JG1806
3836,JIGAWA,K/KASAMMA,18,MADACHI,07,,,,JG1807
3837,JIGAWA,K/KASAMMA,18,MARMA,08,,,,JG1808
3838,JIGAWA,K/KASAMMA,18,TASHEGUWA,09,,,,JG1809
3839,JIGAWA,K/KASAMMA,18,TURABU,10,,,,JG1810
3840,JIGAWA,KIYAWA,19,ABALAGO,01,,,,JG1901
3841,JIGAWA,KIYAWA,19,ANDAZA,02,,,,JG1902
3842,JIGAWA,KIYAWA,19,FAKE,03,,,,JG1903
3843,JIGAWA,KIYAWA,19,GARKO,04,,,,JG1904
3844,JIGAWA,KIYAWA,19,GURDUBA,05,,,,JG1905
3845,JIGAWA,KIYAWA,19,KATANGA,06,,,,JG1906
3846,JIGAWA,KIYAWA,19,KATUKA,07,,,,JG1907
3847,JIGAWA,KIYAWA,19,KIYAWA,08,,,,JG1908
3848,JIGAWA,KIYAWA,19,KWANDA,09,,,,JG1909
3849,JIGAWA,KIYAWA,19,MAJE,10,,,,JG1910
3850,JIGAWA,KIYAWA,19,TSURMA,11,,,,JG1911
3851,JIGAWA,MAIGATARI,20,BALARABE,01,,,,JG2001
3852,JIGAWA,MAIGATARI,20,DANKUMBO,02,,,,JG2002
3853,JIGAWA,MAIGATARI,20,FULATA,03,,,,JG2003
3854,JIGAWA,MAIGATARI,20,GALADI,04,,,,JG2004
3855,JIGAWA,MAIGATARI,20,JAJERI,05,,,,JG2005
3856,JIGAWA,MAIGATARI,20,KUKAYASKU,06,,,,JG2006
3857,JIGAWA,MAIGATARI,20,MADANA,07,,,,JG2007
3858,JIGAWA,MAIGATARI,20,MAIGATARI AREWA,08,,,,JG2008
3859,JIGAWA,MAIGATARI,20,MAIGATARI KUDU,09,,,,JG2009
3860,JIGAWA,MAIGATARI,20,MATOYA,10,,,,JG2010
3861,JIGAWA,MAIGATARI,20,TURBUS,11,,,,JG2011
3862,JIGAWA,M/MADORI,21,ARKI,01,,,,JG2101
3863,JIGAWA,M/MADORI,21,DUNARI,02,,,,JG2102
3864,JIGAWA,M/MADORI,21,FATEKA /AKURYA,03,,,,JG2103
3865,JIGAWA,M/MADORI,21,GARIN-GABAS,04,,,,JG2104
3866,JIGAWA,M/MADORI,21,MAIRAKUMI,05,,,,JG2105
3867,JIGAWA,M/MADORI,21,MAIGATARI KUDU,06,,,,JG2106
3868,JIGAWA,M/MADORI,21,MALAMMADORI,07,,,,JG2107
3869,JIGAWA,M/MADORI,21,SHAYYA,08,,,,JG2108
3870,JIGAWA,M/MADORI,21,TAGIN ARO,09,,,,JG2109
3871,JIGAWA,M/MADORI,21,TASHENATONIKUTARA,10,,,,JG2110
3872,JIGAWA,MIGA,22,DANGYATIN,01,,,,JG2201
3873,JIGAWA,MIGA,22,GARBO,02,,,,JG2202
3874,JIGAWA,MIGA,22,HANTSU,03,,,,JG2203
3875,JIGAWA,MIGA,22,KONYA,04,,,,JG2204
3876,JIGAWA,MIGA,22,MIGA,05,,,,JG2205
3877,JIGAWA,MIGA,22,SABON GARIN TAKANEBU,06,,,,JG2206
3878,JIGAWA,MIGA,22,SANSANI,07,,,,JG2207
3879,JIGAWA,MIGA,22,TSAKUWAWA,08,,,,JG2208
3880,JIGAWA,MIGA,22,YANDUNA,09,,,,JG2209
3881,JIGAWA,MIGA,22,ZAREKU,10,,,,JG2210
3882,JIGAWA,RINGIM,23,CHAICHAI,01,,,,JG2301
3883,JIGAWA,RINGIM,23,DABI,02,,,,JG2302
3884,JIGAWA,RINGIM,23,KAFIN BABUSHE,03,,,,JG2303
3885,JIGAWA,RINGIM,23,KARSHI,04,,,,JG2304
3886,JIGAWA,RINGIM,23,KYARAMA,05,,,,JG2305
3887,JIGAWA,RINGIM,23,RINGIM,06,,,,JG2306
3888,JIGAWA,RINGIM,23,SANKARA,07,,,,JG2307
3889,JIGAWA,RINGIM,23,SINTILMAWA,08,,,,JG2308
3890,JIGAWA,RINGIM,23,TOFA,09,,,,JG2309
3891,JIGAWA,RINGIM,23,YANDUTSE,10,,,,JG2310
3892,JIGAWA,RONI,24,RONI,01,,,,JG2401
3893,JIGAWA,RONI,24,BARAGUMI,02,,,,JG2402
3894,JIGAWA,RONI,24,DANSURE,03,,,,JG2403
3895,JIGAWA,RONI,24,FARA,04,,,,JG2404
3896,JIGAWA,RONI,24,GORA,05,,,,JG2405
3897,JIGAWA,RONI,24,KWAITA,06,,,,JG2406
3898,JIGAWA,RONI,24,SANKAU,07,,,,JG2407
3899,JIGAWA,RONI,24,TUNASYANZAKI,08,,,,JG2408
3900,JIGAWA,S/TANKARKAR,25,ALBASU,01,,,,JG2501
3901,JIGAWA,S/TANKARKAR,25,AMANGA,02,,,,JG2502
3902,JIGAWA,S/TANKARKAR,25,DANGWANKI,03,,,,JG2503
3903,JIGAWA,S/TANKARKAR,25,DANLADI,04,,,,JG2504
3904,JIGAWA,S/TANKARKAR,25,DANZOMO,05,,,,JG2505
3905,JIGAWA,S/TANKARKAR,25,JEKE,06,,,,JG2506
3906,JIGAWA,S/TANKARKAR,25,SHABARU,07,,,,JG2507
3907,JIGAWA,S/TANKARKAR,25,SULE-TANKARKAR,08,,,,JG2508
3908,JIGAWA,S/TANKARKAR,25,TAKATSABA,09,,,,JG2509
3909,JIGAWA,S/TANKARKAR,25,YANDAMO,10,,,,JG2510
3910,JIGAWA,TAURA,26,AJAURA,01,,,,JG2601
3911,JIGAWA,TAURA,26,CHIKWAIKWAIWA,02,,,,JG2602
3912,JIGAWA,TAURA,26,CHUKUTO,03,,,,JG2603
3913,JIGAWA,TAURA,26,GUJUNGU,04,,,,JG2604
3914,JIGAWA,TAURA,26,KIRI,05,,,,JG2605
3915,JIGAWA,TAURA,26,KWALAM,06,,,,JG2606
3916,JIGAWA,TAURA,26,MAJE,07,,,,JG2607
3917,JIGAWA,TAURA,26,MAJIYA,08,,,,JG2608
3918,JIGAWA,TAURA,26,SABON GARIN YAYA,09,,,,JG2609
3919,,TAURA,26,TAURA,10,,,,JG2610
3920,JIGAWA,YANKWASHI,27,ACHILAFIYA,01,,,,JG2701
3921,JIGAWA,YANKWASHI,27,BELAS,02,,,,JG2702
3922,JIGAWA,YANKWASHI,27,DAWAN GAWO,03,,,,JG2703
3923,JIGAWA,YANKWASHI,27,GWARTA,04,,,,JG2704
3924,JIGAWA,YANKWASHI,27,GURJIYA,05,,,,JG2705
3925,JIGAWA,YANKWASHI,27,KARKARNA,06,,,,JG2706
3926,JIGAWA,YANKWASHI,27,KUDU,07,,,,JG2707
3927,JIGAWA,YANKWASHI,27,BELAS,08,,,,JG2708
3928,JIGAWA,YANKWASHI,27,BELAS,09,,,,JG2709
3929,JIGAWA,YANKWASHI,27,ZUNGUMBA,10,,,,JG2710
3930,KADUNA,BIRNIN GWARI,01,MAGAJIN GARI I,01,,,,KD0101
3931,KADUNA,BIRNIN GWARI,01,MAGAJIN GARI II,02,,,,KD0102
3932,KADUNA,BIRNIN GWARI,01,MAGAJIN GARI III,03,,,,KD0103
3933,KADUNA,BIRNIN GWARI,01,GAYAM,04,,,,KD0104
3934,KADUNA,BIRNIN GWARI,01,KUYELLO,05,,,,KD0105
3935,KADUNA,BIRNIN GWARI,01,KAZAGE,06,,,,KD0106
3936,KADUNA,BIRNIN GWARI,01,KAKANGI,07,,,,KD0107
3937,KADUNA,BIRNIN GWARI,01,TABANNI,08,,,,KD0108
3938,KADUNA,BIRNIN GWARI,01,DOGON DAWA,09,,,,KD0109
3939,KADUNA,BIRNIN GWARI,01,KUTEMESHI,10,,,,KD0110
3940,KADUNA,BIRNIN GWARI,01,RANDAGI,11,,,,KD0111
3941,KADUNA,CHIKUN,02,CHIKUN,01,,,,KD0201
3942,KADUNA,CHIKUN,02,GWAGWADA,02,,,,KD0202
3943,KADUNA,CHIKUN,02,KAKAU,03,,,,KD0203
3944,KADUNA,CHIKUN,02,KUJAMA,04,,,,KD0204
3945,KADUNA,CHIKUN,02,KUNAI,05,,,,KD0205
3946,KADUNA,CHIKUN,02,KURIGA,06,,,,KD0206
3947,KADUNA,CHIKUN,02,NARAYI,07,,,,KD0207
3948,KADUNA,CHIKUN,02,NASSARAWA,08,,,,KD0208
3949,KADUNA,CHIKUN,02,RIDO,09,,,,KD0209
3950,KADUNA,CHIKUN,02,SABON TASHA,10,,,,KD0210
3951,KADUNA,CHIKUN,02,UNG.YELWA,11,,,,KD0211
3952,KADUNA,CHIKUN,02,SABON GARI NASSARAWA/TIRKANIYA,12,,,,KD0212
3953,KADUNA,GIWA,03,GIWA,01,,,,KD0301
3954,KADUNA,GIWA,03,KAKANGI,02,,,,KD0302
3955,KADUNA,GIWA,03,GANGARA,03,,,,KD0303
3956,KADUNA,GIWA,03,SHIKA,04,,,,KD0304
3957,KADUNA,GIWA,03,DANMAHAWAYI,05,,,,KD0305
3958,KADUNA,GIWA,03,YAKAWADA,06,,,,KD0306
3959,KADUNA,GIWA,03,IDASU,07,,,,KD0307
3960,KADUNA,GIWA,03,KIDANDAN,08,,,,KD0308
3961,KADUNA,GIWA,03,GALADIMAWA,09,,,,KD0309
3962,KADUNA,GIWA,03,KADAGE,10,,,,KD0310
3963,KADUNA,GIWA,03,PANHAUYA,11,,,,KD0311
3964,KADUNA,IGABI,04,TURUNKU,01,,,,KD0401
3965,KADUNA,IGABI,04,ZANGON-AYA,02,,,,KD0402
3966,KADUNA,IGABI,04,GWARAJI,03,,,,KD0403
3967,KADUNA,IGABI,04,BIRNIN YERO,04,,,,KD0404
3968,KADUNA,IGABI,04,IGABI,05,,,,KD0405
3969,KADUNA,IGABI,04,RIGACHIKUN,06,,,,KD0406
3970,KADUNA,IGABI,04,AFAKA,07,,,,KD0407
3971,KADUNA,IGABI,04,SABON BIRNIN DAJI,08,,,,KD0408
3972,KADUNA,IGABI,04,KERAWA,09,,,,KD0409
3973,KADUNA,IGABI,04,KWARAU,10,,,,KD0410
3974,KADUNA,IGABI,04,GADAN-GAYAN,11,,,,KD0411
3975,KADUNA,IGABI,04,RIGASA,12,,,,KD0412
3976,KADUNA,IKARA,05,IKARA,01,,,,KD0501
3977,KADUNA,IKARA,05,JANFALAN,02,,,,KD0502
3978,KADUNA,IKARA,05,KURMIN KOGI,03,,,,KD0503
3979,KADUNA,IKARA,05,SAULAWA,04,,,,KD0504
3980,KADUNA,IKARA,05,PALA,05,,,,KD0505
3981,KADUNA,IKARA,05,SAYA-SAYA,06,,,,KD0506
3982,KADUNA,IKARA,05,AUCHAN,07,,,,KD0507
3983,KADUNA,IKARA,05,RUMI,08,,,,KD0508
3984,KADUNA,IKARA,05,PAKI,09,,,,KD0509
3985,KADUNA,IKARA,05,KUYA,10,,,,KD0510
3986,KADUNA,JABA,06,DUYYAH,01,,,,KD0601
3987,KADUNA,JABA,06,SAMBAM,02,,,,KD0602
3988,KADUNA,JABA,06,FADA,03,,,,KD0603
3989,KADUNA,JABA,06,SABCHEM,04,,,,KD0604
3990,KADUNA,JABA,06,SABZURO,05,,,,KD0605
3991,KADUNA,JABA,06,DURA/BITARO,06,,,,KD0606
3992,KADUNA,JABA,06,DADDU,07,,,,KD0607
3993,KADUNA,JABA,06,CHORI,08,,,,KD0608
3994,KADUNA,JABA,06,NOK,09,,,,KD0609
3995,KADUNA,JABA,06,FAI,10,,,,KD0610
3996,KADUNA,JEMA’A’,07,KAFANCHAN ‘A’,01,,,,KD0701
3997,KADUNA,JEMA’A’,07,KAFANCHAN ‘B’,02,,,,KD0702
3998,KADUNA,JEMA’A’,07,MAIGIZO A,03,,,,KD0703
3999,KADUNA,JEMA’A’,07,KANINKON,04,,,,KD0704
4000,KADUNA,JEMA’A’,07,JAGINDI,05,,,,KD0705
4001,KADUNA,JEMA’A’,07,GODOGODO,06,,,,KD0706
4002,KADUNA,JEMA’A’,07,GIDAN WAYA,07,,,,KD0707
4003,KADUNA,JEMA’A’,07,TARFAN/ATUKU,08,,,,KD0708
4004,KADUNA,JEMA’A’,07,ASSO,09,,,,KD0709
4005,KADUNA,JEMA’A’,07,BEDDE,10,,,,KD0710
4006,KADUNA,JEMA’A’,07,KAGOMA,11,,,,KD0711
4007,KADUNA,JEMA’A’,07,TAKAU ‘B’,12,,,,KD0712
4008,KADUNA,KACHIA,08,AGUNU,01,,,,KD0801
4009,KADUNA,KACHIA,08,AWON,02,,,,KD0802
4010,KADUNA,KACHIA,08,DOKWA,03,,,,KD0803
4011,KADUNA,KACHIA,08,GUWEL,04,,,,KD0804
4012,KADUNA,KACHIA,08,GIDAN TAGWAI,05,,,,KD0805
4013,KADUNA,KACHIA,08,KWATURU,06,,,,KD0806
4014,KADUNA,KACHIA,08,ANKWA,07,,,,KD0807
4015,KADUNA,KACHIA,08,KATARI,08,,,,KD0808
4016,KADUNA,KACHIA,08,BISHINI,09,,,,KD0809
4017,KADUNA,KACHIA,08,KACHI URBAN,10,,,,KD0810
4018,KADUNA,KACHIA,08,SABON SARKI,11,,,,KD0811
4019,KADUNA,KACHIA,08,KURMIN MUSA,12,,,,KD0812
4020,KADUNA,KADUN NORTH,09,SHABA,01,,,,KD0901
4021,KADUNA,KADUN NORTH,09,UNG. GAJI,02,,,,KD0902
4022,KADUNA,KADUN NORTH,09,UNG. LIMAN,03,,,,KD0903
4023,KADUNA,KADUN NORTH,09,UNG. MAIBURJI,04,,,,KD0904
4024,KADUNA,KADUN NORTH,09,KABALA COSTAIN/DOKI,05,,,,KD0905
4025,KADUNA,KADUN NORTH,09,GABASAWA,06,,,,KD0906
4026,KADUNA,KADUN NORTH,09,UNG.SARKI,07,,,,KD0907
4027,KADUNA,KADUN NORTH,09,BADARAWA,08,,,,KD0908
4028,KADUNA,KADUN NORTH,09,UNG. DOSA,09,,,,KD0909
4029,KADUNA,KADUN NORTH,09,KAWO,10,,,,KD0910
4030,KADUNA,KADUN NORTH,09,HAYIN BANKI,11,,,,KD0911
4031,KADUNA,KADUN NORTH,09,UNG. SHANU,12,,,,KD0912
4032,KADUNA,KADUN SOUTH,10,MAKERA,01,,,,KD1001
4033,KADUNA,KADUN SOUTH,10,BARNAWA,02,,,,KD1002
4034,KADUNA,KADUN SOUTH,10,KAKURI GWARI,03,,,,KD1003
4035,KADUNA,KADUN SOUTH,10,TWLWVISION,04,,,,KD1004
4036,KADUNA,KADUN SOUTH,10,KAKURI HAUSA,05,,,,KD1005
4037,KADUNA,KADUN SOUTH,10,TUDUN WADA NORTH,06,,,,KD1006
4038,KADUNA,KADUN SOUTH,10,TUDUN WADA SOUTH,07,,,,KD1007
4039,KADUNA,KADUN SOUTH,10,TUDUN WADA WEST,08,,,,KD1008
4040,KADUNA,KADUN SOUTH,10,TUDUN NUPAWA,09,,,,KD1009
4041,KADUNA,KADUN SOUTH,10,SABON GARI SOUTH,10,,,,KD1010
4042,KADUNA,KADUN SOUTH,10,SABON GARI NORTH,11,,,,KD1011
4043,KADUNA,KADUN SOUTH,10,UNGUWAN SANUSI,12,,,,KD1012
4044,KADUNA,KADUN SOUTH,10,BADIKO,13,,,,KD1013
4045,KADUNA,KAGARKO,11,KAGARKO NORTH,01,,,,KD1101
4046,KADUNA,KAGARKO,11,KAGARKO SOUTH,02,,,,KD1102
4047,KADUNA,KAGARKO,11,KUSHE,03,,,,KD1103
4048,KADUNA,KAGARKO,11,JERE NORTH,04,,,,KD1104
4049,KADUNA,KAGARKO,11,JERE SOUTH,05,,,,KD1105
4050,KADUNA,KAGARKO,11,IDDAH,06,,,,KD1106
4051,KADUNA,KAGARKO,11,ARIBI,07,,,,KD1107
4052,KADUNA,KAGARKO,11,KURMIN JIBRIN,08,,,,KD1108
4053,KADUNA,KAGARKO,11,KATUGAL,09,,,,KD1109
4054,KADUNA,KAGARKO,11,KUKUI,10,,,,KD1110
4055,KADUNA,KAJURU,12,KAJURU,01,,,,KD1201
4056,KADUNA,KAJURU,12,TANTATU,02,,,,KD1202
4057,KADUNA,KAJURU,12,BUDA,03,,,,KD1203
4058,KADUNA,KAJURU,12,KUFANA,04,,,,KD1204
4059,KADUNA,KAJURU,12,AFOGO,05,,,,KD1205
4060,KADUNA,KAJURU,12,KASUWAN MAGANI,06,,,,KD1206
4061,KADUNA,KAJURU,12,KALLAH,07,,,,KD1207
4062,KADUNA,KAJURU,12,RIMAU,08,,,,KD1208
4063,KADUNA,KAJURU,12,IDON,09,,,,KD1209
4064,KADUNA,KAJURU,12,MARO,10,,,,KD1210
4065,KADUNA,KAURA,13,FADA,01,,,,KD1301
4066,KADUNA,KAURA,13,KUKUM,02,,,,KD1302
4067,KADUNA,KAURA,13,KPAK,03,,,,KD1303
4068,KADUNA,KAURA,13,AGBAN,04,,,,KD1304
4069,KADUNA,KAURA,13,KADARKO,05,,,,KD1305
4070,KADUNA,KAURA,13,MALAGUM,06,,,,KD1306
4071,KADUNA,KAURA,13,MANCHOK,07,,,,KD1307
4072,KADUNA,KAURA,13,BONDON,08,,,,KD1308
4073,KADUNA,KAURA,13,KAURA,09,,,,KD1309
4074,KADUNA,KAURA,13,ZANKAN,10,,,,KD1310
4075,KADUNA,KAURU,14,KAURU WEST,01,,,,KD1401
4076,KADUNA,KAURU,14,MAKAMI,02,,,,KD1402
4077,KADUNA,KAURU,14,DAWAKI,03,,,,KD1403
4078,KADUNA,KAURU,14,KWASSAMA,04,,,,KD1404
4079,KADUNA,KAURU,14,BITAL,05,,,,KD1405
4080,KADUNA,KAURU,14,GESHERE,06,,,,KD1406
4081,KADUNA,KAURU,14,DAMA KASUWA,07,,,,KD1407
4082,KADUNA,KAURU,14,BADURUM SAMA,08,,,,KD1408
4083,KADUNA,KAURU,14,KAMARU,09,,,,KD1409
4084,KADUNA,KAURU,14,PARI,10,,,,KD1410
4085,KADUNA,KAURU,14,KAURU EAST,11,,,,KD1411
4086,KADUNA,KUBAU,15,KUBAU,01,,,,KD1501
4087,KADUNA,KUBAU,15,DUTSEN WAI,02,,,,KD1502
4088,KADUNA,KUBAU,15,PAMBEGUA,03,,,,KD1503
4089,KADUNA,KUBAU,15,ZUNTU,04,,,,KD1504
4090,KADUNA,KUBAU,15,DAMAU,05,,,,KD1505
4091,KADUNA,KUBAU,15,KARREH,06,,,,KD1506
4092,KADUNA,KUBAU,15,ANCHAU,07,,,,KD1507
4093,KADUNA,KUBAU,15,HASKIYA,08,,,,KD1508
4094,KADUNA,KUBAU,15,KARGI,09,,,,KD1509
4095,KADUNA,KUBAU,15,MAH,10,,,,KD1510
4096,KADUNA,KUBAU,15,ZABI,11,,,,KD1511
4097,KADUNA,KUDAN,16,KUDAN,01,,,,KD1601
4098,KADUNA,KUDAN,16,HUNKUYI,02,,,,KD1602
4099,KADUNA,KUDAN,16,SABON GARIN KUNKUYI,03,,,,KD1603
4100,KADUNA,KUDAN,16,GARU,04,,,,KD1604
4101,KADUNA,KUDAN,16,ZABI,05,,,,KD1605
4102,KADUNA,KUDAN,16,DOKA,06,,,,KD1606
4103,KADUNA,KUDAN,16,LIKORO,07,,,,KD1607
4104,KADUNA,KUDAN,16,TABAN SANI,08,,,,KD1608
4105,KADUNA,KUDAN,16,K/WALI (N),09,,,,KD1609
4106,KADUNA,KUDAN,16,K/WALI (S),10,,,,KD1610
4107,KADUNA,LERE,17,SABON   BIRNIN,01,,,,KD1701
4108,KADUNA,LERE,17,YAR KASUWA,02,,,,KD1702
4109,KADUNA,LERE,17,GARU,03,,,,KD1703
4110,KADUNA,LERE,17,KAYARDA,04,,,,KD1704
4111,KADUNA,LERE,17,LERE,05,,,,KD1705
4112,KADUNA,LERE,17,RAMIN KURA,06,,,,KD1706
4113,KADUNA,LERE,17,SAMINAKA,07,,,,KD1707
4114,KADUNA,LERE,17,LAZURU,08,,,,KD1708
4115,KADUNA,LERE,17,ABADAWA,09,,,,KD1709
4116,KADUNA,LERE,17,DAN ALHAJI,10,,,,KD1710
4117,KADUNA,LERE,17,GURE/KAHUGU,11,,,,KD1711
4118,KADUNA,MAKARFI,18,MAKARFI,01,,,,KD1801
4119,KADUNA,MAKARFI,18,TUDUN WADA,02,,,,KD1802
4120,KADUNA,MAKARFI,18,GAZARA,03,,,,KD1803
4121,KADUNA,MAKARFI,18,DANGUZIRI,04,,,,KD1804
4122,KADUNA,MAKARFI,18,GIMI,05,,,,KD1805
4123,KADUNA,MAKARFI,18,NASARAWA WANDOYA,06,,,,KD1806
4124,KADUNA,MAKARFI,18,MAYERE,07,,,,KD1807
4125,KADUNA,MAKARFI,18,GUBUCHI,08,,,,KD1808
4126,KADUNA,MAKARFI,18,GWANKI,09,,,,KD1809
4127,KADUNA,MAKARFI,18,DAN DAMISA,10,,,,KD1810
4128,KADUNA,SABON GARI,19,SAMARU,01,,,,KD1901
4129,KADUNA,SABON GARI,19,JAMA’A,02,,,,KD1902
4130,KADUNA,SABON GARI,19,BOMO,03,,,,KD1903
4131,KADUNA,SABON GARI,19,BASAWA,04,,,,KD1904
4132,KADUNA,SABON GARI,19,CHIKAJI,05,,,,KD1905
4133,KADUNA,SABON GARI,19,MUCHIA,06,,,,KD1906
4134,KADUNA,SABON GARI,19,JUSHIN,07,,,,KD1907
4135,KADUNA,SABON GARI,19,HANWA,08,,,,KD1908
4136,KADUNA,SABON GARI,19,DOGORAWA,09,,,,KD1909
4137,KADUNA,SABON GARI,19,UNGUWAN GABAS,10,,,,KD1910
4138,KADUNA,SABON GARI,19,ZABI,11,,,,KD1911
4139,KADUNA,SANGA,20,GWANTU,01,,,,KD2001
4140,KADUNA,SANGA,20,FADAN KARSHI,02,,,,KD2002
4141,KADUNA,SANGA,20,AYU,03,,,,KD2003
4142,KADUNA,SANGA,20,NINZAM NORTH,04,,,,KD2004
4143,KADUNA,SANGA,20,NINZAM SOUTH,05,,,,KD2005
4144,KADUNA,SANGA,20,NINZAM  WEST,06,,,,KD2006
4145,KADUNA,SANGA,20,BOKANA,07,,,,KD2007
4146,KADUNA,SANGA,20,ABORO,08,,,,KD2008
4147,KADUNA,SANGA,20,WASA STATION,09,,,,KD2009
4148,KADUNA,SANGA,20,ARAK,10,,,,KD2010
4149,KADUNA,SANGA,20,NANDU,11,,,,KD2011
4150,KADUNA,SOBA,21,MAIGANA,01,,,,KD2101
4151,KADUNA,SOBA,21,KINKIBA,02,,,,KD2102
4152,KADUNA,SOBA,21,GIMBA,03,,,,KD2103
4153,KADUNA,SOBA,21,KWASSALLO,04,,,,KD2104
4154,KADUNA,SOBA,21,RICHIFA,05,,,,KD2105
4155,KADUNA,SOBA,21,GAMAGIRA,06,,,,KD2106
4156,KADUNA,SOBA,21,DANWATA,07,,,,KD2107
4157,KADUNA,SOBA,21,TURAWA,08,,,,KD2108
4158,KADUNA,SOBA,21,SOBA,09,,,,KD2109
4159,KADUNA,SOBA,21,GARU GWANKI,10,,,,KD2110
4160,KADUNA,SOBA,21,RAHAMA,11,,,,KD2111
4161,KADUNA,ZAGON KATAF,22,GORA,01,,,,KD2201
4162,KADUNA,ZAGON KATAF,22,ZONZON,02,,,,KD2202
4163,KADUNA,ZAGON KATAF,22,ZAMAN DABO,03,,,,KD2203
4164,KADUNA,ZAGON KATAF,22,UNGUWAN GAIYA,04,,,,KD2204
4165,KADUNA,ZAGON KATAF,22,ZONKWA,05,,,,KD2205
4166,KADUNA,ZAGON KATAF,22,MADAKIYA,06,,,,KD2206
4167,KADUNA,ZAGON KATAF,22,UNGUWAN RIMI,07,,,,KD2207
4168,KADUNA,ZAGON KATAF,22,GIDAN JATAU,08,,,,KD2208
4169,KADUNA,ZAGON KATAF,22,KAMANTON,09,,,,KD2209
4170,KADUNA,ZAGON KATAF,22,KAMARU/IKULU,10,,,,KD2210
4171,KADUNA,ZAGON KATAF,22,ZANGO URBAN,11,,,,KD2211
4172,KADUNA,ZARIA,23,KWARBAIA,01,,,,KD2301
4173,KADUNA,ZARIA,23,KWARBAI B,02,,,,KD2302
4174,KADUNA,ZARIA,23,ANGUWAN JUMA,03,,,,KD2303
4175,KADUNA,ZARIA,23,LIMANCIN KONA,04,,,,KD2304
4176,KADUNA,ZARIA,23,KAURA,05,,,,KD2305
4177,KADUNA,ZARIA,23,TUDUN WADA,06,,,,KD2306
4178,KADUNA,ZARIA,23,GYALLESU,07,,,,KD2307
4179,KADUNA,ZARIA,23,UNG.FATIKA,08,,,,KD2308
4180,KADUNA,ZARIA,23,TUKUR-TUKUR,09,,,,KD2309
4181,KADUNA,ZARIA,23,DAMBO,10,,,,KD2310
4182,KADUNA,ZARIA,23,WUCICIRI,11,,,,KD2311
4183,KADUNA,ZARIA,23,DUTSEN ABBA,12,,,,KD2312
4184,KADUNA,ZARIA,23,KUFENA B,13,,,,KD2313
4185,KANO,AJINGI,01,AJINGI,01,,,,KN0101
4186,KANO,AJINGI,01,BALARE,02,,,,KN0102
4187,KANO,AJINGI,01,CHULA,03,,,,KN0103
4188,KANO,AJINGI,01,DABIN-KANAWA,04,,,,KN0104
4189,KANO,AJINGI,01,DUNDUN,05,,,,KN0105
4190,KANO,AJINGI,01,GAFASA,06,,,,KN0106
4191,KANO,AJINGI,01,GURDUBA,07,,,,KN0107
4192,KANO,AJINGI,01,KUNKUNRAWA,08,,,,KN0108
4193,KANO,AJINGI,01,TORANKE,09,,,,KN0109
4194,KANO,AJINGI,01,UNGUWAR-BAI,10,,,,KN0110
4195,KANO,ALBASU,02,ALBASU CENTRAL,01,,,,KN0201
4196,KANO,ALBASU,02,BATAIYA,02,,,,KN0202
4197,KANO,ALBASU,02,CHAMARANA,03,,,,KN0203
4198,KANO,ALBASU,02,DAHO,04,,,,KN0204
4199,KANO,ALBASU,02,FANDA,05,,,,KN0205
4200,KANO,ALBASU,02,FARAGAI,06,,,,KN0206
4201,KANO,ALBASU,02,GARARAME,07,,,,KN0207
4202,KANO,ALBASU,02,HUNGU,08,,,,KN0208
4203,KANO,ALBASU,02,SAYASAYA,09,,,,KN0209
4204,KANO,ALBASU,02,TSANGAYA,10,,,,KN0210
4205,KANO,BAGWAI,03,BAGWAI,01,,,,KN0301
4206,KANO,BAGWAI,03,DANGADA,02,,,,KN0302
4207,KANO,BAGWAI,03,GADANYA,03,,,,KN0303
4208,KANO,BAGWAI,03,GORORI,04,,,,KN0304
4209,KANO,BAGWAI,03,KIYAWA,05,,,,KN0305
4210,KANO,BAGWAI,03,KWAJALI,06,,,,KN0306
4211,KANO,BAGWAI,03,RIMIN DAKO,07,,,,KN0307
4212,KANO,BAGWAI,03,ROMO,08,,,,KN0308
4213,KANO,BAGWAI,03,SARE-SARE,09,,,,KN0309
4214,KANO,BAGWAI,03,WUROBAGGA,10,,,,KN0310
4215,KANO,BEBEJI,04,ANADARIYA,01,,,,KN0401
4216,KANO,BEBEJI,04,BAGUDA,02,,,,KN0402
4217,KANO,BEBEJI,04,BEBEJI,03,,,,KN0403
4218,KANO,BEBEJI,04,DAMAU,04,,,,KN0404
4219,KANO,BEBEJI,04,DIRMAWA,05,,,,KN0405
4220,KANO,BEBEJI,04,GARGAI,06,,,,KN0406
4221,KANO,BEBEJI,04,GWARMAI,07,,,,KN0407
4222,KANO,BEBEJI,04,KOFA,08,,,,KN0408
4223,KANO,BEBEJI,04,KUKI,09,,,,KN0409
4224,KANO,BEBEJI,04,RAHAMA,10,,,,KN0410
4225,KANO,BEBEJI,04,RANKA,11,,,,KN0411
4226,KANO,BEBEJI,04,RANTAN,12,,,,KN0412
4227,KANO,BEBEJI,04,TARIWA,13,,,,KN0413
4228,KANO,BEBEJI,04,WAK,14,,,,KN0414
4229,KANO,BICHI,05,BADUME,01,,,,KN0501
4230,KANO,BICHI,05,BICHI,02,,,,KN0502
4231,KANO,BICHI,05,DANZABUWA,03,,,,KN0503
4232,KANO,BICHI,05,FAGOLO,04,,,,KN0504
4233,KANO,BICHI,05,KAU-KAU,05,,,,KN0505
4234,KANO,BICHI,05,KWAMBARAWA,06,,,,KN0506
4235,KANO,BICHI,05,KYALLI,07,,,,KN0507
4236,KANO,BICHI,05,MUNTSIRA,08,,,,KN0508
4237,KANO,BICHI,05,SAYE,09,,,,KN0509
4238,KANO,BICHI,05,WAIRE,10,,,,KN0510
4239,KANO,BICHI,05,YALLAMI,11,,,,KN0511
4240,KANO,BUNKURE,06,BARKUM,01,,,,KN0601
4241,KANO,BUNKURE,06,BUNKURE,02,,,,KN0602
4242,KANO,BUNKURE,06,BONO,03,,,,KN0603
4243,KANO,BUNKURE,06,CHIRIN,04,,,,KN0604
4244,KANO,BUNKURE,06,GAFAN,05,,,,KN0605
4245,KANO,BUNKURE,06,GURJIYA,06,,,,KN0606
4246,KANO,BUNKURE,06,GWAMMA,07,,,,KN0607
4247,KANO,BUNKURE,06,KULLUWA,08,,,,KN0608
4248,KANO,BUNKURE,06,KUMURYA,09,,,,KN0609
4249,KANO,BUNKURE,06,SANDA,10,,,,KN0610
4250,KANO,DALA,07,ADAKAWA,01,,,,KN0701
4251,KANO,DALA,07,BAKIN RUWA,02,,,,KN0702
4252,KANO,DALA,07,DALA,03,,,,KN0703
4253,KANO,DALA,07,DOGON NAMA,04,,,,KN0704
4254,KANO,DALA,07,GOBIRAWA,05,,,,KN0705
4255,KANO,DALA,07,GWAMMAJA,06,,,,KN0706
4256,KANO,DALA,07,KABUWAYA,07,,,,KN0707
4257,KANO,DALA,07,KANTUDU,08,,,,KN0708
4258,KANO,DALA,07,KOFAR MAZUGAL,09,,,,KN0709
4259,KANO,DALA,07,KOFAR RUWA,10,,,,KN0710
4260,KANO,DALA,07,MADIGAWA,11,,,,KN0711
4261,KANO,DALA,07,YALWA,12,,,,KN0712
4262,KANO,DANBATTA,08,AJUMAWA,01,,,,KN0801
4263,KANO,DANBATTA,08,DANBATTA EAST,02,,,,KN0802
4264,KANO,DANBATTA,08,DANBATTA WEST,03,,,,KN0803
4265,KANO,DANBATTA,08,FAGWALAWA,04,,,,KN0804
4266,KANO,DANBATTA,08,GORON MAJE,05,,,,KN0805
4267,KANO,DANBATTA,08,GWANDA,06,,,,KN0806
4268,KANO,DANBATTA,08,GWARABJAWA,07,,,,KN0807
4269,KANO,DANBATTA,08,KORE,08,,,,KN0808
4270,KANO,DANBATTA,08,SAIDAWA,09,,,,KN0809
4271,KANO,DANBATTA,08,SANSAN,10,,,,KN0810
4272,KANO,DAWAKIN KUDU,09,DABAR KWARI,01,,,,KN0901
4273,KANO,DAWAKIN KUDU,09,DANBAGINA,02,,,,KN0902
4274,KANO,DAWAKIN KUDU,09,DAWAKI,03,,,,KN0903
4275,KANO,DAWAKIN KUDU,09,DAWAKIJI,04,,,,KN0904
4276,KANO,DAWAKIN KUDU,09,DOSAN,05,,,,KN0905
4277,KANO,DAWAKIN KUDU,09,GANO,06,,,,KN0906
4278,KANO,DAWAKIN KUDU,09,GURJIYA,07,,,,KN0907
4279,KANO,DAWAKIN KUDU,09,JIDO,08,,,,KN0908
4280,KANO,DAWAKIN KUDU,09,TAMBURAWA,09,,,,KN0909
4281,KANO,DAWAKIN KUDU,09,TSAKUWA,10,,,,KN0910
4282,KANO,DAWAKIN KUDU,09,UNG. DUNIYA,11,,,,KN0911
4283,KANO,DAWAKIN KUDU,09,YANBARAU,12,,,,KN0912
4284,KANO,DAWAKIN KUDU,09,YANKA TSARI,13,,,,KN0913
4285,KANO,DAWAKIN KUDU,09,YARGAYA,14,,,,KN0914
4286,KANO,DAWAKIN KUDU,09,ZOGARAWA,15,,,,KN0915
4287,KANO,DAWAKIN TOFA,10,DAWAKI EAST,01,,,,KN1001
4288,KANO,DAWAKIN TOFA,10,DAWAKI WEST,02,,,,KN1002
4289,KANO,DAWAKIN TOFA,10,DAWANAU,03,,,,KN1003
4290,KANO,DAWAKIN TOFA,10,DANGUGUWA,04,,,,KN1004
4291,KANO,DAWAKIN TOFA,10,GANDUJE,05,,,,KN1005
4292,KANO,DAWAKIN TOFA,10,GARGARI,06,,,,KN1006
4293,KANO,DAWAKIN TOFA,10,JALLI,07,,,,KN1007
4294,KANO,DAWAKIN TOFA,10,KWA,08,,,,KN1008
4295,KANO,DAWAKIN TOFA,10,MARKE,09,,,,KN1009
4296,KANO,DAWAKIN TOFA,10,TATTARAWA,10,,,,KN1010
4297,KANO,DAWAKIN TOFA,10,TUMFAFI,11,,,,KN1011
4298,KANO,DOGUWA,11,DARIYA,01,,,,KN1101
4299,KANO,DOGUWA,11,DOGON KAWO,02,,,,KN1102
4300,KANO,DOGUWA,11,DOGUWA,03,,,,KN1103
4301,KANO,DOGUWA,11,FALGORE,04,,,,KN1104
4302,KANO,DOGUWA,11,MARAKU,05,,,,KN1105
4303,KANO,DOGUWA,11,RAGADA,06,,,,KN1106
4304,KANO,DOGUWA,11,RIRIWAI,07,,,,KN1107
4305,KANO,DOGUWA,11,TAGWAYE,08,,,,KN1108
4306,KANO,DOGUWA,11,UNGUWAR NATSOHUWA,09,,,,KN1109
4307,KANO,DOGUWA,11,ZAINABI,10,,,,KN1110
4308,KANO,FAGGE,12,FAGGE A,01,,,,KN1201
4309,KANO,FAGGE,12,FAGGE B,02,,,,KN1202
4310,KANO,FAGGE,12,FAGGE C,03,,,,KN1203
4311,KANO,FAGGE,12,FAGGE D,04,,,,KN1204
4312,KANO,FAGGE,12,FAGGE E,05,,,,KN1205
4313,KANO,FAGGE,12,KWACHIRI,06,,,,KN1206
4314,KANO,FAGGE,12,RIJIYAR LEMO,07,,,,KN1207
4315,KANO,FAGGE,12,SABON GARI EAST,08,,,,KN1208
4316,KANO,FAGGE,12,SABON GARI WEST,09,,,,KN1209
4317,KANO,FAGGE,12,YAMMATA,10,,,,KN1210
4318,KANO,GABASAWA,13,GABASAWA,01,,,,KN1301
4319,KANO,GABASAWA,13,GARUN DANGA,02,,,,KN1302
4320,KANO,GABASAWA,13,JODA,03,,,,KN1303
4321,KANO,GABASAWA,13,KARMAMI,04,,,,KN1304
4322,KANO,GABASAWA,13,MEKIYA,05,,,,KN1305
4323,KANO,GABASAWA,13,TARAUNI,06,,,,KN1306
4324,KANO,GABASAWA,13,YAUTAR AREWA,07,,,,KN1307
4325,KANO,GABASAWA,13,YAUTAR KUDU,08,,,,KN1308
4326,KANO,GABASAWA,13,YUMBU,09,,,,KN1309
4327,KANO,GABASAWA,13,ZAKIRAI,10,,,,KN1310
4328,KANO,GABASAWA,13,ZUGACHI,11,,,,KN1311
4329,KANO,GARKO,14,DAL,01,,,,KN1401
4330,KANO,GARKO,14,GARIN ALI,02,,,,KN1402
4331,KANO,GARKO,14,GARKO,03,,,,KN1403
4332,KANO,GARKO,14,GURJIYA,04,,,,KN1404
4333,KANO,GARKO,14,KAFIN MALAMAI,05,,,,KN1405
4334,KANO,GARKO,14,KATUMARI,06,,,,KN1406
4335,KANO,GARKO,14,KWAS,07,,,,KN1407
4336,KANO,GARKO,14,RABA,08,,,,KN1408
4337,KANO,GARKO,14,SARINA,09,,,,KN1409
4338,KANO,GARKO,14,ZAKARWA,10,,,,KN1410
4339,KANO,GARUN MALAM,15,CHIROMAWA,01,,,,KN1501
4340,KANO,GARUN MALAM,15,DORAWAR SALLAU,02,,,,KN1502
4341,KANO,GARUN MALAM,15,FANKURUN,03,,,,KN1503
4342,KANO,GARUN MALAM,15,GARUN BABBA,04,,,,KN1504
4343,KANO,GARUN MALAM,15,GARUN MALAM,05,,,,KN1505
4344,KANO,GARUN MALAM,15,JOBAWA,06,,,,KN1506
4345,KANO,GARUN MALAM,15,KADAWA,07,,,,KN1507
4346,KANO,GARUN MALAM,15,MAKWARO,08,,,,KN1508
4347,KANO,GARUN MALAM,15,YADAKWARI,09,,,,KN1509
4348,KANO,GARUN MALAM,15,YALWAN YADAKWARI,10,,,,KN1510
4349,KANO,GAYA,16,BALAN,01,,,,KN1601
4350,KANO,GAYA,16,GAYA AREWA,02,,,,KN1602
4351,KANO,GAYA,16,GAYA KUDU,03,,,,KN1603
4352,KANO,GAYA,16,GAMARIA,04,,,,KN1604
4353,KANO,GAYA,16,GAMOJI,05,,,,KN1605
4354,KANO,GAYA,16,KADEMI,06,,,,KN1606
4355,KANO,GAYA,16,KAZURAWA,07,,,,KN1607
4356,KANO,GAYA,16,MAIMAKAWA,08,,,,KN1608
4357,KANO,GAYA,16,SHAGOGO,09,,,,KN1609
4358,KANO,GAYA,16,WUDILAWA,10,,,,KN1610
4359,KANO,GEZAWA,17,BABAWA,01,,,,KN1701
4360,KANO,GEZAWA,17,GAWO,02,,,,KN1702
4361,KANO,GEZAWA,17,GEZAWA,03,,,,KN1703
4362,KANO,GEZAWA,17,JOGANA,04,,,,KN1704
4363,KANO,GEZAWA,17,KETAWA,05,,,,KN1705
4364,KANO,GEZAWA,17,MESAR TUDU,06,,,,KN1706
4365,KANO,GEZAWA,17,SARARIN GEZAWA,07,,,,KN1707
4366,KANO,GEZAWA,17,TSAMIYA BABBA,08,,,,KN1708
4367,KANO,GEZAWA,17,TUMBAU,09,,,,KN1709
4368,KANO,GEZAWA,17,WANGARA,10,,,,KN1710
4369,KANO,GEZAWA,17,ZANGO,11,,,,KN1711
4370,KANO,GWALE,18,DANDAGO,01,,,,KN1801
4371,KANO,GWALE,18,DISO,02,,,,KN1802
4372,KANO,GWALE,18,DORAYI,03,,,,KN1803
4373,KANO,GWALE,18,GALADANCHI,04,,,,KN1804
4374,KANO,GWALE,18,GORON DUTSE,05,,,,KN1805
4375,KANO,GWALE,18,GWALE,06,,,,KN1806
4376,KANO,GWALE,18,GYARANYA,07,,,,KN1807
4377,KANO,GWALE,18,KUBUGA,08,,,,KN1808
4378,KANO,GWALE,18,MANDAWARI,09,,,,KN1809
4379,KANO,GWALE,18,SANI MAINGAGGE,10,,,,KN1810
4380,KANO,GWARZO,19,GEBO,01,,,,KN1901
4381,KANO,GWARZO,19,GWARZO,02,,,,KN1902
4382,KANO,GWARZO,19,JAMA’A,03,,,,KN1903
4383,KANO,GWARZO,19,KARA,04,,,,KN1904
4384,KANO,GWARZO,19,KUTAMA,05,,,,KN1905
4385,KANO,GWARZO,19,LAKWAYA,06,,,,KN1906
4386,KANO,GWARZO,19,MADADI,07,,,,KN1907
4387,KANO,GWARZO,19,MAINIKA,08,,,,KN1908
4388,KANO,GWARZO,19,SABON BIRNI,09,,,,KN1909
4389,KANO,GWARZO,19,UNGUWAR-TUDU,10,,,,KN1910
4390,KANO,KABO,20,DUGABAU,01,,,,KN2001
4391,KANO,KABO,20,DURUN,02,,,,KN2002
4392,KANO,KABO,20,GAMMO,03,,,,KN2003
4393,KANO,KABO,20,GARO,04,,,,KN2004
4394,KANO,KABO,20,GODIYA,05,,,,KN2005
4395,KANO,KABO,20,GUDE,06,,,,KN2006
4396,KANO,KABO,20,HAUWADE,07,,,,KN2007
4397,KANO,KABO,20,KABO,08,,,,KN2008
4398,KANO,KABO,20,KANWA,09,,,,KN2009
4399,KANO,KABO,20,MASANAWA,10,,,,KN2010
4400,KANO,KANO MUNICIPAL,21,CHEDI,01,,,,KN2101
4401,KANO,KANO MUNICIPAL,21,DAN AGUNDI,02,,,,KN2102
4402,KANO,KANO MUNICIPAL,21,GANDUN ALBASA,03,,,,KN2103
4403,KANO,KANO MUNICIPAL,21,JAKARA,04,,,,KN2104
4404,KANO,KANO MUNICIPAL,21,KANKAROFI,05,,,,KN2105
4405,KANO,KANO MUNICIPAL,21,SHAHUCHI,06,,,,KN2106
4406,KANO,KANO MUNICIPAL,21,SHARADA,07,,,,KN2107
4407,KANO,KANO MUNICIPAL,21,SHESHE,08,,,,KN2108
4408,KANO,KANO MUNICIPAL,21,TUDUN NUFAWA,09,,,,KN2109
4409,KANO,KANO MUNICIPAL,21,TUDUN WAZIRCHI,10,,,,KN2110
4410,KANO,KANO MUNICIPAL,21,YAKASAI,11,,,,KN2111
4411,KANO,KANO MUNICIPAL,21,ZAITAWA,12,,,,KN2112
4412,KANO,KANO MUNICIPAL,21,ZANGO,13,,,,KN2113
4413,KANO,KARAYE,22,DAURA,01,,,,KN2201
4414,KANO,KARAYE,22,KAFIN DAFGA,02,,,,KN2202
4415,KANO,KARAYE,22,KARAYE,03,,,,KN2203
4416,KANO,KARAYE,22,KURUGU,04,,,,KN2204
4417,KANO,KARAYE,22,KWANYAWA,05,,,,KN2205
4418,KANO,KARAYE,22,TUDUN-KAYA,06,,,,KN2206
4419,KANO,KARAYE,22,TURAWA,07,,,,KN2207
4420,KANO,KARAYE,22,UNGUWAR HAJJI,08,,,,KN2208
4421,KANO,KARAYE,22,YAMMEDI,09,,,,KN2209
4422,KANO,KARAYE,22,YOLA,10,,,,KN2210
4423,KANO,KIBIYA,23,DURBA,01,,,,KN2301
4424,KANO,KIBIYA,23,FAMMAR,02,,,,KN2302
4425,KANO,KIBIYA,23,FASSI,03,,,,KN2303
4426,KANO,KIBIYA,23,KADIGAWA,04,,,,KN2304
4427,KANO,KIBIYA,23,KAHU,05,,,,KN2305
4428,KANO,KIBIYA,23,KIBIYA I,06,,,,KN2306
4429,KANO,KIBIYA,23,KIBIYA II,07,,,,KN2307
4430,KANO,KIBIYA,23,NARIYA,08,,,,KN2308
4431,KANO,KIBIYA,23,TARAI,09,,,,KN2309
4432,KANO,KIBIYA,23,UNG/GAI,10,,,,KN2310
4433,KANO,KIRU,24,BA’AWA,01,,,,KN2401
4434,KANO,KIRU,24,BABAFI,02,,,,KN2402
4435,KANO,KIRU,24,BARGONI,03,,,,KN2403
4436,KANO,KIRU,24,BAUDA,04,,,,KN2404
4437,KANO,KIRU,24,DANGORA,05,,,,KN2405
4438,KANO,KIRU,24,DANSOHIYA,06,,,,KN2406
4439,KANO,KIRU,24,DASHI,07,,,,KN2407
4440,KANO,KIRU,24,GALADIMAWA,08,,,,KN2408
4441,KANO,KIRU,24,KIRU,09,,,,KN2409
4442,KANO,KIRU,24,KOGO,10,,,,KN2410
4443,KANO,KIRU,24,MARAKU,11,,,,KN2411
4444,KANO,KIRU,24,TSAUDAWA,12,,,,KN2412
4445,KANO,KIRU,24,YAKO,13,,,,KN2413
4446,KANO,KIRU,24,YALWA,14,,,,KN2414
4447,KANO,KIRU,24,ZUWO,15,,,,KN2415
4448,KANO,KUMBOTSO,25,CHALLAWA,01,,,,KN2501
4449,KANO,KUMBOTSO,25,CHIRANCHI,02,,,,KN2502
4450,KANO,KUMBOTSO,25,DANBARE,03,,,,KN2503
4451,KANO,KUMBOTSO,25,DANMALIKI,04,,,,KN2504
4452,KANO,KUMBOTSO,25,GURIN GAWA,05,,,,KN2505
4453,KANO,KUMBOTSO,25,KUMBOTSO,06,,,,KN2506
4454,KANO,KUMBOTSO,25,KUREKEN SANI,07,,,,KN2507
4455,KANO,KUMBOTSO,25,MARIRI,08,,,,KN2508
4456,KANO,KUMBOTSO,25,NA’IBAWA,09,,,,KN2509
4457,KANO,KUMBOTSO,25,PANSHEKARA,10,,,,KN2510
4458,KANO,KUMBOTSO,25,UNGUWAR RIMI,11,,,,KN2511
4459,KANO,KUNCHI,26,BUMAI,01,,,,KN2601
4460,KANO,KUNCHI,26,GARIN SHEME,02,,,,KN2602
4461,KANO,KUNCHI,26,GWARMAI,03,,,,KN2603
4462,KANO,KUNCHI,26,KASUWAR KUKA,04,,,,KN2604
4463,KANO,KUNCHI,26,KUNCHI,05,,,,KN2605
4464,KANO,KUNCHI,26,MATAM/FADA,06,,,,KN2606
4465,KANO,KUNCHI,26,RIDAWA,07,,,,KN2607
4466,KANO,KUNCHI,26,SHAMAKAWA,08,,,,KN2608
4467,KANO,KUNCHI,26,SHUWAKI,09,,,,KN2609
4468,KANO,KUNCHI,26,YANDADI,10,,,,KN2610
4469,KANO,KURA,27,DALILI,01,,,,KN2701
4470,KANO,KURA,27,DAN HASSAN,02,,,,KN2702
4471,KANO,KURA,27,DUKAWA,03,,,,KN2703
4472,KANO,KURA,27,GUNDUTSE,04,,,,KN2704
4473,KANO,KURA,27,KARFI,05,,,,KN2705
4474,KANO,KURA,27,KOSAWA,06,,,,KN2706
4475,KANO,KURA,27,KURA,07,,,,KN2707
4476,KANO,KURA,27,KURUN SUMAU,08,,,,KN2708
4477,KANO,KURA,27,RIGAR DUKA,09,,,,KN2709
4478,KANO,KURA,27,TANAWA,10,,,,KN2710
4479,KANO,MAKODA,28,BABBAR RIGA,01,,,,KN2801
4480,KANO,MAKODA,28,DURMA,02,,,,KN2802
4481,KANO,MAKODA,28,JIBGA,03,,,,KN2803
4482,KANO,MAKODA,28,KADANDANI,04,,,,KN2804
4483,KANO,MAKODA,28,KOGUNA,05,,,,KN2805
4484,KANO,MAKODA,28,KOREN TABO,06,,,,KN2806
4485,KANO,MAKODA,28,MAITSIDA,07,,,,KN2807
4486,KANO,MAKODA,28,MAKODA,08,,,,KN2808
4487,KANO,MAKODA,28,SATAME,09,,,,KN2809
4488,KANO,MAKODA,28,TANGAJI,10,,,,KN2810
4489,KANO,MAKODA,28,WAILARE,11,,,,KN2811
4490,KANO,MINJIBIR,29,AZORE,01,,,,KN2901
4491,KANO,MINJIBIR,29,GANDURWAWA,02,,,,KN2902
4492,KANO,MINJIBIR,29,KANTAMA,03,,,,KN2903
4493,KANO,MINJIBIR,29,KUNYA,04,,,,KN2904
4494,KANO,MINJIBIR,29,KURU,05,,,,KN2905
4495,KANO,MINJIBIR,29,KWARKIY,06,,,,KN2906
4496,KANO,MINJIBIR,29,MINJIBIR,07,,,,KN2907
4497,KANO,MINJIBIR,29,SARBI,08,,,,KN2908
4498,KANO,MINJIBIR,29,TSAKIYA,09,,,,KN2909
4499,KANO,MINJIBIR,29,TSAKUWA,10,,,,KN2910
4500,KANO,MINJIBIR,29,WASAI,11,,,,KN2911
4501,KANO,MADOBI,30,BURJI,01,,,,KN3001
4502,KANO,MADOBI,30,CINKOSO,02,,,,KN3002
4503,KANO,MADOBI,30,GALINJA,03,,,,KN3003
4504,KANO,MADOBI,30,GORA,04,,,,KN3004
4505,KANO,MADOBI,30,KAFIN AGUR,05,,,,KN3005
4506,KANO,MADOBI,30,KANWA,06,,,,KN3006
4507,KANO,MADOBI,30,KAURAN MATA,07,,,,KN3007
4508,KANO,MADOBI,30,KUBARACHI,08,,,,KN3008
4509,KANO,MADOBI,30,KWANKWASO,09,,,,KN3009
4510,KANO,MADOBI,30,MADOBI,10,,,,KN3010
4511,KANO,MADOBI,30,RIKADAWA,11,,,,KN3011
4512,KANO,MADOBI,30,YAKUN,12,,,,KN3012
4513,KANO,NASARAWA,31,DAKATA,01,,,,KN3101
4514,KANO,NASARAWA,31,GAMA,02,,,,KN3102
4515,KANO,NASARAWA,31,GAWUNA,03,,,,KN3103
4516,KANO,NASARAWA,31,GWAGWARWA,04,,,,KN3104
4517,KANO,NASARAWA,31,GIGINYU,05,,,,KN3105
4518,KANO,NASARAWA,31,HOTORO NORTH,06,,,,KN3106
4519,KANO,NASARAWA,31,HOTORO SOUTH,07,,,,KN3107
4520,KANO,NASARAWA,31,KAWAJI,08,,,,KN3108
4521,KANO,NASARAWA,31,KAURA GOJE,09,,,,KN3109
4522,KANO,NASARAWA,31,TUDUN MURTALA,10,,,,KN3110
4523,KANO,NASARAWA,31,TUDUN WADA,11,,,,KN3111
4524,KANO,RANO,32,DAWAKI,01,,,,KN3201
4525,KANO,RANO,32,LAUSU,02,,,,KN3202
4526,KANO,RANO,32,MADACHI,03,,,,KN3203
4527,KANO,RANO,32,RANO,04,,,,KN3204
4528,KANO,RANO,32,RURUM SABON-GARI,05,,,,KN3205
4529,KANO,RANO,32,RURUM TSOHON-GARI,06,,,,KN3206
4530,KANO,RANO,32,SAJI,07,,,,KN3207
4531,KANO,RANO,32,YALWA,08,,,,KN3208
4532,KANO,RANO,32,ZINYAU,09,,,,KN3209
4533,KANO,RANO,32,ZURGU,10,,,,KN3210
4534,KANO,RIMIN GADO,33,BUTU-BUTU,01,,,,KN3301
4535,KANO,RIMIN GADO,33,DAWAKIN GULU,02,,,,KN3302
4536,KANO,RIMIN GADO,33,DOKA-DAWA,03,,,,KN3303
4537,KANO,RIMIN GADO,33,DURURAWA,04,,,,KN3304
4538,KANO,RIMIN GADO,33,GULU,05,,,,KN3305
4539,KANO,RIMIN GADO,33,JILI,06,,,,KN3306
4540,KANO,RIMIN GADO,33,KAROFIN YASHI,07,,,,KN3307
4541,KANO,RIMIN GADO,33,RIMIN GADO,08,,,,KN3308
4542,KANO,RIMIN GADO,33,SAKARATSA,09,,,,KN3309
4543,KANO,RIMIN GADO,33,TAMAWA,10,,,,KN3310
4544,KANO,RIMIN GADO,33,YALWAN DANZIYAL,11,,,,KN3311
4545,KANO,RIMIN GADO,33,ZAGON DAN ABDU,12,,,,KN3312
4546,KANO,ROGO,34,BELI,01,,,,KN3401
4547,KANO,ROGO,34,FAL GORE,02,,,,KN3402
4548,KANO,ROGO,34,FULATAN,03,,,,KN3403
4549,KANO,ROGO,34,GWANGWAN,04,,,,KN3404
4550,KANO,ROGO,34,JAJAYE,05,,,,KN3405
4551,KANO,ROGO,34,ROGO RUMA,06,,,,KN3406
4552,KANO,ROGO,34,ROGO SABON GARI,07,,,,KN3407
4553,KANO,ROGO,34,RUWAN BAGO,08,,,,KN3408
4554,KANO,ROGO,34,ZAREWA,09,,,,KN3409
4555,KANO,ROGO,34,ZOZA,10,,,,KN3410
4556,KANO,SHANONO,35,ALAJAWA,01,,,,KN3501
4557,KANO,SHANONO,35,DUTSEN-BAKOSHI,02,,,,KN3502
4558,KANO,SHANONO,35,FARURUWA,03,,,,KN3503
4559,KANO,SHANONO,35,GORAN-DUTSE,04,,,,KN3504
4560,KANO,SHANONO,35,KADAMU,05,,,,KN3505
4561,KANO,SHANONO,35,KOKIYA,06,,,,KN3506
4562,KANO,SHANONO,35,LENI,07,,,,KN3507
4563,KANO,SHANONO,35,SHAKOGI,08,,,,KN3508
4564,KANO,SHANONO,35,SHANONO,09,,,,KN3509
4565,KANO,SHANONO,35,TSAURE,10,,,,KN3510
4566,KANO,SUMAILA,36,GALA,01,,,,KN3601
4567,KANO,SUMAILA,36,GANI,02,,,,KN3602
4568,KANO,SUMAILA,36,GARFA,03,,,,KN3603
4569,KANO,SUMAILA,36,GEDIYA,04,,,,KN3604
4570,KANO,SUMAILA,36,KANAWA,05,,,,KN3605
4571,KANO,SUMAILA,36,MAGAMI,06,,,,KN3606
4572,KANO,SUMAILA,36,MASSU,07,,,,KN3607
4573,KANO,SUMAILA,36,RIMI,08,,,,KN3608
4574,KANO,SUMAILA,36,RUMO,09,,,,KN3609
4575,KANO,SUMAILA,36,SITTI,10,,,,KN3610
4576,KANO,SUMAILA,36,SUMMAILA,11,,,,KN3611
4577,KANO,TAKAI,37,BAGWARO,01,,,,KN3701
4578,KANO,TAKAI,37,DURBUNDE,02,,,,KN3702
4579,KANO,TAKAI,37,FAJEWA,03,,,,KN3703
4580,KANO,TAKAI,37,FALALI,04,,,,KN3704
4581,KANO,TAKAI,37,FARURUWA,05,,,,KN3705
4582,KANO,TAKAI,37,KACHAKO,06,,,,KN3706
4583,KANO,TAKAI,37,KARFI,07,,,,KN3707
4584,KANO,TAKAI,37,KUKA,08,,,,KN3708
4585,KANO,TAKAI,37,TAKAI,09,,,,KN3709
4586,KANO,TAKAI,37,ZUGA,10,,,,KN3710
4587,KANO,TARAUNI,38,BABBAN GIJI,01,,,,KN3801
4588,KANO,TARAUNI,38,DARMANAWA,02,,,,KN3802
4589,KANO,TARAUNI,38,DAURAWA,03,,,,KN3803
4590,KANO,TARAUNI,38,GYADI-GYADI AREWA,04,,,,KN3804
4591,KANO,TARAUNI,38,GYADI-GYADI KUDU,05,,,,KN3805
4592,KANO,TARAUNI,38,HOATORO (NNPC),06,,,,KN3806
4593,KANO,TARAUNI,38,KAUYEN ALU,07,,,,KN3807
4594,KANO,TARAUNI,38,TARAUNI,08,,,,KN3808
4595,KANO,TARAUNI,38,UNGOWAR GANO,09,,,,KN3809
4596,KANO,TARAUNI,38,UNGUWA UKU,10,,,,KN3810
4597,KANO,TOFA,39,DINDERE,01,,,,KN3901
4598,KANO,TOFA,39,DOKA,02,,,,KN3902
4599,KANO,TOFA,39,GAJIDA,03,,,,KN3903
4600,KANO,TOFA,39,GINSAWA,04,,,,KN3904
4601,KANO,TOFA,39,JAUBEN KUDU,05,,,,KN3905
4602,KANO,TOFA,39,JANGUZA,06,,,,KN3906
4603,KANO,TOFA,39,KWAMI,07,,,,KN3907
4604,KANO,TOFA,39,LAMBU,08,,,,KN3908
4605,KANO,TOFA,39,LANGEL,09,,,,KN3909
4606,KANO,TOFA,39,TOFA,10,,,,KN3910
4607,KANO,TOFA,39,UNGUWAR RIMI,11,,,,KN3911
4608,KANO,TOFA,39,WANGAR,12,,,,KN3912
4609,KANO,TOFA,39,YALWA GARAMA,13,,,,KN3913
4610,KANO,TOFA,39,YANOKO,14,,,,KN3914
4611,KANO,TOFA,39,YARIMAWA,15,,,,KN3915
4612,KANO,TUDUN WADA,40,BABURI,01,,,,KN4001
4613,KANO,TUDUN WADA,40,BURUN-BURUM,02,,,,KN4002
4614,KANO,TUDUN WADA,40,DALAWA,03,,,,KN4003
4615,KANO,TUDUN WADA,40,JANDUTSE,04,,,,KN4004
4616,KANO,TUDUN WADA,40,JITA,05,,,,KN4005
4617,KANO,TUDUN WADA,40,KAREFA,06,,,,KN4006
4618,KANO,TUDUN WADA,40,NATA’ALA,07,,,,KN4007
4619,KANO,TUDUN WADA,40,SABON GARI,08,,,,KN4008
4620,KANO,TUDUN WADA,40,SHUWAKI,09,,,,KN4009
4621,KANO,TUDUN WADA,40,TSOHON GARI,10,,,,KN4010
4622,KANO,TUDUN WADA,40,YAR YASA,11,,,,KN4011
4623,KANO,TSANYAWA,41,DADDARAWA,01,,,,KN4101
4624,KANO,TSANYAWA,41,DUNBULUN,02,,,,KN4102
4625,KANO,TSANYAWA,41,GOZARKI,03,,,,KN4103
4626,KANO,TSANYAWA,41,GURUN,04,,,,KN4104
4627,KANO,TSANYAWA,41,KABA GIWA,05,,,,KN4105
4628,KANO,TSANYAWA,41,TATSAN,06,,,,KN4106
4629,KANO,TSANYAWA,41,TSANYAWA,07,,,,KN4107
4630,KANO,TSANYAWA,41,YANGANAU,08,,,,KN4108
4631,KANO,TSANYAWA,41,YANKAMAYE,09,,,,KN4109
4632,KANO,TSANYAWA,41,ZAROGI,10,,,,KN4110
4633,KANO,UNGOGO,42,BACHIRAWA,01,,,,KN4201
4634,KANO,UNGOGO,42,GAYAWA,02,,,,KN4202
4635,KANO,UNGOGO,42,KADAWA,03,,,,KN4203
4636,KANO,UNGOGO,42,KARO,04,,,,KN4204
4637,KANO,UNGOGO,42,PANISAU,05,,,,KN4205
4638,KANO,UNGOGO,42,RANGAZA,06,,,,KN4206
4639,KANO,UNGOGO,42,RIJIWAR ZAKI,07,,,,KN4207
4640,KANO,UNGOGO,42,TUDUN FULANI,08,,,,KN4208
4641,KANO,UNGOGO,42,UNGOGO,09,,,,KN4209
4642,KANO,UNGOGO,42,YADAKUNYA,10,,,,KN4210
4643,KANO,UNGOGO,42,ZANGO,11,,,,KN4211
4644,KANO,WARAWA,43,AMARAWA,01,,,,KN4301
4645,KANO,WARAWA,43,DALASAN,02,,,,KN4302
4646,KANO,WARAWA,43,GARUNDAU,03,,,,KN4303
4647,KANO,WARAWA,43,GOGEL,04,,,,KN4304
4648,KANO,WARAWA,43,IMAWA,05,,,,KN4305
4649,KANO,WARAWA,43,JEMAGU,06,,,,KN4306
4650,KANO,WARAWA,43,JIGAWA,07,,,,KN4307
4651,KANO,WARAWA,43,JUMAR GALADIMA,08,,,,KN4308
4652,KANO,WARAWA,43,KATAR KAWA,09,,,,KN4309
4653,KANO,WARAWA,43,MADARIN MATA,10,,,,KN4310
4654,KANO,WARAWA,43,TAMBURAWAR GABBAS,11,,,,KN4311
4655,KANO,WARAWA,43,TANAGAR,12,,,,KN4312
4656,KANO,WARAWA,43,WARAWA,13,,,,KN4313
4657,KANO,WARAWA,43,YANDALLA,14,,,,KN4314
4658,KANO,WARAWA,43,YANGIZO,15,,,,KN4315
4659,KANO,WUDIL,44,ACHIKA,01,,,,KN4401
4660,KANO,WUDIL,44,DAGAMAWA,02,,,,KN4402
4661,KANO,WUDIL,44,DANKAZA,03,,,,KN4403
4662,KANO,WUDIL,44,DARKI,04,,,,KN4404
4663,KANO,WUDIL,44,INDABO,05,,,,KN4405
4664,KANO,WUDIL,44,KAUSANI,06,,,,KN4406
4665,KANO,WUDIL,44,LAJAWA,07,,,,KN4407
4666,KANO,WUDIL,44,SABON GARI,08,,,,KN4408
4667,KANO,WUDIL,44,UTAI,09,,,,KN4409
4668,KANO,WUDIL,44,WUDIL,10,,,,KN4410
4669,KATSINA,BAKORI,01,BAKORI ‘A’,01,,,,KT0101
4670,KATSINA,BAKORI,01,BAKORI ‘A’,02,,,,KT0102
4671,KATSINA,BAKORI,01,KURAMI/YAMKWANI,03,,,,KT0103
4672,KATSINA,BAKORI,01,DAWAN MUSA,04,,,,KT0104
4673,KATSINA,BAKORI,01,TSIGA,05,,,,KT0105
4674,KATSINA,BAKORI,01,KABOMO,06,,,,KT0106
4675,KATSINA,BAKORI,01,BARDE/KWANTAKWAR AN,07,,,,KT0107
4676,KATSINA,BAKORI,01,JARGABA,08,,,,KT0108
4677,KATSINA,BAKORI,01,KAKUMI,09,,,,KT0109
4678,KATSINA,BAKORI,01,GUGA,10,,,,KT0110
4679,KATSINA,BAKORI,01,KANDARAWA,11,,,,KT0111
4680,KATSINA,BATAGARAWA,02,BATAGARAWA ‘A’,01,,,,KT0201
4681,KATSINA,BATAGARAWA,02,BATAGARAWA ‘B’,02,,,,KT0202
4682,KATSINA,BATAGARAWA,02,DANDAGORO,03,,,,KT0203
4683,KATSINA,BATAGARAWA,02,AJIWA,04,,,,KT0204
4684,KATSINA,BATAGARAWA,02,TSANNI,05,,,,KT0205
4685,KATSINA,BATAGARAWA,02,JINO,06,,,,KT0206
4686,KATSINA,BATAGARAWA,02,BARAWA,07,,,,KT0207
4687,KATSINA,BATAGARAWA,02,BAKIYAWA,08,,,,KT0208
4688,KATSINA,BATAGARAWA,02,KAYAUKI,09,,,,KT0209
4689,KATSINA,BATAGARAWA,02,YARGAMJI,10,,,,KT0210
4690,KATSINA,BATSARI,03,BATSIARI,01,,,,KT0301
4691,KATSINA,BATSARI,03,MANAWA,02,,,,KT0302
4692,KATSINA,BATSARI,03,WAGINI,03,,,,KT0303
4693,KATSINA,BATSARI,03,ABADAU/KAGARA,04,,,,KT0304
4694,KATSINA,BATSARI,03,YAUYAU/MALLAMAWA,05,,,,KT0305
4695,KATSINA,BATSARI,03,KANDAWA,06,,,,KT0306
4696,KATSINA,BATSARI,03,DAN.ALH/YANGAIYA,07,,,,KT0307
4697,KATSINA,BATSARI,03,RUMA,08,,,,KT0308
4698,KATSINA,BATSARI,03,DARINI/MAGAJIABU,09,,,,KT0309
4699,KATSINA,BATSARI,03,KARARE,10,,,,KT0310
4700,KATSINA,BATSARI,03,MADOGARA,11,,,,KT0311
4701,KATSINA,BAURE,04,YANMAULU,01,,,,KT0401
4702,KATSINA,BAURE,04,BABBAN MUTUM,02,,,,KT0402
4703,KATSINA,BAURE,04,TARAMNAWA/BARE,03,,,,KT0403
4704,KATSINA,BAURE,04,MUDURI,04,,,,KT0404
4705,KATSINA,BAURE,04,BAURE,05,,,,KT0405
4706,KATSINA,BAURE,04,UNGUWAR RAI,06,,,,KT0406
4707,KATSINA,BAURE,04,KAGARA/FASKI,07,,,,KT0407
4708,KATSINA,BAURE,04,GARKI,08,,,,KT0408
4709,KATSINA,BAURE,04,YANDUNA,09,,,,KT0409
4710,KATSINA,BAURE,04,MAI BARA,10,,,,KT0410
4711,KATSINA,BAURE,04,HUI,11,,,,KT0411
4712,KATSINA,BAURE,04,AGALA,12,,,,KT0412
4713,KATSINA,BINDAWA,05,KAMRI,01,,,,KT0501
4714,KATSINA,BINDAWA,05,BINDAWA,02,,,,KT0502
4715,KATSINA,BINDAWA,05,TAMA/DAYE,03,,,,KT0503
4716,KATSINA,BINDAWA,05,FARU/DALLAJI,04,,,,KT0504
4717,KATSINA,BINDAWA,05,SHIBDAWA,05,,,,KT0505
4718,KATSINA,BINDAWA,05,JIBAWA/R.BADE,06,,,,KT0506
4719,KATSINA,BINDAWA,05,DORO,07,,,,KT0507
4720,KATSINA,BINDAWA,05,BAURE,08,,,,KT0508
4721,KATSINA,BINDAWA,05,YANGORA,09,,,,KT0509
4722,KATSINA,BINDAWA,05,GIREMAWA,10,,,,KT0510
4723,KATSINA,BINDAWA,05,GAIWA,11,,,,KT0511
4724,KATSINA,CHARANCHI,06,CHARANCHI,01,,,,KT0601
4725,KATSINA,CHARANCHI,06,SAFANA,02,,,,KT0602
4726,KATSINA,CHARANCHI,06,RADDA,03,,,,KT0603
4727,KATSINA,CHARANCHI,06,MAJEN WAYYA,04,,,,KT0604
4728,KATSINA,CHARANCHI,06,GANUWA,05,,,,KT0605
4729,KATSINA,CHARANCHI,06,TSAKATSA,06,,,,KT0606
4730,KATSINA,CHARANCHI,06,KODA,07,,,,KT0607
4731,KATSINA,CHARANCHI,06,KAURAYE,08,,,,KT0608
4732,KATSINA,CHARANCHI,06,BANYE,09,,,,KT0609
4733,KATSINA,CHARANCHI,06,DOKA,10,,,,KT0610
4734,KATSINA,DANDUME,07,MAHUTA ‘A,01,,,,KT0701
4735,KATSINA,DANDUME,07,MAHUTA ‘B’,02,,,,KT0702
4736,KATSINA,DANDUME,07,MAHUTA ‘C’,03,,,,KT0703
4737,KATSINA,DANDUME,07,DANDUME ‘A’,04,,,,KT0704
4738,KATSINA,DANDUME,07,DANDUME ‘B’,05,,,,KT0705
4739,KATSINA,DANDUME,07,TUMBURKAI ‘A’,06,,,,KT0706
4740,KATSINA,DANDUME,07,TUMBURKAI ‘B’,07,,,,KT0707
4741,KATSINA,DANDUME,07,DANTAKARI,08,,,,KT0708
4742,KATSINA,DANDUME,07,NASARAWA,09,,,,KT0709
4743,KATSINA,DANDUME,07,MAGAJI WANDO ‘A’,10,,,,KT0710
4744,KATSINA,DANDUME,07,MAGAJI WANDO ‘B’,11,,,,KT0711
4745,KATSINA,DANJA,08,JIBIA,01,,,,KT0801
4746,KATSINA,DANJA,08,TANDAMA,02,,,,KT0802
4747,KATSINA,DANJA,08,DANJA ‘A’,03,,,,KT0803
4748,KATSINA,DANJA,08,DANJI ‘B’,04,,,,KT0804
4749,KATSINA,DANJA,08,TSANGAMAWA,05,,,,KT0805
4750,KATSINA,DANJA,08,DABAI,06,,,,KT0806
4751,KATSINA,DANJA,08,YAKAJI ‘A’,07,,,,KT0807
4752,KATSINA,DANJA,08,YAKAJI ‘B’,08,,,,KT0808
4753,KATSINA,DANJA,08,KAHUTU ‘A’,09,,,,KT0809
4754,KATSINA,DANJA,08,KAHUTU ‘B’,10,,,,KT0810
4755,KATSINA,DAN MUSA,09,MARA,01,,,,KT0901
4756,KATSINA,DAN MUSA,09,DAN ALKIMA,02,,,,KT0902
4757,KATSINA,DAN MUSA,09,DAN MUSA ‘A’,03,,,,KT0903
4758,KATSINA,DAN MUSA,09,DAN MUSA ‘B’,04,,,,KT0904
4759,KATSINA,DAN MUSA,09,DAN ALI,05,,,,KT0905
4760,KATSINA,DAN MUSA,09,MAI DABINO ‘A’,06,,,,KT0906
4761,KATSINA,DAN MUSA,09,MAI DABINO ‘B’,07,,,,KT0907
4762,KATSINA,DAN MUSA,09,DANDIRE ‘A’,08,,,,KT0908
4763,KATSINA,DAN MUSA,09,DANDIRE ‘B’,09,,,,KT0909
4764,KATSINA,DAN MUSA,09,YAN-TUMAKI ‘A’,10,,,,KT0910
4765,KATSINA,DAN MUSA,09,YAN-TUMAKI ‘B’,11,,,,KT0911
4766,KATSINA,DAURA,10,SARKIN YARA ‘A’,01,,,,KT1001
4767,KATSINA,DAURA,10,SARKIN YARA ‘B’,02,,,,KT1002
4768,KATSINA,DAURA,10,UBANDAWAKI ‘A’,03,,,,KT1003
4769,KATSINA,DAURA,10,UBANDAWAKI ‘B’,04,,,,KT1004
4770,KATSINA,DAURA,10,KUSUGU,05,,,,KT1005
4771,KATSINA,DAURA,10,MAZOJI ‘A’,06,,,,KT1006
4772,KATSINA,DAURA,10,MAZOJI ‘B’,07,,,,KT1007
4773,KATSINA,DAURA,10,TUDUN WAD,08,,,,KT1008
4774,KATSINA,DAURA,10,SABON GARI,09,,,,KT1009
4775,KATSINA,DAURA,10,MADOBI ‘A’,10,,,,KT1010
4776,KATSINA,DAURA,10,MADOBI ‘B’,11,,,,KT1011
4777,KATSINA,DUTSI,11,DAN’AUNAI,01,,,,KT1101
4778,KATSINA,DUTSI,11,RUWAN KAYA ‘A’,02,,,,KT1102
4779,KATSINA,DUTSI,11,RUWAN KAYA ‘B’,03,,,,KT1103
4780,KATSINA,DUTSI,11,DUTSI ‘A’,04,,,,KT1104
4781,KATSINA,DUTSI,11,DUTSI ‘B’,05,,,,KT1105
4782,KATSINA,DUTSI,11,YAMEL ‘A’,06,,,,KT1106
4783,KATSINA,DUTSI,11,YAMEL ‘B’,07,,,,KT1107
4784,KATSINA,DUTSI,11,SIRIKA ‘A’,08,,,,KT1108
4785,KATSINA,DUTSI,11,SIRIKA ‘B’,09,,,,KT1109
4786,KATSINA,DUTSI,11,KAYAWA,10,,,,KT1110
4787,KATSINA,DUTSIN-MA,12,DUTSIN-MA ‘A’,01,,,,KT1201
4788,KATSINA,DUTSIN-MA,12,DUTSIN-MA ‘B’,02,,,,KT1202
4789,KATSINA,DUTSIN-MA,12,SHEMA,03,,,,KT1203
4790,KATSINA,DUTSIN-MA,12,KAROFI ‘A’,04,,,,KT1204
4791,KATSINA,DUTSIN-MA,12,KAROFI ‘B’,05,,,,KT1205
4792,KATSINA,DUTSIN-MA,12,KUKI ‘A’,06,,,,KT1206
4793,KATSINA,DUTSIN-MA,12,KUKI ‘B’,07,,,,KT1207
4794,KATSINA,DUTSIN-MA,12,KUTAWA,08,,,,KT1208
4795,KATSINA,DUTSIN-MA,12,BAGAGADI,09,,,,KT1209
4796,KATSINA,DUTSIN-MA,12,MAKERA,10,,,,KT1210
4797,KATSINA,DUTSIN-MA,12,DABAWA,11,,,,KT1211
4798,KATSINA,FASKARI,13,YANKARA,01,,,,KT1301
4799,KATSINA,FASKARI,13,SHEMA,02,,,,KT1302
4800,KATSINA,FASKARI,13,MAIRUWA,03,,,,KT1303
4801,KATSINA,FASKARI,13,DAUDAWA,04,,,,KT1304
4802,KATSINA,FASKARI,13,TAFOKI,05,,,,KT1305
4803,KATSINA,FASKARI,13,RUWAN GODIYA,06,,,,KT1306
4804,KATSINA,FASKARI,13,YARMALAMAI,07,,,,KT1307
4805,KATSINA,FASKARI,13,FASKARI,08,,,,KT1308
4806,KATSINA,FASKARI,13,SABONLAYI/GALDIMA,09,,,,KT1309
4807,KATSINA,FASKARI,13,MAIGORA,10,,,,KT1310
4808,KATSINA,FUNTUA,14,UNG.DANDUTSE,01,,,,KT1401
4809,KATSINA,FUNTUA,14,SABON GARI,02,,,,KT1402
4810,KATSINA,FUNTUA,14,UNGUWAR RAB’U,03,,,,KT1403
4811,KATSINA,FUNTUA,14,UNGUWAR IBRAHIM,04,,,,KT1404
4812,KATSINA,FUNTUA,14,UNGUWAR MUSA,05,,,,KT1405
4813,KATSINA,FUNTUA,14,DUKKE,06,,,,KT1406
4814,KATSINA,FUNTUA,14,MAKERA,07,,,,KT1407
4815,KATSINA,FUNTUA,14,GOYA,08,,,,KT1408
4816,KATSINA,FUNTUA,14,MAIGAMJI,09,,,,KT1409
4817,KATSINA,FUNTUA,14,MASKA,10,,,,KT1410
4818,KATSINA,FUNTUA,14,TUDUNIYA,11,,,,KT1411
4819,KATSINA,INGAWA,15,DUGUL,01,,,,KT1501
4820,KATSINA,INGAWA,15,YANDOMA,02,,,,KT1502
4821,KATSINA,INGAWA,15,INGAWA,03,,,,KT1503
4822,KATSINA,INGAWA,15,AGAYAWA,04,,,,KT1504
4823,KATSINA,INGAWA,15,JOBE/KANDAWA,05,,,,KT1505
4824,KATSINA,INGAWA,15,KURFEJI/YANKAURA,06,,,,KT1506
4825,KATSINA,INGAWA,15,MANOMAWA/KAFI,07,,,,KT1507
4826,KATSINA,INGAWA,15,BIDORE/YAYA,08,,,,KT1508
4827,KATSINA,INGAWA,15,BARERUWA/RURUMA,09,,,,KT1509
4828,KATSINA,INGAWA,15,DAUNAKA/BKWARI,10,,,,KT1510
4829,KATSINA,INGAWA,15,DARA,11,,,,KT1511
4830,KATSINA,JIBIA,16,FARFARU,01,,,,KT1601
4831,KATSINA,JIBIA,16,YANGAIYA,02,,,,KT1602
4832,KATSINA,JIBIA,16,JIBIA ‘A’,03,,,,KT1603
4833,KATSINA,JIBIA,16,JIBIA ‘B’,04,,,,KT1604
4834,KATSINA,JIBIA,16,MAZANYA/MAGAMA,05,,,,KT1605
4835,KATSINA,JIBIA,16,G/BAURE/MALLAMAWA,06,,,,KT1606
4836,KATSINA,JIBIA,16,FARU,07,,,,KT1607
4837,KATSINA,JIBIA,16,BUGAJE,08,,,,KT1608
4838,KATSINA,JIBIA,16,GANGARA,09,,,,KT1609
4839,KATSINA,JIBIA,16,RIKO,10,,,,KT1610
4840,KATSINA,JIBIA,16,KUSA,11,,,,KT1611
4841,KATSINA,KAFUR,17,YARTALATA/RIGOJI,01,,,,KT1701
4842,KATSINA,KAFUR,17,DUTSIN KURA/KANYA,02,,,,KT1702
4843,KATSINA,KAFUR,17,KAFUR,03,,,,KT1703
4844,KATSINA,KAFUR,17,MASARI,04,,,,KT1704
4845,KATSINA,KAFUR,17,YARI BORI,05,,,,KT1705
4846,KATSINA,KAFUR,17,SABUWAR KASA,06,,,,KT1706
4847,KATSINA,KAFUR,17,GOZAKI,07,,,,KT1707
4848,KATSINA,KAFUR,17,DANTUTURE,08,,,,KT1708
4849,KATSINA,KAFUR,17,MAHUTA,09,,,,KT1709
4850,KATSINA,KAFUR,17,GAMZAGO,10,,,,KT1710
4851,KATSINA,KAITA,18,YANDAKI,01,,,,KT1801
4852,KATSINA,KAITA,18,DANKABA,02,,,,KT1802
4853,KATSINA,KAITA,18,ABDALLAWA,03,,,,KT1803
4854,KATSINA,KAITA,18,BA’AWA,04,,,,KT1804
4855,KATSINA,KAITA,18,GAFIYA,05,,,,KT1805
4856,KATSINA,KAITA,18,GIRKA,06,,,,KT1806
4857,KATSINA,KAITA,18,KAITA,07,,,,KT1807
4858,KATSINA,KAITA,18,YANHOHO,08,,,,KT1808
4859,KATSINA,KAITA,18,DANKAMA,09,,,,KT1809
4860,KATSINA,KAITA,18,MATSAI,10,,,,KT1810
4861,KATSINA,KANKARA,19,GATAKAWA S./GARMABAI,01,,,,KT1901
4862,KATSINA,KANKARA,19,ZANGO/ZABARO,02,,,,KT1902
4863,KATSINA,KANKARA,19,PAUWA A&B,03,,,,KT1903
4864,KATSINA,KANKARA,19,KUKASHEKA,04,,,,KT1904
4865,KATSINA,KANKARA,19,HURYA,05,,,,KT1905
4866,KATSINA,KANKARA,19,KANKARA A&B,06,,,,KT1906
4867,KATSINA,KANKARA,19,GARAGI,07,,,,KT1907
4868,KATSINA,KANKARA,19,BURDUGAU,08,,,,KT1908
4869,KATSINA,KANKARA,19,WAWAR KAZA,09,,,,KT1909
4870,KATSINA,KANKARA,19,DAN’MURABU,10,,,,KT1910
4871,KATSINA,KANKARA,19,DAN’MADAKI,11,,,,KT1911
4872,KATSINA,KANKA,20,GALADIMA ‘A’,01,,,,KT2001
4873,KATSINA,KANKA,20,GALADIMA ‘B’,02,,,,KT2002
4874,KATSINA,KANKA,20,KAFINSOLI,03,,,,KT2003
4875,KATSINA,KANKA,20,TAFASHIYA/NASARAW A,04,,,,KT2004
4876,KATSINA,KANKA,20,KUNDURU/GYAZA,05,,,,KT2005
4877,KATSINA,KANKA,20,KAFIN DANGI/FAKUWA,06,,,,KT2006
4878,KATSINA,KANKA,20,SUKUNTUNI,07,,,,KT2007
4879,KATSINA,KANKA,20,RIMAYE,08,,,,KT2008
4880,KATSINA,KANKA,20,GACHI,09,,,,KT2009
4881,KATSINA,KANKA,20,MAGAM/TSA,10,,,,KT2010
4882,KATSINA,KATSINA,21,WAKILIN GABAS II,01,,,,KT2101
4883,KATSINA,KATSINA,21,WAKILIN GABAS II,02,,,,KT2102
4884,KATSINA,KATSINA,21,KANGIWA,03,,,,KT2103
4885,KATSINA,KATSINA,21,WAKILIN YAMMA I,04,,,,KT2104
4886,KATSINA,KATSINA,21,WAKILIN YAMMA II,05,,,,KT2105
4887,KATSINA,KATSINA,21,WAKILIN KUDU I,06,,,,KT2106
4888,KATSINA,KATSINA,21,WAKILIN KUDU II,07,,,,KT2107
4889,KATSINA,KATSINA,21,WAKILIN AREWA ‘A’,08,,,,KT2108
4890,KATSINA,KATSINA,21,WAKILIN AREWA ‘B’,09,,,,KT2109
4891,KATSINA,KATSINA,21,SHINKAFI ‘A’,10,,,,KT2110
4892,KATSINA,KATSINA,21,SHINKAFI ‘B’,11,,,,KT2111
4893,KATSINA,KATSINA,21,WAKILIN KUDU III,12,,,,KT2112
4894,KATSINA,KURFI,22,TSAURI ‘A’,01,,,,KT2201
4895,KATSINA,KURFI,22,TSUARI ‘B’,02,,,,KT2202
4896,KATSINA,KURFI,22,KURFI ‘A’,03,,,,KT2203
4897,KATSINA,KURFI,22,KURFI ‘B’,04,,,,KT2204
4898,KATSINA,KURFI,22,RAWAYUA ‘A’,05,,,,KT2205
4899,KATSINA,KURFI,22,RAWAYUA ‘B’,06,,,,KT2206
4900,KATSINA,KURFI,22,BIRCHI,07,,,,KT2207
4901,KATSINA,KURFI,22,BARKIYA,08,,,,KT2208
4902,KATSINA,KURFI,22,WURMA ‘A’,09,,,,KT2209
4903,KATSINA,KURFI,22,WURMA ‘B’,10,,,,KT2210
4904,KATSINA,KUSADA,23,KUDADA,01,,,,KT2301
4905,KATSINA,KUSADA,23,DUDUNNI,02,,,,KT2302
4906,KATSINA,KUSADA,23,KAIKAI,03,,,,KT2303
4907,KATSINA,KUSADA,23,MAWASHI,04,,,,KT2304
4908,KATSINA,KUSADA,23,BOKO,05,,,,KT2305
4909,KATSINA,KUSADA,23,KOFA,06,,,,KT2306
4910,KATSINA,KUSADA,23,BAURANYA ‘A’,07,,,,KT2307
4911,KATSINA,KUSADA,23,BAURANYA ‘B’,08,,,,KT2308
4912,KATSINA,KUSADA,23,YASHE ‘A’,09,,,,KT2309
4913,KATSINA,KUSADA,23,YASHE ‘B’,10,,,,KT2310
4914,KATSINA,MAI’ADUA,24,BUMBUM ‘A’,01,,,,KT2401
4915,KATSINA,MAI’ADUA,24,BUMBUM ‘B’,02,,,,KT2402
4916,KATSINA,MAI’ADUA,24,DANYASHE,03,,,,KT2403
4917,KATSINA,MAI’ADUA,24,MAIADIEA ‘A’,04,,,,KT2404
4918,KATSINA,MAI’ADUA,24,MAIADUA ‘B’,05,,,,KT2405
4919,KATSINA,MAI’ADUA,24,MAIADUA ‘C’,06,,,,KT2406
4920,KATSINA,MAI’ADUA,24,MAI KONI ‘A’,07,,,,KT2407
4921,KATSINA,MAI’ADUA,24,MAI KONI ‘B’,08,,,,KT2408
4922,KATSINA,MAI’ADUA,24,NATSALLE,09,,,,KT2409
4923,KATSINA,MAI’ADUA,24,KOZA,10,,,,KT2410
4924,KATSINA,MALUMFASHI,25,MALUMFASHI ‘A’,01,,,,KT2501
4925,KATSINA,MALUMFASHI,25,MALUMFASHI ‘B’,02,,,,KT2502
4926,KATSINA,MALUMFASHI,25,YABA,03,,,,KT2503
4927,KATSINA,MALUMFASHI,25,RUWAN SANYI,04,,,,KT2504
4928,KATSINA,MALUMFASHI,25,KARFI,05,,,,KT2505
4929,KATSINA,MALUMFASHI,25,BORIN DAWA,06,,,,KT2506
4930,KATSINA,MALUMFASHI,25,YARMAMA,07,,,,KT2507
4931,KATSINA,MALUMFASHI,25,GORARDANSAKA,08,,,,KT2508
4932,KATSINA,MALUMFASHI,25,DANSARAI,09,,,,KT2509
4933,KATSINA,MALUMFASHI,25,MAKAURACHI,10,,,,KT2510
4934,KATSINA,MALUMFASHI,25,DAYI,11,,,,KT2511
4935,KATSINA,MALUMFASHI,25,NA-ALMA,12,,,,KT2512
4936,KATSINA,MANI,26,BUJAWA/GEWAYAU,01,,,,KT2601
4937,KATSINA,MANI,26,DAWAN/MAKAU,02,,,,KT2602
4938,KATSINA,MANI,26,MANI,03,,,,KT2603
4939,KATSINA,MANI,26,BAGIWA,04,,,,KT2604
4940,KATSINA,MANI,26,TSAGM/TAKUSHEYI,05,,,,KT2605
4941,KATSINA,MANI,26,HAMCHETA,06,,,,KT2606
4942,KATSINA,MANI,26,KWATTA,07,,,,KT2607
4943,KATSINA,MANI,26,MACHIKA,08,,,,KT2608
4944,KATSINA,MANI,26,MUDURU,09,,,,KT2609
4945,KATSINA,MANI,26,MAGAMI,10,,,,KT2610
4946,KATSINA,MANI,26,JANI,11,,,,KT2611
4947,KATSINA,MASHI,27,MASHI,01,,,,KT2701
4948,KATSINA,MASHI,27,JIGAWA,02,,,,KT2702
4949,KATSINA,MASHI,27,S/RIJIYA,03,,,,KT2703
4950,KATSINA,MASHI,27,BAMLE,04,,,,KT2704
4951,KATSINA,MASHI,27,GALLU,05,,,,KT2705
4952,KATSINA,MASHI,27,SONKAYA,06,,,,KT2706
4953,KATSINA,MASHI,27,DOGURU ‘A’,07,,,,KT2707
4954,KATSINA,MASHI,27,DOGURU ‘B’,08,,,,KT2708
4955,KATSINA,MASHI,27,KARAI,09,,,,KT2709
4956,KATSINA,MASHI,27,TAMILO ‘A’,10,,,,KT2710
4957,KATSINA,MASHI,27,TAMILO ‘B’,11,,,,KT2711
4958,KATSINA,MATAZU,28,MATAZU ‘A’,01,,,,KT2801
4959,KATSINA,MATAZU,28,MATAZU ‘B’,02,,,,KT2802
4960,KATSINA,MATAZU,28,MAZOJI ‘A’,03,,,,KT2803
4961,KATSINA,MATAZU,28,MAZOJI ‘B’,04,,,,KT2804
4962,KATSINA,MATAZU,28,SAYAYA,05,,,,KT2805
4963,KATSINA,MATAZU,28,KOGARI,06,,,,KT2806
4964,KATSINA,MATAZU,28,GWARJO,07,,,,KT2807
4965,KATSINA,MATAZU,28,KARADUWA,08,,,,KT2808
4966,KATSINA,MATAZU,28,DISSI,09,,,,KT2809
4967,KATSINA,MATAZU,28,RINJIN IDI,10,,,,KT2810
4968,KATSINA,MUSAWA,29,MUSAWA,01,,,,KT2901
4969,KATSINA,MUSAWA,29,JIKAMSHI,02,,,,KT2902
4970,KATSINA,MUSAWA,29,DANJANKU KARACHI,03,,,,KT2903
4971,KATSINA,MUSAWA,29,KIRA,04,,,,KT2904
4972,KATSINA,MUSAWA,29,YARADAU/TABANNI,05,,,,KT2905
4973,KATSINA,MUSAWA,29,TUGE,06,,,,KT2906
4974,KATSINA,MUSAWA,29,GINGIN,07,,,,KT2907
4975,KATSINA,MUSAWA,29,KURKUJAN ‘A’,08,,,,KT2908
4976,KATSINA,MUSAWA,29,KURKUJAN ‘B’,09,,,,KT2909
4977,KATSINA,MUSAWA,29,DANGANI,10,,,,KT2910
4978,KATSINA,MUSAWA,29,GARU,11,,,,KT2911
4979,KATSINA,RIMI,30,RIMI,01,,,,KT3001
4980,KATSINA,RIMI,30,ABUKUR,02,,,,KT3002
4981,KATSINA,RIMI,30,MAJEN GOVIR,03,,,,KT3003
4982,KATSINA,RIMI,30,REMAWA/IYATAWA,04,,,,KT3004
4983,KATSINA,RIMI,30,KADANDANI,05,,,,KT3005
4984,KATSINA,RIMI,30,SABON GARI/ALARAIN,06,,,,KT3006
4985,KATSINA,RIMI,30,TSAGERO,07,,,,KT3007
4986,KATSINA,RIMI,30,FARDAMI,08,,,,KT3008
4987,KATSINA,RIMI,30,MAKURDA,09,,,,KT3009
4988,KATSINA,RIMI,30,MASABO/KURABAU,10,,,,KT3010
4989,KATSINA,SABUWA,31,SABUWA ‘A’,01,,,,KT3101
4990,KATSINA,SABUWA,31,SABUWA ‘B’,02,,,,KT3102
4991,KATSINA,SABUWA,31,GAZARI,03,,,,KT3103
4992,KATSINA,SABUWA,31,MAI BAKKO,04,,,,KT3104
4993,KATSINA,SABUWA,31,DAMARI,05,,,,KT3105
4994,KATSINA,SABUWA,31,MACHIKA,06,,,,KT3106
4995,KATSINA,SABUWA,31,DUGUN MA’AZU,07,,,,KT3107
4996,KATSINA,SABUWA,31,GAMJI,08,,,,KT3108
4997,KATSINA,SABUWA,31,RAFIN-IWA,09,,,,KT3109
4998,KATSINA,SABUWA,31,SAYAU,10,,,,KT3110
4999,KATSINA,SAFANA,32,SAFANA,01,,,,KT3201
5000,KATSINA,SAFANA,32,TSAKIYA,02,,,,KT3202
5001,KATSINA,SAFANA,32,RUNKA ‘A’,03,,,,KT3203
5002,KATSINA,SAFANA,32,RUNKA ‘B’,04,,,,KT3204
5003,KATSINA,SAFANA,32,BABBAN DUHU ‘A’,05,,,,KT3205
5004,KATSINA,SAFANA,32,BABBAN DUHU ‘B’,06,,,,KT3206
5005,KATSINA,SAFANA,32,ZAKKA ‘A’,07,,,,KT3207
5006,KATSINA,SAFANA,32,ZAKKA ‘B’,08,,,,KT3208
5007,KATSINA,SAFANA,32,BAURE ‘A’,09,,,,KT3209
5008,KATSINA,SAFANA,32,BAURE ‘B’,10,,,,KT3210
5009,KATSINA,SANDAMU,33,SANDAMU,01,,,,KT3301
5010,KATSINA,SANDAMU,33,KARKARKU,02,,,,KT3302
5011,KATSINA,SANDAMU,33,KWASARAWA,03,,,,KT3303
5012,KATSINA,SANDAMU,33,DANEJI ‘A’,04,,,,KT3304
5013,KATSINA,SANDAMU,33,DANEJI ‘B’,05,,,,KT3305
5014,KATSINA,SANDAMU,33,FAGO ‘A’,06,,,,KT3306
5015,KATSINA,SANDAMU,33,FAGO ‘B’,07,,,,KT3307
5016,KATSINA,SANDAMU,33,RADE ‘A’,08,,,,KT3308
5017,KATSINA,SANDAMU,33,RADE ‘B’,09,,,,KT3309
5018,KATSINA,SANDAMU,33,KATSAYAL,10,,,,KT3310
5019,KATSINA,SANDAMU,33,KAGARE,11,,,,KT3311
5020,KATSINA,ZANGO,34,YARDAJE,01,,,,KT3401
5021,KATSINA,ZANGO,34,KANDA,02,,,,KT3402
5022,KATSINA,ZANGO,34,ZANGO,03,,,,KT3403
5023,KATSINA,ZANGO,34,SARA,04,,,,KT3404
5024,KATSINA,ZANGO,34,DARGAGE,05,,,,KT3405
5025,KATSINA,ZANGO,34,RIGOGO/CIDARI,06,,,,KT3406
5026,KATSINA,ZANGO,34,GARNI,07,,,,KT3407
5027,KATSINA,ZANGO,34,GWAMBA,08,,,,KT3408
5028,KATSINA,ZANGO,34,KAWARIN KUDI,09,,,,KT3409
5029,KATSINA,ZANGO,34,KAWARIN MALAMAI,10,,,,KT3410
5030,KEBBI,ALIERO,01,ALIERO DANGA-LADIMA I,01,,,,KB0101
5031,KEBBI,ALIERO,01,ALIERO DANGA-LADIMA II,02,,,,KB0102
5032,KEBBI,ALIERO,01,ALIERO S/FADA I,03,,,,KB0103
5033,KEBBI,ALIERO,01,ALIERO S/FADA II,04,,,,KB0104
5034,KEBBI,ALIERO,01,DANWARAI,05,,,,KB0105
5035,KEBBI,ALIERO,01,JIGA BIRNI,06,,,,KB0106
5036,KEBBI,ALIERO,01,JIGA MAKERA,07,,,,KB0107
5037,KEBBI,ALIERO,01,KASHIN ZAMA,08,,,,KB0108
5038,KEBBI,ALIERO,01,RAFIN BAUNA,09,,,,KB0109
5039,KEBBI,ALIERO,01,SABIYAL,10,,,,KB0110
5040,KEBBI,AREWA,02,BIU,01,,,,KB0201
5041,KEBBI,AREWA,02,CHIBIKE,02,,,,KB0202
5042,KEBBI,AREWA,02,DAURA/SAKWABE/JARIKU KA,03,,,,KB0203
5043,KEBBI,AREWA,02,GORUN DIKKO,04,,,,KB0204
5044,KEBBI,AREWA,02,FALDE,05,,,,KB0205
5045,KEBBI,AREWA,02,FESKE/JAFFEJI,06,,,,KB0206
5046,KEBBI,AREWA,02,GUMUNDAI/RAFIN TSAKA,07,,,,KB0207
5047,KEBBI,AREWA,02,KANGIWA,08,,,,KB0208
5048,KEBBI,AREWA,02,LAIMA/JANTULU,09,,,,KB0209
5049,KEBBI,AREWA,02,SARKI/DANTSOHO,10,,,,KB0210
5050,KEBBI,AREWA,02,YELDU,11,,,,KB0211
5051,KEBBI,ARGUNGU,03,ALWASA/GOTOMO,01,,,,KB0301
5052,KEBBI,ARGUNGU,03,DIKKO,02,,,,KB0302
5053,KEBBI,ARGUNGU,03,FELENDE,03,,,,KB0303
5054,KEBBI,ARGUNGU,03,GALADIMA,04,,,,KB0304
5055,KEBBI,ARGUNGU,03,GULMA,05,,,,KB0305
5056,KEBBI,ARGUNGU,03,GWAZANGE/KISAWA/U. GYGA,06,,,,KB0306
5057,KEBBI,ARGUNGU,03,KOKANI NORTH,07,,,,KB0307
5058,KEBBI,ARGUNGU,03,KOKANI SOUTH,08,,,,KB0308
5059,KEBBI,ARGUNGU,03,LAILABA,09,,,,KB0309
5060,KEBBI,ARGUNGU,03,SAUWA/KAURAR SANI,10,,,,KB0310
5061,KEBBI,ARGUNGU,03,TUNGAR/ZAZZAGAWA/RU MBUKI/SARKAWA,11,,,,KB0311
5062,KEBBI,AUGIE,04,AUGIE NORTH,01,,,,KB0401
5063,KEBBI,AUGIE,04,AUGIE SOUTH,02,,,,KB0402
5064,KEBBI,AUGIE,04,BAGAYE/MERA,03,,,,KB0403
5065,KEBBI,AUGIE,04,BAYAWA NORTH,04,,,,KB0404
5066,KEBBI,AUGIE,04,BAYAWA SOUTH,05,,,,KB0405
5067,KEBBI,AUGIE,04,BIRNIN TUDA/GUDALE,06,,,,KB0406
5068,KEBBI,AUGIE,04,BUBUCE,07,,,,KB0407
5069,KEBBI,AUGIE,04,DUNDAYE/KWAIDO/ZAGI/I LLELA,08,,,,KB0408
5070,KEBBI,AUGIE,04,TGGI/AWADE,09,,,,KB0409
5071,KEBBI,AUGIE,04,YOLA,10,,,,KB0410
5072,KEBBI,BAGUDO,05,BAGUDO/TUGA,01,,,,KB0501
5073,KEBBI,BAGUDO,05,BAHINDI/BOKI-DOMA,02,,,,KB0502
5074,KEBBI,BAGUDO,05,BANI/TSAMIYA/KALI,03,,,,KB0503
5075,KEBBI,BAGUDO,05,ILLO/SABON/GARI/YANTA LA,04,,,,KB0504
5076,KEBBI,BAGUDO,05,KAOJE/GWAMBA,05,,,,KB0505
5077,KEBBI,BAGUDO,05,KENDE/KURGU,06,,,,KB0506
5078,KEBBI,BAGUDO,05,LAFAGU/GANTE,07,,,,KB0507
5079,KEBBI,BAGUDO,05,LOLO/GIRIS,08,,,,KB0508
5080,KEBBI,BAGUDO,05,MATSINKA/GEZA,09,,,,KB0509
5081,KEBBI,BAGUDO,05,SHARABI/KWANGUWAI,10,,,,KB0510
5082,KEBBI,BAGUDO,05,ZAGGA/KWASARA,11,,,,KB0511
5083,KEBBI,BIRNIN KEBBI,06,NASSARAWA I,01,,,,KB0601
5084,KEBBI,BIRNIN KEBBI,06,NASSARAWA II,02,,,,KB0602
5085,KEBBI,BIRNIN KEBBI,06,BIRNIN KEBBI MAFARA,03,,,,KB0603
5086,KEBBI,BIRNIN KEBBI,06,BIRNIN KEBBI DANGALADIMA,04,,,,KB0604
5087,KEBBI,BIRNIN KEBBI,06,KOLA/TARASA,05,,,,KB0605
5088,KEBBI,BIRNIN KEBBI,06,MAKERA,06,,,,KB0606
5089,KEBBI,BIRNIN KEBBI,06,MAURIDA/KARYO/UNG. MIJINAN,07,,,,KB0607
5090,KEBBI,BIRNIN KEBBI,06,GODONGAJI,08,,,,KB0608
5091,KEBBI,BIRNIN KEBBI,06,ZAURO,09,,,,KB0609
5092,KEBBI,BIRNIN KEBBI,06,GAWASU,10,,,,KB0610
5093,KEBBI,BIRNIN KEBBI,06,KARDI/YAMAMA,11,,,,KB0611
5094,KEBBI,BIRNIN KEBBI,06,LAGA,12,,,,KB0612
5095,KEBBI,BIRNIN KEBBI,06,GULUMBE,13,,,,KB0613
5096,KEBBI,BIRNIN KEBBI,06,AMBURSA,14,,,,KB0614
5097,KEBBI,BIRNIN KEBBI,06,UJARIYO,15,,,,KB0615
5098,KEBBI,BUNZA,07,BUNZA MARAFA,01,,,,KB0701
5099,KEBBI,BUNZA,07,BUNZA DANGALADIMA,02,,,,KB0702
5100,KEBBI,BUNZA,07,GWADE,03,,,,KB0703
5101,KEBBI,BUNZA,07,MAIDAHIMI,04,,,,KB0704
5102,KEBBI,BUNZA,07,RAHA,05,,,,KB0705
5103,KEBBI,BUNZA,07,SABON BIRNI,06,,,,KB0706
5104,KEBBI,BUNZA,07,SALWAI,07,,,,KB0707
5105,KEBBI,BUNZA,07,TILLI/HILEMA,08,,,,KB0708
5106,KEBBI,BUNZA,07,TUNGA,09,,,,KB0709
5107,KEBBI,BUNZA,07,ZOGRIMA,10,,,,KB0710
5108,KEBBI,DANDI,08,BANI ZUMBU,01,,,,KB0801
5109,KEBBI,DANDI,08,BUMA,02,,,,KB0802
5110,KEBBI,DANDI,08,DOLEKAINA,03,,,,KB0803
5111,KEBBI,DANDI,08,FANA,04,,,,KB0804
5112,KEBBI,DANDI,08,MAIHAUSAWA,05,,,,KB0805
5113,KEBBI,DANDI,08,KYANGAKWAI,06,,,,KB0806
5114,KEBBI,DANDI,08,GEZA,07,,,,KB0807
5115,KEBBI,DANDI,08,KAMBA/KAMBA,08,,,,KB0808
5116,KEBBI,DANDI,08,KWAKKWABA,09,,,,KB0809
5117,KEBBI,DANDI,08,MAIGWAZA,10,,,,KB0810
5118,KEBBI,DANDI,08,SHIKO,11,,,,KB0811
5119,KEBBI,FAKAI,09,BAJIDA,01,,,,KB0901
5120,KEBBI,FAKAI,09,BANGU/GARINISA,02,,,,KB0902
5121,KEBBI,FAKAI,09,BIRNIN UDU,03,,,,KB0903
5122,KEBBI,FAKAI,09,MAHUTA,04,,,,KB0904
5123,KEBBI,FAKAI,09,GULBIN KUKA/MAIJARHULA,05,,,,KB0905
5124,KEBBI,FAKAI,09,INGA(BULU) MAIKENDE,06,,,,KB0906
5125,KEBBI,FAKAI,09,KANGI,07,,,,KB0907
5126,KEBBI,FAKAI,09,FAKAI/ZUSSUN,08,,,,KB0908
5127,KEBBI,FAKAI,09,MARAFA,09,,,,KB0909
5128,KEBBI,FAKAI,09,PENIN AMANA/PENIN GABA,10,,,,KB0910
5129,KEBBI,GWANDU,10,CHEBERU/BADA,01,,,,KB1001
5130,KEBBI,GWANDU,10,DALIJAN,02,,,,KB1002
5131,KEBBI,GWANDU,10,DODORU,03,,,,KB1003
5132,KEBBI,GWANDU,10,GULMARE,04,,,,KB1004
5133,KEBBI,GWANDU,10,GWANDU MARAFA,05,,,,KB1005
5134,KEBBI,GWANDU,10,GWANDU SARKIN FAWA,06,,,,KB1006
5135,KEBBI,GWANDU,10,KAMBAZA,07,,,,KB1007
5136,KEBBI,GWANDU,10,MARUDA,08,,,,KB1008
5137,KEBBI,GWANDU,10,MALISA,09,,,,KB1009
5138,KEBBI,GWANDU,10,MASAWA KWASGARA,10,,,,KB1010
5139,KEBBI,JEGA,11,ALELU/GEHURU,01,,,,KB1101
5140,KEBBI,JEGA,11,DANGAMAJI,02,,,,KB1102
5141,KEBBI,JEGA,11,DUNBEGU/BAUSARA,03,,,,KB1103
5142,KEBBI,JEGA,11,GINDI/NASSARAWA/KYAR MI/GABI,04,,,,KB1104
5143,KEBBI,JEGA,11,JANDUTSI/BIRNIN MALAM,05,,,,KB1105
5144,KEBBI,JEGA,11,JEGA FIRCHIN,06,,,,KB1106
5145,KEBBI,JEGA,11,JEGA KOKANI,07,,,,KB1107
5146,KEBBI,JEGA,11,JEGA MAGAJI ‘A’,08,,,,KB1108
5147,KEBBI,JEGA,11,JEGA MAGAJI ‘B’,09,,,,KB1109
5148,KEBBI,JEGA,11,KATANGA/FAGADA,10,,,,KB1110
5149,KEBBI,JEGA,11,KIMBA,11,,,,KB1111
5150,KEBBI,KALGO,12,BADARIYA/MAGARZA,01,,,,KB1201
5151,KEBBI,KALGO,12,DANGOMA/GAYI,02,,,,KB1202
5152,KEBBI,KALGO,12,DIGGI,03,,,,KB1203
5153,KEBBI,KALGO,12,ETENE,04,,,,KB1204
5154,KEBBI,KALGO,12,KALGO,05,,,,KB1205
5155,KEBBI,KALGO,12,KUKA,06,,,,KB1206
5156,KEBBI,KALGO,12,MUTUBARI,07,,,,KB1207
5157,KEBBI,KALGO,12,NAYILWA,08,,,,KB1208
5158,KEBBI,KALGO,12,WUROGAURI,09,,,,KB1209
5159,KEBBI,KALGO,12,ZUGURU,10,,,,KB1210
5160,KEBBI,KOKO/BESSE,13,KOKO MAGAJI,01,,,,KB1301
5161,KEBBI,KOKO/BESSE,13,ILLELA/S/GARI,02,,,,KB1302
5162,KEBBI,KOKO/BESSE,13,KOKO FIRCIN,03,,,,KB1303
5163,KEBBI,KOKO/BESSE,13,DADA/ALELU,04,,,,KB1304
5164,KEBBI,KOKO/BESSE,13,JADADI,05,,,,KB1305
5165,KEBBI,KOKO/BESSE,13,LANI/MANYAN/TAFUKKA/ SHIBA,06,,,,KB1306
5166,KEBBI,KOKO/BESSE,13,BESSE,07,,,,KB1307
5167,KEBBI,KOKO/BESSE,13,TAKWARE,08,,,,KB1308
5168,KEBBI,KOKO/BESSE,13,DUTSIN MARI/DULMERU,09,,,,KB1309
5169,KEBBI,KOKO/BESSE,13,ZARIYA KALAKALA/AMIRU,10,,,,KB1310
5170,KEBBI,KOKO/BESSE,13,MADACCI/FIRINI,11,,,,KB1311
5171,KEBBI,KOKO/BESSE,13,MAIKWARI/KARAMAR/DA MBA/BAKOSHI,12,,,,KB1312
5172,KEBBI,MAIYAMA,14,ANDARAI/KURUNKWU/ZO NGUN LIBA,01,,,,KB1401
5173,KEBBI,MAIYAMA,14,GIWA TAZO/ZARA,02,,,,KB1402
5174,KEBBI,MAIYAMA,14,GUMBIN KURE,03,,,,KB1403
5175,KEBBI,MAIYAMA,14,KARAYE/DOGONDAJI,04,,,,KB1404
5176,KEBBI,MAIYAMA,14,KAWARA/S/SARA/YARKA MBA,05,,,,KB1405
5177,KEBBI,MAIYAMA,14,KUBEN RIGIDIGA,06,,,,KB1406
5178,KEBBI,MAIYAMA,14,LIBA/DANWA/KUKA KOGO,07,,,,KB1407
5179,KEBBI,MAIYAMA,14,MAIYAMA,08,,,,KB1408
5180,KEBBI,MAIYAMA,14,MUNGADI/BOROR,09,,,,KB1409
5181,KEBBI,MAIYAMA,14,SAMBAWA/MAYALO,10,,,,KB1410
5182,KEBBI,MAIYAMA,14,SARANDOSA/GUBBA,11,,,,KB1411
5183,KEBBI,NGASKI,15,BIRNIN YAURI,01,,,,KB1501
5184,KEBBI,NGASKI,15,GAFARA MACHUPA,02,,,,KB1502
5185,KEBBI,NGASKI,15,GARIN BAKA/MAKARIN,03,,,,KB1503
5186,KEBBI,NGASKI,15,KWAKWARAN,04,,,,KB1504
5187,KEBBI,NGASKI,15,LIBATA/KWANGIA,05,,,,KB1505
5188,KEBBI,NGASKI,15,KAMBUWA/DANMARAYA,06,,,,KB1506
5189,KEBBI,NGASKI,15,MAKAWA ULEIRA,07,,,,KB1507
5190,KEBBI,NGASKI,15,NGASKI,08,,,,KB1508
5191,KEBBI,NGASKI,15,UTONO/HOGE,09,,,,KB1509
5192,KEBBI,NGASKI,15,WARA,10,,,,KB1510
5193,KEBBI,SAKABA,16,ADAI,01,,,,KB1601
5194,KEBBI,SAKABA,16,DANKOLO,02,,,,KB1602
5195,KEBBI,SAKABA,16,DOKA/BERE,03,,,,KB1603
5196,KEBBI,SAKABA,16,GELWASA,04,,,,KB1604
5197,KEBBI,SAKABA,16,JANBIRNIN,05,,,,KB1605
5198,KEBBI,SAKABA,16,MAZA/MAZA,06,,,,KB1606
5199,KEBBI,SAKABA,16,MAKUKU,07,,,,KB1607
5200,KEBBI,SAKABA,16,SAKABA,08,,,,KB1608
5201,KEBBI,SAKABA,16,TUDUN KUKA,09,,,,KB1609
5202,KEBBI,SAKABA,16,FADA,10,,,,KB1610
5203,KEBBI,SHANGA,17,ATUWO,01,,,,KB1701
5204,KEBBI,SHANGA,17,BINUWA/GEBE/BUNKUJI,02,,,,KB1702
5205,KEBBI,SHANGA,17,DUGU TSOHO/GUDU RAHA,03,,,,KB1703
5206,KEBBI,SHANGA,17,KAWARA/INGU/SARGO,04,,,,KB1704
5207,KEBBI,SHANGA,17,RAFIN KIRYA/TEFKITARA,05,,,,KB1705
5208,KEBBI,SHANGA,17,SOKAGE/GOLONGO/HUND EJI,06,,,,KB1706
5209,KEBBI,SHANGA,17,SAWASHI,07,,,,KB1707
5210,KEBBI,SHANGA,17,SHANGA,08,,,,KB1708
5211,KEBBI,SHANGA,17,TAKWARE,09,,,,KB1709
5212,KEBBI,SHANGA,17,YARBESSE,10,,,,KB1710
5213,KEBBI,SURU,18,ALJANNARE,01,,,,KB1801
5214,KEBBI,SURU,18,BANDAN,02,,,,KB1802
5215,KEBBI,SURU,18,BARBAREJO,03,,,,KB1803
5216,KEBBI,SURU,18,BAKUWAI,04,,,,KB1804
5217,KEBBI,SURU,18,DAKIN GARI,05,,,,KB1805
5218,KEBBI,SURU,18,DENDANE,06,,,,KB1806
5219,KEBBI,SURU,18,DANIYA/SHEMA,07,,,,KB1807
5220,KEBBI,SURU,18,GINGA,08,,,,KB1808
5221,KEBBI,SURU,18,GIRO,09,,,,KB1809
5222,KEBBI,SURU,18,KWAIFA,10,,,,KB1810
5223,KEBBI,SURU,18,SURU,11,,,,KB1811
5224,KEBBI,WASAGU/DANKO,19,AYU,01,,,,KB1901
5225,KEBBI,WASAGU/DANKO,19,BENA,02,,,,KB1902
5226,KEBBI,WASAGU/DANKO,19,DAN UMARU/MAIRARAI,03,,,,KB1903
5227,KEBBI,WASAGU/DANKO,19,BANKO/MAGA,04,,,,KB1904
5228,KEBBI,WASAGU/DANKO,19,KANYA,05,,,,KB1905
5229,KEBBI,WASAGU/DANKO,19,KYABU/KANDU,06,,,,KB1906
5230,KEBBI,WASAGU/DANKO,19,RIBAH/MACHIKA,07,,,,KB1907
5231,KEBBI,WASAGU/DANKO,19,WAJE,08,,,,KB1908
5232,KEBBI,WASAGU/DANKO,19,WASAGA,09,,,,KB1909
5233,KEBBI,WASAGU/DANKO,19,YALMO/SHINDI,10,,,,KB1910
5234,KEBBI,WASAGU/DANKO,19,GWANFI/KELE,11,,,,KB1911
5235,KEBBI,YAURI,20,CHULU/KOMA,01,,,,KB2001
5236,KEBBI,YAURI,20,GUNGUN SARKI,02,,,,KB2002
5237,KEBBI,YAURI,20,JIJIMA,03,,,,KB2003
5238,KEBBI,YAURI,20,TONDI,04,,,,KB2004
5239,KEBBI,YAURI,20,YELWA CENTRAL,05,,,,KB2005
5240,KEBBI,YAURI,20,YELWA EAST,06,,,,KB2006
5241,KEBBI,YAURI,20,YELWA NORTH,07,,,,KB2007
5242,KEBBI,YAURI,20,YELWA SOUTH,08,,,,KB2008
5243,KEBBI,YAURI,20,YELWA WEST,09,,,,KB2009
5244,KEBBI,YAURI,20,ZAMARE,10,,,,KB2010
5245,KEBBI,ZURU,21,BEDI,01,,,,KB2101
5246,KEBBI,ZURU,21,CIROMAN DABAI,02,,,,KB2102
5247,KEBBI,ZURU,21,ISGOGO/DAGO,03,,,,KB2103
5248,KEBBI,ZURU,21,MANGA/USHE,04,,,,KB2104
5249,KEBBI,ZURU,21,RAFIN ZURU,05,,,,KB2105
5250,KEBBI,ZURU,21,RIKOTO,06,,,,KB2106
5251,KEBBI,ZURU,21,RUNU/DABEN/SEME,07,,,,KB2107
5252,KEBBI,ZURU,21,SENCHI,08,,,,KB2108
5253,KEBBI,ZURU,21,TADURGA,09,,,,KB2109
5254,KEBBI,ZURU,21,ZODI,10,,,,KB2110
5255,KOGI,ADAVI,01,OKUNCHI/OZURI/ONIEKA,01,,,,KG0101
5256,KOGI,ADAVI,01,OGAMINANA,02,,,,KG0102
5257,KOGI,ADAVI,01,IRUVUCHEBA,03,,,,KG0103
5258,KOGI,ADAVI,01,IDANNUHUA,04,,,,KG0104
5259,KOGI,ADAVI,01,ADAVI-EBA,05,,,,KG0105
5260,KOGI,ADAVI,01,KUROKO I,06,,,,KG0106
5261,KOGI,ADAVI,01,KUROKO II,07,,,,KG0107
5262,KOGI,ADAVI,01,INOZOMI/OSISI/IPAKU,08,,,,KG0108
5263,KOGI,ADAVI,01,IKARWORO/IDOBANYERE,09,,,,KG0109
5264,KOGI,ADAVI,01,NAGAZI FARM CENTRE,10,,,,KG0110
5265,KOGI,ADAVI,01,EGE/IRUVOCHUNOMI,11,,,,KG0111
5266,KOGI,AJAOKUTA,02,EBIYA NORH,01,,,,KG0201
5267,KOGI,AJAOKUTA,02,EBIYA SOUTH,02,,,,KG0202
5268,KOGI,AJAOKUTA,02,ABODI/PATESI,03,,,,KG0203
5269,KOGI,AJAOKUTA,02,ICHUWA/UPAJA,04,,,,KG0204
5270,KOGI,AJAOKUTA,02,BADOKO,05,,,,KG0205
5271,KOGI,AJAOKUTA,02,OGIRIRI,06,,,,KG0206
5272,KOGI,AJAOKUTA,02,ADOGO,07,,,,KG0207
5273,KOGI,AJAOKUTA,02,ACHAGANA,08,,,,KG0208
5274,KOGI,AJAOKUTA,02,ODONU/UNOSI,09,,,,KG0209
5275,KOGI,AJAOKUTA,02,OMGBO,10,,,,KG0210
5276,KOGI,AJAOKUTA,02,ADOGU/APAMIRAEGODO/ UNUOVENO,11,,,,KG0211
5277,KOGI,AJAOKUTA,02,OBANGEDE/OHUENEENE/ UKOKO INYERE,12,,,,KG0212
5278,KOGI,AJAOKUTA,02,OLD AJAOKUTA,13,,,,KG0213
5279,KOGI,AJAOKUTA,02,GEREGU/PAROKO/GANAG A/TOWNSHIP,14,,,,KG0214
5280,KOGI,ANKPA,03,ANKPA TOWNSHIP,01,,,,KG0301
5281,KOGI,ANKPA,03,ANKPA SURBURB I,02,,,,KG0302
5282,KOGI,ANKPA,03,ANKPA SURBURB II,03,,,,KG0303
5283,KOGI,ANKPA,03,ANKPA I,04,,,,KG0304
5284,KOGI,ANKPA,03,ANKPA II,05,,,,KG0305
5285,KOGI,ANKPA,03,ENJEMEA I,06,,,,KG0306
5286,KOGI,ANKPA,03,ENJEMEA II,07,,,,KG0307
5287,KOGI,ANKPA,03,ENJEMEA III,08,,,,KG0308
5288,KOGI,ANKPA,03,ENJENEA IV,09,,,,KG0309
5289,KOGI,ANKPA,03,OJOKU I,10,,,,KG0310
5290,KOGI,ANKPA,03,OJOKU II,11,,,,KG0311
5291,KOGI,ANKPA,03,OJOKU III,12,,,,KG0312
5292,KOGI,ANKPA,03,OJOKU IV,13,,,,KG0313
5293,KOGI,BASSA,04,AKUBA I,01,,,,KG0401
5294,KOGI,BASSA,04,AKUBA II,02,,,,KG0402
5295,KOGI,BASSA,04,AYEDE/AKAKANA,03,,,,KG0403
5296,KOGI,BASSA,04,OZONGULO/KPANCHE,04,,,,KG0404
5297,KOGI,BASSA,04,IKENDE,05,,,,KG0405
5298,KOGI,BASSA,04,GBOLOKO,06,,,,KG0406
5299,KOGI,BASSA,04,KPATA,07,,,,KG0407
5300,KOGI,BASSA,04,EFORO,08,,,,KG0408
5301,KOGI,BASSA,04,MOZUM,09,,,,KG0409
5302,KOGI,BASSA,04,OZUGBE,10,,,,KG0410
5303,KOGI,DEKINA,05,DEKINA TOWN,01,,,,KG0501
5304,KOGI,DEKINA,05,IYALE,02,,,,KG0502
5305,KOGI,DEKINA,05,EMEWE,03,,,,KG0503
5306,KOGI,DEKINA,05,ODU I,04,,,,KG0504
5307,KOGI,DEKINA,05,ODU II,05,,,,KG0505
5308,KOGI,DEKINA,05,ABOCHO,06,,,,KG0506
5309,KOGI,DEKINA,05,OGBABEDE,07,,,,KG0507
5310,KOGI,DEKINA,05,ADUMU EGUME,08,,,,KG0508
5311,KOGI,DEKINA,05,OJIKPADALA,09,,,,KG0509
5312,KOGI,DEKINA,05,ANYIGBA,10,,,,KG0510
5313,KOGI,DEKINA,05,OKURA OLAFIA,11,,,,KG0511
5314,KOGI,DEKINA,05,OGANE INIGU,12,,,,KG0512
5315,KOGI,IBAJI,06,ODEKE,01,,,,KG0601
5316,KOGI,IBAJI,06,UJEH,02,,,,KG0602
5317,KOGI,IBAJI,06,IYAO,03,,,,KG0603
5318,KOGI,IBAJI,06,AKPANYO,04,,,,KG0604
5319,KOGI,IBAJI,06,UNALE,05,,,,KG0605
5320,KOGI,IBAJI,06,OJILA,06,,,,KG0606
5321,KOGI,IBAJI,06,EJULE,07,,,,KG0607
5322,KOGI,IBAJI,06,AYAH,08,,,,KG0608
5323,KOGI,IBAJI,06,ANALO,09,,,,KG0609
5324,KOGI,IBAJI,06,ONYEDEGA,10,,,,KG0610
5325,KOGI,IDAH,07,IGALOGBA,01,,,,KG0701
5326,KOGI,IDAH,07,OWOLIAPA,02,,,,KG0702
5327,KOGI,IDAH,07,IGACHEBA,03,,,,KG0703
5328,KOGI,IDAH,07,UKWAJA,04,,,,KG0704
5329,KOGI,IDAH,07,OGBEGELE,05,,,,KG0705
5330,KOGI,IDAH,07,EDE,06,,,,KG0706
5331,KOGI,IDAH,07,SABON GARI,07,,,,KG0707
5332,KOGI,IDAH,07,EGA,08,,,,KG0708
5333,KOGI,IDAH,07,UGWODA,09,,,,KG0709
5334,KOGI,IDAH,07,ICHALA,10,,,,KG0710
5335,KOGI,IGALA-MELA,08,AVRUGO,01,,,,KG0801
5336,KOGI,IGALA-MELA,08,EKWULOKO,02,,,,KG0802
5337,KOGI,IGALA-MELA,08,ODOLU,03,,,,KG0803
5338,KOGI,IGALA-MELA,08,OJI AJI,04,,,,KG0804
5339,KOGI,IGALA-MELA,08,AKPANYA,05,,,,KG0805
5340,KOGI,IGALA-MELA,08,UBELE,06,,,,KG0806
5341,KOGI,IGALA-MELA,08,AJAKA I,07,,,,KG0807
5342,KOGI,IGALA-MELA,08,AJAKA II,08,,,,KG0808
5343,KOGI,IGALA-MELA,08,OFORACHI I,09,,,,KG0809
5344,KOGI,IGALA-MELA,08,OFORACHI II,10,,,,KG0810
5345,KOGI,IJUMU,09,AIYEBUNLE,01,,,,KG0901
5346,KOGI,IJUMU,09,AIYETORO I,02,,,,KG0902
5347,KOGI,IJUMU,09,AIYETORO II,03,,,,KG0903
5348,KOGI,IJUMU,09,IYAH/AYEH,04,,,,KG0904
5349,KOGI,IJUMU,09,ODOKORO/OKOROM/ARA ROMI,05,,,,KG0905
5350,KOGI,IJUMU,09,AIYERE/ANMAH,06,,,,KG0906
5351,KOGI,IJUMU,09,OGIDI,07,,,,KG0907
5352,KOGI,IJUMU,09,ILETEJU OGIDI,08,,,,KG0908
5353,KOGI,IJUMU,09,OGALE/ADUGE,09,,,,KG0909
5354,KOGI,IJUMU,09,EGBEDA-EGGA/OKEDAYO,10,,,,KG0910
5355,KOGI,IJUMU,09,IYARA,11,,,,KG0911
5356,KOGI,IJUMU,09,IFE/IKOYI/OKEJUMU,12,,,,KG0912
5357,KOGI,IJUMU,09,IYAMOYE,13,,,,KG0913
5358,KOGI,IJUMU,09,EKINRIN ADE,14,,,,KG0914
5359,KOGI,IJUMU,09,IGBOLAYERE/ILAERE,15,,,,KG0915
5360,KOGI,KABBA/BUNU,10,ASUTA,01,,,,KG1001
5361,KOGI,KABBA/BUNU,10,ODO-AKETE,02,,,,KG1002
5362,KOGI,KABBA/BUNU,10,OKEKOKO,03,,,,KG1003
5363,KOGI,KABBA/BUNU,10,ODOLU,04,,,,KG1004
5364,KOGI,KABBA/BUNU,10,AIYEWA,05,,,,KG1005
5365,KOGI,KABBA/BUNU,10,AIYETEJU,06,,,,KG1006
5366,KOGI,KABBA/BUNU,10,OUT,07,,,,KG1007
5367,KOGI,KABBA/BUNU,10,EGBEDA,08,,,,KG1008
5368,KOGI,KABBA/BUNU,10,OKEDAYO,09,,,,KG1009
5369,KOGI,KABBA/BUNU,10,AKUTUPA-KIRI,10,,,,KG1010
5370,KOGI,KABBA/BUNU,10,AIYETORO-KIRI,11,,,,KG1011
5371,KOGI,KABBA/BUNU,10,ILUKE,12,,,,KG1012
5372,KOGI,KABBA/BUNU,10,OLLE/OKE-OFIN,13,,,,KG1013
5373,KOGI,KABBA/BUNU,10,ODO-APE,14,,,,KG1014
5374,KOGI,KABBA/BUNU,10,OKEBUKUN,15,,,,KG1015
5375,KOGI,KOGI (KK),11,UKWO-KOTON KARFE,01,,,,KG1101
5376,KOGI,KOGI (KK),11,ODAKI KOTON KARFE,02,,,,KG1102
5377,KOGI,KOGI (KK),11,KOTON KARFE SOUTH EAST,03,,,,KG1103
5378,KOGI,KOGI (KK),11,GIRINYA,04,,,,KG1104
5379,KOGI,KOGI (KK),11,IRENODU,05,,,,KG1105
5380,KOGI,KOGI (KK),11,AKPASU,06,,,,KG1106
5381,KOGI,KOGI (KK),11,TAWARI,07,,,,KG1107
5382,KOGI,KOGI (KK),11,GEGU-BEKI NORTH,08,,,,KG1108
5383,KOGI,KOGI (KK),11,GEGU BEKI SOUTH,09,,,,KG1109
5384,KOGI,KOGI (KK),11,CHIKARA NORTH,10,,,,KG1110
5385,KOGI,KOGI (KK),11,CHIKARA SOUTH,11,,,,KG1111
5386,KOGI,LOKOJA,12,LOKOJA A,01,,,,KG1201
5387,KOGI,LOKOJA,12,LOKOJA B,02,,,,KG1202
5388,KOGI,LOKOJA,12,LOKOJA C,03,,,,KG1203
5389,KOGI,LOKOJA,12,LOKOJA D,04,,,,KG1204
5390,KOGI,LOKOJA,12,LOKOJA E,05,,,,KG1205
5391,KOGI,LOKOJA,12,KUPA NORTH EAST,06,,,,KG1206
5392,KOGI,LOKOJA,12,KUPA SOUTH EAST,07,,,,KG1207
5393,KOGI,LOKOJA,12,OWORO,08,,,,KG1208
5394,KOGI,LOKOJA,12,KANKANDA,09,,,,KG1209
5395,KOGI,LOKOJA,12,EGGAN,10,,,,KG1210
5396,KOGI,MOPA-MORO,13,ODOLE I,01,,,,KG1301
5397,KOGI,MOPA-MORO,13,ODELE 2,02,,,,KG1302
5398,KOGI,MOPA-MORO,13,ILLETEJU I,03,,,,KG1303
5399,KOGI,MOPA-MORO,13,ELLETEJU II,04,,,,KG1304
5400,KOGI,MOPA-MORO,13,OKRSGI/ILAI,05,,,,KG1305
5401,KOGI,MOPA-MORO,13,OROKERE,06,,,,KG1306
5402,KOGI,MOPA-MORO,13,TAKETE IDDE/OTAFUN,07,,,,KG1307
5403,KOGI,MOPA-MORO,13,AIYEDAYO/AIYEDERO,08,,,,KG1308
5404,KOGI,MOPA-MORO,13,AGBAJOGUN,09,,,,KG1309
5405,KOGI,MOPA-MORO,13,AIYEDE/OKAGI,10,,,,KG1310
5406,KOGI,OFU,14,IGO,01,,,,KG1401
5407,KOGI,OFU,14,ALLOMA,02,,,,KG1402
5408,KOGI,OFU,14,EJULE ALLA,03,,,,KG1403
5409,KOGI,OFU,14,ITOBE/OKOLENYI,04,,,,KG1404
5410,KOGI,OFU,14,UGWOLAWO I,05,,,,KG1405
5411,KOGI,OFU,14,UGWOLAWO II,06,,,,KG1406
5412,KOGI,OFU,14,ALOJI,07,,,,KG1407
5413,KOGI,OFU,14,OFOKE,08,,,,KG1408
5414,KOGI,OFU,14,OCHADAMU,09,,,,KG1409
5415,KOGI,OFU,14,OGBONICHA,10,,,,KG1410
5416,KOGI,OFU,14,IBOKO/EFAKWU,11,,,,KG1411
5417,KOGI,OGORI MAGONGO,15,ENI,01,,,,KG1501
5418,KOGI,OGORI MAGONGO,15,OSHOBANE,02,,,,KG1502
5419,KOGI,OGORI MAGONGO,15,OKIBO,03,,,,KG1503
5420,KOGI,OGORI MAGONGO,15,OKESI,04,,,,KG1504
5421,KOGI,OGORI MAGONGO,15,ILEEJU,05,,,,KG1505
5422,KOGI,OGORI MAGONGO,15,AIYEROMI,06,,,,KG1506
5423,KOGI,OGORI MAGONGO,15,AGUGU,07,,,,KG1507
5424,KOGI,OGORI MAGONGO,15,OBINOYIN,08,,,,KG1508
5425,KOGI,OGORI MAGONGO,15,OBATIGBEN,09,,,,KG1509
5426,KOGI,OGORI MAGONGO,15,OTUTU OPOWUROYE,10,,,,KG1510
5427,KOGI,OKEHI,16,OBEIBA I,01,,,,KG1601
5428,KOGI,OKEHI,16,OBEIBA II,02,,,,KG1602
5429,KOGI,OKEHI,16,OKUEHI,03,,,,KG1603
5430,KOGI,OKEHI,16,OHUETA,04,,,,KG1604
5431,KOGI,OKEHI,16,OBOROKE EBA,05,,,,KG1605
5432,KOGI,OKEHI,16,OBOROKE UVETE I,06,,,,KG1606
5433,KOGI,OKEHI,16,EIKA/OHIZENYI,07,,,,KG1607
5434,KOGI,OKEHI,16,OKAITO/USUNGWEN,08,,,,KG1608
5435,KOGI,OKEHI,16,OHUEPE/OMAVI UHUODO,09,,,,KG1609
5436,KOGI,OKEHI,16,OBANGEDE/UHUODO,10,,,,KG1610
5437,KOGI,OKEHI,16,OBOROKE UVETE II,11,,,,KG1611
5438,KOGI,OKEN,17,BARIKI,01,,,,KG1701
5439,KOGI,OKEN,17,OBESSA,02,,,,KG1702
5440,KOGI,OKEN,17,ONYUKOKO,03,,,,KG1703
5441,KOGI,OKEN,17,IDOJI,04,,,,KG1704
5442,KOGI,OKEN,17,ORIETESU,05,,,,KG1705
5443,KOGI,OKEN,17,OTUTU,06,,,,KG1706
5444,KOGI,OKEN,17,OKENE EBA/AGASSA/AHACHE,07,,,,KG1707
5445,KOGI,OKEN,17,OBEHIRA UVETTA,08,,,,KG1708
5446,KOGI,OKEN,17,OBEHIRA EBA,09,,,,KG1709
5447,KOGI,OKEN,17,ABUGA/OZUJA,10,,,,KG1710
5448,KOGI,OKEN,17,UPOGORO/ODENKU,11,,,,KG1711
5449,KOGI,OLAMABORO,18,IMENE I,01,,,,KG1801
5450,KOGI,OLAMABORO,18,IMENE II,02,,,,KG1802
5451,KOGI,OLAMABORO,18,OGUGU I,03,,,,KG1803
5452,KOGI,OLAMABORO,18,OGUGU II,04,,,,KG1804
5453,KOGI,OLAMABORO,18,OGUGU III,05,,,,KG1805
5454,KOGI,OLAMABORO,18,OLAMABORO I,06,,,,KG1806
5455,KOGI,OLAMABORO,18,OLAMABORO II,07,,,,KG1807
5456,KOGI,OLAMABORO,18,OLAMABORO III,08,,,,KG1808
5457,KOGI,OLAMABORO,18,OLAMABORO IV,09,,,,KG1809
5458,KOGI,OLAMABORO,18,OLAMABORO V,10,,,,KG1810
5459,KOGI,OMALA,19,ABEJUKOLO I,01,,,,KG1901
5460,KOGI,OMALA,19,ABEJUKOLO II,02,,,,KG1902
5461,KOGI,OMALA,19,OPADA/OFEJIJI,03,,,,KG1903
5462,KOGI,OMALA,19,BAGANA,04,,,,KG1904
5463,KOGI,OMALA,19,OKPATALA,05,,,,KG1905
5464,KOGI,OMALA,19,OKPATACHA,06,,,,KG1906
5465,KOGI,OMALA,19,BAGAJI,07,,,,KG1907
5466,KOGI,OMALA,19,ICHEKE-AJOPACHI,08,,,,KG1908
5467,KOGI,OMALA,19,OGODU,09,,,,KG1909
5468,KOGI,OMALA,19,OJA-AJI,10,,,,KG1910
5469,KOGI,OMALA,19,OLLA,11,,,,KG1911
5470,KOGI,YAGBA EAST,20,IFE OLUKOTUN I,01,,,,KG2001
5471,KOGI,YAGBA EAST,20,IFE OLUDOTUN II,02,,,,KG2002
5472,KOGI,YAGBA EAST,20,PONYAN,03,,,,KG2003
5473,KOGI,YAGBA EAST,20,ALU/IGBAGUN/ORANRE,04,,,,KG2004
5474,KOGI,YAGBA EAST,20,EJUKU,05,,,,KG2005
5475,KOGI,YAGBA EAST,20,JEGE/OKE AGI/OGBOM/ISAO,06,,,,KG2006
5476,KOGI,YAGBA EAST,20,MAKUTU I,07,,,,KG2007
5477,KOGI,YAGBA EAST,20,MAKUTU II,08,,,,KG2008
5478,KOGI,YAGBA EAST,20,ITEDO,09,,,,KG2009
5479,KOGI,YAGBA EAST,20,ILAFIN/IDOFIN/ODO-OGBE,10,,,,KG2010
5480,KOGI,YAGBA WEST,21,EJIBA,01,,,,KG2101
5481,KOGI,YAGBA WEST,21,ODOERI OKOTO,02,,,,KG2102
5482,KOGI,YAGBA WEST,21,"ODOERE,OKE-ERE",03,,,,KG2103
5483,KOGI,YAGBA WEST,21,ISAULU ESE/OKOLOKE/OKUNRAN,04,,,,KG2104
5484,KOGI,YAGBA WEST,21,IYAMERIN/IGBARUKU,05,,,,KG2105
5485,KOGI,YAGBA WEST,21,"ODO ARA, OMI, OGGA",06,,,,KG2106
5486,KOGI,YAGBA WEST,21,OGBE,07,,,,KG2107
5487,KOGI,YAGBA WEST,21,OKE EGBE I,08,,,,KG2108
5488,KOGI,YAGBA WEST,21,OKE EGBE II,09,,,,KG2109
5489,KOGI,YAGBA WEST,21,OKE EGBE III,10,,,,KG2110
5490,KOGI,YAGBA WEST,21,OKE EGBE IV,11,,,,KG2111
5491,KOGI,YAGBA WEST,21,ODO EGBE I,12,,,,KG2112
5492,KOGI,YAGBA WEST,21,ODO EGBE II,13,,,,KG2113
5493,KOGI,YAGBA WEST,21,ODO EGBE III,14,,,,KG2114
5494,KWARA,ASA,01,YOWERE/SOKOKI,01,,,,KW0101
5495,KWARA,ASA,01,ADIGBONGBO/AWE/ORIMA RO,02,,,,KW0102
5496,KWARA,ASA,01,ELEBUE/AGBONA/FAT,03,,,,KW0103
5497,KWARA,ASA,01,ONIRE/ODE-GIWA/ALAPA,04,,,,KW0104
5498,KWARA,ASA,01,YOWERE II/OKEWERU,05,,,,KW0105
5499,KWARA,ASA,01,GAMBARI/AIYEKALE,06,,,,KW0106
5500,KWARA,ASA,01,EFUE/BERIKODO,07,,,,KW0107
5501,KWARA,ASA,01,OWODE/GBOGUN,08,,,,KW0108
5502,KWARA,ASA,01,BALLAH/OTTE,09,,,,KW0109
5503,KWARA,ASA,01,OGBONDOROKO/REKE,10,,,,KW0110
5504,KWARA,ASA,01,AGO- OJA/OSIN/SAPA/LADUBA,11,,,,KW0111
5505,KWARA,ASA,01,AFON,12,,,,KW0112
5506,KWARA,ASA,01,ILA-OJA,13,,,,KW0113
5507,KWARA,ASA,01,OGELE,14,,,,KW0114
5508,KWARA,ASA,01,BUDO-EGBA,15,,,,KW0115
5509,KWARA,ASA,01,OKESHO,16,,,,KW0116
5510,KWARA,ASA,01,ODO,17,,,,KW0117
5511,KWARA,BARUTEN,02,BORIYA/SHIYA,01,,,,KW0201
5512,KWARA,BARUTEN,02,GURE/GWARSORO,02,,,,KW0202
5513,KWARA,BARUTEN,02,GWEDERE/BABANE,03,,,,KW0203
5514,KWARA,BARUTEN,02,GWANARA,04,,,,KW0204
5515,KWARA,BARUTEN,02,ILESHA,05,,,,KW0205
5516,KWARA,BARUTEN,02,KENU-TABERA,06,,,,KW0206
5517,KWARA,BARUTEN,02,KPURA YAKIRA,07,,,,KW0207
5518,KWARA,BARUTEN,02,KIYORU-BWEN,08,,,,KW0208
5519,KWARA,BARUTEN,02,OKUTA,09,,,,KW0209
5520,KWARA,BARUTEN,02,SHINAWU/TUMBUYA,10,,,,KW0210
5521,KWARA,BARUTEN,02,YASHIKIRA,11,,,,KW0211
5522,KWARA,EDU,03,LAFIAGI I,01,,,,KW0301
5523,KWARA,EDU,03,LAFIAGI II,02,,,,KW0302
5524,KWARA,EDU,03,LAFIAGI III,03,,,,KW0303
5525,KWARA,EDU,03,LAFIAGI IV,04,,,,KW0304
5526,KWARA,EDU,03,TSARAGI I,05,,,,KW0305
5527,KWARA,EDU,03,TSARAGI II,06,,,,KW0306
5528,KWARA,EDU,03,TSARAGI III,07,,,,KW0307
5529,KWARA,EDU,03,TSONGA I,08,,,,KW0308
5530,KWARA,EDU,03,TSONGA II,09,,,,KW0309
5531,KWARA,EDU,03,TSONGA III,10,,,,KW0310
5532,KWARA,EKITI,04,ERUKU,01,,,,KW0401
5533,KWARA,EKITI,04,ISAPA,02,,,,KW0402
5534,KWARA,EKITI,04,KORO,03,,,,KW0403
5535,KWARA,EKITI,04,OBBO-AIYEGUNLE I,04,,,,KW0404
5536,KWARA,EKITI,04,OBBO-AIYEBUNLE II,05,,,,KW0405
5537,KWARA,EKITI,04,OBBO-ILE,06,,,,KW0406
5538,KWARA,EKITI,04,OSI I,07,,,,KW0407
5539,KWARA,EKITI,04,OSI II,08,,,,KW0408
5540,KWARA,EKITI,04,OPIN,09,,,,KW0409
5541,KWARA,EKITI,04,OKE-OPIN/ETAN,10,,,,KW0410
5542,KWARA,IFELODUN,05,OKE-ODE I,01,,,,KW0501
5543,KWARA,IFELODUN,05,OKE ODE II,02,,,,KW0502
5544,KWARA,IFELODUN,05,OKE ODE III,03,,,,KW0503
5545,KWARA,IFELODUN,05,ORA,04,,,,KW0504
5546,KWARA,IFELODUN,05,ILE-IRE,05,,,,KW0505
5547,KWARA,IFELODUN,05,AGUNJIN,06,,,,KW0506
5548,KWARA,IFELODUN,05,ARO-AGO,07,,,,KW0507
5549,KWARA,IFELODUN,05,OMUPO,08,,,,KW0508
5550,KWARA,IFELODUN,05,SHARE I,09,,,,KW0509
5551,KWARA,IFELODUN,05,SHARE II,10,,,,KW0510
5552,KWARA,IFELODUN,05,SHARE III,11,,,,KW0511
5553,KWARA,IFELODUN,05,SHARE IV,12,,,,KW0512
5554,KWARA,IFELODUN,05,SHARE V,13,,,,KW0513
5555,KWARA,IFELODUN,05,IGBAJA I,14,,,,KW0514
5556,KWARA,IFELODUN,05,IGBAJA II,15,,,,KW0515
5557,KWARA,IFELODUN,05,IGBAJA III,16,,,,KW0516
5558,KWARA,IFELODUN,05,IDOFIAN I,17,,,,KW0517
5559,KWARA,IFELODUN,05,IDOFIAN II,18,,,,KW0518
5560,KWARA,ILORIN EAST,06,AGBE YANGI/GBADANMU/OSIN,01,,,,KW0601
5561,KWARA,ILORIN EAST,06,GAMBARI I,02,,,,KW0602
5562,KWARA,ILORIN EAST,06,GAMBARI II,03,,,,KW0603
5563,KWARA,ILORIN EAST,06,IBAGUN,04,,,,KW0604
5564,KWARA,ILORIN EAST,06,APADO,05,,,,KW0605
5565,KWARA,ILORIN EAST,06,IPORIN,06,,,,KW0606
5566,KWARA,ILORIN EAST,06,MAGAJI ARE I,07,,,,KW0607
5567,KWARA,ILORIN EAST,06,MAGAJI ARE II,08,,,,KW0608
5568,KWARA,ILORIN EAST,06,MARAFA/PEPELE,09,,,,KW0609
5569,KWARA,ILORIN EAST,06,MAYA/ILE APA,10,,,,KW0610
5570,KWARA,ILORIN EAST,06,OKE- OYI/OKE/OSE/ALALUBOSA,11,,,,KW0611
5571,KWARA,ILORIN EAST,06,ZANGO,12,,,,KW0612
5572,KWARA,ILORIN SOUTH,07,AKANBI I,01,,,,KW0701
5573,KWARA,ILORIN SOUTH,07,AKANBI II,02,,,,KW0702
5574,KWARA,ILORIN SOUTH,07,AKANBI III,03,,,,KW0703
5575,KWARA,ILORIN SOUTH,07,AKANBI IV,04,,,,KW0704
5576,KWARA,ILORIN SOUTH,07,AKANBI V,05,,,,KW0705
5577,KWARA,ILORIN SOUTH,07,BALOGUN FULANI I,06,,,,KW0706
5578,KWARA,ILORIN SOUTH,07,BALOGUN FULANI II,07,,,,KW0707
5579,KWARA,ILORIN SOUTH,07,BALOGUN FULANI III,08,,,,KW0708
5580,KWARA,ILORIN SOUTH,07,OKAKA I,09,,,,KW0709
5581,KWARA,ILORIN SOUTH,07,OKAKA II,10,,,,KW0710
5582,KWARA,ILORIN SOUTH,07,OKE OGUN,11,,,,KW0711
5583,KWARA,ILORIN WEST,08,ADEWOLE,01,,,,KW0801
5584,KWARA,ILORIN WEST,08,AJIKOBI,02,,,,KW0802
5585,KWARA,ILORIN WEST,08,BABOKO,03,,,,KW0803
5586,KWARA,ILORIN WEST,08,BADARI,04,,,,KW0804
5587,KWARA,ILORIN WEST,08,BALOGUN ALANAM CENTRAL,05,,,,KW0805
5588,KWARA,ILORIN WEST,08,MAGAJI-NGERI,06,,,,KW0806
5589,KWARA,ILORIN WEST,08,OLOJE,07,,,,KW0807
5590,KWARA,ILORIN WEST,08,OGIDI,08,,,,KW0808
5591,KWARA,ILORIN WEST,08,OJUEKUN/ZARUMI,09,,,,KW0809
5592,KWARA,ILORIN WEST,08,OKO-ERIN,10,,,,KW0810
5593,KWARA,ILORIN WEST,08,UBANDAWAKI,11,,,,KW0811
5594,KWARA,ILORIN WEST,08,WARRAH/EGGEJILA/OSHIN,12,,,,KW0812
5595,KWARA,IREPODUN,09,AJASE I,01,,,,KW0901
5596,KWARA,IREPODUN,09,AJASE II,02,,,,KW0902
5597,KWARA,IREPODUN,09,ARANDUN,03,,,,KW0903
5598,KWARA,IREPODUN,09,ESIE/IJAN,04,,,,KW0904
5599,KWARA,IREPODUN,09,IPETU/RORE/ARAN ORIN,05,,,,KW0905
5600,KWARA,IREPODUN,09,OMU-ARAN I (ARAN),06,,,,KW0906
5601,KWARA,IREPODUN,09,OMU-ARAN II (IHAYE),07,,,,KW0907
5602,KWARA,IREPODUN,09,OMU-ARAN III (IFAJA),08,,,,KW0908
5603,KWARA,IREPODUN,09,ORO I,09,,,,KW0909
5604,KWARA,IREPODUN,09,ORO II,10,,,,KW0910
5605,KWARA,IREPODUN,09,ORO,11,,,,KW0911
5606,KWARA,ISIN,10,ALA,01,,,,KW1001
5607,KWARA,ISIN,10,EDIDI,02,,,,KW1002
5608,KWARA,ISIN,10,ISANLU ISIN I,03,,,,KW1003
5609,KWARA,ISIN,10,ISANLU ISIN II,04,,,,KW1004
5610,KWARA,ISIN,10,IJARA ISIN,05,,,,KW1005
5611,KWARA,ISIN,10,IWO,06,,,,KW1006
5612,KWARA,ISIN,10,OWU-ISIN,07,,,,KW1007
5613,KWARA,ISIN,10,OKE-ONIGBIN,08,,,,KW1008
5614,KWARA,ISIN,10,SABAJA/PAMO,09,,,,KW1009
5615,KWARA,ISIN,10,OKE-ABA,10,,,,KW1010
5616,KWARA,ISIN,10,OLLA,11,,,,KW1011
5617,KWARA,KALAMA,11,ADENA,01,,,,KW1101
5618,KWARA,KALAMA,11,BANI,02,,,,KW1102
5619,KWARA,KALAMA,11,GWANABE I,03,,,,KW1103
5620,KWARA,KALAMA,11,GWANABE II,04,,,,KW1104
5621,KWARA,KALAMA,11,GWARIA,05,,,,KW1105
5622,KWARA,KALAMA,11,KAIAMA I,06,,,,KW1106
5623,KWARA,KALAMA,11,KAIAMA II,07,,,,KW1107
5624,KWARA,KALAMA,11,KAIMA III,08,,,,KW1108
5625,KWARA,KALAMA,11,KEMANJI,09,,,,KW1109
5626,KWARA,KALAMA,11,WAJIBE,10,,,,KW1110
5627,KWARA,MORO,12,JEBBA,01,,,,KW1201
5628,KWARA,MORO,12,BODE-ASSDU,02,,,,KW1202
5629,KWARA,MORO,12,OKEMI,03,,,,KW1203
5630,KWARA,MORO,12,LANWA,04,,,,KW1204
5631,KWARA,MORO,12,EJIDONGARI,05,,,,KW1205
5632,KWARA,MORO,12,OKUTALA,06,,,,KW1206
5633,KWARA,MORO,12,BABADUDU,07,,,,KW1207
5634,KWARA,MORO,12,OLORU,08,,,,KW1208
5635,KWARA,MORO,12,PAKUNMO,09,,,,KW1209
5636,KWARA,MORO,12,WOMI/AYAKI,10,,,,KW1210
5637,KWARA,MORO,12,ABATI/ALARA,11,,,,KW1211
5638,KWARA,MORO,12,SHAO,12,,,,KW1212
5639,KWARA,MORO,12,LOGUN/JEHUN KUNNU,13,,,,KW1213
5640,KWARA,MORO,12,MALETE/GBEGUDU,14,,,,KW1214
5641,KWARA,MORO,12,AJANAKU,15,,,,KW1215
5642,KWARA,MORO,12,MEGIDA,16,,,,KW1216
5643,KWARA,OFFA,13,BALOGUN,01,,,,KW1301
5644,KWARA,OFFA,13,SHAWO SOUTH WEST,02,,,,KW1302
5645,KWARA,OFFA,13,SHAWO CENTRAL,03,,,,KW1303
5646,KWARA,OFFA,13,SHAWO SOYUTH EAST,04,,,,KW1304
5647,KWARA,OFFA,13,ESSA A,05,,,,KW1305
5648,KWARA,OFFA,13,ESSA B,06,,,,KW1306
5649,KWARA,OFFA,13,ESSA C,07,,,,KW1307
5650,KWARA,OFFA,13,OJOMU NORTH/NORTH WEST,08,,,,KW1308
5651,KWARA,OFFA,13,OJOMU CENTRAL (1),09,,,,KW1309
5652,KWARA,OFFA,13,OJOMU CENTRAL (II),10,,,,KW1310
5653,KWARA,OFFA,13,OJOMU SOUTH EAST,11,,,,KW1311
5654,KWARA,OFFA,13,IGBODUN,12,,,,KW1312
5655,KWARA,OKE-ERO,14,AIYEDUN,01,,,,KW1401
5656,KWARA,OKE-ERO,14,EKAN,02,,,,KW1402
5657,KWARA,OKE-ERO,14,IMOJI/ILALE/ERIN MOPE,03,,,,KW1403
5658,KWARA,OKE-ERO,14,ILOFFA,04,,,,KW1404
5659,KWARA,OKE-ERO,14,IMODE/EGOSI,05,,,,KW1405
5660,KWARA,OKE-ERO,14,IDOFIN IGBANA I,06,,,,KW1406
5661,KWARA,OKE-ERO,14,IDOFIN IGBANA II,07,,,,KW1407
5662,KWARA,OKE-ERO,14,IDOFIN /ODO-ASHE,08,,,,KW1408
5663,KWARA,OKE-ERO,14,ODO-OWA I,09,,,,KW1409
5664,KWARA,OKE-ERO,14,ODO-OWA II,10,,,,KW1410
5665,KWARA,OYUN,15,ERIN-ILE SOUTH,01,,,,KW1501
5666,KWARA,OYUN,15,ILEMONA,02,,,,KW1502
5667,KWARA,OYUN,15,EGBONA,03,,,,KW1503
5668,KWARA,OYUN,15,IRRA,04,,,,KW1504
5669,KWARA,OYUN,15,INAJA/AHOGBADA,05,,,,KW1505
5670,KWARA,OYUN,15,IKOTUN,06,,,,KW1506
5671,KWARA,OYUN,15,OJOKU,07,,,,KW1507
5672,KWARA,OYUN,15,IJAGBO,08,,,,KW1508
5673,KWARA,OYUN,15,IGOSUN,09,,,,KW1509
5674,KWARA,OYUN,15,IPEE,10,,,,KW1510
5675,KWARA,OYUN,15,ERIN-ILE NORTH,11,,,,KW1511
5676,KWARA,PATIGI,16,PATIGI I,01,,,,KW1601
5677,KWARA,PATIGI,16,PATIGI II,02,,,,KW1602
5678,KWARA,PATIGI,16,PATIGI III,03,,,,KW1603
5679,KWARA,PATIGI,16,PATIGI IV,04,,,,KW1604
5680,KWARA,PATIGI,16,KPADA I,05,,,,KW1605
5681,KWARA,PATIGI,16,KPADA II,06,,,,KW1606
5682,KWARA,PATIGI,16,KPADA III,07,,,,KW1607
5683,KWARA,PATIGI,16,LADE I,08,,,,KW1608
5684,KWARA,PATIGI,16,LADE II,09,,,,KW1609
5685,KWARA,PATIGI,16,LADE III,10,,,,KW1610
5686,LAGOS,AGEGE,01,ISALE/IDIMANGORO,01,,,,LA0101
5687,LAGOS,AGEGE,01,ILORO/ONIPETESI,02,,,,LA0102
5688,LAGOS,AGEGE,01,ONIWAYA/PAPA-UKU,03,,,,LA0103
5689,LAGOS,AGEGE,01,AGBOTIKUYO/DOPEMU,04,,,,LA0104
5690,LAGOS,AGEGE,01,OYEWOLE/PAPA ASHAFA,05,,,,LA0105
5691,LAGOS,AGEGE,01,OKEKOTO,06,,,,LA0106
5692,LAGOS,AGEGE,01,KEKE,07,,,,LA0107
5693,LAGOS,AGEGE,01,DAROCHA,08,,,,LA0108
5694,LAGOS,AGEGE,01,TABON TABON/OKO OBA,09,,,,LA0109
5695,LAGOS,AGEGE,01,ORILE AGEGE/OKO OBA,10,,,,LA0110
5696,LAGOS,AGEGE,01,ISALE ODO,11,,,,LA0111
5697,LAGOS,AJEROMI/IFELO DUN,02,AGO HAUSA,01,,,,LA0201
5698,LAGOS,AJEROMI/IFELO DUN,02,AWODI-ORA,02,,,,LA0202
5699,LAGOS,AJEROMI/IFELO DUN,02,WILMER,03,,,,LA0203
5700,LAGOS,AJEROMI/IFELO DUN,02,OLODI,04,,,,LA0204
5701,LAGOS,AJEROMI/IFELO DUN,02,TOLU,05,,,,LA0205
5702,LAGOS,AJEROMI/IFELO DUN,02,TEMIDIRE I,06,,,,LA0206
5703,LAGOS,AJEROMI/IFELO DUN,02,OJO ROAD,07,,,,LA0207
5704,LAGOS,AJEROMI/IFELO DUN,02,LAYENI,08,,,,LA0208
5705,LAGOS,AJEROMI/IFELO DUN,02,ALABA ORO,09,,,,LA0209
5706,LAGOS,AJEROMI/IFELO DUN,02,MOSAFEJO,10,,,,LA0210
5707,LAGOS,AJEROMI/IFELO DUN,02,TEMIDIRE II,11,,,,LA0211
5708,LAGOS,ALIMOSHO,03,SHASHA/AKOWONJO,01,,,,LA0301
5709,LAGOS,ALIMOSHO,03,EGBEDA.ALIMOSHO,02,,,,LA0302
5710,LAGOS,ALIMOSHO,03,IDIMU/ISHERI-OLOFIN,03,,,,LA0303
5711,LAGOS,ALIMOSHO,03,IKOTUN/IJEGUN/ABARANJE,04,,,,LA0304
5712,LAGOS,ALIMOSHO,03,EGBE/AGODO,05,,,,LA0305
5713,LAGOS,ALIMOSHO,03,EGANDO/EGAN,06,,,,LA0306
5714,LAGOS,ALIMOSHO,03,IPAJA NORTH,07,,,,LA0307
5715,LAGOS,ALIMOSHO,03,IPAJA SOUTH,08,,,,LA0308
5716,LAGOS,ALIMOSHO,03,AYOBO/IJON VILLAGE (CAMP-DAVID),09,,,,LA0309
5717,LAGOS,ALIMOSHO,03,PLEASURE/OKE-ODO,10,,,,LA0310
5718,LAGOS,ALIMOSHO,03,ABULE- EGBA/ABORU/MEIRAN/ALA GBADO,11,,,,LA0311
5719,LAGOS,AMUWO-ODOFIN,04,"AMUWO-OFOFIN HOUSING ESTATE, MILE 2",01,,,,LA0401
5720,LAGOS,AMUWO-ODOFIN,04,FESTAC I,02,,,,LA0402
5721,LAGOS,AMUWO-ODOFIN,04,FESTAC II,03,,,,LA0403
5722,LAGOS,AMUWO-ODOFIN,04,KIRIKIRI,04,,,,LA0404
5723,LAGOS,AMUWO-ODOFIN,04,AMUWO,05,,,,LA0405
5724,LAGOS,AMUWO-ODOFIN,04,IJEGUN,06,,,,LA0406
5725,LAGOS,AMUWO-ODOFIN,04,SATELLITE,07,,,,LA0407
5726,LAGOS,AMUWO-ODOFIN,04,IREDE,08,,,,LA0408
5727,LAGOS,AMUWO-ODOFIN,04,IBESHE,09,,,,LA0409
5728,LAGOS,AMUWO-ODOFIN,04,IGBOLOGUN,10,,,,LA0410
5729,LAGOS,AMUWO-ODOFIN,04,FESTAC III,11,,,,LA0411
5730,LAGOS,APAPA,05,APAPA I (MARINE ROAD AND ENVIRONS),01,,,,LA0501
5731,LAGOS,APAPA,05,APAPA II (LIVERPOOL ROAD AND ENVIRONS),02,,,,LA0502
5732,LAGOS,APAPA,05,"APAPA III (CREEK RD,TINCAN/SNAKE ISLANDS)",03,,,,LA0503
5733,LAGOS,APAPA,05,APAPA IV (PELEWURA CRESCENT AND ENVIRONS),04,,,,LA0504
5734,LAGOS,APAPA,05,IJORA OLOYE,05,,,,LA0505
5735,LAGOS,APAPA,05,"OLODAN STREET, OLOJOWON STREET, ALH. DOGO OLATOKUNBO STREET, IGANMU",06,,,,LA0506
5736,LAGOS,APAPA,05,GASHIYA AND ENVIRONS,07,,,,LA0507
5737,LAGOS,APAPA,05,"AFOLABI ALASIA STREET, AND ENVIRONS",08,,,,LA0508
5738,LAGOS,APAPA,05,MALU ROAD AND ENVIRONS,09,,,,LA0509
5739,LAGOS,APAPA,05,SARI AND ENVIRONS,10,,,,LA0510
5740,LAGOS,BADAGRY,06,POSUKOH-AREA,01,,,,LA0601
5741,LAGOS,BADAGRY,06,AWHANJIGOH,02,,,,LA0602
5742,LAGOS,BADAGRY,06,IBEREKO,03,,,,LA0603
5743,LAGOS,BADAGRY,06,APA,04,,,,LA0604
5744,LAGOS,BADAGRY,06,KETA-EAST,05,,,,LA0605
5745,LAGOS,BADAGRY,06,IWORO GBANKO,06,,,,LA0606
5746,LAGOS,BADAGRY,06,AJIDO,07,,,,LA0607
5747,LAGOS,BADAGRY,06,ILOGBO-ARAROMI,08,,,,LA0608
5748,LAGOS,BADAGRY,06,IKOGA,09,,,,LA0609
5749,LAGOS,BADAGRY,06,AJARA,10,,,,LA0610
5750,LAGOS,BADAGRY,06,IYA-AFIN,11,,,,LA0611
5751,LAGOS,EPE,07,ETITA/EBODE,01,,,,LA0701
5752,LAGOS,EPE,07,LAGBEDE,02,,,,LA0702
5753,LAGOS,EPE,07,POPO-OBA,03,,,,LA0703
5754,LAGOS,EPE,07,OKEO-BALOGUN,04,,,,LA0704
5755,LAGOS,EPE,07,AJAGANABE,05,,,,LA0705
5756,LAGOS,EPE,07,ISE/IGBOGUN,06,,,,LA0706
5757,LAGOS,EPE,07,ORIBA/LADABA,07,,,,LA0707
5758,LAGOS,EPE,07,ABMITI,08,,,,LA0708
5759,LAGOS,EPE,07,AGBOWA,09,,,,LA0709
5760,LAGOS,EPE,07,AGBOWA IKOSI,10,,,,LA0710
5761,LAGOS,EPE,07,AGO OWU,11,,,,LA0711
5762,LAGOS,EPE,07,ORUGBO,12,,,,LA0712
5763,LAGOS,EPE,07,ILARA,13,,,,LA0713
5764,LAGOS,EPE,07,IBONWON,14,,,,LA0714
5765,LAGOS,EPE,07,ODORAGUNSIN,15,,,,LA0715
5766,LAGOS,EPE,07,POKA,16,,,,LA0716
5767,LAGOS,EPE,07,ODOMOLA,17,,,,LA0717
5768,LAGOS,EPE,07,EJINRIN,18,,,,LA0718
5769,LAGOS,EPE,07,ITOIKIN,19,,,,LA0719
5770,LAGOS,ETI-OSA,08,VICTORIA ISLAND I,01,,,,LA0801
5771,LAGOS,ETI-OSA,08,VICTORIA ISLAND II,02,,,,LA0802
5772,LAGOS,ETI-OSA,08,ILASAN HOUSING ESTATE,03,,,,LA0803
5773,LAGOS,ETI-OSA,08,LEKKI/IKATE AND ENVIRONS,04,,,,LA0804
5774,LAGOS,ETI-OSA,08,ILADO/ETI-OSA AND ENVIRONS,05,,,,LA0805
5775,LAGOS,ETI-OSA,08,AJAH/SANGOTEDO,06,,,,LA0806
5776,LAGOS,ETI-OSA,08,ADO/LANGBASA/BADORE,07,,,,LA0807
5777,LAGOS,ETI-OSA,08,IKOYI I,08,,,,LA0808
5778,LAGOS,ETI-OSA,08,IKOYI II,09,,,,LA0809
5779,LAGOS,ETI-OSA,08,OBALENDE,10,,,,LA0810
5780,LAGOS,IBEJU/LEKKI,09,IBEJU I,01,,,,LA0901
5781,LAGOS,IBEJU/LEKKI,09,IBEJU II,02,,,,LA0902
5782,LAGOS,IBEJU/LEKKI,09,ORIMEDU I,03,,,,LA0903
5783,LAGOS,IBEJU/LEKKI,09,ORIMEDU II,04,,,,LA0904
5784,LAGOS,IBEJU/LEKKI,09,ORIMEDU III,05,,,,LA0905
5785,LAGOS,IBEJU/LEKKI,09,IWEREKUN I,06,,,,LA0906
5786,LAGOS,IBEJU/LEKKI,09,IWEREKUN II,07,,,,LA0907
5787,LAGOS,IBEJU/LEKKI,09,LEKKI I,08,,,,LA0908
5788,LAGOS,IBEJU/LEKKI,09,LEKKI II,09,,,,LA0909
5789,LAGOS,IBEJU/LEKKI,09,SIRIWON/IGBEKODO I,10,,,,LA0910
5790,LAGOS,IBEJU/LEKKI,09,SIRIWON/IGBEKODO II,11,,,,LA0911
5791,LAGOS,IFAKO-IJAYE,10,OGBA IJAYE,01,,,,LA1001
5792,LAGOS,IFAKO-IJAYE,10,OLD IFAKO/KARAOLE,02,,,,LA1002
5793,LAGOS,IFAKO-IJAYE,10,NEW IFAKO/OYEMEKUN,03,,,,LA1003
5794,LAGOS,IFAKO-IJAYE,10,FAGBA AKUTE ROAD,04,,,,LA1004
5795,LAGOS,IFAKO-IJAYE,10,ISHAGA,05,,,,LA1005
5796,LAGOS,IFAKO-IJAYE,10,IJU/OBAWOLE,06,,,,LA1006
5797,LAGOS,IFAKO-IJAYE,10,ABULE EGBA/PANADA,07,,,,LA1007
5798,LAGOS,IFAKO-IJAYE,10,OJOKORO/IJAYE,08,,,,LA1008
5799,LAGOS,IFAKO-IJAYE,10,AGBADO KOLINTON/IJAYE,09,,,,LA1009
5800,LAGOS,IFAKO-IJAYE,10,ALAKUKO,10,,,,LA1010
5801,LAGOS,IFAKO-IJAYE,10,ALAKUKO/AKINDE/ANIMAS HUN,11,,,,LA1011
5802,LAGOS,IKEJA,11,ANIFOWOSHE/IKEJA,01,,,,LA1101
5803,LAGOS,IKEJA,11,OJODU/AGIDINGBI/OMOLE,02,,,,LA1102
5804,LAGOS,IKEJA,11,ALAWUSA/OREGUN/OLUSO SUN,03,,,,LA1103
5805,LAGOS,IKEJA,11,AIRPORT/ONIPETESI/ONILE KERE,04,,,,LA1104
5806,LAGOS,IKEJA,11,IPODO/SEKIRI ARO,05,,,,LA1105
5807,LAGOS,IKEJA,11,ADEKUNLE VILLAGE/ADENIYI JONES/OGBA,06,,,,LA1106
5808,LAGOS,IKEJA,11,OKE-IRA/AGUDA,07,,,,LA1107
5809,LAGOS,IKEJA,11,ONIGBONGBO/MILITARY CANTONMENT,08,,,,LA1108
5810,LAGOS,IKEJA,11,GRA/POLICE BARACK,09,,,,LA1109
5811,LAGOS,IKEJA,11,WASIMI/OPEBI/ALLEN,10,,,,LA1110
5812,LAGOS,IKORODU,12,ISELE I,01,,,,LA1201
5813,LAGOS,IKORODU,12,ISELE II,02,,,,LA1202
5814,LAGOS,IKORODU,12,ISELE III,03,,,,LA1203
5815,LAGOS,IKORODU,12,AGA/IJIMU,04,,,,LA1204
5816,LAGOS,IKORODU,12,IPAKODO,05,,,,LA1205
5817,LAGOS,IKORODU,12,IMOTA I,06,,,,LA1206
5818,LAGOS,IKORODU,12,IMOTA  II,07,,,,LA1207
5819,LAGOS,IKORODU,12,ISIU,08,,,,LA1208
5820,LAGOS,IKORODU,12,IGBOGBO I,09,,,,LA1209
5821,LAGOS,IKORODU,12,IGBOGBO II,10,,,,LA1210
5822,LAGOS,IKORODU,12,BAIYEKU/ORETA,11,,,,LA1211
5823,LAGOS,IKORODU,12,IBESHE,12,,,,LA1212
5824,LAGOS,IKORODU,12,IJEDE I,13,,,,LA1213
5825,LAGOS,IKORODU,12,IJEDE II,14,,,,LA1214
5826,LAGOS,IKORODU,12,AGURA/IPONMI,15,,,,LA1215
5827,LAGOS,IKORODU,12,ODOGUNYAN,16,,,,LA1216
5828,LAGOS,IKORODU,12,ERIKORODO,17,,,,LA1217
5829,LAGOS,IKORODU,12,AGBALA,18,,,,LA1218
5830,LAGOS,IKORODU,12,OLORUNDA/IGBAGA,19,,,,LA1219
5831,LAGOS,KOSOFE,13,OWORONSOKI,01,,,,LA1301
5832,LAGOS,KOSOFE,13,IFAKO/SOLUYI,02,,,,LA1302
5833,LAGOS,KOSOFE,13,ANTHONY/AJAO ESTATE/MENDE/ MARYLAND,03,,,,LA1303
5834,LAGOS,KOSOFE,13,OJOTA/OGUDU,04,,,,LA1304
5835,LAGOS,KOSOFE,13,KETU/ALAPERE/AGIDI/ORIS IGUN KOSOFE/AJELOGO/AKANIM ODO,05,,,,LA1305
5836,LAGOS,KOSOFE,13,IKOSI KETU/MILE 12/AGILITI/MAIDAN,06,,,,LA1306
5837,LAGOS,KOSOFE,13,ISHERI-OLOWO- IRA/SHANGISHA/ MAGODO PHASE I & II,07,,,,LA1307
5838,LAGOS,KOSOFE,13,AGBOYI I,08,,,,LA1308
5839,LAGOS,KOSOFE,13,AGBOYI II,09,,,,LA1309
5840,LAGOS,KOSOFE,13,OWODE ONIRIN/AJEGUNLE/ODO OGUN,10,,,,LA1310
5841,LAGOS,LAGOS ISLAND,14,OLOWOGBOWO/ELEGBATA,01,,,,LA1401
5842,LAGOS,LAGOS ISLAND,14,OLUWOLE,02,,,,LA1402
5843,LAGOS,LAGOS ISLAND,14,IDUMOTA/OKE-ARIN,03,,,,LA1403
5844,LAGOS,LAGOS ISLAND,14,OJU-OTO,04,,,,LA1404
5845,LAGOS,LAGOS ISLAND,14,OKO-AWO,05,,,,LA1405
5846,LAGOS,LAGOS ISLAND,14,AGARAWU/OBADINA,06,,,,LA1406
5847,LAGOS,LAGOS ISLAND,14,IDUNTAFA,07,,,,LA1407
5848,LAGOS,LAGOS ISLAND,14,ILUPESI,08,,,,LA1408
5849,LAGOS,LAGOS ISLAND,14,ISALE-AGBEDE,09,,,,LA1409
5850,LAGOS,LAGOS ISLAND,14,OLOSUN,10,,,,LA1410
5851,LAGOS,LAGOS ISLAND,14,OLUSHI/KAKAWA,11,,,,LA1411
5852,LAGOS,LAGOS ISLAND,14,POPO-AGUDA,12,,,,LA1412
5853,LAGOS,LAGOS ISLAND,14,ANIKANTAMO,13,,,,LA1413
5854,LAGOS,LAGOS ISLAND,14,OKO-FAJI,14,,,,LA1414
5855,LAGOS,LAGOS ISLAND,14,EIYEKOLE,15,,,,LA1415
5856,LAGOS,LAGOS ISLAND,14,ONOKAN,16,,,,LA1416
5857,LAGOS,LAGOS ISLAND,14,SANDGROUSE,17,,,,LA1417
5858,LAGOS,LAGOS ISLAND,14,EPETEDO,18,,,,LA1418
5859,LAGOS,LAGOS ISLAND,14,LAFIAJI/EBUTE,19,,,,LA1419
5860,LAGOS,LAGOS MAINLAND,15,OTTO/IDDO,01,,,,LA1501
5861,LAGOS,LAGOS MAINLAND,15,APAPA ROAD AND ENVIRONS,02,,,,LA1502
5862,LAGOS,LAGOS MAINLAND,15,OLALEYE VILLAGE,03,,,,LA1503
5863,LAGOS,LAGOS MAINLAND,15,MAKOKO/EBUTE METTA,04,,,,LA1504
5864,LAGOS,LAGOS MAINLAND,15,OYINGBO MARKET/EBUTE METTA,05,,,,LA1505
5865,LAGOS,LAGOS MAINLAND,15,GLOVER/EBUTE METTA,06,,,,LA1506
5866,LAGOS,LAGOS MAINLAND,15,OKO-BABA,07,,,,LA1507
5867,LAGOS,LAGOS MAINLAND,15,OYADIRAN ESTATE/ABULEOJA,08,,,,LA1508
5868,LAGOS,LAGOS MAINLAND,15,ALAGOMEJI,09,,,,LA1509
5869,LAGOS,LAGOS MAINLAND,15,IWAYA,10,,,,LA1510
5870,LAGOS,LAGOS MAINLAND,15,YABA/IGBOBI SABE,11,,,,LA1511
5871,LAGOS,MUSHIN,16,ALAKARA,01,,,,LA1601
5872,LAGOS,MUSHIN,16,IDID-ORO,02,,,,LA1602
5873,LAGOS,MUSHIN,16,BABALOSA,03,,,,LA1603
5874,LAGOS,MUSHIN,16,OJUWOYE,04,,,,LA1604
5875,LAGOS,MUSHIN,16,ILUPEJU,05,,,,LA1605
5876,LAGOS,MUSHIN,16,OLATEJU,06,,,,LA1606
5877,LAGOS,MUSHIN,16,KAYODE/FADEYI,07,,,,LA1607
5878,LAGOS,MUSHIN,16,MUSHIN/ATEWOLARA,08,,,,LA1608
5879,LAGOS,MUSHIN,16,PAPA-AJAO,09,,,,LA1609
5880,LAGOS,MUSHIN,16,ILASAMAJA,10,,,,LA1610
5881,LAGOS,MUSHIN,16,BABALOSA/IDI-ARABA,11,,,,LA1611
5882,LAGOS,MUSHIN,16,IDI-ARABA,12,,,,LA1612
5883,LAGOS,MUSHIN,16,ITIRE,13,,,,LA1613
5884,LAGOS,MUSHIN,16,ILUPEJU INDUSTRIAL ESTATE,14,,,,LA1614
5885,LAGOS,OJO,17,OJO TOWN,01,,,,LA1701
5886,LAGOS,OJO,17,OKOMAIKO,02,,,,LA1702
5887,LAGOS,OJO,17,AJANGBADI,03,,,,LA1703
5888,LAGOS,OJO,17,IJANIKIN,04,,,,LA1704
5889,LAGOS,OJO,17,IBA,05,,,,LA1705
5890,LAGOS,OJO,17,ILOGBO,06,,,,LA1706
5891,LAGOS,OJO,17,IREWE,07,,,,LA1707
5892,LAGOS,OJO,17,TAFI,08,,,,LA1708
5893,LAGOS,OJO,17,ETEGBIN,09,,,,LA1709
5894,LAGOS,OJO,17,IDOLOWU,10,,,,LA1710
5895,LAGOS,OJO,17,SABO,11,,,,LA1711
5896,LAGOS,OSHODI-ISOLO,18,OSHODI/BOLADE,01,,,,LA1801
5897,LAGOS,OSHODI-ISOLO,18,ORILE OSHODI,02,,,,LA1802
5898,LAGOS,OSHODI-ISOLO,18,ISOLO,03,,,,LA1803
5899,LAGOS,OSHODI-ISOLO,18,AJAO ESTATE,04,,,,LA1804
5900,LAGOS,OSHODI-ISOLO,18,ILASAMAJA,05,,,,LA1805
5901,LAGOS,OSHODI-ISOLO,18,MAFOLUKU,06,,,,LA1806
5902,LAGOS,OSHODI-ISOLO,18,SOGUNLE,07,,,,LA1807
5903,LAGOS,OSHODI-ISOLO,18,SOGUNLE/ALASIA,08,,,,LA1808
5904,LAGOS,OSHODI-ISOLO,18,OKOTA,09,,,,LA1809
5905,LAGOS,OSHODI-ISOLO,18,ISHAGA-TEDO,10,,,,LA1810
5906,LAGOS,OSHODI-ISOLO,18,OKE AFA/EJIGBO,11,,,,LA1811
5907,LAGOS,SHOMOLU,19,ONIPANU,01,,,,LA1901
5908,LAGOS,SHOMOLU,19,PALMGROVE/IJEBUTEDO,02,,,,LA1902
5909,LAGOS,SHOMOLU,19,ALADE,03,,,,LA1903
5910,LAGOS,SHOMOLU,19,BAJULAIYE,04,,,,LA1904
5911,LAGOS,SHOMOLU,19,MAFOWOKU/PEDRO,05,,,,LA1905
5912,LAGOS,SHOMOLU,19,LAD-LAK/BARGA,06,,,,LA1906
5913,LAGOS,SHOMOLU,19,ILAJE/AKOKA,07,,,,LA1907
5914,LAGOS,SHOMOLU,19,IGBOBI/FADEYI,08,,,,LA1908
5915,LAGOS,SHOMOLU,19,FOLA AGORO/BAJULAIYE IGBARA-AKOKA,09,,,,LA1909
5916,LAGOS,SHOMOLU,19,GBAGADA PHASE I/OBANIKORO/PEDRO,10,,,,LA1910
5917,LAGOS,SHOMOLU,19,GBAGADA PHASE II/BARIGA/APELEHIN,11,,,,LA1911
5918,LAGOS,SHOMOLU,19,ABULE- OKUTA/ILAJE/BARIGA,12,,,,LA1912
5919,LAGOS,SURULERE,20,ORILE,01,,,,LA2001
5920,LAGOS,SURULERE,20,AGUDA,02,,,,LA2002
5921,LAGOS,SURULERE,20,IJESHATEDO,03,,,,LA2003
5922,LAGOS,SURULERE,20,AKINHANMI/COLE,04,,,,LA2004
5923,LAGOS,SURULERE,20,YABA/OJUELEGBA,05,,,,LA2005
5924,LAGOS,SURULERE,20,IGBAJA/STADIUM,06,,,,LA2006
5925,LAGOS,SURULERE,20,SHITTA/OGUNLANA DRIVE,07,,,,LA2007
5926,LAGOS,SURULERE,20,ADENIRAN/OGUNSANYA,08,,,,LA2008
5927,LAGOS,SURULERE,20,IPONRII HOUSING ESTATE/ERIC MOORE,09,,,,LA2009
5928,LAGOS,SURULERE,20,COKER,10,,,,LA2010
5929,LAGOS,SURULERE,20,ITIRE,11,,,,LA2011
5930,LAGOS,SURULERE,20,IKATE,12,,,,LA2012
5931,NASSARAWA,AKWANGA,01,AGYAGA,01,,,,NW0101
5932,NASSARAWA,AKWANGA,01,ANCHOBABA,02,,,,NW0102
5933,NASSARAWA,AKWANGA,01,GWANJE,03,,,,NW0103
5934,NASSARAWA,AKWANGA,01,ANCHO NIGHAAN,04,,,,NW0104
5935,NASSARAWA,AKWANGA,01,ANDAHA,05,,,,NW0105
5936,NASSARAWA,AKWANGA,01,NUNKU,06,,,,NW0106
5937,NASSARAWA,AKWANGA,01,GUDI,07,,,,NW0107
5938,NASSARAWA,AKWANGA,01,MOROA,08,,,,NW0108
5939,NASSARAWA,AKWANGA,01,AKWANGA WEST,09,,,,NW0109
5940,NASSARAWA,AKWANGA,01,AKWANGA EAST,10,,,,NW0110
5941,NASSARAWA,AKWANGA,01,NINGO/BOHAR,11,,,,NW0111
5942,NASSARAWA,AWE,02,KANJE/ABUNI,01,,,,NW0201
5943,NASSARAWA,AWE,02,MADAKI,02,,,,NW0202
5944,NASSARAWA,AWE,02,MAKWANGIJI,03,,,,NW0203
5945,NASSARAWA,AWE,02,TUNGA,04,,,,NW0204
5946,NASSARAWA,AWE,02,RIBI,05,,,,NW0205
5947,NASSARAWA,AWE,02,AZARA,06,,,,NW0206
5948,NASSARAWA,AWE,02,GALADIMA,07,,,,NW0207
5949,NASSARAWA,AWE,02,WUSE,08,,,,NW0208
5950,NASSARAWA,AWE,02,AKIRI,09,,,,NW0209
5951,NASSARAWA,AWE,02,JANGARU,10,,,,NW0210
5952,NASSARAWA,DOMA,03,ALAGYE,01,,,,NW0301
5953,NASSARAWA,DOMA,03,RUKUBI,02,,,,NW0302
5954,NASSARAWA,DOMA,03,AGBASHI,03,,,,NW0303
5955,NASSARAWA,DOMA,03,DOKA,04,,,,NW0304
5956,NASSARAWA,DOMA,03,AKPANAJA,05,,,,NW0305
5957,NASSARAWA,DOMA,03,UNG.MADAKI,06,,,,NW0306
5958,NASSARAWA,DOMA,03,UNG.SARKI DAWAKI,07,,,,NW0307
5959,NASSARAWA,DOMA,03,UNG. MADAUCHI,08,,,,NW0308
5960,NASSARAWA,DOMA,03,UNG. DANGALADIMA,09,,,,NW0309
5961,NASSARAWA,DOMA,03,SABONGARI,10,,,,NW0310
5962,NASSARAWA,KARU,04,ASO/KODAPE,01,,,,NW0401
5963,NASSARAWA,KARU,04,BAGAJI/AGADA,02,,,,NW0402
5964,NASSARAWA,KARU,04,KASHI I,03,,,,NW0403
5965,NASSARAWA,KARU,04,KARSHI II,04,,,,NW0404
5966,NASSARAWA,KARU,04,KEFFIN SHANU/BETTI,05,,,,NW0405
5967,NASSARAWA,KARU,04,TATTARA/KONDORO,06,,,,NW0406
5968,NASSARAWA,KARU,04,GITATA,07,,,,NW0407
5969,NASSARAWA,KARU,04,GURAKU/KABUSU,08,,,,NW0408
5970,NASSARAWA,KARU,04,UKE,09,,,,NW0409
5971,NASSARAWA,KARU,04,PANDA/KARE,10,,,,NW0410
5972,NASSARAWA,KARU,04,KARU,11,,,,NW0411
5973,NASSARAWA,KEANA,05,IWAGU,01,,,,NW0501
5974,NASSARAWA,KEANA,05,AMIRI,02,,,,NW0502
5975,NASSARAWA,KEANA,05,OBENE,03,,,,NW0503
5976,NASSARAWA,KEANA,05,OKI,04,,,,NW0504
5977,NASSARAWA,KEANA,05,KADARKO,05,,,,NW0505
5978,NASSARAWA,KEANA,05,KWARA,06,,,,NW0506
5979,NASSARAWA,KEANA,05,ALOSHI,07,,,,NW0507
5980,NASSARAWA,KEANA,05,AGAZA,08,,,,NW0508
5981,NASSARAWA,KEANA,05,GIZA (I) MADAKI,09,,,,NW0509
5982,NASSARAWA,KEANA,05,GIZA (II) GALADIMA,10,,,,NW0510
5983,NASSARAWA,KEFFI,06,ANGWAN IYA I,01,,,,NW0601
5984,NASSARAWA,KEFFI,06,ANGWAN IYA II,02,,,,NW0602
5985,NASSARAWA,KEFFI,06,TUDU KOFA TV,03,,,,NW0603
5986,NASSARAWA,KEFFI,06,GANGAREN TUDU,04,,,,NW0604
5987,NASSARAWA,KEFFI,06,KEFFI TOWN EAST/KOFAR GORIYA,05,,,,NW0605
5988,NASSARAWA,KEFFI,06,RAR,06,,,,NW0606
5989,NASSARAWA,KEFFI,06,ANG. RIMI,07,,,,NW0607
5990,NASSARAWA,KEFFI,06,SAGON GAI,08,,,,NW0608
5991,NASSARAWA,KEFFI,06,JIGWADA,09,,,,NW0609
5992,NASSARAWA,KEFFI,06,LIMAN ABAJI,10,,,,NW0610
5993,NASSARAWA,KOKONA,07,AGWADA,01,,,,NW0701
5994,NASSARAWA,KOKONA,07,KANA/KOYA,02,,,,NW0702
5995,NASSARAWA,KOKONA,07,BASSA,03,,,,NW0703
5996,NASSARAWA,KOKONA,07,KOKONA,04,,,,NW0704
5997,NASSARAWA,KOKONA,07,KOFAR GWARI,05,,,,NW0705
5998,NASSARAWA,KOKONA,07,NINKORO,06,,,,NW0706
5999,NASSARAWA,KOKONA,07,HADARI,07,,,,NW0707
6000,NASSARAWA,KOKONA,07,DARI,08,,,,NW0708
6001,NASSARAWA,KOKONA,07,AMBA,09,,,,NW0709
6002,NASSARAWA,KOKONA,07,GARAKU,10,,,,NW0710
6003,NASSARAWA,KOKONA,07,YELWA,11,,,,NW0711
6004,NASSARAWA,LAFIA,08,ADOGI,01,,,,NW0801
6005,NASSARAWA,LAFIA,08,AGYARAGU FOFA,02,,,,NW0802
6006,NASSARAWA,LAFIA,08,AKURBA,03,,,,NW0803
6007,NASSARAWA,LAFIA,08,ARIKYA,04,,,,NW0804
6008,NASSARAWA,LAFIA,08,ASSAKIO,05,,,,NW0805
6009,NASSARAWA,LAFIA,08,ASHIGE,06,,,,NW0806
6010,NASSARAWA,LAFIA,08,CHIROMA,07,,,,NW0807
6011,NASSARAWA,LAFIA,08,GAYAM,08,,,,NW0808
6012,NASSARAWA,LAFIA,08,KEFFIN WAMBAI,09,,,,NW0809
6013,NASSARAWA,LAFIA,08,MAKAMA,10,,,,NW0810
6014,NASSARAWA,LAFIA,08,SHABU/KWANDERE,11,,,,NW0811
6015,NASSARAWA,LAFIA,08,WAKWA,12,,,,NW0812
6016,NASSARAWA,LAFIA,08,ZANWA,13,,,,NW0813
6017,NASSARAWA,NASARAWA,09,UDENIN GIDA,01,,,,NW0901
6018,NASSARAWA,NASARAWA,09,AKUM,02,,,,NW0902
6019,NASSARAWA,NASARAWA,09,UDENI,03,,,,NW0903
6020,NASSARAWA,NASARAWA,09,LOKO,04,,,,NW0904
6021,NASSARAWA,NASARAWA,09,TUNGA/BAKONO,05,,,,NW0905
6022,NASSARAWA,NASARAWA,09,GUTO/AISA,06,,,,NW0906
6023,NASSARAWA,NASARAWA,09,NASARAWA NORTH,07,,,,NW0907
6024,NASSARAWA,NASARAWA,09,NASSARAWA EAST,08,,,,NW0908
6025,NASSARAWA,NASARAWA,09,NASSARAWA CENTRAL,09,,,,NW0909
6026,NASSARAWA,NASARAWA,09,NASSARAWA MAIN TOWN,10,,,,NW0910
6027,NASSARAWA,NASARAWA,09,ARA I,11,,,,NW0911
6028,NASSARAWA,NASARAWA,09,ARA II,12,,,,NW0912
6029,NASSARAWA,NASARAWA,09,LAMINGA,13,,,,NW0913
6030,NASSARAWA,NASARAWA,09,KANAH/ONDO/APAWU,14,,,,NW0914
6031,NASSARAWA,NASARAWA,09,ODU,15,,,,NW0915
6032,NASSARAWA,NASARAWA/EGGON,10,NASARAWA/EGGON,01,,,,NW1001
6033,NASSARAWA,NASARAWA/EGGON,10,UBBE,02,,,,NW1002
6034,NASSARAWA,NASARAWA/EGGON,10,IGGGA/BURUM BURUM,03,,,,NW1003
6035,NASSARAWA,NASARAWA/EGGON,10,UMME,04,,,,NW1004
6036,NASSARAWA,NASARAWA/EGGON,10,MADA STATION,05,,,,NW1005
6037,NASSARAWA,NASARAWA/EGGON,10,LIZZEN KEFFI/EZZEN,06,,,,NW1006
6038,NASSARAWA,NASARAWA/EGGON,10,LAMBAGA/ARIKPA,07,,,,NW1007
6039,NASSARAWA,NASARAWA/EGGON,10,KAGBU WANA,08,,,,NW1008
6040,NASSARAWA,NASARAWA/EGGON,10,IKKA/WANGIBI,09,,,,NW1009
6041,NASSARAWA,NASARAWA/EGGON,10,ENDE,10,,,,NW1010
6042,NASSARAWA,NASARAWA/EGGON,10,WAKAMA,11,,,,NW1011
6043,NASSARAWA,NASARAWA/EGGON,10,AKOCE/GINDA,12,,,,NW1012
6044,NASSARAWA,NASARAWA/EGGON,10,ALOGANI,13,,,,NW1013
6045,NASSARAWA,NASARAWA/EGGON,10,AGUNJI,14,,,,NW1014
6046,NASSARAWA,OBI,11,AGWATASHI,01,,,,NW1101
6047,NASSARAWA,OBI,11,DEDDERE/RIRI,02,,,,NW1102
6048,NASSARAWA,OBI,11,OBI,03,,,,NW1103
6049,NASSARAWA,OBI,11,T/ADABU/KWAGSHIRI,04,,,,NW1104
6050,NASSARAWA,OBI,11,DUDUGURU,05,,,,NW1105
6051,NASSARAWA,OBI,11,GWANDENYE,06,,,,NW1106
6052,NASSARAWA,OBI,11,KYAKALE,07,,,,NW1107
6053,NASSARAWA,OBI,11,GIDAN AUSAI I,08,,,,NW1108
6054,NASSARAWA,OBI,11,GIDAN AUSAI II,09,,,,NW1109
6055,NASSARAWA,OBI,11,ADUDU,10,,,,NW1110
6056,NASSARAWA,TOTO,12,GWARGWADA,01,,,,NW1201
6057,NASSARAWA,TOTO,12,GADAGWA,02,,,,NW1202
6058,NASSARAWA,TOTO,12,BUGA KARMO,03,,,,NW1203
6059,NASSARAWA,TOTO,12,UMAISHA,04,,,,NW1204
6060,NASSARAWA,TOTO,12,DAUSU,05,,,,NW1205
6061,NASSARAWA,TOTO,12,KANYEHU,06,,,,NW1206
6062,NASSARAWA,TOTO,12,UGYA,07,,,,NW1207
6063,NASSARAWA,TOTO,12,TOTO,08,,,,NW1208
6064,NASSARAWA,TOTO,12,SHAFAN ABAKWA,09,,,,NW1209
6065,NASSARAWA,TOTO,12,SHAFAN KWATTO,10,,,,NW1210
6066,NASSARAWA,TOTO,12,SHEGE,11,,,,NW1211
6067,NASSARAWA,TOTO,12,KATAKPA,12,,,,NW1212
6068,NASSARAWA,WAMBA,13,ARUM,01,,,,NW1301
6069,NASSARAWA,WAMBA,13,MANGAR,02,,,,NW1302
6070,NASSARAWA,WAMBA,13,GITTA,03,,,,NW1303
6071,NASSARAWA,WAMBA,13,NAKERE,04,,,,NW1304
6072,NASSARAWA,WAMBA,13,KONVAH,05,,,,NW1305
6073,NASSARAWA,WAMBA,13,WAYO,06,,,,NW1306
6074,NASSARAWA,WAMBA,13,WAMBA WEST,07,,,,NW1307
6075,NASSARAWA,WAMBA,13,WAMBA EAST,08,,,,NW1308
6076,NASSARAWA,WAMBA,13,KWARA,09,,,,NW1309
6077,NASSARAWA,WAMBA,13,JIMIYA,10,,,,NW1310
6078,NIGER,AGAIE,01,BARO,01,,,,NG0101
6079,NIGER,AGAIE,01,BOKU,02,,,,NG0102
6080,NIGER,AGAIE,01,EKOBADEGGI,03,,,,NG0103
6081,NIGER,AGAIE,01,EKKOSSA,04,,,,NG0104
6082,NIGER,AGAIE,01,EKOWUGI,05,,,,NG0105
6083,NIGER,AGAIE,01,EKOWUNA,06,,,,NG0106
6084,NIGER,AGAIE,01,ETSUGAIE,07,,,,NG0107
6085,NIGER,AGAIE,01,EWUGI,08,,,,NG0108
6086,NIGER,AGAIE,01,KUTITIKO,09,,,,NG0109
6087,NIGER,AGAIE,01,MAGAJI,10,,,,NG0110
6088,NIGER,AGAIE,01,TAGAGI,11,,,,NG0111
6089,NIGER,AGWARA,02,ADEHE,01,,,,NG0201
6090,NIGER,AGWARA,02,AGWATA,02,,,,NG0202
6091,NIGER,AGWARA,02,BUSURU,03,,,,NG0203
6092,NIGER,AGWARA,02,GALLAH,04,,,,NG0204
6093,NIGER,AGWARA,02,KASHINI,05,,,,NG0205
6094,NIGER,AGWARA,02,KOKOLI,06,,,,NG0206
6095,NIGER,AGWARA,02,MAGO,07,,,,NG0207
6096,NIGER,AGWARA,02,PAPIRI,08,,,,NG0208
6097,NIGER,AGWARA,02,ROFIA,09,,,,NG0209
6098,NIGER,AGWARA,02,SUTEKU,10,,,,NG0210
6099,NIGER,BIDA,03,BAKIRI,01,,,,NG0301
6100,NIGER,BIDA,03,CENIYAN,02,,,,NG0302
6101,NIGER,BIDA,03,DOKODZA,03,,,,NG0303
6102,NIGER,BIDA,03,KYARI,04,,,,NG0304
6103,NIGER,BIDA,03,LANDZUN,05,,,,NG0305
6104,NIGER,BIDA,03,MASABA I,06,,,,NG0306
6105,NIGER,BIDA,03,MASABA II,07,,,,NG0307
6106,NIGER,BIDA,03,MASAGA I,08,,,,NG0308
6107,NIGER,BIDA,03,MASAGA II,09,,,,NG0309
6108,NIGER,BIDA,03,MAIYAKI NDAJIYA,10,,,,NG0310
6109,NIGER,BIDA,03,NASSARAFU,11,,,,NG0311
6110,NIGER,BIDA,03,UMARU/MAJIGI I,12,,,,NG0312
6111,NIGER,BIDA,03,UMARU MAJIGI II,13,,,,NG0313
6112,NIGER,BIDA,03,WADATA,14,,,,NG0314
6113,NIGER,BORGU,04,BABANNA,01,,,,NG0401
6114,NIGER,BORGU,04,DUGGA,02,,,,NG0402
6115,NIGER,BORGU,04,KARABONDE,03,,,,NG0403
6116,NIGER,BORGU,04,KONKOSO,04,,,,NG0404
6117,NIGER,BORGU,04,MALALE,05,,,,NG0405
6118,NIGER,BORGU,04,NEW BUSSA,06,,,,NG0406
6119,NIGER,BORGU,04,PISSA/KAVE,07,,,,NG0407
6120,NIGER,BORGU,04,SHAGUNU,08,,,,NG0408
6121,NIGER,BORGU,04,WAWA,09,,,,NG0409
6122,NIGER,BORGU,04,RIVERRINE,10,,,,NG0410
6123,NIGER,BOSSO,05,BEJI,01,,,,NG0501
6124,NIGER,BOSSO,05,BOSSO CENTRAL I,02,,,,NG0502
6125,NIGER,BOSSO,05,BOSSO CENTRAL II,03,,,,NG0503
6126,NIGER,BOSSO,05,CHANCHAGA,04,,,,NG0504
6127,NIGER,BOSSO,05,GARATU,05,,,,NG0505
6128,NIGER,BOSSO,05,KAMPALA,06,,,,NG0506
6129,NIGER,BOSSO,05,KODO,07,,,,NG0507
6130,NIGER,BOSSO,05,MAKUNKELE,08,,,,NG0508
6131,NIGER,BOSSO,05,MATUMBI,09,,,,NG0509
6132,NIGER,BOSSO,05,SHATA,10,,,,NG0510
6133,NIGER,CHANCHAGA,06,LIMAWA ‘A’,01,,,,NG0601
6134,NIGER,CHANCHAGA,06,LIMAWA ‘B’,02,,,,NG0602
6135,NIGER,CHANCHAGA,06,MAKERA,03,,,,NG0603
6136,NIGER,CHANCHAGA,06,MINNA CENTRAL,04,,,,NG0604
6137,NIGER,CHANCHAGA,06,MINNA SOUTH,05,,,,NG0605
6138,NIGER,CHANCHAGA,06,NASARAWA ‘A’,06,,,,NG0606
6139,NIGER,CHANCHAGA,06,NASARAWA ‘B’,07,,,,NG0607
6140,NIGER,CHANCHAGA,06,NASARAWA ‘C’,08,,,,NG0608
6141,NIGER,CHANCHAGA,06,SABON GARI,09,,,,NG0609
6142,NIGER,CHANCHAGA,06,TUDUN WADA NORTH,10,,,,NG0610
6143,NIGER,CHANCHAGA,06,TUDUN WADA SOUTH,11,,,,NG0611
6144,NIGER,EDATI,07,ENAGI,01,,,,NG0701
6145,NIGER,EDATI,07,ETSU-TASHA,02,,,,NG0702
6146,NIGER,EDATI,07,FAZHI,03,,,,NG0703
6147,NIGER,EDATI,07,GAZHE I,04,,,,NG0704
6148,NIGER,EDATI,07,GAZHE II,05,,,,NG0705
6149,NIGER,EDATI,07,GBANGBAN,06,,,,NG0706
6150,NIGER,EDATI,07,GONAGI,07,,,,NG0707
6151,NIGER,EDATI,07,GUZAN,08,,,,NG0708
6152,NIGER,EDATI,07,ROKOTA,09,,,,NG0709
6153,NIGER,EDATI,07,SAKPE,10,,,,NG0710
6154,NIGER,GBAKO,08,BATAGI,01,,,,NG0801
6155,NIGER,GBAKO,08,BATAGO,02,,,,NG0802
6156,NIGER,GBAKO,08,EDOKOTA,03,,,,NG0803
6157,NIGER,GBAKO,08,EDOZHGI,04,,,,NG0804
6158,NIGER,GBAKO,08,ETSU AUDU,05,,,,NG0805
6159,NIGER,GBAKO,08,GBADAFU,06,,,,NG0806
6160,NIGER,GBAKO,08,GOGATA,07,,,,NG0807
6161,NIGER,GBAKO,08,LEMU,08,,,,NG0808
6162,NIGER,GBAKO,08,NUWANKOTA,09,,,,NG0809
6163,NIGER,GBAKO,08,SAMMAJIKO,10,,,,NG0810
6164,NIGER,GURARA,09,BONU,01,,,,NG0901
6165,NIGER,GURARA,09,DIKO,02,,,,NG0902
6166,NIGER,GURARA,09,GAWU,03,,,,NG0903
6167,NIGER,GURARA,09,IZOM,04,,,,NG0904
6168,NIGER,GURARA,09,KABO,05,,,,NG0905
6169,NIGER,GURARA,09,KWAKA,06,,,,NG0906
6170,NIGER,GURARA,09,LAMBATA,07,,,,NG0907
6171,NIGER,GURARA,09,LEFU,08,,,,NG0908
6172,NIGER,GURARA,09,SHAKO,09,,,,NG0909
6173,NIGER,GURARA,09,TUFA,10,,,,NG0910
6174,NIGER,KATCHA,10,BAKEKO,01,,,,NG1001
6175,NIGER,KATCHA,10,BADEGI,02,,,,NG1002
6176,NIGER,KATCHA,10,BISANTI,03,,,,NG1003
6177,NIGER,KATCHA,10,DZWAFU,04,,,,NG1004
6178,NIGER,KATCHA,10,EDOTSU,05,,,,NG1005
6179,NIGER,KATCHA,10,ESSA,06,,,,NG1006
6180,NIGER,KATCHA,10,GBAKOGI,07,,,,NG1007
6181,NIGER,KATCHA,10,KATCHA,08,,,,NG1008
6182,NIGER,KATCHA,10,KATAREGI,09,,,,NG1009
6183,NIGER,KATCHA,10,SIDI-SABA,10,,,,NG1010
6184,NIGER,KONTAGORA,11,AREWA,01,,,,NG1101
6185,NIGER,KONTAGORA,11,CENTRAL,02,,,,NG1102
6186,NIGER,KONTAGORA,11,GABAS,03,,,,NG1103
6187,NIGER,KONTAGORA,11,KUDU,04,,,,NG1104
6188,NIGER,KONTAGORA,11,MAGAJIYA,05,,,,NG1105
6189,NIGER,KONTAGORA,11,MASUGA,06,,,,NG1106
6190,NIGER,KONTAGORA,11,MADARA,07,,,,NG1107
6191,NIGER,KONTAGORA,11,NAGWAMATSE,08,,,,NG1108
6192,NIGER,KONTAGORA,11,RAFIN GORA,09,,,,NG1109
6193,NIGER,KONTAGORA,11,TUGAN WAWA,10,,,,NG1110
6194,NIGER,KONTAGORA,11,TUNGAN KAWO,11,,,,NG1111
6195,NIGER,KONTAGORA,11,USALLE,12,,,,NG1112
6196,NIGER,KONTAGORA,11,YAMMA,13,,,,NG1113
6197,NIGER,LAPAI,12,AREWA/YAMMA,01,,,,NG1201
6198,NIGER,LAPAI,12,BIRNINI TASHIBO,02,,,,NG1202
6199,NIGER,LAPAI,12,EBBO/GBACHUKUNKU,03,,,,NG1203
6200,NIGER,LAPAI,12,EVUTI/KPADA,04,,,,NG1204
6201,NIGER,LAPAI,12,GULU ANGUWA/VATSA,05,,,,NG1205
6202,NIGER,LAPAI,12,KUPA/ABUGI,06,,,,NG1206
6203,NIGER,LAPAI,12,GURDI/ZAGO,07,,,,NG1207
6204,NIGER,LAPAI,12,KUDU GUBAS,08,,,,NG1208
6205,NIGER,LAPAI,12,MUNYE/EGBA,09,,,,NG1209
6206,NIGER,LAPAI,12,TAKUTI/SHAKU,10,,,,NG1210
6207,NIGER,LAVUN,13,BUSU/KUCHI,01,,,,NG1301
6208,NIGER,LAVUN,13,BATATI,02,,,,NG1302
6209,NIGER,LAVUN,13,DASSUN,03,,,,NG1303
6210,NIGER,LAVUN,13,DOKO,04,,,,NG1304
6211,NIGER,LAVUN,13,DABBAN,05,,,,NG1305
6212,NIGER,LAVUN,13,EGBAKO,06,,,,NG1306
6213,NIGER,LAVUN,13,GABA,07,,,,NG1307
6214,NIGER,LAVUN,13,JIMA,08,,,,NG1308
6215,NIGER,LAVUN,13,KUTIGI,09,,,,NG1309
6216,NIGER,LAVUN,13,KUSOTACHI,10,,,,NG1310
6217,NIGER,LAVUN,13,LAGUN,11,,,,NG1311
6218,NIGER,LAVUN,13,MAMBE,12,,,,NG1312
6219,NIGER,MAGAMA,14,AUNA CENTRAL,01,,,,NG1401
6220,NIGER,MAGAMA,14,AUNA EAST CENTRAL,02,,,,NG1402
6221,NIGER,MAGAMA,14,AUNA EAST,03,,,,NG1403
6222,NIGER,MAGAMA,14,AUNA SOUTH EAST,04,,,,NG1404
6223,NIGER,MAGAMA,14,AUNA SOUTH,05,,,,NG1405
6224,NIGER,MAGAMA,14,IBELU CENTRAL,06,,,,NG1406
6225,NIGER,MAGAMA,14,IBELU EAST,07,,,,NG1407
6226,NIGER,MAGAMA,14,IBELU NORTH,08,,,,NG1408
6227,NIGER,MAGAMA,14,IBELU WEST,09,,,,NG1409
6228,NIGER,MAGAMA,14,NASKO,10,,,,NG1410
6229,NIGER,MAGAMA,14,NASARAWA,11,,,,NG1411
6230,NIGER,MARIGA,15,BANGI,01,,,,NG1501
6231,NIGER,MARIGA,15,BERI,02,,,,NG1502
6232,NIGER,MARIGA,15,BOBI,03,,,,NG1503
6233,NIGER,MARIGA,15,GULBIN BOKA,04,,,,NG1504
6234,NIGER,MARIGA,15,GALMA WAMBA,05,,,,NG1505
6235,NIGER,MARIGA,15,INKWAI,06,,,,NG1506
6236,NIGER,MARIGA,15,IGWANMA,07,,,,NG1507
6237,NIGER,MARIGA,15,KAKIHUN,08,,,,NG1508
6238,NIGER,MARIGA,15,KOTANKORO,09,,,,NG1509
6239,NIGER,MARIGA,15,KUMBASHI,10,,,,NG1510
6240,NIGER,MARIGA,15,MABURYA,11,,,,NG1511
6241,NIGER,MASHEGU,16,BABBAN RAMI,01,,,,NG1601
6242,NIGER,MASHEGU,16,DAPANGI/MAKERA,02,,,,NG1602
6243,NIGER,MASHEGU,16,IBBI,03,,,,NG1603
6244,NIGER,MASHEGU,16,KABOJI,04,,,,NG1604
6245,NIGER,MASHEGU,16,KASANGA,05,,,,NG1605
6246,NIGER,MASHEGU,16,KPATACHIN,06,,,,NG1606
6247,NIGER,MASHEGU,16,KULLUHO,07,,,,NG1607
6248,NIGER,MASHEGU,16,MASHEGU,08,,,,NG1608
6249,NIGER,MASHEGU,16,MAZAKUKA-KILORO,09,,,,NG1609
6250,NIGER,MASHEGU,16,SAHO-RAMI,10,,,,NG1610
6251,NIGER,MOKWA,17,BOKANI,01,,,,NG1701
6252,NIGER,MOKWA,17,GBAJIBO/MUWO,02,,,,NG1702
6253,NIGER,MOKWA,17,GBARA,03,,,,NG1703
6254,NIGER,MOKWA,17,JA’AGI,04,,,,NG1704
6255,NIGER,MOKWA,17,JEBBA,05,,,,NG1705
6256,NIGER,MOKWA,17,KPAKI/TAKUMA,06,,,,NG1706
6257,NIGER,MOKWA,17,KUDU,07,,,,NG1707
6258,NIGER,MOKWA,17,LABOZHI,08,,,,NG1708
6259,NIGER,MOKWA,17,MOKWA,09,,,,NG1709
6260,NIGER,MOKWA,17,MUREGI,10,,,,NG1710
6261,NIGER,MOKWA,17,RABBA/NDAYAKO,11,,,,NG1711
6262,NIGER,MUNYA,18,BENI,01,,,,NG1801
6263,NIGER,MUNYA,18,DANDAUDU,02,,,,NG1802
6264,NIGER,MUNYA,18,DANGUNU,03,,,,NG1803
6265,NIGER,MUNYA,18,DAZA,04,,,,NG1804
6266,NIGER,MUNYA,18,FUKA,05,,,,NG1805
6267,NIGER,MUNYA,18,GINI,06,,,,NG1806
6268,NIGER,MUNYA,18,GUNI,07,,,,NG1807
6269,NIGER,MUNYA,18,KABULA,08,,,,NG1808
6270,NIGER,MUNYA,18,KAZAI,09,,,,NG1809
6271,NIGER,MUNYA,18,KUCHI,10,,,,NG1810
6272,NIGER,MUNYA,18,SARKIN PAWA,11,,,,NG1811
6273,NIGER,PAIKORO,19,ADUNU,01,,,,NG1901
6274,NIGER,PAIKORO,19,CHIMBI,02,,,,NG1902
6275,NIGER,PAIKORO,19,GWAM,03,,,,NG1903
6276,NIGER,PAIKORO,19,ISHAU,04,,,,NG1904
6277,NIGER,PAIKORO,19,JERE,05,,,,NG1905
6278,NIGER,PAIKORO,19,KAFIN KORO,06,,,,NG1906
6279,NIGER,PAIKORO,19,KWANGANA,07,,,,NG1907
6280,NIGER,PAIKORO,19,KWAKUTI,08,,,,NG1908
6281,NIGER,PAIKORO,19,NIKUCHI T/MALLAM,09,,,,NG1909
6282,NIGER,PAIKORO,19,PAIKO CENTRAL,10,,,,NG1910
6283,NIGER,PAIKORO,19,TUTUNGO/JEDNA,11,,,,NG1911
6284,NIGER,RAFI,20,KAGARA GARI,01,,,,NG2001
6285,NIGER,RAFI,20,KAKURI,02,,,,NG2002
6286,NIGER,RAFI,20,KONGOMA CENTRAL,03,,,,NG2003
6287,NIGER,RAFI,20,KONGOMA WEST,04,,,,NG2004
6288,NIGER,RAFI,20,KUSHIRKI NORTH,05,,,,NG2005
6289,NIGER,RAFI,20,KUSHIRKI SOUTH,06,,,,NG2006
6290,NIGER,RAFI,20,KUNDU,07,,,,NG2007
6291,NIGER,RAFI,20,SABON GARI,08,,,,NG2008
6292,NIGER,RAFI,20,TEGINA GARI,09,,,,NG2009
6293,NIGER,RAFI,20,TEGINA WEST,10,,,,NG2010
6294,NIGER,RAFI,20,YAKILA,11,,,,NG2011
6295,NIGER,RIJAU,21,DARANGI,01,,,,NG2101
6296,NIGER,RIJAU,21,DUGGE,02,,,,NG2102
6297,NIGER,RIJAU,21,DUKKU,03,,,,NG2103
6298,NIGER,RIJAU,21,GENU,04,,,,NG2104
6299,NIGER,RIJAU,21,JAMA’AKE,05,,,,NG2105
6300,NIGER,RIJAU,21,RIJAU,06,,,,NG2106
6301,NIGER,RIJAU,21,SHAMBO,07,,,,NG2107
6302,NIGER,RIJAU,21,T/MAGAJIYA,08,,,,NG2108
6303,NIGER,RIJAU,21,USHE,09,,,,NG2109
6304,NIGER,RIJAU,21,WARARI,10,,,,NG2110
6305,NIGER,SHIRORO,22,ALLAWA,01,,,,NG2201
6306,NIGER,SHIRORO,22,BANGAJIYA,02,,,,NG2202
6307,NIGER,SHIRORO,22,BASS/KUKOKI,03,,,,NG2203
6308,NIGER,SHIRORO,22,EGWA/WGADA,04,,,,NG2204
6309,NIGER,SHIRORO,22,ERENA,05,,,,NG2205
6310,NIGER,SHIRORO,22,GALKOGO,06,,,,NG2206
6311,NIGER,SHIRORO,22,GURMANA,07,,,,NG2207
6312,NIGER,SHIRORO,22,GUSSORO,08,,,,NG2208
6313,NIGER,SHIRORO,22,KATO,09,,,,NG2209
6314,NIGER,SHIRORO,22,KUSHAKA/KUREBE,10,,,,NG2210
6315,NIGER,SHIRORO,22,KWALI/CHUKUBA,11,,,,NG2211
6316,NIGER,SHIRORO,22,MANTA,12,,,,NG2212
6317,NIGER,SHIRORO,22,PINA,13,,,,NG2213
6318,NIGER,SHIRORO,22,SHE,14,,,,NG2214
6319,NIGER,SHIRORO,22,UBANDOMA,15,,,,NG2215
6320,NIGER,SULEJA,23,BAGAMA ‘A’,01,,,,NG2301
6321,NIGER,SULEJA,23,BAGAMA ‘B’,02,,,,NG2302
6322,NIGER,SULEJA,23,HUSHIMI ‘A’,03,,,,NG2303
6323,NIGER,SULEJA,23,HUSHIMI ‘B’,04,,,,NG2304
6324,NIGER,SULEJA,23,IKU SOUTH I,05,,,,NG2305
6325,NIGER,SULEJA,23,IKU SOUTH II,06,,,,NG2306
6326,NIGER,SULEJA,23,KURMIN SARKI,07,,,,NG2307
6327,NIGER,SULEJA,23,MAGAJIYA,08,,,,NG2308
6328,NIGER,SULEJA,23,MAJE,09,,,,NG2309
6329,NIGER,SULEJA,23,WAMBAI,10,,,,NG2310
6330,NIGER,TAFA,24,DOGON KURMI,01,,,,NG2401
6331,NIGER,TAFA,24,GARAM,02,,,,NG2402
6332,NIGER,TAFA,24,IJAWARI,03,,,,NG2403
6333,NIGER,TAFA,24,IJAKORO,04,,,,NG2404
6334,NIGER,TAFA,24,IKU,05,,,,NG2405
6335,NIGER,TAFA,24,NEWBWARI,06,,,,NG2406
6336,NIGER,TAFA,24,WUSE EAST,07,,,,NG2407
6337,NIGER,TAFA,24,WUSE WEST,08,,,,NG2408
6338,NIGER,TAFA,24,ZUMA EAST,09,,,,NG2409
6339,NIGER,TAFA,24,ZUMA WEST,10,,,,NG2410
6340,NIGER,WUSHISHI,25,AKARE,01,,,,NG2501
6341,NIGER,WUSHISHI,25,BARWA,02,,,,NG2502
6342,NIGER,WUSHISHI,25,GWARJIKO,03,,,,NG2503
6343,NIGER,WUSHISHI,25,KANWURI,04,,,,NG2504
6344,NIGER,WUSHISHI,25,KODO,05,,,,NG2505
6345,NIGER,WUSHISHI,25,KWATA,06,,,,NG2506
6346,NIGER,WUSHISHI,25,LOKOGOMA,07,,,,NG2507
6347,NIGER,WUSHISHI,25,MAITO,08,,,,NG2508
6348,NIGER,WUSHISHI,25,SABON GARI,09,,,,NG2509
6349,NIGER,WUSHISHI,25,TUKUNJI/JEMIGI,10,,,,NG2510
6350,NIGER,WUSHISHI,25,ZUNGERU,11,,,,NG2511
6351,OGUN,ABEOKUTA NORTH,01,IKEREKU,01,,,,OG0101
6352,OGUN,ABEOKUTA NORTH,01,IKIJA,02,,,,OG0102
6353,OGUN,ABEOKUTA NORTH,01,AGO OKO,03,,,,OG0103
6354,OGUN,ABEOKUTA NORTH,01,ILEGA,04,,,,OG0104
6355,OGUN,ABEOKUTA NORTH,01,ILUGUN/IBEREK ODO,05,,,,OG0105
6356,OGUN,ABEOKUTA NORTH,01,GBAGURA,06,,,,OG0106
6357,OGUN,ABEOKUTA NORTH,01,IKA,07,,,,OG0107
6358,OGUN,ABEOKUTA NORTH,01,LAFENWA,08,,,,OG0108
6359,OGUN,ABEOKUTA NORTH,01,SABO,09,,,,OG0109
6360,OGUN,ABEOKUTA NORTH,01,OKE-AGO OWU,10,,,,OG0110
6361,OGUN,ABEOKUTA NORTH,01,TOTRO/SOKORI,11,,,,OG0111
6362,OGUN,ABEOKUTA NORTH,01,ITA OSIN/OLOMORE,12,,,,OG0112
6363,OGUN,ABEOKUTA NORTH,01,OLORUNDA-IJALE,13,,,,OG0113
6364,OGUN,ABEOKUTA NORTH,01,IMALA-IDIEMI,14,,,,OG0114
6365,OGUN,ABEOKUTA NORTH,01,ISAGA-ILEWO,15,,,,OG0115
6366,OGUN,ABEOKUTA NORTH,01,IBARA ORILE/ONISASA,16,,,,OG0116
6367,OGUN,ABEOKUTA SOUTH,02,AKE I,01,,,,OG0201
6368,OGUN,ABEOKUTA SOUTH,02,AKE II,02,,,,OG0202
6369,OGUN,ABEOKUTA SOUTH,02,AKE III,03,,,,OG0203
6370,OGUN,ABEOKUTA SOUTH,02,KEESI/EMERE,04,,,,OG0204
6371,OGUN,ABEOKUTA SOUTH,02,IJEMO,05,,,,OG0205
6372,OGUN,ABEOKUTA SOUTH,02,ITOKO,06,,,,OG0206
6373,OGUN,ABEOKUTA SOUTH,02,IJAYE/IDIABA,07,,,,OG0207
6374,OGUN,ABEOKUTA SOUTH,02,ERUNBE/OKE IJEUN,08,,,,OG0208
6375,OGUN,ABEOKUTA SOUTH,02,AGO-EGUN/IJESA,09,,,,OG0209
6376,OGUN,ABEOKUTA SOUTH,02,SODEKE/ISALE IJEUN I,10,,,,OG0210
6377,OGUN,ABEOKUTA SOUTH,02,SODEKE/ISALE IJEUN II,11,,,,OG0211
6378,OGUN,ABEOKUTA SOUTH,02,IMO/ISABO,12,,,,OG0212
6379,OGUN,ABEOKUTA SOUTH,02,IGBORE/AGO OBA,13,,,,OG0213
6380,OGUN,ABEOKUTA SOUTH,02,IBARA I,14,,,,OG0214
6381,OGUN,ABEOKUTA SOUTH,02,IBARA II,15,,,,OG0215
6382,OGUN,ADO-ODO-OTA,03,OTA I,01,,,,OG0301
6383,OGUN,ADO-ODO-OTA,03,OTA II,02,,,,OG0302
6384,OGUN,ADO-ODO-OTA,03,OTA III,03,,,,OG0303
6385,OGUN,ADO-ODO-OTA,03,SANGO,04,,,,OG0304
6386,OGUN,ADO-ODO-OTA,03,IJOKO,05,,,,OG0305
6387,OGUN,ADO-ODO-OTA,03,ATAN,06,,,,OG0306
6388,OGUN,ADO-ODO-OTA,03,IJU,07,,,,OG0307
6389,OGUN,ADO-ODO-OTA,03,ILOGBO,08,,,,OG0308
6390,OGUN,ADO-ODO-OTA,03,ADO ODO I,09,,,,OG0309
6391,OGUN,ADO-ODO-OTA,03,ADO ODO II,10,,,,OG0310
6392,OGUN,ADO-ODO-OTA,03,ERE,11,,,,OG0311
6393,OGUN,ADO-ODO-OTA,03,ALAPOTI,12,,,,OG0312
6394,OGUN,ADO-ODO-OTA,03,KETU-ADIE-OWE,13,,,,OG0313
6395,OGUN,ADO-ODO-OTA,03,IGBESA,14,,,,OG0314
6396,OGUN,ADO-ODO-OTA,03,AGBARA I,15,,,,OG0315
6397,OGUN,ADO-ODO-OTA,03,AGBARA/EJILA AWORI,16,,,,OG0316
6398,OGUN,EGBADO NORTH,04,IDOFO,01,,,,OG0401
6399,OGUN,EGBADO NORTH,04,AYETORO I,02,,,,OG0402
6400,OGUN,EGBADO NORTH,04,AYETORO II,03,,,,OG0403
6401,OGUN,EGBADO NORTH,04,SUNWA,04,,,,OG0404
6402,OGUN,EGBADO NORTH,04,IBORO/JOGA,05,,,,OG0405
6403,OGUN,EGBADO NORTH,04,IMASAI,06,,,,OG0406
6404,OGUN,EGBADO NORTH,04,EBUTE-EGBOORO,07,,,,OG0407
6405,OGUN,EGBADO NORTH,04,OHUNBE,08,,,,OG0408
6406,OGUN,EGBADO NORTH,04,IGUA,09,,,,OG0409
6407,OGUN,EGBADO NORTH,04,IJOUN,10,,,,OG0410
6408,OGUN,EGBADO NORTH,04,IBESE,11,,,,OG0411
6409,OGUN,EGBADO SOUTH,05,ILARO I,01,,,,OG0501
6410,OGUN,EGBADO SOUTH,05,ILARO II,02,,,,OG0502
6411,OGUN,EGBADO SOUTH,05,ILARO III,03,,,,OG0503
6412,OGUN,EGBADO SOUTH,05,IWOYE,04,,,,OG0504
6413,OGUN,EGBADO SOUTH,05,IDOGO,05,,,,OG0505
6414,OGUN,EGBADO SOUTH,05,OKE ODAN,06,,,,OG0506
6415,OGUN,EGBADO SOUTH,05,OWODE I,07,,,,OG0507
6416,OGUN,EGBADO SOUTH,05,OWODE II,08,,,,OG0508
6417,OGUN,EGBADO SOUTH,05,ILOBI/ERINJA,09,,,,OG0509
6418,OGUN,EGBADO SOUTH,05,AJILETE,10,,,,OG0510
6419,OGUN,EWEKORO,06,ABALABI,01,,,,OG0601
6420,OGUN,EWEKORO,06,ASA/YOBO,02,,,,OG0602
6421,OGUN,EWEKORO,06,ARIGBAJO,03,,,,OG0603
6422,OGUN,EWEKORO,06,ITORI,04,,,,OG0604
6423,OGUN,EWEKORO,06,ELERE/ONIGBEDU,05,,,,OG0605
6424,OGUN,EWEKORO,06,PAPA LANTO,06,,,,OG0606
6425,OGUN,EWEKORO,06,WASIMI,07,,,,OG0607
6426,OGUN,EWEKORO,06,MOSAN,08,,,,OG0608
6427,OGUN,EWEKORO,06,OWOWO,09,,,,OG0609
6428,OGUN,EWEKORO,06,OBADA-OKO,10,,,,OG0610
6429,OGUN,IFO,07,IFO I,01,,,,OG0701
6430,OGUN,IFO,07,IFO II,02,,,,OG0702
6431,OGUN,IFO,07,IFO III,03,,,,OG0703
6432,OGUN,IFO,07,AGBADO,04,,,,OG0704
6433,OGUN,IFO,07,ISERI,05,,,,OG0705
6434,OGUN,IFO,07,AJUWON/AKUTE,06,,,,OG0706
6435,OGUN,IFO,07,OKE/ARO/IBARAGUN/ROBIY AN,07,,,,OG0707
6436,OGUN,IFO,07,OSOSUN,08,,,,OG0708
6437,OGUN,IFO,07,SUNREN,09,,,,OG0709
6438,OGUN,IFO,07,COKER,10,,,,OG0710
6439,OGUN,IFO,07,IBOGUN,11,,,,OG0711
6440,OGUN,IJEBU EAST,08,IJEBU MUSHIN I,01,,,,OG0801
6441,OGUN,IJEBU EAST,08,IJEBU MUSHIN II,02,,,,OG0802
6442,OGUN,IJEBU EAST,08,IJEBU IFE I,03,,,,OG0803
6443,OGUN,IJEBU EAST,08,IJEBU IFE II,04,,,,OG0804
6444,OGUN,IJEBU EAST,08,OWU,05,,,,OG0805
6445,OGUN,IJEBU EAST,08,IKIJA,06,,,,OG0806
6446,OGUN,IJEBU EAST,08,ITELE,07,,,,OG0807
6447,OGUN,IJEBU EAST,08,OGBERE,08,,,,OG0808
6448,OGUN,IJEBU EAST,08,IMOBI I,09,,,,OG0809
6449,OGUN,IJEBU EAST,08,IMOBI II,10,,,,OG0810
6450,OGUN,IJEBU EAST,08,AJEBANDELE,11,,,,OG0811
6451,OGUN,IJEBU NORTH,09,AYIKORI,01,,,,OG0901
6452,OGUN,IJEBU NORTH,09,JAPARA/OJOWO,02,,,,OG0902
6453,OGUN,IJEBU NORTH,09,OMEN,03,,,,OG0903
6454,OGUN,IJEBU NORTH,09,OGUN,04,,,,OG0904
6455,OGUN,IJEBU NORTH,09,OKE AGBO,05,,,,OG0905
6456,OGUN,IJEBU NORTH,09,OKE SOPIN,06,,,,OG0906
6457,OGUN,IJEBU NORTH,09,ARO/AWA/ALAPORU,07,,,,OG0907
6458,OGUN,IJEBU NORTH,09,AGO-IWOYE I,08,,,,OG0908
6459,OGUN,IJEBU NORTH,09,AGO-IWOYE II,09,,,,OG0909
6460,OGUN,IJEBU NORTH,09,AKO-ONIGBAGBO/GELEYE,10,,,,OG0910
6461,OGUN,IJEBU NORTH,09,MAMU/EYIRI,11,,,,OG0911
6462,OGUN,IJEBU NORTH EAST,10,ATA/IMUKU,01,,,,OG1001
6463,OGUN,IJEBU NORTH EAST,10,ODOSIMADEGUN/ODOSEBO RA,02,,,,OG1002
6464,OGUN,IJEBU NORTH EAST,10,IMEWIRO/ODODEYO/IMOM O,03,,,,OG1003
6465,OGUN,IJEBU NORTH EAST,10,ODESENLU,04,,,,OG1004
6466,OGUN,IJEBU NORTH EAST,10,IGEDE/ITAMARUN,05,,,,OG1005
6467,OGUN,IJEBU NORTH EAST,10,OJU ONA,06,,,,OG1006
6468,OGUN,IJEBU NORTH EAST,10,OSOYIN,07,,,,OG1007
6469,OGUN,IJEBU NORTH EAST,10,ILESE,08,,,,OG1008
6470,OGUN,IJEBU NORTH EAST,10,OKE-ERI/OGBOGBO,09,,,,OG1009
6471,OGUN,IJEBU NORTH EAST,10,ERUWON,10,,,,OG1010
6472,OGUN,IJEBU ODE,11,ISOKU/OSOSA,01,,,,OG1101
6473,OGUN,IJEBU ODE,11,ODO-ESA,02,,,,OG1102
6474,OGUN,IJEBU ODE,11,ITANTEBO,03,,,,OG1103
6475,OGUN,IJEBU ODE,11,IJADE IMEPE O,04,,,,OG1104
6476,OGUN,IJEBU ODE,11,IJADE IMEPE II,05,,,,OG1105
6477,OGUN,IJEBU ODE,11,PORO GUN I,06,,,,OG1106
6478,OGUN,IJEBU ODE,11,PORO GUN II,07,,,,OG1107
6479,OGUN,IJEBU ODE,11,IJASI IDEPO,08,,,,OG1108
6480,OGUN,IJEBU ODE,11,ODO-EGBO OLIWORO,09,,,,OG1109
6481,OGUN,IJEBU ODE,11,ISIWO,10,,,,OG1110
6482,OGUN,IJEBU ODE,11,ITAMAPAKO,11,,,,OG1111
6483,OGUN,IKENNE,12,IKENNE I,01,,,,OG1201
6484,OGUN,IKENNE,12,IKENNE II,02,,,,OG1202
6485,OGUN,IKENNE,12,IPERU I,03,,,,OG1203
6486,OGUN,IKENNE,12,IPERU II,04,,,,OG1204
6487,OGUN,IKENNE,12,IPERU III,05,,,,OG1205
6488,OGUN,IKENNE,12,OGERE I,06,,,,OG1206
6489,OGUN,IKENNE,12,OGERE II,07,,,,OG1207
6490,OGUN,IKENNE,12,ILISAN I,08,,,,OG1208
6491,OGUN,IKENNE,12,ILISAN II,09,,,,OG1209
6492,OGUN,IKENNE,12,ILISAN/IROLU,10,,,,OG1210
6493,OGUN,IMEKO/AFON,13,IMEKO,01,,,,OG1301
6494,OGUN,IMEKO/AFON,13,OKE’ AGBEDE/MORIWI/MATELE,02,,,,OG1302
6495,OGUN,IMEKO/AFON,13,IDOFA,03,,,,OG1303
6496,OGUN,IMEKO/AFON,13,IWOYE/JABATA,04,,,,OG1304
6497,OGUN,IMEKO/AFON,13,ILARA/ALAGBE,05,,,,OG1305
6498,OGUN,IMEKO/AFON,13,AFON,06,,,,OG1306
6499,OGUN,IMEKO/AFON,13,OTAPELE,07,,,,OG1307
6500,OGUN,IMEKO/AFON,13,KAJOLA/AGBERIODO,08,,,,OG1308
6501,OGUN,IMEKO/AFON,13,OLORUNDA/GBOMO,09,,,,OG1309
6502,OGUN,IMEKO/AFON,13,IDIAYIN,10,,,,OG1310
6503,OGUN,IPOKIA,14,IPOKIA I,01,,,,OG1401
6504,OGUN,IPOKIA,14,IPOKIA II,02,,,,OG1402
6505,OGUN,IPOKIA,14,AGOSASA,03,,,,OG1403
6506,OGUN,IPOKIA,14,IJOFIN/IDOSA,04,,,,OG1404
6507,OGUN,IPOKIA,14,TUBE,05,,,,OG1405
6508,OGUN,IPOKIA,14,AGADA,06,,,,OG1406
6509,OGUN,IPOKIA,14,MAUN I,07,,,,OG1407
6510,OGUN,IPOKIA,14,MAUN II,08,,,,OG1408
6511,OGUN,IPOKIA,14,AJEGUNLE,09,,,,OG1409
6512,OGUN,IPOKIA,14,IFONYINTEDO,10,,,,OG1410
6513,OGUN,IPOKIA,14,IDIROKO,11,,,,OG1411
6514,OGUN,IPOKIA,14,IHUNBO/ILASE,12,,,,OG1412
6515,OGUN,OBAFEMI/OWOD E,15,MOKOLOKI,01,,,,OG1501
6516,OGUN,OBAFEMI/OWOD E,15,OFADA,02,,,,OG1502
6517,OGUN,OBAFEMI/OWOD E,15,OWODE,03,,,,OG1503
6518,OGUN,OBAFEMI/OWOD E,15,AJURA,04,,,,OG1504
6519,OGUN,OBAFEMI/OWOD E,15,MOLOKO-ASIPA,05,,,,OG1505
6520,OGUN,OBAFEMI/OWOD E,15,ONIDUNDU,06,,,,OG1506
6521,OGUN,OBAFEMI/OWOD E,15,OBA,07,,,,OG1507
6522,OGUN,OBAFEMI/OWOD E,15,EGBEDA,08,,,,OG1508
6523,OGUN,OBAFEMI/OWOD E,15,KAJOLA,09,,,,OG1509
6524,OGUN,OBAFEMI/OWOD E,15,OBAFEMI,10,,,,OG1510
6525,OGUN,OBAFEMI/OWOD E,15,AJEBO,11,,,,OG1511
6526,OGUN,OBAFEMI/OWOD E,15,ALAPAKO-ONI,12,,,,OG1512
6527,OGUN,ODEDA,16,ODEDA,01,,,,OG1601
6528,OGUN,ODEDA,16,BALOGUN ITESI,02,,,,OG1602
6529,OGUN,ODEDA,16,OLODO,03,,,,OG1603
6530,OGUN,ODEDA,16,ALAGBAGBA,04,,,,OG1604
6531,OGUN,ODEDA,16,ILUGUN,05,,,,OG1605
6532,OGUN,ODEDA,16,OSIELE,06,,,,OG1606
6533,OGUN,ODEDA,16,OBANTOKO,07,,,,OG1607
6534,OGUN,ODEDA,16,ALABATA,08,,,,OG1608
6535,OGUN,ODEDA,16,OBETE,09,,,,OG1609
6536,OGUN,ODEDA,16,OPEJI,10,,,,OG1610
6537,OGUN,ODOGBOLU,17,IMOSAN,01,,,,OG1701
6538,OGUN,ODOGBOLU,17,IMODI,02,,,,OG1702
6539,OGUN,ODOGBOLU,17,OKUN-OWA,03,,,,OG1703
6540,OGUN,ODOGBOLU,17,ODOGBOLU I,04,,,,OG1704
6541,OGUN,ODOGBOLU,17,ODOGBOLU II,05,,,,OG1705
6542,OGUN,ODOGBOLU,17,AYEPE,06,,,,OG1706
6543,OGUN,ODOGBOLU,17,OSOSA,07,,,,OG1707
6544,OGUN,ODOGBOLU,17,IDOWA,08,,,,OG1708
6545,OGUN,ODOGBOLU,17,IBEFUN,09,,,,OG1709
6546,OGUN,ODOGBOLU,17,ILADO,10,,,,OG1710
6547,OGUN,ODOGBOLU,17,OGBO/MORAIKA/ITA-EPO I,11,,,,OG1711
6548,OGUN,ODOGBOLU,17,ALA/IGBILE,12,,,,OG1712
6549,OGUN,ODOGBOLU,17,JOBORE/IBIDO/IKISE,13,,,,OG1713
6550,OGUN,ODOGBOLU,17,OMU,14,,,,OG1714
6551,OGUN,ODOGBOLU,17,OGBO/MORAIKA/ITA-EPO II,15,,,,OG1715
6552,OGUN,OGUN WATER SIDE,18,IWOPIN,01,,,,OG1801
6553,OGUN,OGUN WATER SIDE,18,ONI,02,,,,OG1802
6554,OGUN,OGUN WATER SIDE,18,IBIADE,03,,,,OG1803
6555,OGUN,OGUN WATER SIDE,18,LUKOGBE/ILUSIN,04,,,,OG1804
6556,OGUN,OGUN WATER SIDE,18,ABIGI,05,,,,OG1805
6557,OGUN,OGUN WATER SIDE,18,EFIRE,06,,,,OG1806
6558,OGUN,OGUN WATER SIDE,18,AYEDE/LOMIRO,07,,,,OG1807
6559,OGUN,OGUN WATER SIDE,18,AYILA/ITEBU,08,,,,OG1808
6560,OGUN,OGUN WATER SIDE,18,MAKUN/IROKUN,09,,,,OG1809
6561,OGUN,OGUN WATER SIDE,18,ODE-OMI,10,,,,OG1810
6562,OGUN,REMO NORTH,19,AYEGBAMI,01,,,,OG1901
6563,OGUN,REMO NORTH,19,IGAN/AJINA,02,,,,OG1902
6564,OGUN,REMO NORTH,19,MOBORODE/OKE-OLA,03,,,,OG1903
6565,OGUN,REMO NORTH,19,ODOFIN/IMAGBO/PETEKUN/ DAWAR,04,,,,OG1904
6566,OGUN,REMO NORTH,19,ILARA,05,,,,OG1905
6567,OGUN,REMO NORTH,19,AKAKA,06,,,,OG1906
6568,OGUN,REMO NORTH,19,IPARA,07,,,,OG1907
6569,OGUN,REMO NORTH,19,ORILE-OKO,08,,,,OG1908
6570,OGUN,REMO NORTH,19,ODE I,09,,,,OG1909
6571,OGUN,REMO NORTH,19,ODE II,10,,,,OG1910
6572,OGUN,SAGAMU,20,OKO/EPE/ITUNLA I,01,,,,OG2001
6573,OGUN,SAGAMU,20,OKO/EPE/ITUNLA II,02,,,,OG2002
6574,OGUN,SAGAMU,20,AYEGBAMI/IJOKUN,03,,,,OG2003
6575,OGUN,SAGAMU,20,SABO I,04,,,,OG2004
6576,OGUN,SAGAMU,20,SABO II,05,,,,OG2005
6577,OGUN,SAGAMU,20,ISUKUN/OYEBAJO,06,,,,OG2006
6578,OGUN,SAGAMU,20,IJAGBA,07,,,,OG2007
6579,OGUN,SAGAMU,20,LATAWA,08,,,,OG2008
6580,OGUN,SAGAMU,20,ODE-LEMO,09,,,,OG2009
6581,OGUN,SAGAMU,20,OGIJO LIKOSI,10,,,,OG2010
6582,OGUN,SAGAMU,20,SURULERE,11,,,,OG2011
6583,OGUN,SAGAMU,20,ISOTE,12,,,,OG2012
6584,OGUN,SAGAMU,20,SIMAWA/IWELEPE,13,,,,OG2013
6585,OGUN,SAGAMU,20,AGBOWA,14,,,,OG2014
6586,OGUN,SAGAMU,20,IBIDO/ITUNA ALARA,15,,,,OG2015
6587,ONDO,AKOKO NORTH EAST,01,EDO,01,,,,OD0101
6588,ONDO,AKOKO NORTH EAST,01,EKAN,02,,,,OD0102
6589,ONDO,AKOKO NORTH EAST,01,IKADO I,03,,,,OD0103
6590,ONDO,AKOKO NORTH EAST,01,IKADO II,04,,,,OD0104
6591,ONDO,AKOKO NORTH EAST,01,ILEPA I,05,,,,OD0105
6592,ONDO,AKOKO NORTH EAST,01,ILEPA II,06,,,,OD0106
6593,ONDO,AKOKO NORTH EAST,01,ISOWOPO I,07,,,,OD0107
6594,ONDO,AKOKO NORTH EAST,01,ISOWOPO II,08,,,,OD0108
6595,ONDO,AKOKO NORTH EAST,01,IYOMETA I,09,,,,OD0109
6596,ONDO,AKOKO NORTH EAST,01,IYOMETA II,10,,,,OD0110
6597,ONDO,AKOKO NORTH EAST,01,OORUN I,11,,,,OD0111
6598,ONDO,AKOKO NORTH EAST,01,OORUN II,12,,,,OD0112
6599,ONDO,AKOKO NORTH EAST,01,OYINMO,13,,,,OD0113
6600,ONDO,AKOKO NORTH WEST,02,ARIGIDI/IYE I,01,,,,OD0201
6601,ONDO,AKOKO NORTH WEST,02,ARIGIDI II,02,,,,OD0202
6602,ONDO,AKOKO NORTH WEST,02,OKEAGBE I,03,,,,OD0203
6603,ONDO,AKOKO NORTH WEST,02,OYIN/OGE,04,,,,OD0204
6604,ONDO,AKOKO NORTH WEST,02,AJOWA/GASI/ERITI/GEDE GEDE,05,,,,OD0205
6605,ONDO,AKOKO NORTH WEST,02,OGBAGI,06,,,,OD0206
6606,ONDO,AKOKO NORTH WEST,02,OKE-IRUN/SURULERE,07,,,,OD0207
6607,ONDO,AKOKO NORTH WEST,02,ODO-IRUN/OYINMO,08,,,,OD0208
6608,ONDO,AKOKO NORTH WEST,02,ESE/AFIN,09,,,,OD0209
6609,ONDO,AKOKO NORTH WEST,02,ERUSU/IKARAMU/IBARAM U,10,,,,OD0210
6610,ONDO,AKOKO SOUTH EAST,03,EPINMI I,01,,,,OD0301
6611,ONDO,AKOKO SOUTH EAST,03,EPINMI II,02,,,,OD0302
6612,ONDO,AKOKO SOUTH EAST,03,IFIRA,03,,,,OD0303
6613,ONDO,AKOKO SOUTH EAST,03,IPE I,04,,,,OD0304
6614,ONDO,AKOKO SOUTH EAST,03,IPE II,05,,,,OD0305
6615,ONDO,AKOKO SOUTH EAST,03,IPESI,06,,,,OD0306
6616,ONDO,AKOKO SOUTH EAST,03,ISUA I,07,,,,OD0307
6617,ONDO,AKOKO SOUTH EAST,03,ISUA II,08,,,,OD0308
6618,ONDO,AKOKO SOUTH EAST,03,ISUA III,09,,,,OD0309
6619,ONDO,AKOKO SOUTH EAST,03,ISUA IV,10,,,,OD0310
6620,ONDO,AKOKO SOUTH EAST,03,SOSAN,11,,,,OD0311
6621,ONDO,AKOKO SOUTH WEST,04,OKA I,01,,,,OD0401
6622,ONDO,AKOKO SOUTH WEST,04,OKA II A,02,,,,OD0402
6623,ONDO,AKOKO SOUTH WEST,04,OKA II B,03,,,,OD0403
6624,ONDO,AKOKO SOUTH WEST,04,OKA III A,04,,,,OD0404
6625,ONDO,AKOKO SOUTH WEST,04,OKA III B,05,,,,OD0405
6626,ONDO,AKOKO SOUTH WEST,04,OKA IV,06,,,,OD0406
6627,ONDO,AKOKO SOUTH WEST,04,OKA VA,07,,,,OD0407
6628,ONDO,AKOKO SOUTH WEST,04,OKA VB,08,,,,OD0408
6629,ONDO,AKOKO SOUTH WEST,04,IKUN,09,,,,OD0409
6630,ONDO,AKOKO SOUTH WEST,04,SUPARE I,10,,,,OD0410
6631,ONDO,AKOKO SOUTH WEST,04,SUPARE II,11,,,,OD0411
6632,ONDO,AKOKO SOUTH WEST,04,AKUNGBA I,12,,,,OD0412
6633,ONDO,AKOKO SOUTH WEST,04,AKUNGBA II,13,,,,OD0413
6634,ONDO,AKOKO SOUTH WEST,04,OBA I,14,,,,OD0414
6635,ONDO,AKOKO SOUTH WEST,04,OBA II,15,,,,OD0415
6636,ONDO,AKURE NORTH,05,AGAMO/OKEOORE/AKOM OWA,01,,,,OD0501
6637,ONDO,AKURE NORTH,05,AYEDE/OGBESE,02,,,,OD0502
6638,ONDO,AKURE NORTH,05,AYETORO,03,,,,OD0503
6639,ONDO,AKURE NORTH,05,IGBATORO,04,,,,OD0504
6640,ONDO,AKURE NORTH,05,IGOBA/ISINIGBO,05,,,,OD0505
6641,ONDO,AKURE NORTH,05,ILUABO/ELEYEWO/BOLOR UNDURO,06,,,,OD0506
6642,ONDO,AKURE NORTH,05,ISIMIJA/IRADO,07,,,,OD0507
6643,ONDO,AKURE NORTH,05,MOFERERE,08,,,,OD0508
6644,ONDO,AKURE NORTH,05,OBA ILE,09,,,,OD0509
6645,ONDO,AKURE NORTH,05,ODO OJA/IJIGBO,10,,,,OD0510
6646,ONDO,AKURE NORTH,05,OKE-AFA/OWODE,11,,,,OD0511
6647,ONDO,AKURE NORTH,05,OKE IJU,12,,,,OD0512
6648,ONDO,AKURE SOUTH,06,APONMU,01,,,,OD0601
6649,ONDO,AKURE SOUTH,06,GBOGI/ISIKAN I,02,,,,OD0602
6650,ONDO,AKURE SOUTH,06,GBOGI/ISIKAN II,03,,,,OD0603
6651,ONDO,AKURE SOUTH,06,IJOMU/OBANLA,04,,,,OD0604
6652,ONDO,AKURE SOUTH,06,LISA,05,,,,OD0605
6653,ONDO,AKURE SOUTH,06,ODA,06,,,,OD0606
6654,ONDO,AKURE SOUTH,06,ODOPETU,07,,,,OD0607
6655,ONDO,AKURE SOUTH,06,OKEARO/IROWO I,08,,,,OD0608
6656,ONDO,AKURE SOUTH,06,OKEARO/IROWO II,09,,,,OD0609
6657,ONDO,AKURE SOUTH,06,OSHODI/ISOLO,10,,,,OD0610
6658,ONDO,AKURE SOUTH,06,OWODE/IMUAGUN,11,,,,OD0611
6659,ONDO,ESE-ODO,07,APO I,01,,,,OD0701
6660,ONDO,ESE-ODO,07,APOI II,02,,,,OD0702
6661,ONDO,ESE-ODO,07,APOI III,03,,,,OD0703
6662,ONDO,ESE-ODO,07,APOI IV,04,,,,OD0704
6663,ONDO,ESE-ODO,07,APOI V,05,,,,OD0705
6664,ONDO,ESE-ODO,07,AROGBO I,06,,,,OD0706
6665,ONDO,ESE-ODO,07,AROGBO II,07,,,,OD0707
6666,ONDO,ESE-ODO,07,AROGBO III,08,,,,OD0708
6667,ONDO,ESE-ODO,07,UKPARAMA I,09,,,,OD0709
6668,ONDO,ESE-ODO,07,UKPARAMA II,10,,,,OD0710
6669,ONDO,IDANRE,08,ALA-ELEFOSAN,01,,,,OD0801
6670,ONDO,IDANRE,08,ALADE-ATOSIN,02,,,,OD0802
6671,ONDO,IDANRE,08,IDALE LEMIKAN,03,,,,OD0803
6672,ONDO,IDANRE,08,IDALE LOGBOSERE,04,,,,OD0804
6673,ONDO,IDANRE,08,IJOMU/ISURIN,05,,,,OD0805
6674,ONDO,IDANRE,08,IROWO,06,,,,OD0806
6675,ONDO,IDANRE,08,ISALU ETHINPETI,07,,,,OD0807
6676,ONDO,IDANRE,08,ISALU JIGBOKIN,08,,,,OD0808
6677,ONDO,IDANRE,08,OFOSU/ONISERE,09,,,,OD0809
6678,ONDO,IDANRE,08,OWENA APONMU LONA,10,,,,OD0810
6679,ONDO,IFEDORE,09,ERO/IBUJI/MARIWO,01,,,,OD0901
6680,ONDO,IFEDORE,09,IGBARA OKE I,02,,,,OD0902
6681,ONDO,IFEDORE,09,IGBARA OKE II,03,,,,OD0903
6682,ONDO,IFEDORE,09,IJARE I,04,,,,OD0904
6683,ONDO,IFEDORE,09,IJARE II,05,,,,OD0905
6684,ONDO,IFEDORE,09,OBO/OIKOTA/OGBOSERE,06,,,,OD0906
6685,ONDO,IFEDORE,09,ILARA I,07,,,,OD0907
6686,ONDO,IFEDORE,09,ILARA II,08,,,,OD0908
6687,ONDO,IFEDORE,09,IPOGUN/IBULE,09,,,,OD0909
6688,ONDO,IFEDORE,09,ISARUN/ERIGI,10,,,,OD0910
6689,ONDO,ILAJE,10,AHERI,01,,,,OD1001
6690,ONDO,ILAJE,10,ETIKAN,02,,,,OD1002
6691,ONDO,ILAJE,10,MAHIN I,03,,,,OD1003
6692,ONDO,ILAJE,10,MAHIN II,04,,,,OD1004
6693,ONDO,ILAJE,10,MAHIN III,05,,,,OD1005
6694,ONDO,ILAJE,10,MAHIN IV,06,,,,OD1006
6695,ONDO,ILAJE,10,UGBO I,07,,,,OD1007
6696,ONDO,ILAJE,10,UGBO II,08,,,,OD1008
6697,ONDO,ILAJE,10,UGBO III,09,,,,OD1009
6698,ONDO,ILAJE,10,UGBO IV,10,,,,OD1010
6699,ONDO,ILAJE,10,UGBO V,11,,,,OD1011
6700,ONDO,ILAJE,10,UGBO VI,12,,,,OD1012
6701,ONDO,ILEOLUJI/OKE- IGBO,11,ILE OLUJI I,01,,,,OD1101
6702,ONDO,ILEOLUJI/OKE- IGBO,11,ILE OLUJI II,02,,,,OD1102
6703,ONDO,ILEOLUJI/OKE- IGBO,11,ILE OLUJI III,03,,,,OD1103
6704,ONDO,ILEOLUJI/OKE- IGBO,11,ILE OLUJI IV,04,,,,OD1104
6705,ONDO,ILEOLUJI/OKE- IGBO,11,ILE OLUJI V,05,,,,OD1105
6706,ONDO,ILEOLUJI/OKE- IGBO,11,ILE OLUJI VI,06,,,,OD1106
6707,ONDO,ILEOLUJI/OKE- IGBO,11,OKE-IGBO I,07,,,,OD1107
6708,ONDO,ILEOLUJI/OKE- IGBO,11,OKE-IGBO II,08,,,,OD1108
6709,ONDO,ILEOLUJI/OKE- IGBO,11,OKE-IGBO III,09,,,,OD1109
6710,ONDO,ILEOLUJI/OKE- IGBO,11,OKE-IGBO IV,10,,,,OD1110
6711,ONDO,IRELE,12,AJAGBA I,01,,,,OD1201
6712,ONDO,IRELE,12,AJAGBA II,02,,,,OD1202
6713,ONDO,IRELE,12,AKOTOGBO I,03,,,,OD1203
6714,ONDO,IRELE,12,AKOTOGBO II,04,,,,OD1204
6715,ONDO,IRELE,12,IYANSAN/OMI,05,,,,OD1205
6716,ONDO,IRELE,12,IRELE I,06,,,,OD1206
6717,ONDO,IRELE,12,IRELE II,07,,,,OD1207
6718,ONDO,IRELE,12,IRELE III,08,,,,OD1208
6719,ONDO,IRELE,12,IRELE IV,09,,,,OD1209
6720,ONDO,IRELE,12,IRELE V,10,,,,OD1210
6721,ONDO,ODIGBO,13,AGBABU,01,,,,OD1301
6722,ONDO,ODIGBO,13,AGO-ALAYE,02,,,,OD1302
6723,ONDO,ODIGBO,13,AJUE,03,,,,OD1303
6724,ONDO,ODIGBO,13,ARAROMI OBU,04,,,,OD1304
6725,ONDO,ODIGBO,13,AYESAN,05,,,,OD1305
6726,ONDO,ODIGBO,13,EBIJAW,06,,,,OD1306
6727,ONDO,ODIGBO,13,KOSERU,07,,,,OD1307
6728,ONDO,ODIGBO,13,ODIGBO,08,,,,OD1308
6729,ONDO,ODIGBO,13,ONIPARAGA,09,,,,OD1309
6730,ONDO,ODIGBO,13,ORE I,10,,,,OD1310
6731,ONDO,ODIGBO,13,ORE II,11,,,,OD1311
6732,ONDO,OKITIPUPA,14,AYEKA/IGODAN/IGBODIG O,01,,,,OD1401
6733,ONDO,OKITIPUPA,14,ERINJE,02,,,,OD1402
6734,ONDO,OKITIPUPA,14,IGBOTAKO I,03,,,,OD1403
6735,ONDO,OKITIPUPA,14,IGBOTAKO II,04,,,,OD1404
6736,ONDO,OKITIPUPA,14,IJU-ODO/EREKITI,05,,,,OD1405
6737,ONDO,OKITIPUPA,14,IKOYA/OLOTO,06,,,,OD1406
6738,ONDO,OKITIPUPA,14,ILUTITUN I,07,,,,OD1407
6739,ONDO,OKITIPUPA,14,ILUTITUN II,08,,,,OD1408
6740,ONDO,OKITIPUPA,14,ILUTITUN III,09,,,,OD1409
6741,ONDO,OKITIPUPA,14,ODE AYE I,10,,,,OD1410
6742,ONDO,OKITIPUPA,14,ODE AYE II,11,,,,OD1411
6743,ONDO,OKITIPUPA,14,OKITIPUPA I,12,,,,OD1412
6744,ONDO,OKITIPUPA,14,OKITIPUPA II,13,,,,OD1413
6745,ONDO,ONDO EAST,15,ATERU/OTASAN/IGBA,01,,,,OD1501
6746,ONDO,ONDO EAST,15,ASANTAN OJA,02,,,,OD1502
6747,ONDO,ONDO EAST,15,BOLORUNDURO,03,,,,OD1503
6748,ONDO,ONDO EAST,15,EPE,04,,,,OD1504
6749,ONDO,ONDO EAST,15,FAGBO,05,,,,OD1505
6750,ONDO,ONDO EAST,15,OBADA,06,,,,OD1506
6751,ONDO,ONDO EAST,15,OBOTO,07,,,,OD1507
6752,ONDO,ONDO EAST,15,ORISUNMIBARE,08,,,,OD1508
6753,ONDO,ONDO EAST,15,OWENA BRIDGE,09,,,,OD1509
6754,ONDO,ONDO EAST,15,TEPO,10,,,,OD1510
6755,ONDO,ONDO WEST,16,ENUOWA/OBALALU,01,,,,OD1601
6756,ONDO,ONDO WEST,16,GBAGHENGA/OGBONGBO/ AJAGBA-ALAAFIA,02,,,,OD1602
6757,ONDO,ONDO WEST,16,IFORE/ODOSIDA/LORO,03,,,,OD1603
6758,ONDO,ONDO WEST,16,ILUNLA/BAGBE/ODOWO I,04,,,,OD1604
6759,ONDO,ONDO WEST,16,ILUNLA/BAGBE/ODOWO II,05,,,,OD1605
6760,ONDO,ONDO WEST,16,LITAYE/OBUNKEKERE/IG BINDO,06,,,,OD1606
6761,ONDO,ONDO WEST,16,LODASA/IPARUKU/LIJOKA,07,,,,OD1607
6762,ONDO,ONDO WEST,16,ODOJOMU/ERINKETA/LEG IRI,08,,,,OD1608
6763,ONDO,ONDO WEST,16,OKEAGUNLA/OKERO/OKE KUTA,09,,,,OD1609
6764,ONDO,ONDO WEST,16,OKEOTUNBA/OKEDIBO/SO KOTI,10,,,,OD1610
6765,ONDO,ONDO WEST,16,OKELISA OKEDOKO/OGBODU,11,,,,OD1611
6766,ONDO,ONDO WEST,16,ORISUNMIBARE/ARAROMI,12,,,,OD1612
6767,ONDO,OSE,17,AFO,01,,,,OD1701
6768,ONDO,OSE,17,IDOANI WARD I,02,,,,OD1702
6769,ONDO,OSE,17,IDOANI WARD II,03,,,,OD1703
6770,ONDO,OSE,17,IDOGUN,04,,,,OD1704
6771,ONDO,OSE,17,IFON WARD I,05,,,,OD1705
6772,ONDO,OSE,17,IFON WARD II,06,,,,OD1706
6773,ONDO,OSE,17,IJAGBA,07,,,,OD1707
6774,ONDO,OSE,17,IKARO ELEGBEKA,08,,,,OD1708
6775,ONDO,OSE,17,IMERI,09,,,,OD1709
6776,ONDO,OSE,17,IMORU/ARIMOGIJA,10,,,,OD1710
6777,ONDO,OSE,17,OKELUSE,11,,,,OD1711
6778,ONDO,OSE,17,UTE,12,,,,OD1712
6779,ONDO,OWO,18,AHINOGBE,01,,,,OD1801
6780,ONDO,OWO,18,IGBOROKO I,02,,,,OD1802
6781,ONDO,OWO,18,IGBOROKO II,03,,,,OD1803
6782,ONDO,OWO,18,IJEBU I,04,,,,OD1804
6783,ONDO,OWO,18,IJEBU II,05,,,,OD1805
6784,ONDO,OWO,18,ILORO,06,,,,OD1806
6785,ONDO,OWO,18,IPELE,07,,,,OD1807
6786,ONDO,OWO,18,ISAIPEN,08,,,,OD1808
6787,ONDO,OWO,18,ISUADA/IPENMEN/IDASEN/ OBA SOOTO,09,,,,OD1809
6788,ONDO,OWO,18,IYARE,10,,,,OD1810
6789,ONDO,OWO,18,USO/EURE ILE,11,,,,OD1811
6790,OSUN,ATAKUMOSA EAST,01,IWAR,01,,,,OS0101
6791,OSUN,ATAKUMOSA EAST,01,IGANGAN,02,,,,OS0102
6792,OSUN,ATAKUMOSA EAST,01,IPOLE,03,,,,OS0103
6793,OSUN,ATAKUMOSA EAST,01,IPERINDO,04,,,,OS0104
6794,OSUN,ATAKUMOSA EAST,01,ETI-ONI,05,,,,OS0105
6795,OSUN,ATAKUMOSA EAST,01,AJEGUNLE,06,,,,OS0106
6796,OSUN,ATAKUMOSA EAST,01,FOREST RESERVE I,07,,,,OS0107
6797,OSUN,ATAKUMOSA EAST,01,FOREST RESERVE II,08,,,,OS0108
6798,OSUN,ATAKUMOSA EAST,01,FAFORIJI,09,,,,OS0109
6799,OSUN,ATAKUMOSA EAST,01,AJEGANDELE,10,,,,OS0110
6800,OSUN,ATAKUNMOSA WEST,02,OSU I,01,,,,OS0201
6801,OSUN,ATAKUNMOSA WEST,02,OSU II,02,,,,OS0202
6802,OSUN,ATAKUNMOSA WEST,02,OSU III,03,,,,OS0203
6803,OSUN,ATAKUNMOSA WEST,02,IBODI,04,,,,OS0204
6804,OSUN,ATAKUNMOSA WEST,02,IFELODUN,05,,,,OS0205
6805,OSUN,ATAKUNMOSA WEST,02,ITA GUNMODI,06,,,,OS0206
6806,OSUN,ATAKUNMOSA WEST,02,OKE BODE,07,,,,OS0207
6807,OSUN,ATAKUNMOSA WEST,02,ISA OBI,08,,,,OS0208
6808,OSUN,ATAKUNMOSA WEST,02,MUROKO,09,,,,OS0209
6809,OSUN,ATAKUNMOSA WEST,02,IFEWARA I,10,,,,OS0210
6810,OSUN,ATAKUNMOSA WEST,02,IFEWARA II,11,,,,OS0211
6811,OSUN,AYEDADE,03,BALOGUN,01,,,,OS0301
6812,OSUN,AYEDADE,03,OTUN-BALOGUN,02,,,,OS0302
6813,OSUN,AYEDADE,03,OLUFI,03,,,,OS0303
6814,OSUN,AYEDADE,03,OTUN-OLUFI,04,,,,OS0304
6815,OSUN,AYEDADE,03,IJUGBE/OKE-ESO/OKE- OWU,05,,,,OS0305
6816,OSUN,AYEDADE,03,LAGERE/AMOLA,06,,,,OS0306
6817,OSUN,AYEDADE,03,GBONGAN,07,,,,OS0307
6818,OSUN,AYEDADE,03,ODE-OMU RURAL,08,,,,OS0308
6819,OSUN,AYEDADE,03,OBALUFON,09,,,,OS0309
6820,OSUN,AYEDADE,03,ANLUGBUA,10,,,,OS0310
6821,OSUN,AYEDADE,03,ARAROMI-OWU,11,,,,OS0311
6822,OSUN,AYEDIRE,04,OLUPONNA I,01,,,,OS0401
6823,OSUN,AYEDIRE,04,OLUPONNA II,02,,,,OS0402
6824,OSUN,AYEDIRE,04,OLUPONNA III,03,,,,OS0403
6825,OSUN,AYEDIRE,04,OKE-OSUN,04,,,,OS0404
6826,OSUN,AYEDIRE,04,ILE-OGBO I,05,,,,OS0405
6827,OSUN,AYEDIRE,04,ILE OGBO II,06,,,,OS0406
6828,OSUN,AYEDIRE,04,ILE-OGBO III,07,,,,OS0407
6829,OSUN,AYEDIRE,04,ILE-OGBO IV,08,,,,OS0408
6830,OSUN,AYEDIRE,04,KUTA I,09,,,,OS0409
6831,OSUN,AYEDIRE,04,KUTA II,10,,,,OS0410
6832,OSUN,BOLUWA-DURO,05,OKE OMI OTAN,01,,,,OS0501
6833,OSUN,BOLUWA-DURO,05,OKE-ODE OTAN,02,,,,OS0502
6834,OSUN,BOLUWA-DURO,05,OKE-OTAN,03,,,,OS0503
6835,OSUN,BOLUWA-DURO,05,GBELERU OBAALA I,04,,,,OS0504
6836,OSUN,BOLUWA-DURO,05,GBELERU OBAALA II,05,,,,OS0505
6837,OSUN,BOLUWA-DURO,05,OBANLA ILORO,06,,,,OS0506
6838,OSUN,BOLUWA-DURO,05,ERIPA,07,,,,OS0507
6839,OSUN,BOLUWA-DURO,05,OKE IRUN,08,,,,OS0508
6840,OSUN,BOLUWA-DURO,05,IRESI I,09,,,,OS0509
6841,OSUN,BOLUWA-DURO,05,IRESI II,10,,,,OS0510
6842,OSUN,BORIPE,06,OLOTI IRAGBIJI,01,,,,OS0601
6843,OSUN,BORIPE,06,OJA-OBA,02,,,,OS0602
6844,OSUN,BORIPE,06,COLLEGE/EGBEDA ROAD,03,,,,OS0603
6845,OSUN,BORIPE,06,ISALE-OYO,04,,,,OS0604
6846,OSUN,BORIPE,06,AAGBA,05,,,,OS0605
6847,OSUN,BORIPE,06,ORORUWO,06,,,,OS0606
6848,OSUN,BORIPE,06,ADA I,07,,,,OS0607
6849,OSUN,BORIPE,06,ADA II,08,,,,OS0608
6850,OSUN,BORIPE,06,ISALE ASA IREE,09,,,,OS0609
6851,OSUN,BORIPE,06,OKE ESA/OGI,10,,,,OS0610
6852,OSUN,BORIPE,06,OKE AREE,11,,,,OS0611
6853,OSUN,EDE NORTH,07,OLOBA/ATAPARA,01,,,,OS0701
6854,OSUN,EDE NORTH,07,ABODUNDE/SAGBA,02,,,,OS0702
6855,OSUN,EDE NORTH,07,OLOGUN/AGBAAKIN,03,,,,OS0703
6856,OSUN,EDE NORTH,07,OLUSOKUN,04,,,,OS0704
6857,OSUN,EDE NORTH,07,ALUSEKERE,05,,,,OS0705
6858,OSUN,EDE NORTH,07,SABO/AGBONGBE I,06,,,,OS0706
6859,OSUN,EDE NORTH,07,SABO/AGBONGBE II,07,,,,OS0707
6860,OSUN,EDE NORTH,07,ISIBO/BUHARI-ISOLA,08,,,,OS0708
6861,OSUN,EDE NORTH,07,APASO,09,,,,OS0709
6862,OSUN,EDE NORTH,07,JAGUN/JAGUN EDE,10,,,,OS0710
6863,OSUN,EDE NORTH,07,BARA EJEMU,11,,,,OS0711
6864,OSUN,EDE SOUTH,08,BABANLA/AGATE,01,,,,OS0801
6865,OSUN,EDE SOUTH,08,BA KUYE,02,,,,OS0802
6866,OSUN,EDE SOUTH,08,ASUNMO,03,,,,OS0803
6867,OSUN,EDE SOUTH,08,ALAJUE I,04,,,,OS0804
6868,OSUN,EDE SOUTH,08,ALAJUE II,05,,,,OS0805
6869,OSUN,EDE SOUTH,08,OLDAN,06,,,,OS0806
6870,OSUN,EDE SOUTH,08,BABASANYA,07,,,,OS0807
6871,OSUN,EDE SOUTH,08,SE KONA,08,,,,OS0808
6872,OSUN,EDE SOUTH,08,OLOKI/AKODA,09,,,,OS0809
6873,OSUN,EDE SOUTH,08,LOOGUN,10,,,,OS0810
6874,OSUN,EGBEDORE,09,AWO/ABUDO,01,,,,OS0901
6875,OSUN,EGBEDORE,09,ARA I,02,,,,OS0902
6876,OSUN,EGBEDORE,09,ARA II,03,,,,OS0903
6877,OSUN,EGBEDORE,09,IDO-OSUN,04,,,,OS0904
6878,OSUN,EGBEDORE,09,IRAGBERE I,05,,,,OS0905
6879,OSUN,EGBEDORE,09,IRAGBERE II,06,,,,OS0906
6880,OSUN,EGBEDORE,09,IWOYE/IDO/ORIGO,07,,,,OS0907
6881,OSUN,EGBEDORE,09,IKOTUN,08,,,,OS0908
6882,OSUN,EGBEDORE,09,OJO/ARO,09,,,,OS0909
6883,OSUN,EGBEDORE,09,OKINNI/OLORUNSOGO/OF ATEDO,10,,,,OS0910
6884,OSUN,EJIGBO,10,ELEJIGBO ‘A’,01,,,,OS1001
6885,OSUN,EJIGBO,10,ELEJIGBO ‘B’/OSOLO,02,,,,OS1002
6886,OSUN,EJIGBO,10,ELEJIGBO ‘C’/MAPO,03,,,,OS1003
6887,OSUN,EJIGBO,10,ELEJIGBO ‘D’/EJEMU,04,,,,OS1004
6888,OSUN,EJIGBO,10,LELJIGBO/AYEGBOGBO,05,,,,OS1005
6889,OSUN,EJIGBO,10,OLA/AYE/AGURODO,06,,,,OS1006
6890,OSUN,EJIGBO,10,IFEODAN’A’/OWU-ILE,07,,,,OS1007
6891,OSUN,EJIGBO,10,IFEODAN ‘B’/MASIFA,08,,,,OS1008
6892,OSUN,EJIGBO,10,ILAWO/ISOKO/ISUNDUNRI N,09,,,,OS1009
6893,OSUN,EJIGBO,10,INISA/AATO/IGBON,10,,,,OS1010
6894,OSUN,EJIGBO,10,INISA II/AFAAKE/AYEGUNLE,11,,,,OS1011
6895,OSUN,IFE CENTRAL,11,ILARE I,01,,,,OS1101
6896,OSUN,IFE CENTRAL,11,ILARE II,02,,,,OS1102
6897,OSUN,IFE CENTRAL,11,ILARE III,03,,,,OS1103
6898,OSUN,IFE CENTRAL,11,ILARE IV,04,,,,OS1104
6899,OSUN,IFE CENTRAL,11,IREMO I (AJEBANDELE),05,,,,OS1105
6900,OSUN,IFE CENTRAL,11,IREMO II (ELEYELE),06,,,,OS1106
6901,OSUN,IFE CENTRAL,11,IREMO III,07,,,,OS1107
6902,OSUN,IFE CENTRAL,11,IREMO IV,08,,,,OS1108
6903,OSUN,IFE CENTRAL,11,IREMO V,09,,,,OS1109
6904,OSUN,IFE CENTRAL,11,AKARABATA,10,,,,OS1110
6905,OSUN,IFE CENTRAL,11,MORE OJAJA,11,,,,OS1111
6906,OSUN,IFEDAYO,12,OYI,01,,,,OS1201
6907,OSUN,IFEDAYO,12,AYETIORO,02,,,,OS1202
6908,OSUN,IFEDAYO,12,ISINMI,03,,,,OS1203
6909,OSUN,IFEDAYO,12,BALOGUN,04,,,,OS1204
6910,OSUN,IFEDAYO,12,OBAALE,05,,,,OS1205
6911,OSUN,IFEDAYO,12,AWORO/OKE-ILA RURAL,06,,,,OS1206
6912,OSUN,IFEDAYO,12,ASAONI,07,,,,OS1207
6913,OSUN,IFEDAYO,12,CO-OPERATIVE,08,,,,OS1208
6914,OSUN,IFEDAYO,12,AKESIN,09,,,,OS1209
6915,OSUN,IFEDAYO,12,TEMIDIRE,10,,,,OS1210
6916,OSUN,IFE EAST,13,MORE,01,,,,OS1301
6917,OSUN,IFE EAST,13,ILODE I,02,,,,OS1302
6918,OSUN,IFE EAST,13,OLODE II,03,,,,OS1303
6919,OSUN,IFE EAST,13,OKEREWE I,04,,,,OS1304
6920,OSUN,IFE EAST,13,OKEREWE II,05,,,,OS1305
6921,OSUN,IFE EAST,13,OKEREWE III,06,,,,OS1306
6922,OSUN,IFE EAST,13,YEKEMI,07,,,,OS1307
6923,OSUN,IFE EAST,13,MODAKEKE I,08,,,,OS1308
6924,OSUN,IFE EAST,13,MODAKEKE II,09,,,,OS1309
6925,OSUN,IFE EAST,13,MODAKEKE III,10,,,,OS1310
6926,OSUN,IFELODUN,14,EESA IKIRUN,01,,,,OS1401
6927,OSUN,IFELODUN,14,AMOLA IKIRUN,02,,,,OS1402
6928,OSUN,IFELODUN,14,OWODE IKIRUN,03,,,,OS1403
6929,OSUN,IFELODUN,14,ISALE/OKE AFO,04,,,,OS1404
6930,OSUN,IFELODUN,14,IKIRUN RURAL,05,,,,OS1405
6931,OSUN,IFELODUN,14,"STATION ROAD, IKIRUN",06,,,,OS1406
6932,OSUN,IFELODUN,14,OKERBA IKIRUN,07,,,,OS1407
6933,OSUN,IFELODUN,14,OLONDE IKIRUN,08,,,,OS1408
6934,OSUN,IFELODUN,14,IBA I,09,,,,OS1409
6935,OSUN,IFELODUN,14,IBA II,10,,,,OS1410
6936,OSUN,IFELODUN,14,OBAGUN,11,,,,OS1411
6937,OSUN,IFELODUN,14,EKOENDE/EKO AJALA,12,,,,OS1412
6938,OSUN,IFE NORTH,15,ASIPA/AKINALU,01,,,,OS1501
6939,OSUN,IFE NORTH,15,EDUNABON I,02,,,,OS1502
6940,OSUN,IFE NORTH,15,EDUNABON II,03,,,,OS1503
6941,OSUN,IFE NORTH,15,FAMIA,04,,,,OS1504
6942,OSUN,IFE NORTH,15,YAKOYO,05,,,,OS1505
6943,OSUN,IFE NORTH,15,IPETUMODU I,06,,,,OS1506
6944,OSUN,IFE NORTH,15,IPETUMODU II,07,,,,OS1507
6945,OSUN,IFE NORTH,15,MOKO,08,,,,OS1508
6946,OSUN,IFE NORTH,15,OYERE I,09,,,,OS1509
6947,OSUN,IFE NORTH,15,OYERE II,10,,,,OS1510
6948,OSUN,IFE SOUTH,16,AYESAN,01,,,,OS1601
6949,OSUN,IFE SOUTH,16,IKIJA I,02,,,,OS1602
6950,OSUN,IFE SOUTH,16,IKIJA II,03,,,,OS1603
6951,OSUN,IFE SOUTH,16,OGBON ARE,04,,,,OS1604
6952,OSUN,IFE SOUTH,16,MEFOWORADE,05,,,,OS1605
6953,OSUN,IFE SOUTH,16,OKE OWENA,06,,,,OS1606
6954,OSUN,IFE SOUTH,16,OLODE,07,,,,OS1607
6955,OSUN,IFE SOUTH,16,OSI,08,,,,OS1608
6956,OSUN,IFE SOUTH,16,KERE,09,,,,OS1609
6957,OSUN,IFE SOUTH,16,ABIRI OGUDU,10,,,,OS1610
6958,OSUN,IFE SOUTH,16,AYE,11,,,,OS1611
6959,OSUN,ILA,17,EJIGBO I,01,,,,OS1701
6960,OSUN,ILA,17,EJIGBO II,02,,,,OS1702
6961,OSUN,ILA,17,EJIGBO III,03,,,,OS1703
6962,OSUN,ILA,17,ISEDO I,04,,,,OS1704
6963,OSUN,ILA,17,ISEDO II,05,,,,OS1705
6964,OSUN,ILA,17,IPERIN,06,,,,OS1706
6965,OSUN,ILA,17,EYINDI,07,,,,OS1707
6966,OSUN,ILA,17,OKE-OLA,08,,,,OS1708
6967,OSUN,ILA,17,OKE-EDE,09,,,,OS1709
6968,OSUN,ILA,17,EYINDI/IPERIN,10,,,,OS1710
6969,OSUN,ILA,17,AJABA/EDEMOSI/ABAORA NGUN,11,,,,OS1711
6970,OSUN,ILESA EAST,18,OKESA,01,,,,OS1801
6971,OSUN,ILESA EAST,18,IMO,02,,,,OS1802
6972,OSUN,ILESA EAST,18,IFOSAN/OKE-ESO,03,,,,OS1803
6973,OSUN,ILESA EAST,18,ITISIN/OGUDU,04,,,,OS1804
6974,OSUN,ILESA EAST,18,IJAMO,05,,,,OS1805
6975,OSUN,ILESA EAST,18,UPPER AND LOWER IJOKA,06,,,,OS1806
6976,OSUN,ILESA EAST,18,ILORO/IROYE,07,,,,OS1807
6977,OSUN,ILESA EAST,18,ISAR,08,,,,OS1808
6978,OSUN,ILESA EAST,18,ILERIN,09,,,,OS1809
6979,OSUN,ILESA EAST,18,BOLORUNDURO,10,,,,OS1810
6980,OSUN,ILESA EAST,18,BILADU,11,,,,OS1811
6981,OSUN,ILESA WEST,19,ITAKOGUN,01,,,,OS1901
6982,OSUN,ILESA WEST,19,LOWER EGBEDI,02,,,,OS1902
6983,OSUN,ILESA WEST,19,UPPER AND LOWER IGBOGI,03,,,,OS1903
6984,OSUN,ILESA WEST,19,OMOFE/IDASA,04,,,,OS1904
6985,OSUN,ILESA WEST,19,ISOKUN,05,,,,OS1905
6986,OSUN,ILESA WEST,19,IKOTI/ARAROMI,06,,,,OS1906
6987,OSUN,ILESA WEST,19,ILAJE,07,,,,OS1907
6988,OSUN,ILESA WEST,19,ISIDA/IKOTI,08,,,,OS1908
6989,OSUN,ILESA WEST,19,REJA,09,,,,OS1909
6990,OSUN,ILESA WEST,19,AYEDO,10,,,,OS1910
6991,OSUN,IREPODUN,20,OLOBU A,01,,,,OS2001
6992,OSUN,IREPODUN,20,OLOBU B,02,,,,OS2002
6993,OSUN,IREPODUN,20,OLOBU C,03,,,,OS2003
6994,OSUN,IREPODUN,20,OLOBU D,04,,,,OS2004
6995,OSUN,IREPODUN,20,BARA A,05,,,,OS2005
6996,OSUN,IREPODUN,20,BARA B,06,,,,OS2006
6997,OSUN,IREPODUN,20,ELERIN A,07,,,,OS2007
6998,OSUN,IREPODUN,20,ELERIN B,08,,,,OS2008
6999,OSUN,IREPODUN,20,ELERIN C,09,,,,OS2009
7000,OSUN,IREPODUN,20,ELERIN D,10,,,,OS2010
7001,OSUN,IREPODUN,20,ELERIN E,11,,,,OS2011
7002,OSUN,IREWOLE,21,IKIRE A,01,,,,OS2101
7003,OSUN,IREWOLE,21,IKIRE B,02,,,,OS2102
7004,OSUN,IREWOLE,21,IKIRE C,03,,,,OS2103
7005,OSUN,IREWOLE,21,IKIRE D,04,,,,OS2104
7006,OSUN,IREWOLE,21,IKIRE E,05,,,,OS2105
7007,OSUN,IREWOLE,21,IKIRE F,06,,,,OS2106
7008,OSUN,IREWOLE,21,IKIRE G,07,,,,OS2107
7009,OSUN,IREWOLE,21,IKIRE H,08,,,,OS2108
7010,OSUN,IREWOLE,21,IKIRE I,09,,,,OS2109
7011,OSUN,IREWOLE,21,IKIRE J,10,,,,OS2110
7012,OSUN,IREWOLE,21,IKIRE K,11,,,,OS2111
7013,OSUN,ISOKAN,22,OLUKOYI (OJA-OSUN),01,,,,OS2201
7014,OSUN,ISOKAN,22,OSA IKOYI (OLOKE),02,,,,OS2202
7015,OSUN,ISOKAN,22,ASALU IKOYI (ABIRI),03,,,,OS2203
7016,OSUN,ISOKAN,22,ORANRAN WARD,04,,,,OS2204
7017,OSUN,ISOKAN,22,IDOGUN WARD,05,,,,OS2205
7018,OSUN,ISOKAN,22,ALAPOMU I (ODO-OSUN),06,,,,OS2206
7019,OSUN,ISOKAN,22,ALAPOMU II,07,,,,OS2207
7020,OSUN,ISOKAN,22,ASALU (MOGIMOGI),08,,,,OS2208
7021,OSUN,ISOKAN,22,OOSA (ADIFA),09,,,,OS2209
7022,OSUN,ISOKAN,22,AWALA I,10,,,,OS2210
7023,OSUN,ISOKAN,22,AWALA II,11,,,,OS2211
7024,OSUN,IWO,23,ISALE OBA I,01,,,,OS2301
7025,OSUN,IWO,23,ISALE OBA II,02,,,,OS2302
7026,OSUN,IWO,23,ISALE OBA III,03,,,,OS2303
7027,OSUN,IWO,23,ISALE OBA IV,04,,,,OS2304
7028,OSUN,IWO,23,MOLETE I,05,,,,OS2305
7029,OSUN,IWO,23,NOLETE II,06,,,,OS2306
7030,OSUN,IWO,23,MOLETE III,07,,,,OS2307
7031,OSUN,IWO,23,OKE-ADAN I,08,,,,OS2308
7032,OSUN,IWO,23,OKE-ADAN II,09,,,,OS2309
7033,OSUN,IWO,23,OKE-ADAN III,10,,,,OS2310
7034,OSUN,IWO,23,GIDIGBO I,11,,,,OS2311
7035,OSUN,IWO,23,GIDIGBO II,12,,,,OS2312
7036,OSUN,IWO,23,GIDIGBO III,13,,,,OS2313
7037,OSUN,IWO,23,OKE OBA I,14,,,,OS2314
7038,OSUN,IWO,23,OKE OBA II,15,,,,OS2315
7039,OSUN,OBOKUN,24,IBOKUN,01,,,,OS2401
7040,OSUN,OBOKUN,24,IPETU-ILE/ADAOWODE,02,,,,OS2402
7041,OSUN,OBOKUN,24,ILAHUN/IKINYINWA,03,,,,OS2403
7042,OSUN,OBOKUN,24,ILASE/IDOMINASI,04,,,,OS2404
7043,OSUN,OBOKUN,24,EESUN/IDO-OKO,05,,,,OS2405
7044,OSUN,OBOKUN,24,IMESI-ILE,06,,,,OS2406
7045,OSUN,OBOKUN,24,ESA-OKE,07,,,,OS2407
7046,OSUN,OBOKUN,24,OTAN-ILE,08,,,,OS2408
7047,OSUN,OBOKUN,24,ESA-ODO,09,,,,OS2409
7048,OSUN,OBOKUN,24,ILARE,10,,,,OS2410
7049,OSUN,ODO-OTIN,25,OBA/OJOMU,01,,,,OS2501
7050,OSUN,ODO-OTIN,25,BAALE,02,,,,OS2502
7051,OSUN,ODO-OTIN,25,IGBAYE,03,,,,OS2503
7052,OSUN,ODO-OTIN,25,FAJI/OPETE,04,,,,OS2504
7053,OSUN,ODO-OTIN,25,EKOSIN/IYEKU,05,,,,OS2505
7054,OSUN,ODO-OTIN,25,ORE/AGBEYE,06,,,,OS2506
7055,OSUN,ODO-OTIN,25,IJABE/ILA ODO,07,,,,OS2507
7056,OSUN,ODO-OTIN,25,OKUA/EKUSA,08,,,,OS2508
7057,OSUN,ODO-OTIN,25,ASI/ASABA,09,,,,OS2509
7058,OSUN,ODO-OTIN,25,OLUNISA,10,,,,OS2510
7059,OSUN,ODO-OTIN,25,OLUKOTUN,11,,,,OS2511
7060,OSUN,ODO-OTIN,25,ESA-OTUN BAALE OFE,12,,,,OS2512
7061,OSUN,ODO-OTIN,25,JAGUN OSI BAALE ODE,13,,,,OS2513
7062,OSUN,ODO-OTIN,25,OLOYAN ELEMOSHO,14,,,,OS2514
7063,OSUN,ODO-OTIN,25,OSOLO/OPARIN,15,,,,OS2515
7064,OSUN,OLA-OLUWA,26,TELEMU,01,,,,OS2601
7065,OSUN,OLA-OLUWA,26,ASAMU/ILEMOWU,02,,,,OS2602
7066,OSUN,OLA-OLUWA,26,OGBAAGBA I,03,,,,OS2603
7067,OSUN,OLA-OLUWA,26,OGBAAGBA II,04,,,,OS2604
7068,OSUN,OLA-OLUWA,26,IKIRE ILE/IWARA,05,,,,OS2605
7069,OSUN,OLA-OLUWA,26,ISERO/IKONMOFIN,06,,,,OS2606
7070,OSUN,OLA-OLUWA,26,OBAMORO/ILE-OGO,07,,,,OS2607
7071,OSUN,OLA-OLUWA,26,BODE-OSI,08,,,,OS2608
7072,OSUN,OLA-OLUWA,26,AJAGBA/ILO OKE,09,,,,OS2609
7073,OSUN,OLA-OLUWA,26,ASA AJAGUNLASE,10,,,,OS2610
7074,OSUN,OLORUNDA,27,AGOWANDE,01,,,,OS2701
7075,OSUN,OLORUNDA,27,BALOGUN,02,,,,OS2702
7076,OSUN,OLORUNDA,27,AKOGUN,03,,,,OS2703
7077,OSUN,OLORUNDA,27,ATELEWO,04,,,,OS2704
7078,OSUN,OLORUNDA,27,OWOOPE,05,,,,OS2705
7079,OSUN,OLORUNDA,27,OWODE I,06,,,,OS2706
7080,OSUN,OLORUNDA,27,OWODE II,07,,,,OS2707
7081,OSUN,OLORUNDA,27,AYETORO,08,,,,OS2708
7082,OSUN,OLORUNDA,27,OBA-ILE,09,,,,OS2709
7083,OSUN,OLORUNDA,27,OBA-OKE,10,,,,OS2710
7084,OSUN,OLORUNDA,27,ILIE,11,,,,OS2711
7085,OSUN,ORIADE,28,ERIN-OKE,01,,,,OS2801
7086,OSUN,ORIADE,28,ERIN-IJESA,02,,,,OS2802
7087,OSUN,ORIADE,28,IJEBU JESA,03,,,,OS2803
7088,OSUN,ORIADE,28,IWOYE,04,,,,OS2804
7089,OSUN,ORIADE,28,IKEJI-ILE,05,,,,OS2805
7090,OSUN,ORIADE,28,IRA,06,,,,OS2806
7091,OSUN,ORIADE,28,IKEJI ARAKIJI/OWENA,07,,,,OS2807
7092,OSUN,ORIADE,28,APOTI/DGBAJA,08,,,,OS2808
7093,OSUN,ORIADE,28,IPETU IJESA I,09,,,,OS2809
7094,OSUN,ORIADE,28,IPETU IJESA II,10,,,,OS2810
7095,OSUN,ORIADE,28,IJEDA ILOKO,11,,,,OS2811
7096,OSUN,ORIADE,28,ERINMO/IWARAJA,12,,,,OS2812
7097,OSUN,OROLU,29,OLUFON OROLU A,01,,,,OS2901
7098,OSUN,OROLU,29,OLUSON OROLU B,02,,,,OS2902
7099,OSUN,OROLU,29,OLUFON OROLU C,03,,,,OS2903
7100,OSUN,OROLU,29,OLUFON OROLU D,04,,,,OS2904
7101,OSUN,OROLU,29,ORUFON OROLU E,05,,,,OS2905
7102,OSUN,OROLU,29,OLUFON OROLU F,06,,,,OS2906
7103,OSUN,OROLU,29,OLUFON OROLUG,07,,,,OS2907
7104,OSUN,OROLU,29,ORUFON OROLU H,08,,,,OS2908
7105,OSUN,OROLU,29,OLUFON OROLU I,09,,,,OS2909
7106,OSUN,OROLU,29,OLUFON OROLU J,10,,,,OS2910
7107,OSUN,OSOGBO,30,ATAOJA A,01,,,,OS3001
7108,OSUN,OSOGBO,30,ATAOJA B,02,,,,OS3002
7109,OSUN,OSOGBO,30,ATAOJA C,03,,,,OS3003
7110,OSUN,OSOGBO,30,ATAOJA D,04,,,,OS3004
7111,OSUN,OSOGBO,30,ATAOJA E,05,,,,OS3005
7112,OSUN,OSOGBO,30,OTUN JAGUN B,06,,,,OS3006
7113,OSUN,OSOGBO,30,ALAGBA,07,,,,OS3007
7114,OSUN,OSOGBO,30,ARE-AGO,08,,,,OS3008
7115,OSUN,OSOGBO,30,JAGUN A,09,,,,OS3009
7116,OSUN,OSOGBO,30,JAGUN B,10,,,,OS3010
7117,OSUN,OSOGBO,30,BABA KEKERE,11,,,,OS3011
7118,OSUN,OSOGBO,30,OTUN JAGUN A,12,,,,OS3012
7119,OSUN,OSOGBO,30,EKETA,13,,,,OS3013
7120,OSUN,OSOGBO,30,OTUN BALOGUN A,14,,,,OS3014
7121,OSUN,OSOGBO,30,EKERIN,15,,,,OS3015
7122,OYO,AFIJIO,01,ILORA I,01,,,,OY0101
7123,OYO,AFIJIO,01,ILORA II,02,,,,OY0102
7124,OYO,AFIJIO,01,ILORA III,03,,,,OY0103
7125,OYO,AFIJIO,01,FIDITI I,04,,,,OY0104
7126,OYO,AFIJIO,01,FIDITI II,05,,,,OY0105
7127,OYO,AFIJIO,01,AWE I,06,,,,OY0106
7128,OYO,AFIJIO,01,AWE II,07,,,,OY0107
7129,OYO,AFIJIO,01,AKINMORIN/JOBELE,08,,,,OY0108
7130,OYO,AFIJIO,01,IWARE,09,,,,OY0109
7131,OYO,AFIJIO,01,IMINI,10,,,,OY0110
7132,OYO,AKINYELE,02,IKEREKU,01,,,,OY0201
7133,OYO,AKINYELE,02,OLANLA/OBODA/LADODE,02,,,,OY0202
7134,OYO,AKINYELE,02,ARULOGUN/ENIOSA/AROR O,03,,,,OY0203
7135,OYO,AKINYELE,02,OLODE/AMOSUN/ONIDUN DU,04,,,,OY0204
7136,OYO,AKINYELE,02,OJO-EMO/MONIYA,05,,,,OY0205
7137,OYO,AKINYELE,02,AKINYELE/ISABIYI/IREPO DUN,06,,,,OY0206
7138,OYO,AKINYELE,02,IWOKOTO/TALONTAN/IDI ORO,07,,,,OY0207
7139,OYO,AKINYELE,02,OJOO/AJIBODE/LANIBA,08,,,,OY0208
7140,OYO,AKINYELE,02,IJAYE/OJEDEJI,09,,,,OY0209
7141,OYO,AKINYELE,02,AJIBADE/ALABATA/ELEKU RU,10,,,,OY0210
7142,OYO,AKINYELE,02,ORORISAOKO/OKEGBEMI/ MELE,11,,,,OY0211
7143,OYO,AKINYELE,02,IROKO,12,,,,OY0212
7144,OYO,ATIBA,03,OKE-AFIN I,01,,,,OY0301
7145,OYO,ATIBA,03,OKE-AFIN II,02,,,,OY0302
7146,OYO,ATIBA,03,AREMO,03,,,,OY0303
7147,OYO,ATIBA,03,BASHORUN,04,,,,OY0304
7148,OYO,ATIBA,03,AGUNPOPO I,05,,,,OY0305
7149,OYO,ATIBA,03,AGUNPOPO II,06,,,,OY0306
7150,OYO,ATIBA,03,AGUNOPOPO III,07,,,,OY0307
7151,OYO,ATIBA,03,ASHIPA I,08,,,,OY0308
7152,OYO,ATIBA,03,ASHIPA II,09,,,,OY0309
7153,OYO,ATIBA,03,ASHIPA III,10,,,,OY0310
7154,OYO,ATISBO,04,TEDE I,01,,,,OY0401
7155,OYO,ATISBO,04,TEDE II,02,,,,OY0402
7156,OYO,ATISBO,04,IRAWO I,03,,,,OY0403
7157,OYO,ATISBO,04,IRAWO II,04,,,,OY0404
7158,OYO,ATISBO,04,OFIKI,05,,,,OY0405
7159,OYO,ATISBO,04,ALAGA,06,,,,OY0406
7160,OYO,ATISBO,04,AGO ARE,07,,,,OY0407
7161,OYO,ATISBO,04,AGO ARE II,08,,,,OY0408
7162,OYO,ATISBO,04,OWO/AGUNREGE/SABE,09,,,,OY0409
7163,OYO,ATISBO,04,BASHI,10,,,,OY0410
7164,OYO,EGBEDA,05,ERUNMU,01,,,,OY0501
7165,OYO,EGBEDA,05,AYEDE/ALUGBO/KOLOKO,02,,,,OY0502
7166,OYO,EGBEDA,05,OWOBAALE/KASUMU,03,,,,OY0503
7167,OYO,EGBEDA,05,OLODAN/AJIWOGBO,04,,,,OY0504
7168,OYO,EGBEDA,05,OLODO/KUMIPAYI I,05,,,,OY0505
7169,OYO,EGBEDA,05,OLODO II,06,,,,OY0506
7170,OYO,EGBEDA,05,OLODO III,07,,,,OY0507
7171,OYO,EGBEDA,05,OSEGERE AWAYE,08,,,,OY0508
7172,OYO,EGBEDA,05,EGBEDA,09,,,,OY0509
7173,OYO,EGBEDA,05,OLODO/ALAKIA,10,,,,OY0510
7174,OYO,EGBEDA,05,OLUBADAN/ESTATE,11,,,,OY0511
7175,OYO,IBADAN NORTH,06,"WARD I, N2",01,,,,OY0601
7176,OYO,IBADAN NORTH,06,"WARD II, N3",02,,,,OY0602
7177,OYO,IBADAN NORTH,06,"WARD III, N4",03,,,,OY0603
7178,OYO,IBADAN NORTH,06,"WARD IV, N5A",04,,,,OY0604
7179,OYO,IBADAN NORTH,06,"WARD V, N5A",05,,,,OY0605
7180,OYO,IBADAN NORTH,06,"WARD V, N5B",06,,,,OY0606
7181,OYO,IBADAN NORTH,06,"WARD VI, N6A PART I",07,,,,OY0607
7182,OYO,IBADAN NORTH,06,"WARD VII, N6A PART II",08,,,,OY0608
7183,OYO,IBADAN NORTH,06,"WARD VIII, N6A PART III",09,,,,OY0609
7184,OYO,IBADAN NORTH,06,"WARD IX, N6B PART I",10,,,,OY0610
7185,OYO,IBADAN NORTH,06,"WARD X, N6B PART II",11,,,,OY0611
7186,OYO,IBADAN NORTH,06,"WARD XI, NWA",12,,,,OY0612
7187,OYO,IBADAN NORTH,06,"WARD XII,NWB",13,,,,OY0613
7188,OYO,IBADAN NORTH EAST,07,WARD I EI,01,,,,OY0701
7189,OYO,IBADAN NORTH EAST,07,WARD II E2,02,,,,OY0702
7190,OYO,IBADAN NORTH EAST,07,WARD III E3,03,,,,OY0703
7191,OYO,IBADAN NORTH EAST,07,WARD IV E4,04,,,,OY0704
7192,OYO,IBADAN NORTH EAST,07,WARD V E5 (A),05,,,,OY0705
7193,OYO,IBADAN NORTH EAST,07,WARD VI E5 (B),06,,,,OY0706
7194,OYO,IBADAN NORTH EAST,07,WARD VII E6,07,,,,OY0707
7195,OYO,IBADAN NORTH EAST,07,WARD VIII E7 (I),08,,,,OY0708
7196,OYO,IBADAN NORTH EAST,07,WARD IX E7 (II),09,,,,OY0709
7197,OYO,IBADAN NORTH EAST,07,WARD X 8,10,,,,OY0710
7198,OYO,IBADAN NORTH EAST,07,WARD XI E9 (I),11,,,,OY0711
7199,OYO,IBADAN NORTH EAST,07,WARD XII E9 (II),12,,,,OY0712
7200,OYO,IBADAN NORTH WEST,08,"WARD I, NI (PART1)",01,,,,OY0801
7201,OYO,IBADAN NORTH WEST,08,"WARD 2, NI, (PART II)",02,,,,OY0802
7202,OYO,IBADAN NORTH WEST,08,"WARD 3, NW I",03,,,,OY0803
7203,OYO,IBADAN NORTH WEST,08,"WARD 4, NW 2",04,,,,OY0804
7204,OYO,IBADAN NORTH WEST,08,"WARD 5, NW 3 (PART I)",05,,,,OY0805
7205,OYO,IBADAN NORTH WEST,08,"WARD 6, NW 3 (PART I)",06,,,,OY0806
7206,OYO,IBADAN NORTH WEST,08,"WARD 7, NW 4",07,,,,OY0807
7207,OYO,IBADAN NORTH WEST,08,"WARD 8, NW5",08,,,,OY0808
7208,OYO,IBADAN NORTH WEST,08,"WARD 9, NW6",09,,,,OY0809
7209,OYO,IBADAN NORTH WEST,08,"WARD 10, NW 7",10,,,,OY0810
7210,OYO,IBADAN NORTH WEST,08,"WARD 11, NW 7",11,,,,OY0811
7211,OYO,IBADAN SOUTH EAST,09,CI,01,,,,OY0901
7212,OYO,IBADAN SOUTH EAST,09,SI,02,,,,OY0902
7213,OYO,IBADAN SOUTH EAST,09,S2A,03,,,,OY0903
7214,OYO,IBADAN SOUTH EAST,09,S2B,04,,,,OY0904
7215,OYO,IBADAN SOUTH EAST,09,S3,05,,,,OY0905
7216,OYO,IBADAN SOUTH EAST,09,S4A,06,,,,OY0906
7217,OYO,IBADAN SOUTH EAST,09,S4B,07,,,,OY0907
7218,OYO,IBADAN SOUTH EAST,09,S5,08,,,,OY0908
7219,OYO,IBADAN SOUTH EAST,09,S6A,09,,,,OY0909
7220,OYO,IBADAN SOUTH EAST,09,S6B,10,,,,OY0910
7221,OYO,IBADAN SOUTH EAST,09,S7A,11,,,,OY0911
7222,OYO,IBADAN SOUTH EAST,09,S7B,12,,,,OY0912
7223,OYO,IBADAN SOUTH WEST,10,WARD ICS,01,,,,OY1001
7224,OYO,IBADAN SOUTH WEST,10,WARD 2SWI,02,,,,OY1002
7225,OYO,IBADAN SOUTH WEST,10,WARD 3SW2,03,,,,OY1003
7226,OYO,IBADAN SOUTH WEST,10,WARD SW3A & 3B,04,,,,OY1004
7227,OYO,IBADAN SOUTH WEST,10,WARD 5,05,,,,OY1005
7228,OYO,IBADAN SOUTH WEST,10,WARD 6,06,,,,OY1006
7229,OYO,IBADAN SOUTH WEST,10,WARD 7,07,,,,OY1007
7230,OYO,IBADAN SOUTH WEST,10,WARD 8,08,,,,OY1008
7231,OYO,IBADAN SOUTH WEST,10,WARD 9,09,,,,OY1009
7232,OYO,IBADAN SOUTH WEST,10,WARD 10,10,,,,OY1010
7233,OYO,IBADAN SOUTH WEST,10,WARD 11,11,,,,OY1011
7234,OYO,IBADAN SOUTH WEST,10,WARD 12,12,,,,OY1012
7235,OYO,IBARAPA CENTRAL,11,IDERE I (MOLETE),01,,,,OY1101
7236,OYO,IBARAPA CENTRAL,11,IDERE II OMINIGBO/OKE OBA),02,,,,OY1102
7237,OYO,IBARAPA CENTRAL,11,IDERE III (KOSO/APA),03,,,,OY1103
7238,OYO,IBARAPA CENTRAL,11,IBEREKODO I (PATAOJU),04,,,,OY1104
7239,OYO,IBARAPA CENTRAL,11,"IBEREKODO II, (AGOORO/ITABAALE)",05,,,,OY1105
7240,OYO,IBARAPA CENTRAL,11,IDOFIN/SAGANUN IDOFIN I&II,06,,,,OY1106
7241,OYO,IBARAPA CENTRAL,11,IGBOLE/PAKO,07,,,,OY1107
7242,OYO,IBARAPA CENTRAL,11,ISALE-OBA,08,,,,OY1108
7243,OYO,IBARAPA CENTRAL,11,OKESERIN I & II,09,,,,OY1109
7244,OYO,IBARAPA CENTRAL,11,OKE-ODO,10,,,,OY1110
7245,OYO,IBARAPA EAST,12,ERUWA I,01,,,,OY1201
7246,OYO,IBARAPA EAST,12,ERUWA II,02,,,,OY1202
7247,OYO,IBARAPA EAST,12,ERUWA III,03,,,,OY1203
7248,OYO,IBARAPA EAST,12,ERUWA IV,04,,,,OY1204
7249,OYO,IBARAPA EAST,12,ERUWA V,05,,,,OY1205
7250,OYO,IBARAPA EAST,12,ERUWA VI,06,,,,OY1206
7251,OYO,IBARAPA EAST,12,LANLATE I,07,,,,OY1207
7252,OYO,IBARAPA EAST,12,LANLATE II,08,,,,OY1208
7253,OYO,IBARAPA EAST,12,LANLATE III,09,,,,OY1209
7254,OYO,IBARAPA EAST,12,LANLATE IV,10,,,,OY1210
7255,OYO,IBARAPA NORTH,13,AYETE I,01,,,,OY1301
7256,OYO,IBARAPA NORTH,13,AYETE II,02,,,,OY1302
7257,OYO,IBARAPA NORTH,13,IGANGAN I,03,,,,OY1303
7258,OYO,IBARAPA NORTH,13,IGANGAN II,04,,,,OY1304
7259,OYO,IBARAPA NORTH,13,IGANGA III,05,,,,OY1305
7260,OYO,IBARAPA NORTH,13,IGANGA IV,06,,,,OY1306
7261,OYO,IBARAPA NORTH,13,OFIKI I,07,,,,OY1307
7262,OYO,IBARAPA NORTH,13,OFIKI II,08,,,,OY1308
7263,OYO,IBARAPA NORTH,13,TAPA I,09,,,,OY1309
7264,OYO,IBARAPA NORTH,13,TAPA II,10,,,,OY1310
7265,OYO,IDO,14,ABA EMO/OLAJU/ALAKO,01,,,,OY1401
7266,OYO,IDO,14,AKUFO/IDIGBA/ARAROMI,02,,,,OY1402
7267,OYO,IDO,14,AKINWARE/AKINDELE,03,,,,OY1403
7268,OYO,IDO,14,APETE/AYEGUN/AWOTAN,04,,,,OY1404
7269,OYO,IDO,14,BATAKE/IDI-IYA,05,,,,OY1405
7270,OYO,IDO,14,IRINWYUSI/KOGUO/ODETO LA,06,,,,OY1406
7271,OYO,IDO,14,FENWA/OGUNLA/ELENUSO NSO,07,,,,OY1407
7272,OYO,IDO,14,IDO/ONIKEDE/OKUNA AWO,08,,,,OY1408
7273,OYO,IDO,14,OMI ADIO/OMI ONIGBAGBO BAKATARI,09,,,,OY1409
7274,OYO,IDO,14,"OGUNDELE/ALAHO/SIBA/IDI
-AHUN",10,,,,OY1410
7275,OYO,IREPO,15,AGORO,01,,,,OY1501
7276,OYO,IREPO,15,AJUGUNNA,02,,,,OY1502
7277,OYO,IREPO,15,ATIPA,03,,,,OY1503
7278,OYO,IREPO,15,IBA I,04,,,,OY1504
7279,OYO,IREPO,15,IBA II,05,,,,OY1505
7280,OYO,IREPO,15,IBA III,06,,,,OY1506
7281,OYO,IREPO,15,IBA IV,07,,,,OY1507
7282,OYO,IREPO,15,IBA V,08,,,,OY1508
7283,OYO,IREPO,15,IKOLABA,09,,,,OY1509
7284,OYO,IREPO,15,LAHA/AJANA,10,,,,OY1510
7285,OYO,ISEYIN,16,ADO-AWAYE,01,,,,OY1601
7286,OYO,ISEYIN,16,AKINWUMI/OSOOGUN,02,,,,OY1602
7287,OYO,ISEYIN,16,EKUNLE I,03,,,,OY1603
7288,OYO,ISEYIN,16,EKUNLE II,04,,,,OY1604
7289,OYO,ISEYIN,16,FARAMORA,05,,,,OY1605
7290,OYO,ISEYIN,16,IJEMBA/OKE-OLA/OKE-OJA,06,,,,OY1606
7291,OYO,ISEYIN,16,ISALU I,07,,,,OY1607
7292,OYO,ISEYIN,16,ISALU II,08,,,,OY1608
7293,OYO,ISEYIN,16,KOSO I,09,,,,OY1609
7294,OYO,ISEYIN,16,KOSO II,10,,,,OY1610
7295,OYO,ISEYIN,16,LADOGAN/OKE EYIN,11,,,,OY1611
7296,OYO,ITESIWAJU,17,BABAODE,01,,,,OY1701
7297,OYO,ITESIWAJU,17,IGBOJAIYE,02,,,,OY1702
7298,OYO,ITESIWAJU,17,IPAPO,03,,,,OY1703
7299,OYO,ITESIWAJU,17,KOMU,04,,,,OY1704
7300,OYO,ITESIWAJU,17,OKAKA I,05,,,,OY1705
7301,OYO,ITESIWAJU,17,OKAKA II,06,,,,OY1706
7302,OYO,ITESIWAJU,17,OKE AMU,07,,,,OY1707
7303,OYO,ITESIWAJU,17,OUT I,08,,,,OY1708
7304,OYO,ITESIWAJU,17,OUT II,09,,,,OY1709
7305,OYO,ITESIWAJU,17,OWODE/IPAPO,10,,,,OY1710
7306,OYO,IWAJOWA,18,AGBAAKIN I,01,,,,OY1801
7307,OYO,IWAJOWA,18,AGBAKIN II,02,,,,OY1802
7308,OYO,IWAJOWA,18,IWERE ILE I,03,,,,OY1803
7309,OYO,IWAJOWA,18,IWERE ILE II,04,,,,OY1804
7310,OYO,IWAJOWA,18,IWERE ILE III,05,,,,OY1805
7311,OYO,IWAJOWA,18,IWERE ILE IV,06,,,,OY1806
7312,OYO,IWAJOWA,18,SABIGANA I,07,,,,OY1807
7313,OYO,IWAJOWA,18,SABIGANA II,08,,,,OY1808
7314,OYO,IWAJOWA,18,SABIGANA II,09,,,,OY1809
7315,OYO,IWAJOWA,18,SABIGANA IV,10,,,,OY1810
7316,OYO,KAJOLA,19,AYETORO-OKE I,01,,,,OY1901
7317,OYO,KAJOLA,19,ELERO,02,,,,OY1902
7318,OYO,KAJOLA,19,GBELEKALE I&II,03,,,,OY1903
7319,OYO,KAJOLA,19,EBA-OGAN,04,,,,OY1904
7320,OYO,KAJOLA,19,IJO,05,,,,OY1905
7321,OYO,KAJOLA,19,ILAJI OKE/IWERE-OKE,06,,,,OY1906
7322,OYO,KAJOLA,19,IMOBA/OKE-OGUN,07,,,,OY1907
7323,OYO,KAJOLA,19,ISEMI-ILE/IMIA/ILUA,08,,,,OY1908
7324,OYO,KAJOLA,19,ISIA,09,,,,OY1909
7325,OYO,KAJOLA,19,KAJOLA,10,,,,OY1910
7326,OYO,KAJOLA,19,OLELE,11,,,,OY1911
7327,OYO,LAGELU,20,AJARA/OPEODU,01,,,,OY2001
7328,OYO,LAGELU,20,APATERE/KUFFI/OGUNBOD E/OGO,02,,,,OY2002
7329,OYO,LAGELU,20,ARULOGUNEHIN/KELEBE,03,,,,OY2003
7330,OYO,LAGELU,20,EJIOKU/IGBON/ARIKU,04,,,,OY2004
7331,OYO,LAGELU,20,LAGELU MARKET/KAJOLA/GBENA,05,,,,OY2005
7332,OYO,LAGELU,20,LAGUN,06,,,,OY2006
7333,OYO,LAGELU,20,LALUPON I,07,,,,OY2007
7334,OYO,LAGELU,20,LALUPON II,08,,,,OY2008
7335,OYO,LAGELU,20,LALUPON III,09,,,,OY2009
7336,OYO,LAGELU,20,OFA-IGBO,10,,,,OY2010
7337,OYO,LAGELU,20,OGUNJANA/OLOWODE/OGB URO,11,,,,OY2011
7338,OYO,LAGELU,20,OGUNREMI/OGUNSINA,12,,,,OY2012
7339,OYO,LAGELU,20,OYEDEJI/OLODE/KUTAYI,13,,,,OY2013
7340,OYO,LAGELU,20,SAGBE/PABIEKUN,14,,,,OY2014
7341,OYO,OGBOMOSO NORTH,21,ABOGUNDE,01,,,,OY2101
7342,OYO,OGBOMOSO NORTH,21,AAJE/OGUNBADO/OKE AGBEDE,02,,,,OY2102
7343,OYO,OGBOMOSO NORTH,21,AGUODO/MASIFA,03,,,,OY2103
7344,OYO,OGBOMOSO NORTH,21,ISALE AFON,04,,,,OY2104
7345,OYO,OGBOMOSO NORTH,21,ISALE ALAASA,05,,,,OY2105
7346,OYO,OGBOMOSO NORTH,21,ISALE ORA/SAJA,06,,,,OY2106
7347,OYO,OGBOMOSO NORTH,21,JAGUN,07,,,,OY2107
7348,OYO,OGBOMOSO NORTH,21,OKELERIN,08,,,,OY2108
7349,OYO,OGBOMOSO NORTH,21,OSUPA,09,,,,OY2109
7350,OYO,OGBOMOSO NORTH,21,SABO/TAARA,10,,,,OY2110
7351,OYO,OGBOMOSO,22,AKATA,01,,,,OY2201
7352,OYO,OGBOMOSO,22,ALAPATA,02,,,,OY2202
7353,OYO,OGBOMOSO,22,AROWOMOLE,03,,,,OY2203
7354,OYO,OGBOMOSO,22,IBAPON,04,,,,OY2204
7355,OYO,OGBOMOSO,22,IJERU I,05,,,,OY2205
7356,OYO,OGBOMOSO,22,IJERU II,06,,,,OY2206
7357,OYO,OGBOMOSO,22,ILOGBO,07,,,,OY2207
7358,OYO,OGBOMOSO,22,ISOKO,08,,,,OY2208
7359,OYO,OGBOMOSO,22,LAGBEDU,09,,,,OY2209
7360,OYO,OGBOMOSO,22,OKE-OLA/FARM SETTLEMENT,10,,,,OY2210
7361,OYO,OGO-OLUWA,23,AJAAWA I,01,,,,OY2301
7362,OYO,OGO-OLUWA,23,AJAAWA II,02,,,,OY2302
7363,OYO,OGO-OLUWA,23,AYEDE,03,,,,OY2303
7364,OYO,OGO-OLUWA,23,AAYETORO,04,,,,OY2304
7365,OYO,OGO-OLUWA,23,IDEWURE,05,,,,OY2305
7366,OYO,OGO-OLUWA,23,LAGBEDU,06,,,,OY2306
7367,OYO,OGO-OLUWA,23,MOWOLOWO/IWOATE,07,,,,OY2307
7368,OYO,OGO-OLUWA,23,ODO-OBA,08,,,,OY2308
7369,OYO,OGO-OLUWA,23,OPETE,09,,,,OY2309
7370,OYO,OGO-OLUWA,23,OMATOKUN,10,,,,OY2310
7371,OYO,OLORUNSOGO,24,ABOKE (ABOYUN OGUN),01,,,,OY2401
7372,OYO,OLORUNSOGO,24,ELERUGBA/ELEHINKE/SAG BON (APERU),02,,,,OY2402
7373,OYO,OLORUNSOGO,24,IKOLABA/OBADIMO,03,,,,OY2403
7374,OYO,OLORUNSOGO,24,ONIGBETI I,04,,,,OY2404
7375,OYO,OLORUNSOGO,24,ONIGBETI II/SAAGBON AGORO (SANTO),05,,,,OY2405
7376,OYO,OLORUNSOGO,24,ONIGBETI III & IV (AGBENI),06,,,,OY2406
7377,OYO,OLORUNSOGO,24,OPA/OGUNYIYI,07,,,,OY2407
7378,OYO,OLORUNSOGO,24,SERIKI I*ABOSINO (OKIN),08,,,,OY2408
7379,OYO,OLORUNSOGO,24,SERIKI II (AGBELE),09,,,,OY2409
7380,OYO,OLORUNSOGO,24,WARO/APATA-ALAJE,10,,,,OY2410
7381,OYO,OLUYOLE,25,AYEGUN,01,,,,OY2501
7382,OYO,OLUYOLE,25,IDI-IROKO/IKEREKU,02,,,,OY2502
7383,OYO,OLUYOLE,25,IDI-OSAN/EGBEDA-ATUBA,03,,,,OY2503
7384,OYO,OLUYOLE,25,MOSLEM/OGBERE,04,,,,OY2504
7385,OYO,OLUYOLE,25,ODO-ONA NLA,05,,,,OY2505
7386,OYO,OLUYOLE,25,OKANHINDE/LAGUNDE,06,,,,OY2506
7387,OYO,OLUYOLE,25,OLOMI/OLURINDE,07,,,,OY2507
7388,OYO,OLUYOLE,25,OLONDE/ABA-NLA,08,,,,OY2508
7389,OYO,OLUYOLE,25,ONIPE,09,,,,OY2509
7390,OYO,OLUYOLE,25,ORISUNBARE/OJO-EKUN,10,,,,OY2510
7391,OYO,ONA-ARA,26,AKANRAN/OLORUNDA,01,,,,OY2601
7392,OYO,ONA-ARA,26,ARAROMI/APERIN,02,,,,OY2602
7393,OYO,ONA-ARA,26,BADEKU,03,,,,OY2603
7394,OYO,ONA-ARA,26,GBADA EFON,04,,,,OY2604
7395,OYO,ONA-ARA,26,ODIODE YALE/ODIAPERIN,05,,,,OY2605
7396,OYO,ONA-ARA,26,OGBERE,06,,,,OY2606
7397,OYO,ONA-ARA,26,OGBERE TIOYA,07,,,,OY2607
7398,OYO,ONA-ARA,26,OJOKU/AJIA,08,,,,OY2608
7399,OYO,ONA-ARA,26,OLORUNSOGO,09,,,,OY2609
7400,OYO,ONA-ARA,26,OLODE/GBEDUN/OJEBODE,10,,,,OY2610
7401,OYO,ONA-ARA,26,OREMEJI/AGUGU,11,,,,OY2611
7402,OYO,OORELOPE,27,AALEPATA,01,,,,OY2701
7403,OYO,OORELOPE,27,AARE,02,,,,OY2702
7404,OYO,OORELOPE,27,BONNI,03,,,,OY2703
7405,OYO,OORELOPE,27,IGBOPE/IYEYE I,04,,,,OY2704
7406,OYO,OORELOPE,27,IGBOPE/IYEYE II,05,,,,OY2705
7407,OYO,OORELOPE,27,IGI ISUBU,06,,,,OY2706
7408,OYO,OORELOPE,27,ONE ONIBODE I,07,,,,OY2707
7409,OYO,OORELOPE,27,ONA ONIBODE II,08,,,,OY2708
7410,OYO,OORELOPE,27,ONA ONIBODE III,09,,,,OY2709
7411,OYO,OORELOPE,27,ONIGBOH/ALAMO/OKERE,10,,,,OY2710
7412,OYO,ORIIRE,28,ORIIRE I,01,,,,OY2801
7413,OYO,ORIIRE,28,ORIIRE II,02,,,,OY2802
7414,OYO,ORIIRE,28,ORIIRE III,03,,,,OY2803
7415,OYO,ORIIRE,28,ORIIRE IV,04,,,,OY2804
7416,OYO,ORIIRE,28,ORIIRE V,05,,,,OY2805
7417,OYO,ORIIRE,28,ORIIRE VI,06,,,,OY2806
7418,OYO,ORIIRE,28,ORIIRE VII,07,,,,OY2807
7419,OYO,ORIIRE,28,ORIIRE VIII,08,,,,OY2808
7420,OYO,ORIIRE,28,ORIIRE IX,09,,,,OY2809
7421,OYO,ORIIRE,28,ORIIRE X,10,,,,OY2810
7422,OYO,OYO EAST,29,AGBOYE/MOLETE,01,,,,OY2901
7423,OYO,OYO EAST,29,AJAGBA,02,,,,OY2902
7424,OYO,OYO EAST,29,ALAODI/MODEKE,03,,,,OY2903
7425,OYO,OYO EAST,29,APAARA,04,,,,OY2904
7426,OYO,OYO EAST,29,APINNI,05,,,,OY2905
7427,OYO,OYO EAST,29,BALOGUN,06,,,,OY2906
7428,OYO,OYO EAST,29,JABATA,07,,,,OY2907
7429,OYO,OYO EAST,29,OKE APO,08,,,,OY2908
7430,OYO,OYO EAST,29,OLUAJO,09,,,,OY2909
7431,OYO,OYO EAST,29,OWODE/ARAROMI,10,,,,OY2910
7432,OYO,OYO WEST,30,AKEETAN,01,,,,OY3001
7433,OYO,OYO WEST,30,AJOKIDERO/AKEWUGBERU,02,,,,OY3002
7434,OYO,OYO WEST,30,FASOLA/SOKU,03,,,,OY3003
7435,OYO,OYO WEST,30,ISEKE,04,,,,OY3004
7436,OYO,OYO WEST,30,ISOKUN I,05,,,,OY3005
7437,OYO,OYO WEST,30,ISOKUN II,06,,,,OY3006
7438,OYO,OYO WEST,30,IYAJI,07,,,,OY3007
7439,OYO,OYO WEST,30,OPAPA,08,,,,OY3008
7440,OYO,OYO WEST,30,OWODE,09,,,,OY3009
7441,OYO,OYO WEST,30,PAKOYI/IDODE,10,,,,OY3010
7442,OYO,SAKI EAST,31,AGBONLE,1,,,,OY311
7443,OYO,SAKI EAST,31,AGO AMODU I,02,,,,OY3102
7444,OYO,SAKI EAST,31,AGO AMODU II,03,,,,OY3103
7445,OYO,SAKI EAST,31,OGBOORO I,04,,,,OY3104
7446,OYO,SAKI EAST,31,OGBOORO II,05,,,,OY3105
7447,OYO,SAKI EAST,31,OJE OWODE I,06,,,,OY3106
7448,OYO,SAKI EAST,31,OJE OWODE II,07,,,,OY3107
7449,OYO,SAKI EAST,31,SEPETERI I,08,,,,OY3108
7450,OYO,SAKI EAST,31,SEPETERI II,09,,,,OY3109
7451,OYO,SAKI EAST,31,SEPETERI III,10,,,,OY3110
7452,OYO,SAKI EAST,31,SEPERETERI IV,11,,,,OY3111
7453,OYO,SAKI WEST,32,AGNMU/KOOKO,1,,,,OY321
7454,OYO,SAKI WEST,32,AJENGUNLE,02,,,,OY3202
7455,OYO,SAKI WEST,32,BAGI,03,,,,OY3203
7456,OYO,SAKI WEST,32,EKO-KAN MUA,04,,,,OY3204
7457,OYO,SAKI WEST,32,IYA,05,,,,OY3205
7458,OYO,SAKI WEST,32,OGIDIGBO/KINNKINN,06,,,,OY3206
7459,OYO,SAKI WEST,32,OKE-ORO,07,,,,OY3207
7460,OYO,SAKI WEST,32,OKERE I,08,,,,OY3208
7461,OYO,SAKI WEST,32,OKERE II,09,,,,OY3209
7462,OYO,SAKI WEST,32,SANGOTE/BOODA/OJUA/BA ABO,10,,,,OY3210
7463,OYO,SAKI WEST,32,SEPETERI/BAPON,11,,,,OY3211
7464,OYO,SURULERE,33,BAAYE-OJE,1,,,,OY331
7465,OYO,SURULERE,33,IGBON/GAMBARI,02,,,,OY3302
7466,OYO,SURULERE,33,IRESAADU I (IRESAAPA),03,,,,OY3303
7467,OYO,SURULERE,33,IRESAADU II (AROLU),04,,,,OY3304
7468,OYO,SURULERE,33,IRESAADU III,05,,,,OY3305
7469,OYO,SURULERE,33,IRESAADU IV (IREGBA),06,,,,OY3306
7470,OYO,SURULERE,33,IWOFIN,07,,,,OY3307
7471,OYO,SURULERE,33,OKO I,08,,,,OY3308
7472,OYO,SURULERE,33,OKO II (ILAJUE),09,,,,OY3309
7473,OYO,SURULERE,33,OKO III (MAYIN),10,,,,OY3310
7474,PLATEAU,BARKIN LADI,01,BARKIN LADI,01,,,,PL0101
7475,PLATEAU,BARKIN LADI,01,GASSA/SHO,02,,,,PL0102
7476,PLATEAU,BARKIN LADI,01,GINDIN AKWATI,03,,,,PL0103
7477,PLATEAU,BARKIN LADI,01,KEIPANG,04,,,,PL0104
7478,PLATEAU,BARKIN LADI,01,KAPWIS,05,,,,PL0105
7479,PLATEAU,BARKIN LADI,01,KURRA FALLS,06,,,,PL0106
7480,PLATEAU,BARKIN LADI,01,LOBIRING,07,,,,PL0107
7481,PLATEAU,BARKIN LADI,01,MARIT/MAZAT,08,,,,PL0108
7482,PLATEAU,BARKIN LADI,01,RAFAN,09,,,,PL0109
7483,PLATEAU,BARKIN LADI,01,TAFAN,10,,,,PL0110
7484,PLATEAU,BARKIN LADI,01,ZABOT,11,,,,PL0111
7485,PLATEAU,BASSA,02,BUHIT,01,,,,PL0201
7486,PLATEAU,BASSA,02,BUJI,02,,,,PL0202
7487,PLATEAU,BASSA,02,GABIA,03,,,,PL0203
7488,PLATEAU,BASSA,02,RURUM,04,,,,PL0204
7489,PLATEAU,BASSA,02,JENGRE,05,,,,PL0205
7490,PLATEAU,BASSA,02,KADAMO,06,,,,PL0206
7491,PLATEAU,BASSA,02,KAKKEK,07,,,,PL0207
7492,PLATEAU,BASSA,02,KASURU,08,,,,PL0208
7493,PLATEAU,BASSA,02,KIMAKPA,09,,,,PL0209
7494,PLATEAU,BASSA,02,KISHIKA,10,,,,PL0210
7495,PLATEAU,BASSA,02,MAFARA,11,,,,PL0211
7496,PLATEAU,BASSA,02,RIMI,12,,,,PL0212
7497,PLATEAU,BASSA,02,TAAGBE,13,,,,PL0213
7498,PLATEAU,BASSA,02,TAHU,14,,,,PL0214
7499,PLATEAU,BASSA,02,ZABOLO,15,,,,PL0215
7500,PLATEAU,BASSA,02,ZOBWO,16,,,,PL0216
7501,PLATEAU,BOKKOS,03,BOKKOS,01,,,,PL0301
7502,PLATEAU,BOKKOS,03,BUTURA,02,,,,PL0302
7503,PLATEAU,BOKKOS,03,DAFFO,03,,,,PL0303
7504,PLATEAU,BOKKOS,03,DAMWAI,04,,,,PL0304
7505,PLATEAU,BOKKOS,03,KWATAS,05,,,,PL0305
7506,PLATEAU,BOKKOS,03,MANGOR,06,,,,PL0306
7507,PLATEAU,BOKKOS,03,MBAR/MANGAR,07,,,,PL0307
7508,PLATEAU,BOKKOS,03,MANGUNA,08,,,,PL0308
7509,PLATEAU,BOKKOS,03,MUSHERE CENTRAL,09,,,,PL0309
7510,PLATEAU,BOKKOS,03,MUNSHER WEST,10,,,,PL0310
7511,PLATEAU,BOKKOS,03,RICHIA,11,,,,PL0311
7512,PLATEAU,BOKKOS,03,SHA,12,,,,PL0312
7513,PLATEAU,BOKKOS,03,TANGUR,13,,,,PL0313
7514,PLATEAU,BOKKOS,03,TOFF,14,,,,PL0314
7515,PLATEAU,JOS EAST,04,FEDERE,01,,,,PL0401
7516,PLATEAU,JOS EAST,04,BOBUR A,02,,,,PL0402
7517,PLATEAU,JOS EAST,04,BOBUR B,03,,,,PL0403
7518,PLATEAU,JOS EAST,04,FURSUM,04,,,,PL0404
7519,PLATEAU,JOS EAST,04,JARAWAN KOGI,05,,,,PL0405
7520,PLATEAU,JOS EAST,04,MAIGEMU,06,,,,PL0406
7521,PLATEAU,JOS EAST,04,MAIJUJU,07,,,,PL0407
7522,PLATEAU,JOS EAST,04,SHERE EAST,08,,,,PL0408
7523,PLATEAU,JOS EAST,04,SHERE WEST,09,,,,PL0409
7524,PLATEAU,JOS EAST,04,ZANDI,10,,,,PL0410
7525,PLATEAU,JOS NORTH,05,ABBA NA SHEHU,01,,,,PL0501
7526,PLATEAU,JOS NORTH,05,ALI-KAZAURE,02,,,,PL0502
7527,PLATEAU,JOS NORTH,05,GARBA DAHO,03,,,,PL0503
7528,PLATEAU,JOS NORTH,05,GANGARE,04,,,,PL0504
7529,PLATEAU,JOS NORTH,05,IBRAHIM KATSINA,05,,,,PL0505
7530,PLATEAU,JOS NORTH,05,JENTA ADAMU,06,,,,PL0506
7531,PLATEAU,JOS NORTH,05,JENTA APATA,07,,,,PL0507
7532,PLATEAU,JOS NORTH,05,JOS-JARAWA,08,,,,PL0508
7533,PLATEAU,JOS NORTH,05,MARAGUTA A,09,,,,PL0509
7534,PLATEAU,JOS NORTH,05,MARAGUTA B,10,,,,PL0510
7535,PLATEAU,JOS NORTH,05,SARKIN ARABA,11,,,,PL0511
7536,PLATEAU,JOS NORTH,05,TAFAWA-BALEWA,12,,,,PL0512
7537,PLATEAU,JOS NORTH,05,TUDUN WADA KABONG,13,,,,PL0513
7538,PLATEAU,JOS NORTH,05,VANDERPUYE,14,,,,PL0514
7539,PLATEAU,JOS SOUTH,06,BUKURU,01,,,,PL0601
7540,PLATEAU,JOS SOUTH,06,DU,02,,,,PL0602
7541,PLATEAU,JOS SOUTH,06,GIRING,03,,,,PL0603
7542,PLATEAU,JOS SOUTH,06,GYEL A,04,,,,PL0604
7543,PLATEAU,JOS SOUTH,06,GYEL B,05,,,,PL0605
7544,PLATEAU,JOS SOUTH,06,KURU A,06,,,,PL0606
7545,PLATEAU,JOS SOUTH,06,KURU B,07,,,,PL0607
7546,PLATEAU,JOS SOUTH,06,SHEN,08,,,,PL0608
7547,PLATEAU,JOS SOUTH,06,TURU,09,,,,PL0609
7548,PLATEAU,JOS SOUTH,06,VWANG,10,,,,PL0610
7549,PLATEAU,JOS SOUTH,06,ZAWANG A,11,,,,PL0611
7550,PLATEAU,JOS SOUTH,06,ZAWANG B,12,,,,PL0612
7551,PLATEAU,KANAM,07,BIRBYANG,01,,,,PL0701
7552,PLATEAU,KANAM,07,DENGI,02,,,,PL0702
7553,PLATEAU,KANAM,07,DUGUB,03,,,,PL0703
7554,PLATEAU,KANAM,07,GADDI,04,,,,PL0704
7555,PLATEAU,KANAM,07,GARGA,05,,,,PL0705
7556,PLATEAU,KANAM,07,GUMSHER,06,,,,PL0706
7557,PLATEAU,KANAM,07,GWAMLAR,07,,,,PL0707
7558,PLATEAU,KANAM,07,JARKI,08,,,,PL0708
7559,PLATEAU,KANAM,07,JOM,09,,,,PL0709
7560,PLATEAU,KANAM,07,KANAM,10,,,,PL0710
7561,PLATEAU,KANAM,07,KANTANA,11,,,,PL0711
7562,PLATEAU,KANAM,07,KUNKYAM,12,,,,PL0712
7563,PLATEAU,KANAM,07,MUNBUTBO,13,,,,PL0713
7564,PLATEAU,KANAM,07,NAMARAN,14,,,,PL0714
7565,PLATEAU,KANKE,08,AMPANG EAST,01,,,,PL0801
7566,PLATEAU,KANKE,08,AMPER CHIKA A,02,,,,PL0802
7567,PLATEAU,KANKE,08,AMPER CHIKA B,03,,,,PL0803
7568,PLATEAU,KANKE,08,AMPER SERI,04,,,,PL0804
7569,PLATEAU,KANKE,08,DAWAKI,05,,,,PL0805
7570,PLATEAU,KANKE,08,GARRAM,06,,,,PL0806
7571,PLATEAU,KANKE,08,KABWIR PADA,07,,,,PL0807
7572,PLATEAU,KANKE,08,KABWIR/GYANGYANG,08,,,,PL0808
7573,PLATEAU,KANKE,08,LANGSHI,09,,,,PL0809
7574,PLATEAU,KANKE,08,NEMEL,10,,,,PL0810
7575,PLATEAU,LANG-TANG NORTH,09,FUNYALAND,01,,,,PL0901
7576,PLATEAU,LANG-TANG NORTH,09,JAT,02,,,,PL0902
7577,PLATEAU,LANG-TANG NORTH,09,KELLER,03,,,,PL0903
7578,PLATEAU,LANG-TANG NORTH,09,KUFFEN,04,,,,PL0904
7579,PLATEAU,LANG-TANG NORTH,09,KWALLAK,05,,,,PL0905
7580,PLATEAU,LANG-TANG NORTH,09,KWANPE,06,,,,PL0906
7581,PLATEAU,LANG-TANG NORTH,09,LIPCHOK,07,,,,PL0907
7582,PLATEAU,LANG-TANG NORTH,09,MBAN/ZAMKO,08,,,,PL0908
7583,PLATEAU,LANG-TANG NORTH,09,NYER,09,,,,PL0909
7584,PLATEAU,LANG-TANG NORTH,09,PAJAT,10,,,,PL0910
7585,PLATEAU,LANG-TANG NORTH,09,PIL-GANI,11,,,,PL0911
7586,PLATEAU,LANG-TANG NORTH,09,PISHE/VASHE,12,,,,PL0912
7587,PLATEAU,LANG-TANG NORTH,09,REAK,13,,,,PL0913
7588,PLATEAU,LANG-TANG NORTH,09,WAROK,14,,,,PL0914
7589,PLATEAU,LANG-TANG SOUTH,10,DADIN KOWA,01,,,,PL1001
7590,PLATEAU,LANG-TANG SOUTH,10,FAJUL,02,,,,PL1002
7591,PLATEAU,LANG-TANG SOUTH,10,GAMAKAI,03,,,,PL1003
7592,PLATEAU,LANG-TANG SOUTH,10,LASHEL,04,,,,PL1004
7593,PLATEAU,LANG-TANG SOUTH,10,MABUDI,05,,,,PL1005
7594,PLATEAU,LANG-TANG SOUTH,10,MAGAMA,06,,,,PL1006
7595,PLATEAU,LANG-TANG SOUTH,10,SABON GIDA,07,,,,PL1007
7596,PLATEAU,LANG-TANG SOUTH,10,TAL GWANG,08,,,,PL1008
7597,PLATEAU,LANG-TANG SOUTH,10,TIMBOL,09,,,,PL1009
7598,PLATEAU,LANG-TANG SOUTH,10,TURAKI,10,,,,PL1010
7599,PLATEAU,MANGU,11,AMPANG WEST,01,,,,PL1101
7600,PLATEAU,MANGU,11,CHANSO,02,,,,PL1102
7601,PLATEAU,MANGU,11,GINDIRI 1,03,,,,PL1103
7602,PLATEAU,MANGU,11,GINDIRI 11,04,,,,PL1104
7603,PLATEAU,MANGU,11,JANNARET,05,,,,PL1105
7604,PLATEAU,MANGU,11,JIPAL/CHAKFEM,06,,,,PL1106
7605,PLATEAU,MANGU,11,KADUNU,07,,,,PL1107
7606,PLATEAU,MANGU,11,KERANG,08,,,,PL1108
7607,PLATEAU,MANGU,11,KOMBUN,09,,,,PL1109
7608,PLATEAU,MANGU,11,LANGAI,10,,,,PL1110
7609,PLATEAU,MANGU,11,MANGU 1,11,,,,PL1111
7610,PLATEAU,MANGU,11,MANGU TOWN 11,12,,,,PL1112
7611,PLATEAU,MANGU,11,MANGUN,13,,,,PL1113
7612,PLATEAU,MANGU,11,MANGUN HALLE,14,,,,PL1114
7613,PLATEAU,MANGU,11,PANYAM,15,,,,PL1115
7614,PLATEAU,MANGU,11,PUSHIT,16,,,,PL1116
7615,PLATEAU,MIKANG,12,BALTEP,01,,,,PL1201
7616,PLATEAU,MIKANG,12,GARKAWA CENTRAL,02,,,,PL1202
7617,PLATEAU,MIKANG,12,GARKAWA NORTH,03,,,,PL1203
7618,PLATEAU,MIKANG,12,GARKAWA NORTH EAST,04,,,,PL1204
7619,PLATEAU,MIKANG,12,KOENOEM A,05,,,,PL1205
7620,PLATEAU,MIKANG,12,KOENOEM B,06,,,,PL1206
7621,PLATEAU,MIKANG,12,LALIN,07,,,,PL1207
7622,PLATEAU,MIKANG,12,PIAPUNG A,08,,,,PL1208
7623,PLATEAU,MIKANG,12,PIAPUNG B,09,,,,PL1209
7624,PLATEAU,MIKANG,12,TUNKUS,10,,,,PL1210
7625,PLATEAU,PANKSHIN,13,CHIP,01,,,,PL1301
7626,PLATEAU,PANKSHIN,13,DOK-PAI,02,,,,PL1302
7627,PLATEAU,PANKSHIN,13,FIER,03,,,,PL1303
7628,PLATEAU,PANKSHIN,13,JIBLIK,04,,,,PL1304
7629,PLATEAU,PANKSHIN,13,KADUNG,05,,,,PL1305
7630,PLATEAU,PANKSHIN,13,KANGSHU,06,,,,PL1306
7631,PLATEAU,PANKSHIN,13,LANKAN,07,,,,PL1307
7632,PLATEAU,PANKSHIN,13,PANKSHIN CENTRAL,08,,,,PL1308
7633,PLATEAU,PANKSHIN,13,PANKSHIN CHIGWONG,09,,,,PL1309
7634,PLATEAU,PANKSHIN,13,PANKSHIN SOUTH(BELNING),10,,,,PL1310
7635,PLATEAU,PANKSHIN,13,TAL,11,,,,PL1311
7636,PLATEAU,PANKSHIN,13,WOKKOS,12,,,,PL1312
7637,PLATEAU,QU AN PAN,14,BWALL,01,,,,PL1401
7638,PLATEAU,QU AN PAN,14,DOEMAK GOECHIM,02,,,,PL1402
7639,PLATEAU,QU AN PAN,14,DOEMAK KOPLONG,03,,,,PL1403
7640,PLATEAU,QU AN PAN,14,KOKA-KASUWA,04,,,,PL1404
7641,PLATEAU,QU AN PAN,14,KURGWI,05,,,,PL1405
7642,PLATEAU,QU AN PAN,14,KWA,06,,,,PL1406
7643,PLATEAU,QU AN PAN,14,KWALLA MOEDA,07,,,,PL1407
7644,PLATEAU,QU AN PAN,14,KWALLA YITLA AR,08,,,,PL1408
7645,PLATEAU,QU AN PAN,14,KWANDE,09,,,,PL1409
7646,PLATEAU,QU AN PAN,14,KWANG,10,,,,PL1410
7647,PLATEAU,QU AN PAN,14,NAMU,11,,,,PL1411
7648,PLATEAU,RIYOM,15,ATTAKAR,01,,,,PL1501
7649,PLATEAU,RIYOM,15,BUM,02,,,,PL1502
7650,PLATEAU,RIYOM,15,DANTO,03,,,,PL1503
7651,PLATEAU,RIYOM,15,JOL/KWI,04,,,,PL1504
7652,PLATEAU,RIYOM,15,RA-HOSS,05,,,,PL1505
7653,PLATEAU,RIYOM,15,RIM,06,,,,PL1506
7654,PLATEAU,RIYOM,15,RIYOM,07,,,,PL1507
7655,PLATEAU,RIYOM,15,SHARUBUTU,08,,,,PL1508
7656,PLATEAU,RIYOM,15,SOPP,09,,,,PL1509
7657,PLATEAU,RIYOM,15,TA-HOSS,10,,,,PL1510
7658,PLATEAU,SHENDAM,16,DERTENG,01,,,,PL1601
7659,PLATEAU,SHENDAM,16,KALONG,02,,,,PL1602
7660,PLATEAU,SHENDAM,16,KURUNGBOU A,03,,,,PL1603
7661,PLATEAU,SHENDAM,16,KURUNGBOU B,04,,,,PL1604
7662,PLATEAU,SHENDAM,16,KOEKAT,05,,,,PL1605
7663,PLATEAU,SHENDAM,16,PANGSHOM,06,,,,PL1606
7664,PLATEAU,SHENDAM,16,POESHIP,07,,,,PL1607
7665,PLATEAU,SHENDAM,16,SHENDAM CENTRAL A,08,,,,PL1608
7666,PLATEAU,SHENDAM,16,SHENDAM CENTRAL B,09,,,,PL1609
7667,PLATEAU,SHENDAM,16,SHIMANKAR,10,,,,PL1610
7668,PLATEAU,SHENDAM,16,YELWA,11,,,,PL1611
7669,PLATEAU,WASE,17,BASHAR,01,,,,PL1701
7670,PLATEAU,WASE,17,DANBIRAM,02,,,,PL1702
7671,PLATEAU,WASE,17,GUDUS,03,,,,PL1703
7672,PLATEAU,WASE,17,KADARKO,04,,,,PL1704
7673,PLATEAU,WASE,17,KUMBONG,05,,,,PL1705
7674,PLATEAU,WASE,17,KUMBUR,06,,,,PL1706
7675,PLATEAU,WASE,17,KUYAMBANA,07,,,,PL1707
7676,PLATEAU,WASE,17,MAVO,08,,,,PL1708
7677,PLATEAU,WASE,17,NYALUM/KAMPANI,09,,,,PL1709
7678,PLATEAU,WASE,17,SALUWE,10,,,,PL1710
7679,PLATEAU,WASE,17,WASE TOFA,11,,,,PL1711
7680,PLATEAU,WASE,17,YOLA-WAKAT,12,,,,PL1712
7681,RIVERS,ABUA-ODUAL,01,ABUA I,01,,,,RV0101
7682,RIVERS,ABUA-ODUAL,01,ABUA II,02,,,,RV0102
7683,RIVERS,ABUA-ODUAL,01,ABUA III,03,,,,RV0103
7684,RIVERS,ABUA-ODUAL,01,ABUA IV,04,,,,RV0104
7685,RIVERS,ABUA-ODUAL,01,EMUGHAN I,05,,,,RV0105
7686,RIVERS,ABUA-ODUAL,01,EMUGHAN II,06,,,,RV0106
7687,RIVERS,ABUA-ODUAL,01,OTAPHA,07,,,,RV0107
7688,RIVERS,ABUA-ODUAL,01,OKPEDEN,08,,,,RV0108
7689,RIVERS,ABUA-ODUAL,01,AGADA,09,,,,RV0109
7690,RIVERS,ABUA-ODUAL,01,EMELEGO,10,,,,RV0110
7691,RIVERS,ABUA-ODUAL,01,EMAGO-KUGBO,11,,,,RV0111
7692,RIVERS,ABUA-ODUAL,01,AKANI,12,,,,RV0112
7693,RIVERS,ABUA-ODUAL,01,ANYU,13,,,,RV0113
7694,RIVERS,AHODA EAST,02,AHOADA I,01,,,,RV0201
7695,RIVERS,AHODA EAST,02,AHOADA II,02,,,,RV0202
7696,RIVERS,AHODA EAST,02,AHOADA II,03,,,,RV0203
7697,RIVERS,AHODA EAST,02,AHOADA IV,04,,,,RV0204
7698,RIVERS,AHODA EAST,02,UPATA I,05,,,,RV0205
7699,RIVERS,AHODA EAST,02,UPATA II,06,,,,RV0206
7700,RIVERS,AHODA EAST,02,UPATA II,07,,,,RV0207
7701,RIVERS,AHODA EAST,02,UPATA IV,08,,,,RV0208
7702,RIVERS,AHODA EAST,02,UPATA V,09,,,,RV0209
7703,RIVERS,AHODA EAST,02,UPATA VI,10,,,,RV0210
7704,RIVERS,AHODA EAST,02,AKOH I,11,,,,RV0211
7705,RIVERS,AHODA EAST,02,AKOH II,12,,,,RV0212
7706,RIVERS,AHODA EAST,02,AKOH III,13,,,,RV0213
7707,RIVERS,AHOADA WEST,03,EDIRO I,01,,,,RV0301
7708,RIVERS,AHOADA WEST,03,EDIRO II,02,,,,RV0302
7709,RIVERS,AHOADA WEST,03,JOINKRAMA,03,,,,RV0303
7710,RIVERS,AHOADA WEST,03,OKARKI,04,,,,RV0304
7711,RIVERS,AHOADA WEST,03,IGBUDUYA I,05,,,,RV0305
7712,RIVERS,AHOADA WEST,03,IGBUDUYA II,06,,,,RV0306
7713,RIVERS,AHOADA WEST,03,IGBUDUYA III,07,,,,RV0307
7714,RIVERS,AHOADA WEST,03,IGBUDUYA IV,08,,,,RV0308
7715,RIVERS,AHOADA WEST,03,UBIE I,09,,,,RV0309
7716,RIVERS,AHOADA WEST,03,UBIE II,10,,,,RV0310
7717,RIVERS,AHOADA WEST,03,UBIE III,11,,,,RV0311
7718,RIVERS,AHOADA WEST,03,UBIE IV,12,,,,RV0312
7719,RIVERS,AKUKUTORU,04,MANUEL I,01,,,,RV0401
7720,RIVERS,AKUKUTORU,04,MANUEL II,02,,,,RV0402
7721,RIVERS,AKUKUTORU,04,MANUEL III,03,,,,RV0403
7722,RIVERS,AKUKUTORU,04,GRIGGS I,04,,,,RV0404
7723,RIVERS,AKUKUTORU,04,GRIGGS II,05,,,,RV0405
7724,RIVERS,AKUKUTORU,04,GRIGGS III,06,,,,RV0406
7725,RIVERS,AKUKUTORU,04,GEORGEWILL I,07,,,,RV0407
7726,RIVERS,AKUKUTORU,04,GEORGEWILL II,08,,,,RV0408
7727,RIVERS,AKUKUTORU,04,GEORGEWILL III,09,,,,RV0409
7728,RIVERS,AKUKUTORU,04,JACK I,10,,,,RV0410
7729,RIVERS,AKUKUTORU,04,JACK II,11,,,,RV0411
7730,RIVERS,AKUKUTORU,04,JACK III,12,,,,RV0412
7731,RIVERS,AKUKUTORU,04,ALISE GROUP,13,,,,RV0413
7732,RIVERS,AKUKUTORU,04,OBONOMA,14,,,,RV0414
7733,RIVERS,AKUKUTORU,04,KALU I,15,,,,RV0415
7734,RIVERS,AKUKUTORU,04,KALU II,16,,,,RV0416
7735,RIVERS,AKUKUTORU,04,NORTH/SOUTH GROUP,17,,,,RV0417
7736,RIVERS,ANDONI,05,NGO TOWN,01,,,,RV0501
7737,RIVERS,ANDONI,05,UNYEGALA,02,,,,RV0502
7738,RIVERS,ANDONI,05,AGWUT-OBOLO,03,,,,RV0503
7739,RIVERS,ANDONI,05,ADEKE,04,,,,RV0504
7740,RIVERS,ANDONI,05,IKURU TOWN,05,,,,RV0505
7741,RIVERS,ANDONI,05,UNYEADA I,06,,,,RV0506
7742,RIVERS,ANDONI,05,UNYEADA II,07,,,,RV0507
7743,RIVERS,ANDONI,05,SAMANGA,08,,,,RV0508
7744,RIVERS,ANDONI,05,ASARAMA,09,,,,RV0509
7745,RIVERS,ANDONI,05,ATABA I,10,,,,RV0510
7746,RIVERS,ANDONI,05,ATABA II,11,,,,RV0511
7747,RIVERS,ASARI-TORU,06,BUGUMA SOUTH,01,,,,RV0601
7748,RIVERS,ASARI-TORU,06,BUGUMA EAST,02,,,,RV0602
7749,RIVERS,ASARI-TORU,06,BUGUMA EAST I,03,,,,RV0603
7750,RIVERS,ASARI-TORU,06,BUGUMA EAST II,04,,,,RV0604
7751,RIVERS,ASARI-TORU,06,BUGUMA SOUTH WEST,05,,,,RV0605
7752,RIVERS,ASARI-TORU,06,BUGUMA NORTH EAST,06,,,,RV0606
7753,RIVERS,ASARI-TORU,06,BUGUMA WEST,07,,,,RV0607
7754,RIVERS,ASARI-TORU,06,BUGUMA NORTH WEST I,08,,,,RV0608
7755,RIVERS,ASARI-TORU,06,BUGUMA NORTH WEST II,09,,,,RV0609
7756,RIVERS,ASARI-TORU,06,BUGUMA EAST WEST,10,,,,RV0610
7757,RIVERS,ASARI-TORU,06,TSIA GROUP I,11,,,,RV0611
7758,RIVERS,ASARI-TORU,06,TSIA GROUP II,12,,,,RV0612
7759,RIVERS,ASARI-TORU,06,WEST CENTRAL GROUP,13,,,,RV0613
7760,RIVERS,BONNY,07,WARD I COAL BEACH,01,,,,RV0701
7761,RIVERS,BONNY,07,WARD II COURT/ADA ALLISON,02,,,,RV0702
7762,RIVERS,BONNY,07,WARD III OROSIRIRI,03,,,,RV0703
7763,RIVERS,BONNY,07,WARD IV NEW LAYOUT,04,,,,RV0704
7764,RIVERS,BONNY,07,WARD V FINIMA,05,,,,RV0705
7765,RIVERS,BONNY,07,WARD VI ABALAMABIE,06,,,,RV0706
7766,RIVERS,BONNY,07,WARD VII DEMA ABBEY,07,,,,RV0707
7767,RIVERS,BONNY,07,WARD VIII DAN JUMBO/BERESIRI,08,,,,RV0708
7768,RIVERS,BONNY,07,WARD IX NANABIE,09,,,,RV0709
7769,RIVERS,BONNY,07,WARD X OLOMA/AYAMINIMA,10,,,,RV0710
7770,RIVERS,BONNY,07,WARD XI PETERSIDE,11,,,,RV0711
7771,RIVERS,BONNY,07,WARD XIIKALAIBIAMA,12,,,,RV0712
7772,RIVERS,DEGEMA,08,BAKANA  I,01,,,,RV0801
7773,RIVERS,DEGEMA,08,BAKANA II,02,,,,RV0802
7774,RIVERS,DEGEMA,08,BAKANA III,03,,,,RV0803
7775,RIVERS,DEGEMA,08,BAKANA IV,04,,,,RV0804
7776,RIVERS,DEGEMA,08,BAKANA V,05,,,,RV0805
7777,RIVERS,DEGEMA,08,BAKANA VI,06,,,,RV0806
7778,RIVERS,DEGEMA,08,TOMBIA I,07,,,,RV0807
7779,RIVERS,DEGEMA,08,TOMBIA II,08,,,,RV0808
7780,RIVERS,DEGEMA,08,TOMBIA III,09,,,,RV0809
7781,RIVERS,DEGEMA,08,TOMBIA IV,10,,,,RV0810
7782,RIVERS,DEGEMA,08,DEGEMA I,11,,,,RV0811
7783,RIVERS,DEGEMA,08,DEGEMA II,12,,,,RV0812
7784,RIVERS,DEGEMA,08,DEGEMA III,13,,,,RV0813
7785,RIVERS,DEGEMA,08,OBUAMA,14,,,,RV0814
7786,RIVERS,DEGEMA,08,BUKUMA,15,,,,RV0815
7787,RIVERS,DEGEMA,08,BILLE,16,,,,RV0816
7788,RIVERS,DEGEMA,08,KE/OLD BAKANA,17,,,,RV0817
7789,RIVERS,ELEME,09,WARD I  ALESA,01,,,,RV0901
7790,RIVERS,ELEME,09,WARD II ALODE,02,,,,RV0902
7791,RIVERS,ELEME,09,WARD III OGALE,03,,,,RV0903
7792,RIVERS,ELEME,09,WARD IV EBURU,04,,,,RV0904
7793,RIVERS,ELEME,09,WARD V EKPORO,05,,,,RV0905
7794,RIVERS,ELEME,09,WARD VI ETEO,06,,,,RV0906
7795,RIVERS,ELEME,09,WARD VII ONNE,07,,,,RV0907
7796,RIVERS,ELEME,09,WARD VIII AGBONCHIA,08,,,,RV0908
7797,RIVERS,ELEME,09,WARD IX AKPAJO,09,,,,RV0909
7798,RIVERS,ELEME,09,WARD X ALETO,10,,,,RV0910
7799,RIVERS,EMOHUA,10,OGBAKIRI I,01,,,,RV1001
7800,RIVERS,EMOHUA,10,OGBAKIRI II,02,,,,RV1002
7801,RIVERS,EMOHUA,10,EMOHUA I,03,,,,RV1003
7802,RIVERS,EMOHUA,10,EMOHUA II,04,,,,RV1004
7803,RIVERS,EMOHUA,10,OBELLE,05,,,,RV1005
7804,RIVERS,EMOHUA,10,IBAA,06,,,,RV1006
7805,RIVERS,EMOHUA,10,RUNDELE,07,,,,RV1007
7806,RIVERS,EMOHUA,10,RUMUEKPE,08,,,,RV1008
7807,RIVERS,EMOHUA,10,ELELE ALIMINI,09,,,,RV1009
7808,RIVERS,EMOHUA,10,OMUDIOGA/AKPABU/I TU,10,,,,RV1010
7809,RIVERS,EMOHUA,10,EGBEDA,11,,,,RV1011
7810,RIVERS,EMOHUA,10,UBIMNI,12,,,,RV1012
7811,RIVERS,EMOHUA,10,ODEGU I,13,,,,RV1013
7812,RIVERS,EMOHUA,10,ODEGU II,14,,,,RV1014
7813,RIVERS,ETCHE,11,AFARA,01,,,,RV1101
7814,RIVERS,ETCHE,11,EGBU,02,,,,RV1102
7815,RIVERS,ETCHE,11,IGBO I,03,,,,RV1103
7816,RIVERS,ETCHE,11,IGBO II,04,,,,RV1104
7817,RIVERS,ETCHE,11,IGBO III,05,,,,RV1105
7818,RIVERS,ETCHE,11,EGWI,06,,,,RV1106
7819,RIVERS,ETCHE,11,NIHI,07,,,,RV1107
7820,RIVERS,ETCHE,11,ODUFOR,08,,,,RV1108
7821,RIVERS,ETCHE,11,OBIBI/AKWUKABI,09,,,,RV1109
7822,RIVERS,ETCHE,11,OBITE,10,,,,RV1110
7823,RIVERS,ETCHE,11,OKEHI,11,,,,RV1111
7824,RIVERS,ETCHE,11,OZUZU,12,,,,RV1112
7825,RIVERS,ETCHE,11,ULUKWO,13,,,,RV1113
7826,RIVERS,ETCHE,11,IGBODO,14,,,,RV1114
7827,RIVERS,ETCHE,11,AKWA/ODOGWA,15,,,,RV1115
7828,RIVERS,ETCHE,11,AKPOKU/UMUOYE,16,,,,RV1116
7829,RIVERS,ETCHE,11,NDASHI,17,,,,RV1117
7830,RIVERS,ETCHE,11,MBA,18,,,,RV1118
7831,RIVERS,ETCHE,11,OWU,19,,,,RV1119
7832,RIVERS,GOKANA,12,BODO I,01,,,,RV1201
7833,RIVERS,GOKANA,12,BODO II,02,,,,RV1202
7834,RIVERS,GOKANA,12,BODO III,03,,,,RV1203
7835,RIVERS,GOKANA,12,B-DERE,04,,,,RV1204
7836,RIVERS,GOKANA,12,K-DERE I,05,,,,RV1205
7837,RIVERS,GOKANA,12,K-DERE II,06,,,,RV1206
7838,RIVERS,GOKANA,12,BOMU I,07,,,,RV1207
7839,RIVERS,GOKANA,12,BOMU II,08,,,,RV1208
7840,RIVERS,GOKANA,12,KPOR/LEWE/GBE,09,,,,RV1209
7841,RIVERS,GOKANA,12,MOGHO,10,,,,RV1210
7842,RIVERS,GOKANA,12,NEWOI/GIOKO/BARAK O,11,,,,RV1211
7843,RIVERS,GOKANA,12,BIARA I,12,,,,RV1212
7844,RIVERS,GOKANA,12,BIARA II,13,,,,RV1213
7845,RIVERS,GOKANA,12,DERIKEN/DEEYOR/NWENBIARA,14,,,,RV1214
7846,RIVERS,GOKANA,12,YEGHE I,15,,,,RV1215
7847,RIVERS,GOKANA,12,YEGHE II,16,,,,RV1216
7848,RIVERS,GOKANA,12,BERA,17,,,,RV1217
7849,RIVERS,IKWERRE,13,ISIOKPO I,01,,,,RV1301
7850,RIVERS,IKWERRE,13,ISIOKPO II,02,,,,RV1302
7851,RIVERS,IKWERRE,13,ELELE I,03,,,,RV1303
7852,RIVERS,IKWERRE,13,ELELE II,04,,,,RV1304
7853,RIVERS,IKWERRE,13,OMERELU,05,,,,RV1305
7854,RIVERS,IKWERRE,13,APANI,06,,,,RV1306
7855,RIVERS,IKWERRE,13,UMUANWA,07,,,,RV1307
7856,RIVERS,IKWERRE,13,UBIMA,08,,,,RV1308
7857,RIVERS,IKWERRE,13,OMAGWA,09,,,,RV1309
7858,RIVERS,IKWERRE,13,OMADEME/IPO,10,,,,RV1310
7859,RIVERS,IKWERRE,13,OZUAHA,11,,,,RV1311
7860,RIVERS,IKWERRE,13,IGWURUTA,12,,,,RV1312
7861,RIVERS,IKWERRE,13,ALUU,13,,,,RV1313
7862,RIVERS,KHANA,14,BORI,01,,,,RV1401
7863,RIVERS,KHANA,14,ZAAKPON,02,,,,RV1402
7864,RIVERS,KHANA,14,LLUEKU/AYOKURU,03,,,,RV1403
7865,RIVERS,KHANA,14,SOGHO,04,,,,RV1404
7866,RIVERS,KHANA,14,OKWALI,05,,,,RV1405
7867,RIVERS,KHANA,14,KAANI,06,,,,RV1406
7868,RIVERS,KHANA,14,BARGHA,07,,,,RV1407
7869,RIVERS,KHANA,14,TAABAA,08,,,,RV1408
7870,RIVERS,KHANA,14,BEERI,09,,,,RV1409
7871,RIVERS,KHANA,14,BANE,10,,,,RV1410
7872,RIVERS,KHANA,14,KONO/KWAWA,11,,,,RV1411
7873,RIVERS,KHANA,14,WHYAA KARA,12,,,,RV1412
7874,RIVERS,KHANA,14,BOUE,13,,,,RV1413
7875,RIVERS,KHANA,14,UEGWERE,14,,,,RV1414
7876,RIVERS,KHANA,14,GWARA/KAA/FEKEN,15,,,,RV1415
7877,RIVERS,KHANA,14,OPUOKO/KALAOKO,16,,,,RV1416
7878,RIVERS,KHANA,14,SH/BETEM/K.BAABBE,17,,,,RV1417
7879,RIVERS,KHANA,14,BAEN/KPEAN/DUBARO,18,,,,RV1418
7880,RIVERS,KHANA,14,LORRE/LUEBE/KPAA,19,,,,RV1419
7881,RIVERS,OBIO/AKPOR,15,WARD I ORO-IGWE,01,,,,RV1501
7882,RIVERS,OBIO/AKPOR,15,WARD II RUMUODARA,02,,,,RV1502
7883,RIVERS,OBIO/AKPOR,15,WARD III RUMUOKWU (2B),03,,,,RV1503
7884,RIVERS,OBIO/AKPOR,15,WARD IV RUMUODOMAYA (3A),04,,,,RV1504
7885,RIVERS,OBIO/AKPOR,15,WARD V ELELENWO (3B),05,,,,RV1505
7886,RIVERS,OBIO/AKPOR,15,WARD VI WORJI,06,,,,RV1506
7887,RIVERS,OBIO/AKPOR,15,WARD VII RUMUOKORO,07,,,,RV1507
7888,RIVERS,OBIO/AKPOR,15,WARD VIII RUMUOMASI,08,,,,RV1508
7889,RIVERS,OBIO/AKPOR,15,WARD IX RUMUEME (7A),09,,,,RV1509
7890,RIVERS,OBIO/AKPOR,15,WARD X   RUMUEME (7B),10,,,,RV1510
7891,RIVERS,OBIO/AKPOR,15,WARD XI RUMUEME(7C),11,,,,RV1511
7892,RIVERS,OBIO/AKPOR,15,WARD XII RUMUIGBO (8A),12,,,,RV1512
7893,RIVERS,OBIO/AKPOR,15,WARD XIII RUMUKWUJA(8B),13,,,,RV1513
7894,RIVERS,OBIO/AKPOR,15,WARD XIV RUKPOKU,14,,,,RV1514
7895,RIVERS,OBIO/AKPOR,15,WARD XV CHOBA,15,,,,RV1515
7896,RIVERS,OBIO/AKPOR,15,WARD XVI OXUOBA/OGBOGORO,16,,,,RV1516
7897,RIVERS,OBIO/AKPOR,15,WARD XVII RUMUOLUMENI,17,,,,RV1517
7898,RIVERS,OGBA/EGBEMA/NDO NI,16,OMOKU TOWN I (OBOSI),01,,,,RV1601
7899,RIVERS,OGBA/EGBEMA/NDO NI,16,OMOKU TOWN II (OBAKATO),02,,,,RV1602
7900,RIVERS,OGBA/EGBEMA/NDO NI,16,OMOKU TOWN III (USOMINI),03,,,,RV1603
7901,RIVERS,OGBA/EGBEMA/NDO NI,16,OMOKU TOWN IV,04,,,,RV1604
7902,RIVERS,OGBA/EGBEMA/NDO NI,16,OMOKU TOWN V,05,,,,RV1605
7903,RIVERS,OGBA/EGBEMA/NDO NI,16,USOMINI I (NORTH),06,,,,RV1606
7904,RIVERS,OGBA/EGBEMA/NDO NI,16,USOMINI II (SOUTH),07,,,,RV1607
7905,RIVERS,OGBA/EGBEMA/NDO NI,16,IGBURU,08,,,,RV1608
7906,RIVERS,OGBA/EGBEMA/NDO NI,16,EGI I,09,,,,RV1609
7907,RIVERS,OGBA/EGBEMA/NDO NI,16,EGI II,10,,,,RV1610
7908,RIVERS,OGBA/EGBEMA/NDO NI,16,EGI III,11,,,,RV1611
7909,RIVERS,OGBA/EGBEMA/NDO NI,16,EGI IV,12,,,,RV1612
7910,RIVERS,OGBA/EGBEMA/NDO NI,16,EGBEMA I,13,,,,RV1613
7911,RIVERS,OGBA/EGBEMA/NDO NI,16,EGBEMA II,14,,,,RV1614
7912,RIVERS,OGBA/EGBEMA/NDO NI,16,NDONI I,15,,,,RV1615
7913,RIVERS,OGBA/EGBEMA/NDO NI,16,NDONI II,16,,,,RV1616
7914,RIVERS,OGBA/EGBEMA/NDO NI,16,NDONI III,17,,,,RV1617
7915,RIVERS,OGU/BOLO,17,OGU I,01,,,,RV1701
7916,RIVERS,OGU/BOLO,17,OGU II,02,,,,RV1702
7917,RIVERS,OGU/BOLO,17,OGU III,03,,,,RV1703
7918,RIVERS,OGU/BOLO,17,OGU IV,04,,,,RV1704
7919,RIVERS,OGU/BOLO,17,OGU V,05,,,,RV1705
7920,RIVERS,OGU/BOLO,17,OGU VI,06,,,,RV1706
7921,RIVERS,OGU/BOLO,17,BOLO I,07,,,,RV1707
7922,RIVERS,OGU/BOLO,17,BOLO II,08,,,,RV1708
7923,RIVERS,OGU/BOLO,17,BOLO III,09,,,,RV1709
7924,RIVERS,OGU/BOLO,17,BOLO IV,10,,,,RV1710
7925,RIVERS,OGU/BOLO,17,WAKAMA,11,,,,RV1711
7926,RIVERS,OGU/BOLO,17,ELE,12,,,,RV1712
7927,RIVERS,OKRIKA,18,OKIRKA I,01,,,,RV1801
7928,RIVERS,OKRIKA,18,OKRIKA II,02,,,,RV1802
7929,RIVERS,OKRIKA,18,OKRIKA III,03,,,,RV1803
7930,RIVERS,OKRIKA,18,OKRIKA IV,04,,,,RV1804
7931,RIVERS,OKRIKA,18,OKRIKA V,05,,,,RV1805
7932,RIVERS,OKRIKA,18,OKRIKA VI,06,,,,RV1806
7933,RIVERS,OKRIKA,18,OKRIKA VIII,07,,,,RV1807
7934,RIVERS,OKRIKA,18,OGAN,08,,,,RV1808
7935,RIVERS,OKRIKA,18,KALIO,09,,,,RV1809
7936,RIVERS,OKRIKA,18,OGOLOMA I,10,,,,RV1810
7937,RIVERS,OKRIKA,18,OGOLOMA II,11,,,,RV1811
7938,RIVERS,OKRIKA,18,OGOLOMA III,12,,,,RV1812
7939,RIVERS,OMUMA,19,EBIRI-DIKEOMUO COMMUNITY,01,,,,RV1901
7940,RIVERS,OMUMA,19,ARIRAMIRI/OWUAHIA COMMUNITY,02,,,,RV1902
7941,RIVERS,OMUMA,19,OBIOHIA COMMUNITY,03,,,,RV1903
7942,RIVERS,OMUMA,19,OHIMOGHO COMMUNITY,04,,,,RV1904
7943,RIVERS,OMUMA,19,OYORO COMMUNITY,05,,,,RV1905
7944,RIVERS,OMUMA,19,OFEH COMMUNITY,06,,,,RV1906
7945,RIVERS,OMUMA,19,UMUOGHIA I COMMUNITY,07,,,,RV1907
7946,RIVERS,OMUMA,19,UMUOGHIA II COMMUNITY,08,,,,RV1908
7947,RIVERS,OMUMA,19,OBIBI/AJULOKE COMMUNITY,09,,,,RV1909
7948,RIVERS,OMUMA,19,UMUAJULOKE COMMUNITY,10,,,,RV1910
7949,RIVERS,OPOBO/NKORO,20,KALAIBIAMA I,01,,,,RV2001
7950,RIVERS,OPOBO/NKORO,20,KALAIBIAMA II,02,,,,RV2002
7951,RIVERS,OPOBO/NKORO,20,DIEPRI,03,,,,RV2003
7952,RIVERS,OPOBO/NKORO,20,UKONU,04,,,,RV2004
7953,RIVERS,OPOBO/NKORO,20,DAPPAYE AMAKIRI I,05,,,,RV2005
7954,RIVERS,OPOBO/NKORO,20,DAPPAYE AMAKIRI II,06,,,,RV2006
7955,RIVERS,OPOBO/NKORO,20,JAJA,07,,,,RV2007
7956,RIVERS,OPOBO/NKORO,20,QUEEN’S TOWN/KALAMA,08,,,,RV2008
7957,RIVERS,OPOBO/NKORO,20,NKORO I,09,,,,RV2009
7958,RIVERS,OPOBO/NKORO,20,NKORO II,10,,,,RV2010
7959,RIVERS,OPOBO/NKORO,20,NKORO III,11,,,,RV2011
7960,RIVERS,OYIGBO,21,OKOLOMA,01,,,,RV2101
7961,RIVERS,OYIGBO,21,OBEAKPU,02,,,,RV2102
7962,RIVERS,OYIGBO,21,OBGERU,03,,,,RV2103
7963,RIVERS,OYIGBO,21,UMUAGBAI,04,,,,RV2104
7964,RIVERS,OYIGBO,21,AZUOGU,05,,,,RV2105
7965,RIVERS,OYIGBO,21,OBETE,06,,,,RV2106
7966,RIVERS,OYIGBO,21,ASA,07,,,,RV2107
7967,RIVERS,OYIGBO,21,OYIGBO WEST,08,,,,RV2108
7968,RIVERS,OYIGBO,21,OYIGBO CENTRAL,09,,,,RV2109
7969,RIVERS,OYIGBO,21,KOM-KOM,10,,,,RV2110
7970,RIVERS,PORT HARCOURT,22,PORT HARCOURT WARD I,01,,,,RV2201
7971,RIVERS,PORT HARCOURT,22,PORT HARCOURT WARD II,02,,,,RV2202
7972,RIVERS,PORT HARCOURT,22,PORT HARCOURT WARD III,03,,,,RV2203
7973,RIVERS,PORT HARCOURT,22,PORT HARCOURT WARD IV,04,,,,RV2204
7974,RIVERS,PORT HARCOURT,22,PORT HARCOURT WARD V,05,,,,RV2205
7975,RIVERS,PORT HARCOURT,22,PORT HARCOURT WARD VI,06,,,,RV2206
7976,RIVERS,PORT HARCOURT,22,PORT HARCOURT WARD VII,07,,,,RV2207
7977,RIVERS,PORT HARCOURT,22,PORT HARCOURT WARD VIII,08,,,,RV2208
7978,RIVERS,PORT HARCOURT,22,PORT HARCOURT WARD IX,09,,,,RV2209
7979,RIVERS,PORT HARCOURT,22,PORT HARCOURT WARD X,10,,,,RV2210
7980,RIVERS,PORT HARCOURT,22,PORT HARCOURT WARD XI,11,,,,RV2211
7981,RIVERS,PORT HARCOURT,22,PORT HARCOURT WARD XII,12,,,,RV2212
7982,RIVERS,PORT HARCOURT,22,PORT HARCOURT WARD XIII,13,,,,RV2213
7983,RIVERS,PORT HARCOURT,22,PORT HARCOURT WARD XIV,14,,,,RV2214
7984,RIVERS,PORT HARCOURT,22,PORT HARCOURT WARD XV,15,,,,RV2215
7985,RIVERS,PORT HARCOURT,22,PORT HARCOURT WARD XVI,16,,,,RV2216
7986,RIVERS,PORT HARCOURT,22,PORT HARCOURT WARD XVII,17,,,,RV2217
7987,RIVERS,PORT HARCOURT,22,PORT HARCOURT WARD XVIII,18,,,,RV2218
7988,RIVERS,PORT HARCOURT,22,PORT HARCOURT WARD XIX,19,,,,RV2219
7989,RIVERS,PORT HARCOURT,22,PORT HARCOURT WARD XX,20,,,,RV2220
7990,RIVERS,TAI,23,WARD I,01,,,,RV2301
7991,RIVERS,TAI,23,WARD II,02,,,,RV2302
7992,RIVERS,TAI,23,WARD III,03,,,,RV2303
7993,RIVERS,TAI,23,WARD IV,04,,,,RV2304
7994,RIVERS,TAI,23,WARD V,05,,,,RV2305
7995,RIVERS,TAI,23,WARD VI,06,,,,RV2306
7996,RIVERS,TAI,23,WARD VII,07,,,,RV2307
7997,RIVERS,TAI,23,WARD VIII,08,,,,RV2308
7998,RIVERS,TAI,23,WARD IX,09,,,,RV2309
7999,RIVERS,TAI,23,WARD X,10,,,,RV2310
8000,SOKOTO,BENJI,01,INNAME,01,,,,SO0101
8001,SOKOTO,BENJI,01,SAMAMA,02,,,,SO0102
8002,SOKOTO,BENJI,01,BINJI,03,,,,SO0103
8003,SOKOTO,BENJI,01,JAMMALI,04,,,,SO0104
8004,SOKOTO,BENJI,01,T/KOSE,05,,,,SO0105
8005,SOKOTO,BENJI,01,GAWAZZA,06,,,,SO0106
8006,SOKOTO,BENJI,01,MAIKULKI,07,,,,SO0107
8007,SOKOTO,BENJI,01,BUNKARI,08,,,,SO0108
8008,SOKOTO,BENJI,01,SOORO GABAS,09,,,,SO0109
8009,SOKOTO,BENJI,01,SORO YAMMA,10,,,,SO0110
8010,SOKOTO,BODINGA,02,BODINGNA/TAUMA,01,,,,SO0201
8011,SOKOTO,BODINGA,02,BAGARAWA,02,,,,SO0202
8012,SOKOTO,BODINGA,02,MAZAN GARI/JIRGA/KAURA MIYO,03,,,,SO0203
8013,SOKOTO,BODINGA,02,SIFAWA/LUKUYAWA,04,,,,SO0204
8014,SOKOTO,BODINGA,02,BADAU/DARHELA,05,,,,SO0205
8015,SOKOTO,BODINGA,02,DINGYADU/BADAWA,06,,,,SO0206
8016,SOKOTO,BODINGA,02,TULLUWA/KULAFASA,07,,,,SO0207
8017,SOKOTO,BODINGA,02,DANCHADI,08,,,,SO0208
8018,SOKOTO,BODINGA,02,BANGI/DABAGA,09,,,,SO0209
8019,SOKOTO,BODINGA,02,K. LALLE,10,,,,SO0210
8020,SOKOTO,BODINGA,02,TAKATUKU/MADORAWA,11,,,,SO0211
8021,SOKOTO,DANGE/SHUNI,03,DANGE,01,,,,SO0301
8022,SOKOTO,DANGE/SHUNI,03,WABABE/SALAU,02,,,,SO0302
8023,SOKOTO,DANGE/SHUNI,03,BODAI/JURGA,03,,,,SO0303
8024,SOKOTO,DANGE/SHUNI,03,FAJALDU,04,,,,SO0304
8025,SOKOTO,DANGE/SHUNI,03,SHUNI,05,,,,SO0305
8026,SOKOTO,DANGE/SHUNI,03,RUDU/G/MANDE/AMANAWA,06,,,,SO0306
8027,SOKOTO,DANGE/SHUNI,03,TSAFANADE,07,,,,SO0307
8028,SOKOTO,DANGE/SHUNI,03,RIKINA/TUNTUBE/TSEHE,08,,,,SO0308
8029,SOKOTO,DANGE/SHUNI,03,GIERE/GAJARA,09,,,,SO0309
8030,SOKOTO,DANGE/SHUNI,03,RIKINA,10,,,,SO0310
8031,SOKOTO,DANGE/SHUNI,03,R/GIDADO,11,,,,SO0311
8032,SOKOTO,GADA,04,GADA,01,,,,SO0401
8033,SOKOTO,GADA,04,KADDI,02,,,,SO0402
8034,SOKOTO,GADA,04,KADADIN BUDA,03,,,,SO0403
8035,SOKOTO,GADA,04,GILBADI,04,,,,SO0404
8036,SOKOTO,GADA,04,TSITSE,05,,,,SO0405
8037,SOKOTO,GADA,04,KAFFE,06,,,,SO0406
8038,SOKOTO,GADA,04,DUKAMAJE/ILAH,07,,,,SO0407
8039,SOKOTO,GADA,04,KYADAWA/HOLAI,08,,,,SO0408
8040,SOKOTO,GADA,04,KIRI,09,,,,SO0409
8041,SOKOTO,GADA,04,KADASSAKA,10,,,,SO0410
8042,SOKOTO,GADA,04,KWARMA,11,,,,SO0411
8043,SOKOTO,GORONYO,05,GORONYO,01,,,,SO0501
8044,SOKOTO,GORONYO,05,GIYAWA,02,,,,SO0502
8045,SOKOTO,GORONYO,05,BOYEKAI,03,,,,SO0503
8046,SOKOTO,GORONYO,05,KAGARA,04,,,,SO0504
8047,SOKOTO,GORONYO,05,KWAKWAZO,05,,,,SO0505
8048,SOKOTO,GORONYO,05,KOJIYO,06,,,,SO0506
8049,SOKOTO,GORONYO,05,RIMAWA,07,,,,SO0507
8050,SOKOTO,GORONYO,05,SHINAKA,08,,,,SO0508
8051,SOKOTO,GORONYO,05,S/GARI-DOLE/DAN/TASAKKO,09,,,,SO0509
8052,SOKOTO,GORONYO,05,BIRJINGO,10,,,,SO0510
8053,SOKOTO,GORONYO,05,TAKAKUME,11,,,,SO0511
8054,SOKOTO,GUDU,06,KARFEN SARKI,01,,,,SO0601
8055,SOKOTO,GUDU,06,CHILAS/MAKUYA,02,,,,SO0602
8056,SOKOTO,GUDU,06,BACHAKA,03,,,,SO0603
8057,SOKOTO,GUDU,06,GWAZANGE/BOTO,04,,,,SO0604
8058,SOKOTO,GUDU,06,KURDULA,05,,,,SO0605
8059,SOKOTO,GUDU,06,BALLE,06,,,,SO0606
8060,SOKOTO,GUDU,06,AWULKITI,07,,,,SO0607
8061,SOKOTO,GUDU,06,KARFEN CHANA,08,,,,SO0608
8062,SOKOTO,GUDU,06,MARAKEN BORI,09,,,,SO0609
8063,SOKOTO,GUDU,06,TULDUN DOYA,10,,,,SO0610
8064,SOKOTO,GWADABAWA,07,ASRA/KUDU,01,,,,SO0701
8065,SOKOTO,GWADABAWA,07,ASARA AREWA,02,,,,SO0702
8066,SOKOTO,GWADABAWA,07,ATAKWANYO,03,,,,SO0703
8067,SOKOTO,GWADABAWA,07,CHIMMOLA/KUDU,04,,,,SO0704
8068,SOKOTO,GWADABAWA,07,CHIMMOLA/AREWA,05,,,,SO0705
8069,SOKOTO,GWADABAWA,07,GWADABAWA,06,,,,SO0706
8070,SOKOTO,GWADABAWA,07,GIDAN KAYA,07,,,,SO0707
8071,SOKOTO,GWADABAWA,07,GIGANE,08,,,,SO0708
8072,SOKOTO,GWADABAWA,07,MAMMANDE,09,,,,SO0709
8073,SOKOTO,GWADABAWA,07,SALAME,10,,,,SO0710
8074,SOKOTO,GWADABAWA,07,HUCHI,11,,,,SO0711
8075,SOKOTO,ILLELA,08,ILLELA,01,,,,SO0801
8076,SOKOTO,ILLELA,08,KALMALO,02,,,,SO0802
8077,SOKOTO,ILLELA,08,DAMBA,03,,,,SO0803
8078,SOKOTO,ILLELA,08,DARNA/SABON GARI,04,,,,SO0804
8079,SOKOTO,ILLELA,08,DARNA/TSOLAWO,05,,,,SO0805
8080,SOKOTO,ILLELA,08,G/HAMMA,06,,,,SO0806
8081,SOKOTO,ILLELA,08,ARABA,07,,,,SO0807
8082,SOKOTO,ILLELA,08,GARU,08,,,,SO0808
8083,SOKOTO,ILLELA,08,R. GATI,09,,,,SO0809
8084,SOKOTO,ILLELA,08,TOZAI,10,,,,SO0810
8085,SOKOTO,ILLELA,08,G/KATTA,11,,,,SO0811
8086,SOKOTO,ISA,09,ISA NORTH,01,,,,SO0901
8087,SOKOTO,ISA,09,ISA SOUTH,02,,,,SO0902
8088,SOKOTO,ISA,09,TURBA,03,,,,SO0903
8089,SOKOTO,ISA,09,TSABREN SARKIN DARA  I,04,,,,SO0904
8090,SOKOTO,ISA,09,TIDI BALE,05,,,,SO0905
8091,SOKOTO,ISA,09,BARGAJA,06,,,,SO0906
8092,SOKOTO,ISA,09,YANFAKO,07,,,,SO0907
8093,SOKOTO,ISA,09,TOZA I,08,,,,SO0908
8094,SOKOTO,ISA,09,GEBE ‘A’,09,,,,SO0909
8095,SOKOTO,ISA,09,GEBE ‘B’,10,,,,SO0910
8096,SOKOTO,KWARE,10,KWARE,01,,,,SO1001
8097,SOKOTO,KWARE,10,BANKANU/R/KADE,02,,,,SO1002
8098,SOKOTO,KWARE,10,BASANSAN,03,,,,SO1003
8099,SOKOTO,KWARE,10,S/BIRNIG. KARMA,04,,,,SO1004
8100,SOKOTO,KWARE,10,H/ALI/MARABAWA,05,,,,SO1005
8101,SOKOTO,KWARE,10,G/MODIBBO/G.AKWARA,06,,,,SO1006
8102,SOKOTO,KWARE,10,G. RUGGA,07,,,,SO1007
8103,SOKOTO,KWARE,10,DURBAWA,08,,,,SO1008
8104,SOKOTO,KWARE,10,TUNGA/MALLAMAWA,09,,,,SO1009
8105,SOKOTO,KWARE,10,KABANGA,10,,,,SO1010
8106,SOKOTO,KWARE,10,TSAKI/WALAKAE,11,,,,SO1011
8107,SOKOTO,KEBBE,11,KEBBE EAST,01,,,,SO1101
8108,SOKOTO,KEBBE,11,KEBBE WEST,02,,,,SO1102
8109,SOKOTO,KEBBE,11,MARGAI-A,03,,,,SO1103
8110,SOKOTO,KEBBE,11,MARGAI-B,04,,,,SO1104
8111,SOKOTO,KEBBE,11,KUCHI,05,,,,SO1105
8112,SOKOTO,KEBBE,11,NASA GUDU,06,,,,SO1106
8113,SOKOTO,KEBBE,11,SANGI,07,,,,SO1107
8114,SOKOTO,KEBBE,11,FAKKU,08,,,,SO1108
8115,SOKOTO,KEBBE,11,UNGUSHI,09,,,,SO1109
8116,SOKOTO,KEBBE,11,GIRKAU,10,,,,SO1110
8117,SOKOTO,RABAH,12,RABAH,01,,,,SO1201
8118,SOKOTO,RABAH,12,RIJI/M/KUJERA,02,,,,SO1202
8119,SOKOTO,RABAH,12,RARA,03,,,,SO1203
8120,SOKOTO,RABAH,12,GWADDODI/G/BUWAI,04,,,,SO1204
8121,SOKOTO,RABAH,12,GAWAKUKE,05,,,,SO1205
8122,SOKOTO,RABAH,12,GANDI ‘A’,06,,,,SO1206
8123,SOKOTO,RABAH,12,GANDI ‘B’,07,,,,SO1207
8124,SOKOTO,RABAH,12,TSAMIYA,08,,,,SO1208
8125,SOKOTO,RABAH,12,YARTSAKUWA,09,,,,SO1209
8126,SOKOTO,RABAH,12,KURYA,10,,,,SO1210
8127,SOKOTO,RABAH,12,TURSA,11,,,,SO1211
8128,SOKOTO,S/BIRNI,13,S/BIRNI EAST,01,,,,SO1301
8129,SOKOTO,S/BIRNI,13,S/BIRNI WEST,02,,,,SO1302
8130,SOKOTO,S/BIRNI,13,TSAMAYE,03,,,,SO1303
8131,SOKOTO,S/BIRNI,13,UNGUWAR LALLE,04,,,,SO1304
8132,SOKOTO,S/BIRNI,13,TARA,05,,,,SO1305
8133,SOKOTO,S/BIRNI,13,GATAWA,06,,,,SO1306
8134,SOKOTO,S/BIRNI,13,KURAWA,07,,,,SO1307
8135,SOKOTO,S/BIRNI,13,GANGARA,08,,,,SO1308
8136,SOKOTO,S/BIRNI,13,KALGO,09,,,,SO1309
8137,SOKOTO,S/BIRNI,13,MAKUWANA,10,,,,SO1310
8138,SOKOTO,S/BIRNI,13,LAJINGE,11,,,,SO1311
8139,SOKOTO,SHAGARI,14,JAREDI,01,,,,SO1401
8140,SOKOTO,SHAGARI,14,HORO BIRNI,02,,,,SO1402
8141,SOKOTO,SHAGARI,14,DANDIN MAHE,03,,,,SO1403
8142,SOKOTO,SHAGARI,14,KAMBAMA,04,,,,SO1404
8143,SOKOTO,SHAGARI,14,GANGAM,05,,,,SO1405
8144,SOKOTO,SHAGARI,14,LAMBARA,06,,,,SO1406
8145,SOKOTO,SHAGARI,14,SHAGARI,07,,,,SO1407
8146,SOKOTO,SHAGARI,14,SANYINNAWAL,08,,,,SO1408
8147,SOKOTO,SHAGARI,14,KAJIJI,09,,,,SO1409
8148,SOKOTO,SHAGARI,14,MANDERA,10,,,,SO1410
8149,SOKOTO,SILAME,15,GANDE EAST,01,,,,SO1501
8150,SOKOTO,SILAME,15,GANDE WEST,02,,,,SO1502
8151,SOKOTO,SILAME,15,KATAMI NORTH,03,,,,SO1503
8152,SOKOTO,SILAME,15,KATAMI SOUTH,04,,,,SO1504
8153,SOKOTO,SILAME,15,KUBODU NORTH,05,,,,SO1505
8154,SOKOTO,SILAME,15,KUBODU SOUTH,06,,,,SO1506
8155,SOKOTO,SILAME,15,LABANI,07,,,,SO1507
8156,SOKOTO,SILAME,15,MARAFA EAST,08,,,,SO1508
8157,SOKOTO,SILAME,15,MARAFA WEST,09,,,,SO1509
8158,SOKOTO,SILAME,15,SILAME,10,,,,SO1510
8159,SOKOTO,SOKOTO NORTH,16,WAZIRI ‘A’,01,,,,SO1601
8160,SOKOTO,SOKOTO NORTH,16,WAZIRI ‘B’,02,,,,SO1602
8161,SOKOTO,SOKOTO NORTH,16,WARIRI ‘C’,03,,,,SO1603
8162,SOKOTO,SOKOTO NORTH,16,MAGAJIN GARI ‘A’,04,,,,SO1604
8163,SOKOTO,SOKOTO NORTH,16,MAGARIN GARI ‘B’,05,,,,SO1605
8164,SOKOTO,SOKOTO NORTH,16,SHIYAR ADAR GIDAN IGWAI,06,,,,SO1606
8165,SOKOTO,SOKOTO NORTH,16,MAGAJIN RAFI ‘A’,07,,,,SO1607
8166,SOKOTO,SOKOTO NORTH,16,MAGAJIN RAFI ‘B’,08,,,,SO1608
8167,SOKOTO,SOKOTO NORTH,16,S/MUSULMI ‘A’,09,,,,SO1609
8168,SOKOTO,SOKOTO NORTH,16,S/MUSULMI ‘B’,10,,,,SO1610
8169,SOKOTO,SOKOTO NORTH,16,S/ADAR GANDU,11,,,,SO1611
8170,SOKOTO,SOKOTO SOUTH,17,R/DOROWA ‘A’,01,,,,SO1701
8171,SOKOTO,SOKOTO SOUTH,17,R/DOROWA ‘B’,02,,,,SO1702
8172,SOKOTO,SOKOTO SOUTH,17,T/WADA ‘A’,03,,,,SO1703
8173,SOKOTO,SOKOTO SOUTH,17,T/WADA ‘B’,04,,,,SO1704
8174,SOKOTO,SOKOTO SOUTH,17,S/ZAMFARA ‘A’,05,,,,SO1705
8175,SOKOTO,SOKOTO SOUTH,17,S/ZAMFARA ‘B’,06,,,,SO1706
8176,SOKOTO,SOKOTO SOUTH,17,GAGI ‘A’,07,,,,SO1707
8177,SOKOTO,SOKOTO SOUTH,17,GAGI ‘B’,08,,,,SO1708
8178,SOKOTO,SOKOTO SOUTH,17,GAGI ‘C’,09,,,,SO1709
8179,SOKOTO,SOKOTO SOUTH,17,S/ADAR KWANNI,10,,,,SO1710
8180,SOKOTO,SOKOTO SOUTH,17,S/ADAR KOFAR ATIKU,11,,,,SO1711
8181,SOKOTO,TAMBUWAL,18,ROMMON SARKI,01,,,,SO1801
8182,SOKOTO,TAMBUWAL,18,BAKAYA S/BIRNI,02,,,,SO1802
8183,SOKOTO,TAMBUWAL,18,BASHIRE/MAIKADA,03,,,,SO1803
8184,SOKOTO,TAMBUWAL,18,BAGIDA/LUKINGO,04,,,,SO1804
8185,SOKOTO,TAMBUWAL,18,TAMBUWAL/SHINFIRI,05,,,,SO1805
8186,SOKOTO,TAMBUWAL,18,FAGA/ALASAN,06,,,,SO1806
8187,SOKOTO,TAMBUWAL,18,DOGON-DAJI/SALA,07,,,,SO1807
8188,SOKOTO,TAMBUWAL,18,SANYINNA,08,,,,SO1808
8189,SOKOTO,TAMBUWAL,18,BARKEJI/NABAGUDA,09,,,,SO1809
8190,SOKOTO,TAMBUWAL,18,JABO/KAGARA,10,,,,SO1810
8191,SOKOTO,TAMBUWAL,18,SAIDA/GOSHE,11,,,,SO1811
8192,SOKOTO,TANGAZA,19,TANGAZA,01,,,,SO1901
8193,SOKOTO,TANGAZA,19,RUWA-WURI,02,,,,SO1902
8194,SOKOTO,TANGAZA,19,RAKA,03,,,,SO1903
8195,SOKOTO,TANGAZA,19,SALEWA,04,,,,SO1904
8196,SOKOTO,TANGAZA,19,GIDAN MADI,05,,,,SO1905
8197,SOKOTO,TANGAZA,19,SUTTI,06,,,,SO1906
8198,SOKOTO,TANGAZA,19,KWACCE-HUYU,07,,,,SO1907
8199,SOKOTO,TANGAZA,19,KALANJENI,08,,,,SO1908
8200,SOKOTO,TANGAZA,19,MAGONHO,09,,,,SO1909
8201,SOKOTO,TANGAZA,19,SAKKWAI,10,,,,SO1910
8202,SOKOTO,TURETA,20,DUMA,01,,,,SO2001
8203,SOKOTO,TURETA,20,LOFA,02,,,,SO2002
8204,SOKOTO,TURETA,20,TSAMIYA,03,,,,SO2003
8205,SOKOTO,TURETA,20,BARAYAR GIWA,04,,,,SO2004
8206,SOKOTO,TURETA,20,FURA GIRKE,05,,,,SO2005
8207,SOKOTO,TURETA,20,LAMBAR TURETA,06,,,,SO2006
8208,SOKOTO,TURETA,20,TURETA GARI,07,,,,SO2007
8209,SOKOTO,TURETA,20,KURUWA,08,,,,SO2008
8210,SOKOTO,TURETA,20,GIDAN KARE/BIMASA,09,,,,SO2009
8211,SOKOTO,TURETA,20,KWARARE,10,,,,SO2010
8212,SOKOTO,WAMAKKO,21,ARKILLA,01,,,,SO2101
8213,SOKOTO,WAMAKKO,21,BADO/KASARAWA,02,,,,SO2102
8214,SOKOTO,WAMAKKO,21,GUMBI/WAJAKE,03,,,,SO2103
8215,SOKOTO,WAMAKKO,21,KALAMBAINA/GIRABSHI,04,,,,SO2104
8216,SOKOTO,WAMAKKO,21,G/HAMIDU/G/KAYA,05,,,,SO2105
8217,SOKOTO,WAMAKKO,21,G/BUBU/G/YARO,06,,,,SO2106
8218,SOKOTO,WAMAKKO,21,WAMAKKO,07,,,,SO2107
8219,SOKOTO,WAMAKKO,21,DUNDAYE/GUMBURAWA,08,,,,SO2108
8220,SOKOTO,WAMAKKO,21,K/KIMBA/GEDEWA,09,,,,SO2109
8221,SOKOTO,WAMAKKO,21,GWAMATSE,10,,,,SO2110
8222,SOKOTO,WAMAKKO,21,KAMMATA,11,,,,SO2111
8223,SOKOTO,WURNO,22,MARAFA,01,,,,SO2201
8224,SOKOTO,WURNO,22,MAGARYA,02,,,,SO2202
8225,SOKOTO,WURNO,22,DANKEMU,03,,,,SO2203
8226,SOKOTO,WURNO,22,DIMBISO,04,,,,SO2204
8227,SOKOTO,WURNO,22,KWARGADA,05,,,,SO2205
8228,SOKOTO,WURNO,22,CHACHO/MARANONA,06,,,,SO2206
8229,SOKOTO,WURNO,22,DINAWA,07,,,,SO2207
8230,SOKOTO,WURNO,22,ACHIDA,08,,,,SO2208
8231,SOKOTO,WURNO,22,ALKAMMU/GYELGEL,09,,,,SO2209
8232,SOKOTO,WURNO,22,LAHODU/G/BANGO,10,,,,SO2210
8233,SOKOTO,WURNO,22,KWASARE/SISAWA,11,,,,SO2211
8234,SOKOTO,YABO,23,FAKKA,01,,,,SO2301
8235,SOKOTO,YABO,23,BINGAJE,02,,,,SO2302
8236,SOKOTO,YABO,23,BINJI,03,,,,SO2303
8237,SOKOTO,YABO,23,TORANKAWA,04,,,,SO2304
8238,SOKOTO,YABO,23,BUGGAR IYA,05,,,,SO2305
8239,SOKOTO,YABO,23,YABO ‘A’,06,,,,SO2306
8240,SOKOTO,YABO,23,YABO ‘B’,07,,,,SO2307
8241,SOKOTO,YABO,23,KILGORI,08,,,,SO2308
8242,SOKOTO,YABO,23,BIRNIN RUWA,09,,,,SO2309
8243,SOKOTO,YABO,23,BAKALE,10,,,,SO2310
8244,TARABA,ARDO KOLA,01,ALIM GORA,01,,,,TR0101
8245,TARABA,ARDO KOLA,01,ARDO-KOLA,02,,,,TR0102
8246,TARABA,ARDO KOLA,01,IWARE,03,,,,TR0103
8247,TARABA,ARDO KOLA,01,JAURO YINU,04,,,,TR0104
8248,TARABA,ARDO KOLA,01,LAMIDO BORNO,05,,,,TR0105
8249,TARABA,ARDO KOLA,01,MAYO RANEWO,06,,,,TR0106
8250,TARABA,ARDO KOLA,01,SARKIN DUTSE,07,,,,TR0107
8251,TARABA,ARDO KOLA,01,SUNKANI,08,,,,TR0108
8252,TARABA,ARDO KOLA,01,TAU,09,,,,TR0109
8253,TARABA,ARDO KOLA,01,ZONGON KOMBI,10,,,,TR0110
8254,TARABA,BALI,02,BADAKOSHI,01,,,,TR0201
8255,TARABA,BALI,02,BALI ‘A’,02,,,,TR0202
8256,TARABA,BALI,02,BALI ‘B’,03,,,,TR0203
8257,TARABA,BALI,02,GANGDOLE,04,,,,TR0204
8258,TARABA,BALI,02,GANGLARI,05,,,,TR0205
8259,TARABA,BALI,02,GANGTIBA,06,,,,TR0206
8260,TARABA,BALI,02,GANGMATA,07,,,,TR0207
8261,TARABA,BALI,02,KAIGAM,08,,,,TR0208
8262,TARABA,BALI,02,MAIHULA,09,,,,TR0209
8263,TARABA,BALI,02,SANTAI,10,,,,TR0210
8264,TARABA,BALI,02,TAKALAFIYA,11,,,,TR0211
8265,TARABA,DONGA,03,AKATE,01,,,,TR0301
8266,TARABA,DONGA,03,ASIBITI,02,,,,TR0302
8267,TARABA,DONGA,03,FADA,03,,,,TR0303
8268,TARABA,DONGA,03,GAYAMA,04,,,,TR0304
8269,TARABA,DONGA,03,GINDIN DUTSE,05,,,,TR0305
8270,TARABA,DONGA,03,GYATTA AURE,06,,,,TR0306
8271,TARABA,DONGA,03,KADARKO,07,,,,TR0307
8272,TARABA,DONGA,03,MARRABA,08,,,,TR0308
8273,TARABA,DONGA,03,NYITA,09,,,,TR0309
8274,TARABA,DONGA,03,SUNTAI,10,,,,TR0310
8275,TARABA,GASHAKA,04,GALUMJINA,01,,,,TR0401
8276,TARABA,GASHAKA,04,GANG GUMI,02,,,,TR0402
8277,TARABA,GASHAKA,04,GARBABI,03,,,,TR0403
8278,TARABA,GASHAKA,04,GASHAKA,04,,,,TR0404
8279,TARABA,GASHAKA,04,GAYA,05,,,,TR0405
8280,TARABA,GASHAKA,04,JAMTARI,06,,,,TR0406
8281,TARABA,GASHAKA,04,MAI-IDANU,07,,,,TR0407
8282,TARABA,GASHAKA,04,MAYO SELBE,08,,,,TR0408
8283,TARABA,GASHAKA,04,SERTI ‘’A’’,09,,,,TR0409
8284,TARABA,GASHAKA,04,SERTI ‘’B’’,10,,,,TR0410
8285,TARABA,GASSOL,05,GASSOL,01,,,,TR0501
8286,TARABA,GASSOL,05,GUNDUMA,02,,,,TR0502
8287,TARABA,GASSOL,05,MUTUM BIYU I,03,,,,TR0503
8288,TARABA,GASSOL,05,MUTUM BIYU II,04,,,,TR0504
8289,TARABA,GASSOL,05,NAMNAI,05,,,,TR0505
8290,TARABA,GASSOL,05,SABON GIDA,06,,,,TR0506
8291,TARABA,GASSOL,05,SARKIN SHIRA,07,,,,TR0507
8292,TARABA,GASSOL,05,SENDIRDE,08,,,,TR0508
8293,TARABA,GASSOL,05,TUTARE,09,,,,TR0509
8294,TARABA,GASSOL,05,WUROJAM,10,,,,TR0510
8295,TARABA,GASSOL,05,WURYO,11,,,,TR0511
8296,TARABA,GASSOL,05,YERIMA,12,,,,TR0512
8297,TARABA,IBI,06,DAMPAR I,01,,,,TR0601
8298,TARABA,IBI,06,DAMPAR II,02,,,,TR0602
8299,TARABA,IBI,06,DARMPAR III,03,,,,TR0603
8300,TARABA,IBI,06,IBI NWONYO I,04,,,,TR0604
8301,TARABA,IBI,06,IBI NWONYO II,05,,,,TR0605
8302,TARABA,IBI,06,IBI RIMI UKU I,06,,,,TR0606
8303,TARABA,IBI,06,IBI RIMI UKU II,07,,,,TR0607
8304,TARABA,IBI,06,SARKIN KUDU I,08,,,,TR0608
8305,TARABA,IBI,06,SARKIN KUDU II,09,,,,TR0609
8306,TARABA,IBI,06,SARKIN KUDU III,10,,,,TR0610
8307,TARABA,JALINGO,07,ABBARE YELWA,01,,,,TR0701
8308,TARABA,JALINGO,07,BARADE,02,,,,TR0702
8309,TARABA,JALINGO,07,KACHALLA SEMBE,03,,,,TR0703
8310,TARABA,JALINGO,07,KONA,04,,,,TR0704
8311,TARABA,JALINGO,07,MAJIDADI,05,,,,TR0705
8312,TARABA,JALINGO,07,MAYO GOI,06,,,,TR0706
8313,TARABA,JALINGO,07,SARKIN DAWAKI,07,,,,TR0707
8314,TARABA,JALINGO,07,SINTALI,08,,,,TR0708
8315,TARABA,JALINGO,07,TURAKI ‘’A’’,09,,,,TR0709
8316,TARABA,JALINGO,07,TURAKI ‘’B’’,10,,,,TR0710
8317,TARABA,LAMIDO,08,AMAR,01,,,,TR0801
8318,TARABA,LAMIDO,08,ANDAMIN,02,,,,TR0802
8319,TARABA,LAMIDO,08,BACHAMA,03,,,,TR0803
8320,TARABA,LAMIDO,08,BIKWIN,04,,,,TR0804
8321,TARABA,LAMIDO,08,DAROFAI,05,,,,TR0805
8322,TARABA,LAMIDO,08,DIDANGO,06,,,,TR0806
8323,TARABA,LAMIDO,08,JEN ARDIDO,07,,,,TR0807
8324,TARABA,LAMIDO,08,JEN KAIGAMA,08,,,,TR0808
8325,TARABA,LAMIDO,08,KARIM ‘’A’,09,,,,TR0809
8326,TARABA,LAMIDO,08,KARIMA ‘’B’’,10,,,,TR0810
8327,TARABA,LAMIDO,08,KWANCHI,11,,,,TR0811
8328,TARABA,KURMI,09,ABONG,01,,,,TR0901
8329,TARABA,KURMI,09,AKWENTO/BOKO,02,,,,TR0902
8330,TARABA,KURMI,09,ASHUKU/ENEME,03,,,,TR0903
8331,TARABA,KURMI,09,BAISSA,04,,,,TR0904
8332,TARABA,KURMI,09,BENTE/GALEA,05,,,,TR0905
8333,TARABA,KURMI,09,BISSAULA,06,,,,TR0906
8334,TARABA,KURMI,09,DIDAN,07,,,,TR0907
8335,TARABA,KURMI,09,NDAFORO/GWANDA,08,,,,TR0908
8336,TARABA,KURMI,09,NJUWANDE,09,,,,TR0909
8337,TARABA,KURMI,09,NYIDO/TOSSO,10,,,,TR0910
8338,TARABA,LAU,10,ABBARE I,01,,,,TR1001
8339,TARABA,LAU,10,ABBARE II,02,,,,TR1002
8340,TARABA,LAU,10,DONADDA,03,,,,TR1003
8341,TARABA,LAU,10,GARIN DOGO,04,,,,TR1004
8342,TARABA,LAU,10,GARIN MAGAJI,05,,,,TR1005
8343,TARABA,LAU,10,JIMLARI,06,,,,TR1006
8344,TARABA,LAU,10,KUNINI,07,,,,TR1007
8345,TARABA,LAU,10,LAU I,08,,,,TR1008
8346,TARABA,LAU,10,LAU II,09,,,,TR1009
8347,TARABA,LAU,10,MAYOLOPE,10,,,,TR1010
8348,TARABA,SARDAUNA,11,GEMBU ‘’A’’,01,,,,TR1101
8349,TARABA,SARDAUNA,11,GEMBU ‘’B’’,02,,,,TR1102
8350,TARABA,SARDAUNA,11,KABRI,03,,,,TR1103
8351,TARABA,SARDAUNA,11,KAKARA,04,,,,TR1104
8352,TARABA,SARDAUNA,11,MAGU,05,,,,TR1105
8353,TARABA,SARDAUNA,11,MAYUO-NDAGA,06,,,,TR1106
8354,TARABA,SARDAUNA,11,MBAMNGA,07,,,,TR1107
8355,TARABA,SARDAUNA,11,NDUM-YAJI,08,,,,TR1108
8356,TARABA,SARDAUNA,11,NGUROJE,09,,,,TR1109
8357,TARABA,SARDAUNA,11,TITONG,10,,,,TR1110
8358,TARABA,SARDAUNA,11,WARWAR,11,,,,TR1111
8359,TARABA,TAKUM,12,BETE,01,,,,TR1201
8360,TARABA,TAKUM,12,CHANCHANJI,02,,,,TR1202
8361,TARABA,TAKUM,12,DUTSE,03,,,,TR1203
8362,TARABA,TAKUM,12,FETE,04,,,,TR1204
8363,TARABA,TAKUM,12,GAHAWETON,05,,,,TR1205
8364,TARABA,TAKUM,12,KASHIBILA,06,,,,TR1206
8365,TARABA,TAKUM,12,MANYA,07,,,,TR1207
8366,TARABA,TAKUM,12,ROGO,08,,,,TR1208
8367,TARABA,TAKUM,12,SHIBONG,09,,,,TR1209
8368,TARABA,TAKUM,12,TIKARI,10,,,,TR1210
8369,TARABA,TAKUM,12,YUKUBEN,11,,,,TR1211
8370,TARABA,USSA,13,BIKA,01,,,,TR1301
8371,TARABA,USSA,13,FIKYU,02,,,,TR1302
8372,TARABA,USSA,13,JENUWA,03,,,,TR1303
8373,TARABA,USSA,13,KPAMBO,04,,,,TR1304
8374,TARABA,USSA,13,KPAMBO PURI,05,,,,TR1305
8375,TARABA,USSA,13,KWAMBAI,06,,,,TR1306
8376,TARABA,USSA,13,KWESATI,07,,,,TR1307
8377,TARABA,USSA,13,LISSAM I,08,,,,TR1308
8378,TARABA,USSA,13,LISSAM II,09,,,,TR1309
8379,TARABA,USSA,13,LUMBU/KPAKYA,10,,,,TR1310
8380,TARABA,USSA,13,RUFU,11,,,,TR1311
8381,TARABA,WUKARI,14,AKWANA,01,,,,TR1401
8382,TARABA,WUKARI,14,AVYI,02,,,,TR1402
8383,TARABA,WUKARI,14,BANTAJE,03,,,,TR1403
8384,TARABA,WUKARI,14,CHONKU,04,,,,TR1404
8385,TARABA,WUKARI,14,HOSPITAL,05,,,,TR1405
8386,TARABA,WUKARI,14,JIBU,06,,,,TR1406
8387,TARABA,WUKARI,14,KENTE,07,,,,TR1407
8388,TARABA,WUKARI,14,PUJE,08,,,,TR1408
8389,TARABA,WUKARI,14,RAFIN KADA,09,,,,TR1409
8390,TARABA,WUKARI,14,TSOKUNDI,10,,,,TR1410
8391,TARABA,YORRO,15,KASSA I,01,,,,TR1501
8392,TARABA,YORRO,15,KASSA II,02,,,,TR1502
8393,TARABA,YORRO,15,NYAJA I,03,,,,TR1503
8394,TARABA,YORRO,15,NYAJA II,04,,,,TR1504
8395,TARABA,YORRO,15,PANTISAWA I,05,,,,TR1505
8396,TARABA,YORRO,15,PANTISAWA II,06,,,,TR1506
8397,TARABA,YORRO,15,PUPULE I,07,,,,TR1507
8398,TARABA,YORRO,15,PUPULE II,08,,,,TR1508
8399,TARABA,YORRO,15,PUPULE III,09,,,,TR1509
8400,TARABA,YORRO,15,SUMBU I,10,,,,TR1510
8401,TARABA,YORRO,15,SUMBU II,11,,,,TR1511
8402,TARABA,ZING,16,BITAKO,01,,,,TR1601
8403,TARABA,ZING,16,BUBONG,02,,,,TR1602
8404,TARABA,ZING,16,DINDING,03,,,,TR1603
8405,TARABA,ZING,16,LAMMA,04,,,,TR1604
8406,TARABA,ZING,16,MONKI ‘’A’’,05,,,,TR1605
8407,TARABA,ZING,16,MONKIN ‘’A’’,06,,,,TR1606
8408,TARABA,ZING,16,YAKOKO,07,,,,TR1607
8409,TARABA,ZING,16,ZING AI,08,,,,TR1608
8410,TARABA,ZING,16,ZING AII,09,,,,TR1609
8411,TARABA,ZING,16,ZING ‘’B’,10,,,,TR1610
8412,YOBE,BADE,01,DAGONA,01,,,,YB0101
8413,YOBE,BADE,01,GWIO-KURA,02,,,,YB0102
8414,YOBE,BADE,01,KATUZU,03,,,,YB0103
8415,YOBE,BADE,01,LAWAN AUDU/LAWAN AL-WALI,04,,,,YB0104
8416,YOBE,BADE,01,LAWAN FANNAMI,05,,,,YB0105
8417,YOBE,BADE,01,LAWAN MUSA,06,,,,YB0106
8418,YOBE,BADE,01,SARKIN HAUSAWA,07,,,,YB0107
8419,YOBE,BADE,01,TAGALI/SUGUM,08,,,,YB0108
8420,YOBE,BADE,01,USUR/DAWAYO,09,,,,YB0109
8421,YOBE,BADE,01,ZANGON MUSA/ZANGO UMARU,10,,,,YB0110
8422,YOBE,BURSUARI,02,BAYAMARI,01,,,,YB0201
8423,YOBE,BURSUARI,02,DAMNAWA/JULURI,02,,,,YB0202
8424,YOBE,BURSUARI,02,DANANI,03,,,,YB0203
8425,YOBE,BURSUARI,02,DAPCHI,04,,,,YB0204
8426,YOBE,BURSUARI,02,GARUN DOLE/GARIN ALKALI,05,,,,YB0205
8427,YOBE,BURSUARI,02,GUBA,06,,,,YB0206
8428,YOBE,BURSUARI,02,GUJI/METALARI,07,,,,YB0207
8429,YOBE,BURSUARI,02,KALIYARI,08,,,,YB0208
8430,YOBE,BURSUARI,02,KURNAWA,09,,,,YB0209
8431,YOBE,BURSUARI,02,MASABA,10,,,,YB0210
8432,YOBE,DAMATURU,03,BINDIGARI/FAWARI,01,,,,YB0301
8433,YOBE,DAMATURU,03,DAMAKASU,02,,,,YB0302
8434,YOBE,DAMATURU,03,DAMATURU CENTRAL,03,,,,YB0303
8435,YOBE,DAMATURU,03,GABIR/MADURI,04,,,,YB0304
8436,YOBE,DAMATURU,03,KALALLAWA/GABAI,05,,,,YB0305
8437,YOBE,DAMATURU,03,KUKARETA/WARSALA,06,,,,YB0306
8438,YOBE,DAMATURU,03,MAISANDARI/WAZIRI IBRAHIM ESTATE,07,,,,YB0307
8439,YOBE,DAMATURU,03,MURFA KALAM,08,,,,YB0308
8440,YOBE,DAMATURU,03,NAYINAWA,09,,,,YB0309
8441,YOBE,DAMATURU,03,NJIWAJU/GWANGE,10,,,,YB0310
8442,YOBE,DAMATURU,03,SASAWA/KABARU,11,,,,YB0311
8443,YOBE,FIKA,04,DAYA/CHANA,01,,,,YB0401
8444,YOBE,FIKA,04,FIKA/ANZE,02,,,,YB0402
8445,YOBE,FIKA,04,GADAKA/SHEMBIRE,03,,,,YB0403
8446,YOBE,FIKA,04,GUDI/DOKI/DODO WOLI,04,,,,YB0404
8447,YOBE,FIKA,04,JANGA/BOZA/FA. SAWA/T. NANI,05,,,,YB0405
8448,YOBE,FIKA,04,MUBI/FUSAMI/GARIN WAYO,06,,,,YB0406
8449,YOBE,FIKA,04,NGALDA/DUMBULWA,07,,,,YB0407
8450,YOBE,FIKA,04,SHOYE/GARIN ABB,08,,,,YB0408
8451,YOBE,FIKA,04,TURMI/MALURI,09,,,,YB0409
8452,YOBE,FIKA,04,ZANGAYA/MAZA UN,10,,,,YB0410
8453,YOBE,FUNE,05,ABAKIRE/NGENLSHENGELE/SHA MKA,01,,,,YB0501
8454,YOBE,FUNE,05,ALAGARNO,02,,,,YB0502
8455,YOBE,FUNE,05,BORNO KIJI/NGARHO/BEBBENDE,03,,,,YB0503
8456,YOBE,FUNE,05,DAMAGUM TOWN,04,,,,YB0504
8457,YOBE,FUNE,05,DAURA/BULANYIWA/DUBBUL/BAU WA,05,,,,YB0505
8458,YOBE,FUNE,05,DOGON KUKA/GISHIWARI/GUNUNU,06,,,,YB0506
8459,YOBE,FUNE,05,FUNE/NGELZARMA/MILBIYAR/LA WA M KALAMA,07,,,,YB0507
8460,YOBE,FUNE,05,GABA TASHA/AIGADA/DUMBULWA,08,,,,YB0508
8461,YOBE,FUNE,05,GUDUGURKA/MARMARI,09,,,,YB0509
8462,YOBE,FUNE,05,JAJERE/BANELLAWA/BABBARE,10,,,,YB0510
8463,YOBE,FUNE,05,KAYERI,11,,,,YB0511
8464,YOBE,FUNE,05,KOLLERE/KEFAJE,12,,,,YB0512
8465,YOBE,FUNE,05,MASHIO,13,,,,YB0513
8466,YOBE,GEIDAM,06,ASHEIKRI,01,,,,YB0601
8467,YOBE,GEIDAM,06,BALLE/GALABA/MELERI,02,,,,YB0602
8468,YOBE,GEIDAM,06,DAMAKARWA/KUSUR,03,,,,YB0603
8469,YOBE,GEIDAM,06,DEJINA/FUTURTI,04,,,,YB0604
8470,YOBE,GEIDAM,06,FUTCHIMIRAM,05,,,,YB0605
8471,YOBE,GEIDAM,06,GUMSA,06,,,,YB0606
8472,YOBE,GEIDAM,06,HAUSARI,07,,,,YB0607
8473,YOBE,GEIDAM,06,KAWURI,08,,,,YB0608
8474,YOBE,GEIDAM,06,MA’ANNA/DAGAMBI,09,,,,YB0609
8475,YOBE,GEIDAM,06,SHAME KURA/DILAWA,10,,,,YB0610
8476,YOBE,GEIDAM,06,ZURGU NGILEWA/BORKO,11,,,,YB0611
8477,YOBE,GUJBA,07,BUNIGARI/LAWANTI,01,,,,YB0701
8478,YOBE,GUJBA,07,BUNIYADI NORTH/SOUTH,02,,,,YB0702
8479,YOBE,GUJBA,07,DADINGEL,03,,,,YB0703
8480,YOBE,GUJBA,07,GONIRI,04,,,,YB0704
8481,YOBE,GUJBA,07,GOTALA/GOTUMBA,05,,,,YB0705
8482,YOBE,GUJBA,07,GUJBA,06,,,,YB0706
8483,YOBE,GUJBA,07,MALLAM DUNARI,07,,,,YB0707
8484,YOBE,GUJBA,07,MUTAI,08,,,,YB0708
8485,YOBE,GUJBA,07,BGURBUWA,09,,,,YB0709
8486,YOBE,GUJBA,07,WAGIR,10,,,,YB0710
8487,YOBE,GULANI,08,BARA,01,,,,YB0801
8488,YOBE,GULANI,08,BORNOKIJI/TETTEBA,02,,,,YB0802
8489,YOBE,GULANI,08,BULARAFA,03,,,,YB0803
8490,YOBE,GULANI,08,BUMSA,04,,,,YB0804
8491,YOBE,GULANI,08,DOKSHI,05,,,,YB0805
8492,YOBE,GULANI,08,GABAI,06,,,,YB0806
8493,YOBE,GULANI,08,GAGURE,07,,,,YB0807
8494,YOBE,GULANI,08,GARIN TUWO,08,,,,YB0808
8495,YOBE,GULANI,08,GULANI,09,,,,YB0809
8496,YOBE,GULANI,08,KUSHIMAGA,10,,,,YB0810
8497,YOBE,GULANI,08,NJIBULWA,11,,,,YB0811
8498,YOBE,GULANI,08,RUHU,12,,,,YB0812
8499,YOBE,JAKUSKO,09,BUDUNA/SAMINAKA,01,,,,YB0901
8500,YOBE,JAKUSKO,09,DAMBARI,02,,,,YB0902
8501,YOBE,JAKUSKO,09,GIDGID/GARAM,03,,,,YB0903
8502,YOBE,JAKUSKO,09,GORGORAM,04,,,,YB0904
8503,YOBE,JAKUSKO,09,JABA,05,,,,YB0905
8504,YOBE,JAKUSKO,09,JAKUSKO,06,,,,YB0906
8505,YOBE,JAKUSKO,09,JAWUR/KATAMMA,07,,,,YB0907
8506,YOBE,JAKUSKO,09,LAIYA LOI-LOI,08,,,,YB0908
8507,YOBE,JAKUSKO,09,MUGURAM,09,,,,YB0909
8508,YOBE,JAKUSKO,09,ZABUDUM/DACHA,10,,,,YB0910
8509,YOBE,KARASUWA,10,BUKARTI,01,,,,YB1001
8510,YOBE,KARASUWA,10,FAJIGANARI,02,,,,YB1002
8511,YOBE,KARASUWA,10,GARIN GAWO,03,,,,YB1003
8512,YOBE,KARASUWA,10,GASMA,04,,,,YB1004
8513,YOBE,KARASUWA,10,JAJI MAJI,05,,,,YB1005
8514,YOBE,KARASUWA,10,KARASUWA GALU,06,,,,YB1006
8515,YOBE,KARASUWA,10,KARASUWA GARU GUNA,07,,,,YB1007
8516,YOBE,KARASUWA,10,WACHAKAL,08,,,,YB1008
8517,YOBE,KARASUWA,10,WARO,09,,,,YB1009
8518,YOBE,KARASUWA,10,YAJIRI,10,,,,YB1010
8519,YOBE,MACHINA,11,BOGO,01,,,,YB1101
8520,YOBE,MACHINA,11,DAMAI,02,,,,YB1102
8521,YOBE,MACHINA,11,DOLE,03,,,,YB1103
8522,YOBE,MACHINA,11,FALIMARAM,04,,,,YB1104
8523,YOBE,MACHINA,11,KOM-KOMMA,05,,,,YB1105
8524,YOBE,MACHINA,11,KUKA-YASKU,06,,,,YB1106
8525,YOBE,MACHINA,11,LAMISU,07,,,,YB1107
8526,YOBE,MACHINA,11,MACHINA-KWARI,08,,,,YB1108
8527,YOBE,MACHINA,11,MASKANDARE,09,,,,YB1109
8528,YOBE,MACHINA,11,TAGANAMA,10,,,,YB1110
8529,YOBE,NANGERE,12,CHILARIYE,01,,,,YB1201
8530,YOBE,NANGERE,12,DADISO/CHUKURIWA,02,,,,YB1202
8531,YOBE,NANGERE,12,DAWASA/G. BABA,03,,,,YB1203
8532,YOBE,NANGERE,12,DAZIGAU,04,,,,YB1204
8533,YOBE,NANGERE,12,DEGUBI,05,,,,YB1205
8534,YOBE,NANGERE,12,KUKURI/CHIROMARI,06,,,,YB1206
8535,YOBE,NANGERE,12,LANGAWA/DARIN,07,,,,YB1207
8536,YOBE,NANGERE,12,NANGERE,08,,,,YB1208
8537,YOBE,NANGERE,12,PAKARAU KARE-KAREP PAKARAU FULANI,09,,,,YB1209
8538,YOBE,NANGERE,12,TIKAU,10,,,,YB1210
8539,YOBE,NANGERE,12,WATINANI,11,,,,YB1211
8540,YOBE,NGURU,13,BULABULIN,01,,,,YB1301
8541,YOBE,NGURU,13,BULANGUWA,02,,,,YB1302
8542,YOBE,NGURU,13,DABULE,03,,,,YB1303
8543,YOBE,NGURU,13,DUMSA/DOGON-KUKA,04,,,,YB1304
8544,YOBE,NGURU,13,GARBI/BAMBORI,05,,,,YB1305
8545,YOBE,NGURU,13,HAUSARI,06,,,,YB1306
8546,YOBE,NGURU,13,KANURI,07,,,,YB1307
8547,YOBE,NGURU,13,MAJA-KURA,08,,,,YB1308
8548,YOBE,NGURU,13,MIRBA-KABIR/MIRDA SAGIR,09,,,,YB1309
8549,YOBE,NGURU,13,NGLAIWA,10,,,,YB1310
8550,YOBE,POTISKUM,14,BARE-BARE/BAUYA/LALAI DUMBULWA,01,,,,YB1401
8551,YOBE,POTISKUM,14,BOLEWA ‘A’,02,,,,YB1402
8552,YOBE,POTISKUM,14,BOLEWA ‘B’,03,,,,YB1403
8553,YOBE,POTISKUM,14,ANCHUWA/BULA,04,,,,YB1404
8554,YOBE,POTISKUM,14,DOGO NINI,05,,,,YB1405
8555,YOBE,POTISKUM,14,DOGO TEBO,06,,,,YB1406
8556,YOBE,POTISKUM,14,HAUSAWA,07,,,,YB1407
8557,YOBE,POTISKUM,14,MAMUDO,08,,,,YB1408
8558,YOBE,POTISKUM,14,NGOJIN/ALARABA,09,,,,YB1409
8559,YOBE,POTISKUM,14,YERIMARAM/GARIN DAYE/BADEJO/NAIIUTA,10,,,,YB1410
8560,YOBE,TARMUA,15,BABANGIDA,01,,,,YB1501
8561,YOBE,TARMUA,15,BARKAMI/BULTURI,02,,,,YB1502
8562,YOBE,TARMUA,15,BIRIRI/CHUROKUSKO,03,,,,YB1503
8563,YOBE,TARMUA,15,JUMBAM,04,,,,YB1504
8564,YOBE,TARMUA,15,KOKA/SUNGUL,05,,,,YB1505
8565,YOBE,TARMUA,15,KORIYEL,06,,,,YB1506
8566,YOBE,TARMUA,15,LANTAIWA,07,,,,YB1507
8567,YOBE,TARMUA,15,MAFA,08,,,,YB1508
8568,YOBE,TARMUA,15,MANDADAWA,09,,,,YB1509
8569,YOBE,TARMUA,15,SHEKAU,10,,,,YB1510
8570,YOBE,YUNUSARI,16,BULTUWA/MAR/YARO,01,,,,YB1601
8571,YOBE,YUNUSARI,16,DARATOSHIA,02,,,,YB1602
8572,YOBE,YUNUSARI,16,DEGALTURA/NGAMZAI,03,,,,YB1603
8573,YOBE,YUNUSARI,16,DEKWA,04,,,,YB1604
8574,YOBE,YUNUSARI,16,DILALA/KALGI,05,,,,YB1605
8575,YOBE,YUNUSARI,16,MAIRARI,06,,,,YB1606
8576,YOBE,YUNUSARI,16,MOZOGUN/KUJARI,07,,,,YB1607
8577,YOBE,YUNUSARI,16,NGIRABO,08,,,,YB1608
8578,YOBE,YUNUSARI,16,WADI/LAFIYA,09,,,,YB1609
8579,YOBE,YUNUSARI,16,ZAJIBIRI/DUMBAL,10,,,,YB1610
8580,YOBE,YUNUFARI,17,ALANJIRORI,01,,,,YB1701
8581,YOBE,YUNUFARI,17,GUMSHI,02,,,,YB1702
8582,YOBE,YUNUFARI,17,GUYA,03,,,,YB1703
8583,YOBE,YUNUFARI,17,JEBUWA,04,,,,YB1704
8584,YOBE,YUNUFARI,17,KAJIMARAM/SUMBAR,05,,,,YB1705
8585,YOBE,YUNUFARI,17,KASKA/TULOTOLUWA,06,,,,YB1706
8586,YOBE,YUNUFARI,17,KUMAGANNAM,07,,,,YB1707
8587,YOBE,YUNUFARI,17,MAI-MALARI,08,,,,YB1708
8588,YOBE,YUNUFARI,17,MAYORI,09,,,,YB1709
8589,YOBE,YUNUFARI,17,YUNUFARI,10,,,,YB1710
8590,ZAMFARA,ANKA,01,BAGEGE,01,,,,ZF0101
8591,ZAMFARA,ANKA,01,BARAYAR ZAKI,02,,,,ZF0102
8592,ZAMFARA,ANKA,01,DANGALAADIMA,03,,,,ZF0103
8593,ZAMFARA,ANKA,01,GALADIMA,04,,,,ZF0104
8594,ZAMFARA,ANKA,01,MAGAJI,05,,,,ZF0105
8595,ZAMFARA,ANKA,01,MATSERI,06,,,,ZF0106
8596,ZAMFARA,ANKA,01,SABON-BIRNI,07,,,,ZF0107
8597,ZAMFARA,ANKA,01,WARAMU,08,,,,ZF0108
8598,ZAMFARA,ANKA,01,WUYA,09,,,,ZF0109
8599,ZAMFARA,ANKA,01,YARSABAYA,10,,,,ZF0110
8600,ZAMFARA,BAKURA,02,BAKURA,01,,,,ZF0201
8601,ZAMFARA,BAKURA,02,BINRIN TUDU,02,,,,ZF0202
8602,ZAMFARA,BAKURA,02,DAMRI,03,,,,ZF0203
8603,ZAMFARA,BAKURA,02,DANKADU,04,,,,ZF0204
8604,ZAMFARA,BAKURA,02,DANMANAU,05,,,,ZF0205
8605,ZAMFARA,BAKURA,02,YARKUFOJI,06,,,,ZF0206
8606,ZAMFARA,BAKURA,02,DAKKO,07,,,,ZF0207
8607,ZAMFARA,BAKURA,02,NASARAWA,08,,,,ZF0208
8608,ZAMFARA,BAKURA,02,RINI,09,,,,ZF0209
8609,ZAMFARA,BAKURA,02,YAR GEDA,10,,,,ZF0210
8610,ZAMFARA,BIRNIN MAGAJI,03,BIRNIN MAGAJI,01,,,,ZF0301
8611,ZAMFARA,BIRNIN MAGAJI,03,DANFAMI SABON BIRNIN,02,,,,ZF0302
8612,ZAMFARA,BIRNIN MAGAJI,03,GORA,03,,,,ZF0303
8613,ZAMFARA,BIRNIN MAGAJI,03,GUSAMI GARI,04,,,,ZF0304
8614,ZAMFARA,BIRNIN MAGAJI,03,GUSAMI HAYA,05,,,,ZF0305
8615,ZAMFARA,BIRNIN MAGAJI,03,KIYAWA,06,,,,ZF0306
8616,ZAMFARA,BIRNIN MAGAJI,03,MODAWA EAST,07,,,,ZF0307
8617,ZAMFARA,BIRNIN MAGAJI,03,MODAWA WEST,08,,,,ZF0308
8618,ZAMFARA,BIRNIN MAGAJI,03,NASARAWA GODAL EAST,09,,,,ZF0309
8619,ZAMFARA,BIRNIN MAGAJI,03,NASARAWA GODAL WEST,10,,,,ZF0310
8620,ZAMFARA,BUKKUYUM,04,ADABKA,01,,,,ZF0401
8621,ZAMFARA,BUKKUYUM,04,BUKKUYUM,02,,,,ZF0402
8622,ZAMFARA,BUKKUYUM,04,GWASHI,03,,,,ZF0403
8623,ZAMFARA,BUKKUYUM,04,KYARAM,04,,,,ZF0404
8624,ZAMFARA,BUKKUYUM,04,MASAMA,05,,,,ZF0405
8625,ZAMFARA,BUKKUYUM,04,NASARAWA,06,,,,ZF0406
8626,ZAMFARA,BUKKUYUM,04,RUWAN JEMA,07,,,,ZF0407
8627,ZAMFARA,BUKKUYUM,04,YASHI,08,,,,ZF0408
8628,ZAMFARA,BUKKUYUM,04,ZURUMMAI,09,,,,ZF0409
8629,ZAMFARA,BUKKUYUM,04,ZAUMA,10,,,,ZF0410
8630,ZAMFARA,BUNGUDU,05,BINGI NORTH,01,,,,ZF0501
8631,ZAMFARA,BUNGUDU,05,BINGI SOUTH,02,,,,ZF0502
8632,ZAMFARA,BUNGUDU,05,BUNGUDU,03,,,,ZF0503
8633,ZAMFARA,BUNGUDU,05,FURFURI/KWAIKWAI,04,,,,ZF0504
8634,ZAMFARA,BUNGUDU,05,GADA/KARAKKAI,05,,,,ZF0505
8635,ZAMFARA,BUNGUDU,05,NAHUCE KEKU/NAHUCE U/DAW,06,,,,ZF0506
8636,ZAMFARA,BUNGUDU,05,KWATARKWASHI,07,,,,ZF0507
8637,ZAMFARA,BUNGUDU,05,RAWAYYA/BELA,08,,,,ZF0508
8638,ZAMFARA,BUNGUDU,05,SAMAWA,09,,,,ZF0509
8639,ZAMFARA,BUNGUDU,05,SANKALAWA,10,,,,ZF0510
8640,ZAMFARA,BUNGUDU,05,TOFA,11,,,,ZF0511
8641,ZAMFARA,GUMMI,06,BARDOKI,01,,,,ZF0601
8642,ZAMFARA,GUMMI,06,BIRNIN MAGAJI,02,,,,ZF0602
8643,ZAMFARA,GUMMI,06,BIRNIN TUDU,03,,,,ZF0603
8644,ZAMFARA,GUMMI,06,FALALE,04,,,,ZF0604
8645,ZAMFARA,GUMMI,06,FELEFELDU,05,,,,ZF0605
8646,ZAMFARA,GUMMI,06,GAYARIU,06,,,,ZF0606
8647,ZAMFARA,GUMMI,06,GYALANGE,07,,,,ZF0607
8648,ZAMFARA,GUMMI,06,ILLELARAWAL,08,,,,ZF0608
8649,ZAMFARA,GUMMI,06,MAGAJI GARI,09,,,,ZF0609
8650,ZAMFARA,GUMMI,06,SHIYAR RAFI,10,,,,ZF0610
8651,ZAMFARA,GUMMI,06,UBANDAWAKI,11,,,,ZF0611
8652,ZAMFARA,GUASAU,07,GALADIMA,01,,,,ZF0701
8653,ZAMFARA,GUASAU,07,MADAWAKI,02,,,,ZF0702
8654,ZAMFARA,GUASAU,07,MADA,03,,,,ZF0703
8655,ZAMFARA,GUASAU,07,MAGAMI,04,,,,ZF0704
8656,ZAMFARA,GUASAU,07,MAYANA,05,,,,ZF0705
8657,ZAMFARA,GUASAU,07,RIJIYA,06,,,,ZF0706
8658,ZAMFARA,GUASAU,07,RUWAN BORE,07,,,,ZF0707
8659,ZAMFARA,GUASAU,07,SABON GARI,08,,,,ZF0708
8660,ZAMFARA,GUASAU,07,RUDUN WADA,09,,,,ZF0709
8661,ZAMFARA,GUASAU,07,WANKE,10,,,,ZF0710
8662,ZAMFARA,GUASAU,07,WONKA,11,,,,ZF0711
8663,ZAMFARA,KAURA NAMODA,08,BANGA,01,,,,ZF0801
8664,ZAMFARA,KAURA NAMODA,08,DAN ISA,02,,,,ZF0802
8665,ZAMFARA,KAURA NAMODA,08,GABAKE,03,,,,ZF0803
8666,ZAMFARA,KAURA NAMODA,08,GALADIMA DAN GALADIMA,04,,,,ZF0804
8667,ZAMFARA,KAURA NAMODA,08,KAGARA,05,,,,ZF0805
8668,ZAMFARA,KAURA NAMODA,08,KUNGURKI,06,,,,ZF0806
8669,ZAMFARA,KAURA NAMODA,08,KURYA MADARO,07,,,,ZF0807
8670,ZAMFARA,KAURA NAMODA,08,KYAM BARAWA,08,,,,ZF0808
8671,ZAMFARA,KAURA NAMODA,08,SAKAJIKI,09,,,,ZF0809
8672,ZAMFARA,KAURA NAMODA,08,S/BAURA S/MAFARA,10,,,,ZF0810
8673,ZAMFARA,KAURA NAMODA,08,YANKABA,11,,,,ZF0811
8674,ZAMFARA,MARADUN,09,BIRNIN KAYA/DASARA,01,,,,ZF0901
8675,ZAMFARA,MARADUN,09,DAMAGA-FAMAGIWA,02,,,,ZF0902
8676,ZAMFARA,MARADUN,09,FARU/MAGAMI,03,,,,ZF0903
8677,ZAMFARA,MARADUN,09,GORA,04,,,,ZF0904
8678,ZAMFARA,MARADUN,09,GIDAN GOGA,05,,,,ZF0905
8679,ZAMFARA,MARADUN,09,JANBAKO,06,,,,ZF0906
8680,ZAMFARA,MARADUN,09,KAYA,07,,,,ZF0907
8681,ZAMFARA,MARADUN,09,MARADUN NORHT,08,,,,ZF0908
8682,ZAMFARA,MARADUN,09,MARADUN SOUTH,09,,,,ZF0909
8683,ZAMFARA,MARADUN,09,TSIBIRI,10,,,,ZF0910
8684,ZAMFARA,MARU,10,BINDIN,01,,,,ZF1001
8685,ZAMFARA,MARU,10,BINGI,02,,,,ZF1002
8686,ZAMFARA,MARU,10,DAN GULBI,03,,,,ZF1003
8687,ZAMFARA,MARU,10,DAN KURMI,04,,,,ZF1004
8688,ZAMFARA,MARU,10,DAN SADAU,05,,,,ZF1005
8689,ZAMFARA,MARU,10,KANOMA,06,,,,ZF1006
8690,ZAMFARA,MARU,10,KUYAN BANA,07,,,,ZF1007
8691,ZAMFARA,MARU,10,MARU,08,,,,ZF1008
8692,ZAMFARA,MARU,10,MAYANCHI,09,,,,ZF1009
8693,ZAMFARA,MARU,10,RUWAN DORAWA,10,,,,ZF1010
8694,ZAMFARA,SHINKAFI,11,BADARAWA,01,,,,ZF1101
8695,ZAMFARA,SHINKAFI,11,CHIKI,02,,,,ZF1102
8696,ZAMFARA,SHINKAFI,11,GALADI,03,,,,ZF1103
8697,ZAMFARA,SHINKAFI,11,JANGERU,04,,,,ZF1104
8698,ZAMFARA,SHINKAFI,11,KATURU,05,,,,ZF1105
8699,ZAMFARA,SHINKAFI,11,KWARE,06,,,,ZF1106
8700,ZAMFARA,SHINKAFI,11,KURYA,07,,,,ZF1107
8701,ZAMFARA,SHINKAFI,11,SHINKAFI NORTH,08,,,,ZF1108
8702,ZAMFARA,SHINKAFI,11,SHINKAFI SOUTH,09,,,,ZF1109
8703,ZAMFARA,SHINKAFI,11,SHANAWA,10,,,,ZF1110
8704,ZAMFARA,TALATA MAFARA,12,GARBADU,01,,,,ZF1201
8705,ZAMFARA,TALATA MAFARA,12,GWARAM,02,,,,ZF1202
8706,ZAMFARA,TALATA MAFARA,12,JANGEBE,03,,,,ZF1203
8707,ZAMFARA,TALATA MAFARA,12,KAGARA,04,,,,ZF1204
8708,ZAMFARA,TALATA MAFARA,12,MORAI,05,,,,ZF1205
8709,ZAMFARA,TALATA MAFARA,12,RUWAN BORE,06,,,,ZF1206
8710,ZAMFARA,TALATA MAFARA,12,RUWAN GIZO,07,,,,ZF1207
8711,ZAMFARA,TALATA MAFARA,12,SAUNA R/GORA,08,,,,ZF1208
8712,ZAMFARA,TALATA MAFARA,12,SHIYAR GALADIMA,09,,,,ZF1209
8713,ZAMFARA,TALATA MAFARA,12,SHIYAR KAYAYE/MATUSGI,10,,,,ZF1210
8714,ZAMFARA,TALATA MAFARA,12,TAKE TSABA/MAKERA,11,,,,ZF1211
8715,ZAMFARA,TSAFE,13,KWAREN GANUWA,01,,,,ZF1301
8716,ZAMFARA,TSAFE,13,YAN KUZO ‘’B'’,02,,,,ZF1302
8717,ZAMFARA,TSAFE,13,YANDOTON DAJI,03,,,,ZF1303
8718,ZAMFARA,TSAFE,13,YANKUZO ‘’A’’,04,,,,ZF1304
8719,ZAMFARA,TSAFE,13,DANJIBGA/KUNCHIN-KALGO,05,,,,ZF1305
8720,ZAMFARA,TSAFE,13,DAUKI,06,,,,ZF1306
8721,ZAMFARA,TSAFE,13,KETA/KIZARA,07,,,,ZF1307
8722,ZAMFARA,TSAFE,13,TSAFE,08,,,,ZF1308
8723,ZAMFARA,TSAFE,13,CHEDIYA,09,,,,ZF1309
8724,ZAMFARA,TSAFE,13,YAN WAREN DAJI,10,,,,ZF1310
8725,ZAMFARA,TSAFE,13,BILBIS,11,,,,ZF1311
8726,ZAMFARA,ZURMI,14,BOKO,01,,,,ZF1401
8727,ZAMFARA,ZURMI,14,DAURA/BIRNIN-TSABA,02,,,,ZF1402
8728,ZAMFARA,ZURMI,14,DOLE,03,,,,ZF1403
8729,ZAMFARA,ZURMI,14,GALADIMA/ANRUWA,04,,,,ZF1404
8730,ZAMFARA,ZURMI,14,KANWA,05,,,,ZF1405
8731,ZAMFARA,ZURMI,14,KWASHIBAWA,06,,,,ZF1406
8732,ZAMFARA,ZURMI,14,MASHEMA,07,,,,ZF1407
8733,ZAMFARA,ZURMI,14,KUTURU/MAYASA,08,,,,ZF1408
8734,ZAMFARA,ZURMI,14,RUKUDAWA,09,,,,ZF1409
8735,ZAMFARA,ZURMI,14,YAN BUKI/DUTSI,10,,,,ZF1410
8736,ZAMFARA,ZURMI,14,ZURMI,11,,,,ZF1411
8737,FCT,ABAJI,01,ABAJI CENTRAL,01,,,,FC0101
8738,FCT,ABAJI,01,ABAJI NORTH EAST,02,,,,FC0102
8739,FCT,ABAJI,01,ABAJI SOUTH EAST,03,,,,FC0103
8740,FCT,ABAJI,01,AGYANA/PANDAGI,04,,,,FC0104
8741,FCT,ABAJI,01,RIMBA EBAGI,05,,,,FC0105
8742,FCT,ABAJI,01,NUKU,06,,,,FC0106
8743,FCT,ABAJI,01,ALU MAMAGI,07,,,,FC0107
8744,FCT,ABAJI,01,YABA,08,,,,FC0108
8745,FCT,ABAJI,01,GURDI,09,,,,FC0109
8746,FCT,ABAJI,01,GAWU,10,,,,FC0110
8747,FCT,BWARI,02,BWARI CENTRAL,01,,,,FC0201
8748,FCT,BWARI,02,KUDURU,02,,,,FC0202
8749,FCT,BWARI,02,IGU,03,,,,FC0203
8750,FCT,BWARI,02,SHERE,04,,,,FC0204
8751,FCT,BWARI,02,KAWU,05,,,,FC0205
8752,FCT,BWARI,02,USHAFA,06,,,,FC0206
8753,FCT,BWARI,02,DUTSE ALHAJI,07,,,,FC0207
8754,FCT,BWARI,02,BYAZIN,08,,,,FC0208
8755,FCT,BWARI,02,KUBWA,09,,,,FC0209
8756,FCT,BWARI,02,USUMA,10,,,,FC0210
8757,FCT,GWAGWALADA,03,GWAGWALADA CENTRAL,01,,,,FC0301
8758,FCT,GWAGWALADA,03,KUTUNKU,02,,,,FC0302
8759,FCT,GWAGWALADA,03,STAFF QUARTERS,03,,,,FC0303
8760,FCT,GWAGWALADA,03,IBWA,04,,,,FC0304
8761,FCT,GWAGWALADA,03,DOBI,05,,,,FC0305
8762,FCT,GWAGWALADA,03,PAIKO,06,,,,FC0306
8763,FCT,GWAGWALADA,03,TUNGAN MAJE,07,,,,FC0307
8764,FCT,GWAGWALADA,03,ZUBA,08,,,,FC0308
8765,FCT,GWAGWALADA,03,IKWA,09,,,,FC0309
8766,FCT,GWAGWALADA,03,GWAKO,10,,,,FC0310
8767,FCT,KUJE,04,KUJE,01,,,,FC0401
8768,FCT,KUJE,04,CHIBIRI,02,,,,FC0402
8769,FCT,KUJE,04,GAUBE,03,,,,FC0403
8770,FCT,KUJE,04,KWAKU,04,,,,FC0404
8771,FCT,KUJE,04,KABI,05,,,,FC0405
8772,FCT,KUJE,04,RUBOCHI,06,,,,FC0406
8773,FCT,KUJE,04,GWAGWADA,07,,,,FC0407
8774,FCT,KUJE,04,GUDUN KARYA,08,,,,FC0408
8775,FCT,KUJE,04,KUJEKWA,09,,,,FC0409
8776,FCT,KUJE,04,YENCHE,10,,,,FC0410
8777,FCT,KWALI,05,KWALI,01,,,,FC0501
8778,FCT,KWALI,05,YANGOJI,02,,,,FC0502
8779,FCT,KWALI,05,PAI,03,,,,FC0503
8780,FCT,KWALI,05,KILANKWA,04,,,,FC0504
8781,FCT,KWALI,05,DAFA,05,,,,FC0505
8782,FCT,KWALI,05,KUNDU,06,,,,FC0506
8783,FCT,KWALI,05,ASHARA,07,,,,FC0507
8784,FCT,KWALI,05,GUMBO,08,,,,FC0508
8785,FCT,KWALI,05,WAKO,09,,,,FC0509
8786,FCT,KWALI,05,YEBO,10,,,,FC0510
8787,FCT,MUNICIPAL,06,CITY CENTER,01,,,,FC0601
8788,FCT,MUNICIPAL,06,GARKI,02,,,,FC0602
8789,FCT,MUNICIPAL,06,KABUSA,03,,,,FC0603
8790,FCT,MUNICIPAL,06,WUSE,04,,,,FC0604
8791,FCT,MUNICIPAL,06,GWARINPA,05,,,,FC0605
8792,FCT,MUNICIPAL,06,JIWA,06,,,,FC0606
8793,FCT,MUNICIPAL,06,GUI,07,,,,FC0607
8794,FCT,MUNICIPAL,06,KARSHI,08,,,,FC0608
8795,FCT,MUNICIPAL,06,OROZO,09,,,,FC0609
8796,FCT,MUNICIPAL,06,KARU,10,,,,FC0610
8797,FCT,MUNICIPAL,06,NYANYA,11,,,,FC0611
8798,FCT,MUNICIPAL,06,GWAGWA,12,,,,FC0612