#,WARD NAME,WARD CODE,LGA NAME,LGA CODE,State Constituency,,Federal Constituency,,Senatorial District,,STATE
1,EZIAMA,01,ABA NORTH,01,ABA NORTH,SC/01/AB,Aba North/Aba South,FC/001/AB,ABIA SOUTH,SD/003/AB,ABIA
2,INDUSTRIAL AREA,02,ABA NORTH,01,ABA NORTH,SC/01/AB,Aba North/Aba South,FC/001/AB,ABIA SOUTH,SD/003/AB,ABIA
3,OSUSU I,03,ABA NORTH,01,ABA NORTH,SC/01/AB,Aba North/Aba South,FC/001/AB,ABIA SOUTH,SD/003/AB,ABIA
4,OSUSU II,04,ABA NORTH,01,ABA NORTH,SC/01/AB,Aba North/Aba South,FC/001/AB,ABIA SOUTH,SD/003/AB,ABIA
5,ST. EUGENES BY OKIGWE RD,05,ABA NORTH,01,ABA NORTH,SC/01/AB,Aba North/Aba South,FC/001/AB,ABIA SOUTH,SD/003/AB,ABIA
6,URATTA,06,ABA NORTH,01,,,Aba North/Aba South,FC/001/AB,ABIA SOUTH,SD/003/AB,ABIA
7,OLD ABA GRA,07,ABA NORTH,01,ABA NORTH,SC/01/AB,Aba North/Aba South,FC/001/AB,ABIA SOUTH,SD/003/AB,ABIA
8,UMUOLA,08,ABA NORTH,01,ABA CENTRAL,SC/03/AB,Aba North/Aba South,FC/001/AB,ABIA SOUTH,SD/003/AB,ABIA
9,ARIARIA MARKET,09,ABA NORTH,01,,,Aba North/Aba South,FC/001/AB,ABIA SOUTH,SD/003/AB,ABIA
10,OGBOR I,10,ABA NORTH,01,ABA CENTRAL,SC/03/AB,Aba North/Aba South,FC/001/AB,ABIA SOUTH,SD/003/AB,ABIA
11,OGBOR II,11,ABA NORTH,01,ABA CENTRAL,SC/03/AB,Aba North/Aba South,FC/001/AB,ABIA SOUTH,SD/003/AB,ABIA
12,UMUOGOR,12,ABA NORTH,01,ABA NORTH,SC/01/AB,Aba North/Aba South,FC/001/AB,ABIA SOUTH,SD/003/AB,ABIA
13,EZIUKWU,01,ABA SOUTH,02,,,Aba North/Aba South,FC/001/AB,ABIA SOUTH,SD/003/AB,ABIA
14,ASA,02,ABA SOUTH,02,,,Aba North/Aba South,FC/001/AB,ABIA SOUTH,SD/003/AB,ABIA
15,ENYIAMA,03,ABA SOUTH,02,,,Aba North/Aba South,FC/001/AB,ABIA SOUTH,SD/003/AB,ABIA
16,NGWA,04,ABA SOUTH,02,ABA SOUTH,SC/02/AB,Aba North/Aba South,FC/001/AB,ABIA SOUTH,SD/003/AB,ABIA
17,OHAZU I,05,ABA SOUTH,02,ABA SOUTH,SC/02/AB,Aba North/Aba South,FC/001/AB,ABIA SOUTH,SD/003/AB,ABIA
18,OHAZU II,06,ABA SOUTH,02,ABA SOUTH,SC/02/AB,Aba North/Aba South,FC/001/AB,ABIA SOUTH,SD/003/AB,ABIA
19,IGWEBUIKE,07,ABA SOUTH,02,ABA SOUTH,SC/02/AB,Aba North/Aba South,FC/001/AB,ABIA SOUTH,SD/003/AB,ABIA
20,EKEOHA,08,ABA SOUTH,02,,,Aba North/Aba South,FC/001/AB,ABIA SOUTH,SD/003/AB,ABIA
21,GLOUCHESTER,09,ABA SOUTH,02,ABA CENTRAL,SC/03/AB,Aba North/Aba South,FC/001/AB,ABIA SOUTH,SD/003/AB,ABIA
22,MOSQUE,10,ABA SOUTH,02,ABA CENTRAL,SC/03/AB,Aba North/Aba South,FC/001/AB,ABIA SOUTH,SD/003/AB,ABIA
23,ABA RIVER,11,ABA SOUTH,02,,,Aba North/Aba South,FC/001/AB,ABIA SOUTH,SD/003/AB,ABIA
24,ABA TOWN HALL,12,ABA SOUTH,02,ABA CENTRAL,SC/03/AB,Aba North/Aba South,FC/001/AB,ABIA SOUTH,SD/003/AB,ABIA
25,OVUKWU,01,AROCHUKWU,03,AROCHUKWU,SC/04/AB,Arochukwu/Ohafia,FC/002/AB,ABIA NORTH,SD/001/AB,ABIA
26,OHAEKE,02,AROCHUKWU,03,AROCHUKWU,SC/04/AB,Arochukwu/Ohafia,FC/002/AB,ABIA NORTH,SD/001/AB,ABIA
27,OHAFOR I,03,AROCHUKWU,03,AROCHUKWU,SC/04/AB,Arochukwu/Ohafia,FC/002/AB,ABIA NORTH,SD/001/AB,ABIA
28,OHAFOR II,04,AROCHUKWU,03,AROCHUKWU,SC/04/AB,Arochukwu/Ohafia,FC/002/AB,ABIA NORTH,SD/001/AB,ABIA
29,AROCHUKWU I,05,AROCHUKWU,03,AROCHUKWU,SC/04/AB,Arochukwu/Ohafia,FC/002/AB,ABIA NORTH,SD/001/AB,ABIA
30,AROCHUKWU II,06,AROCHUKWU,03,AROCHUKWU,SC/04/AB,Arochukwu/Ohafia,FC/002/AB,ABIA NORTH,SD/001/AB,ABIA
31,IKWUN IHECHIOWA,07,AROCHUKWU,03,AROCHUKWU,SC/04/AB,Arochukwu/Ohafia,FC/002/AB,ABIA NORTH,SD/001/AB,ABIA
32,ELEOHA IHECHIOWA,08,AROCHUKWU,03,AROCHUKWU,SC/04/AB,Arochukwu/Ohafia,FC/002/AB,ABIA NORTH,SD/001/AB,ABIA
33,UTUTU,09,AROCHUKWU,03,AROCHUKWU,SC/04/AB,Arochukwu/Ohafia,FC/002/AB,ABIA NORTH,SD/001/AB,ABIA
34,ISU,10,AROCHUKWU,03,AROCHUKWU,SC/04/AB,Arochukwu/Ohafia,FC/002/AB,ABIA NORTH,SD/001/AB,ABIA
35,AROCHUKWU III,11,AROCHUKWU,03,AROCHUKWU,SC/04/AB,Arochukwu/Ohafia,FC/002/AB,ABIA NORTH,SD/001/AB,ABIA
36,AMINKALU/AKOLIUFU,01,BENDE,04,BENDE NORTH,SC/05/AB,Bende,FC/003/AB,ABIA NORTH,SD/001/AB,ABIA
37,BENDE,02,BENDE,04,BENDE NORTH,SC/05/AB,Bende,FC/003/AB,ABIA NORTH,SD/001/AB,ABIA
38,UGWUEKE/EZEUKWU,03,BENDE,04,BENDE NORTH,SC/05/AB,Bende,FC/003/AB,ABIA NORTH,SD/001/AB,ABIA
39,IGBERE ‘A’,04,BENDE,04,BENDE NORTH,SC/05/AB,Bende,FC/003/AB,ABIA NORTH,SD/001/AB,ABIA
40,IGBERE ‘B’,05,BENDE,04,BENDE NORTH,SC/05/AB,Bende,FC/003/AB,ABIA NORTH,SD/001/AB,ABIA
41,ITEM ‘A’,06,BENDE,04,BENDE NORTH,SC/05/AB,Bende,FC/003/AB,ABIA NORTH,SD/001/AB,ABIA
42,ITEM ‘B’,07,BENDE,04,BENDE SOUTH,SC/06/AB,Bende,FC/003/AB,ABIA NORTH,SD/001/AB,ABIA
43,ITEM ‘C’,08,BENDE,04,BENDE SOUTH,SC/06/AB,Bende,FC/003/AB,ABIA NORTH,SD/001/AB,ABIA
44,ITUMBAUZO,09,BENDE,04,BENDE SOUTH,SC/06/AB,Bende,FC/003/AB,ABIA NORTH,SD/001/AB,ABIA
45,OZUITEM,10,BENDE,04,BENDE SOUTH,SC/06/AB,Bende,FC/003/AB,ABIA NORTH,SD/001/AB,ABIA
46,UMUHU/EZECHI,11,BENDE,04,,,Bende,FC/003/AB,ABIA NORTH,SD/001/AB,ABIA
47,UMU-IMENYI,12,BENDE,04,,,Bende,FC/003/AB,ABIA NORTH,SD/001/AB,ABIA
48,UZUAKOLI,13,BENDE,04,,,Bende,FC/003/AB,ABIA NORTH,SD/001/AB,ABIA
49,OLOKO I,01,IKWUANO,05,IKWUANO,SC/07/AB,Umuahia North/ Umuahia South/ Ikwuano,FC/007/AB,ABIA CENTRAL,SD/002/AB,ABIA
50,OLOKO II,02,IKWUANO,05,IKWUANO,SC/07/AB,Umuahia North/ Umuahia South/ Ikwuano,FC/007/AB,ABIA CENTRAL,SD/002/AB,ABIA
51,IBERE I,03,IKWUANO,05,IKWUANO,SC/07/AB,Umuahia North/ Umuahia South/ Ikwuano,FC/007/AB,ABIA CENTRAL,SD/002/AB,ABIA
52,IBERE II,04,IKWUANO,05,IKWUANO,SC/07/AB,Umuahia North/ Umuahia South/ Ikwuano,FC/007/AB,ABIA CENTRAL,SD/002/AB,ABIA
53,OBORO I,05,IKWUANO,05,IKWUANO,SC/07/AB,Umuahia North/ Umuahia South/ Ikwuano,FC/007/AB,ABIA CENTRAL,SD/002/AB,ABIA
54,OBORO II,06,IKWUANO,05,IKWUANO,SC/07/AB,Umuahia North/ Umuahia South/ Ikwuano,FC/007/AB,ABIA CENTRAL,SD/002/AB,ABIA
55,OBORO III,07,IKWUANO,05,IKWUANO,SC/07/AB,Umuahia North/ Umuahia South/ Ikwuano,FC/007/AB,ABIA CENTRAL,SD/002/AB,ABIA
56,OBORO IV,08,IKWUANO,05,IKWUANO,SC/07/AB,Umuahia North/ Umuahia South/ Ikwuano,FC/007/AB,ABIA CENTRAL,SD/002/AB,ABIA
57,ARIAM,09,IKWUANO,05,IKWUANO,SC/07/AB,Umuahia North/ Umuahia South/ Ikwuano,FC/007/AB,ABIA CENTRAL,SD/002/AB,ABIA
58,USAKA,10,IKWUANO,05,IKWUANO,SC/07/AB,Umuahia North/ Umuahia South/ Ikwuano,FC/007/AB,ABIA CENTRAL,SD/002/AB,ABIA
59,AMASAA NSULU,01,ISIALA NGWA NORTH,06,ISIALA NGWA NORTH,SC/08/AB,Isiala Ngwa North /Isiala Ngwa South,FC/004/AB,ABIA CENTRAL,SD/002/AB,ABIA
60,UMUNNA NSULU,02,ISIALA NGWA NORTH,06,ISIALA NGWA NORTH,SC/08/AB,Isiala Ngwa North /Isiala Ngwa South,FC/004/AB,ABIA CENTRAL,SD/002/AB,ABIA
61,ISIALA NSULU,03,ISIALA NGWA NORTH,06,ISIALA NGWA NORTH,SC/08/AB,Isiala Ngwa North /Isiala Ngwa South,FC/004/AB,ABIA CENTRAL,SD/002/AB,ABIA
62,NGWA UKWU II,04,ISIALA NGWA NORTH,06,ISIALA NGWA NORTH,SC/08/AB,Isiala Ngwa North /Isiala Ngwa South,FC/004/AB,ABIA CENTRAL,SD/002/AB,ABIA
63,NGWA UKWU I,05,ISIALA NGWA NORTH,06,ISIALA NGWA NORTH,SC/08/AB,Isiala Ngwa North /Isiala Ngwa South,FC/004/AB,ABIA CENTRAL,SD/002/AB,ABIA
64,IJIE,06,ISIALA NGWA NORTH,06,ISIALA NGWA NORTH,SC/08/AB,Isiala Ngwa North /Isiala Ngwa South,FC/004/AB,ABIA CENTRAL,SD/002/AB,ABIA
65,AMASAA NTIGHA,07,ISIALA NGWA NORTH,06,ISIALA NGWA NORTH,SC/08/AB,Isiala Ngwa North /Isiala Ngwa South,FC/004/AB,ABIA CENTRAL,SD/002/AB,ABIA
66,AMAPU NTIGHA,08,ISIALA NGWA NORTH,06,ISIALA NGWA NORTH,SC/08/AB,Isiala Ngwa North /Isiala Ngwa South,FC/004/AB,ABIA CENTRAL,SD/002/AB,ABIA
67,UMUOHA,09,ISIALA NGWA NORTH,06,ISIALA NGWA NORTH,SC/08/AB,Isiala Ngwa North /Isiala Ngwa South,FC/004/AB,ABIA CENTRAL,SD/002/AB,ABIA
68,MBAWSI/UMUOMA INTA,10,ISIALA NGWA NORTH,06,ISIALA NGWA NORTH,SC/08/AB,Isiala Ngwa North /Isiala Ngwa South,FC/004/AB,ABIA CENTRAL,SD/002/AB,ABIA
69,AMAISE/AMAISE AIYABA,01,ISIALA NGWA SOUTH,07,ISIALA NGWA SOUTH,SC/09/AB,Isiala Ngwa North /Isiala Ngwa South,FC/004/AB,ABIA CENTRAL,SD/002/AB,ABIA
70,NGWAOBI,02,ISIALA NGWA SOUTH,07,ISIALA NGWA SOUTH,SC/09/AB,Isiala Ngwa North /Isiala Ngwa South,FC/004/AB,ABIA CENTRAL,SD/002/AB,ABIA
71,MBUTU UKWU,03,ISIALA NGWA SOUTH,07,ISIALA NGWA SOUTH,SC/09/AB,Isiala Ngwa North /Isiala Ngwa South,FC/004/AB,ABIA CENTRAL,SD/002/AB,ABIA
72,MBUTU NGWA,04,ISIALA NGWA SOUTH,07,ISIALA NGWA SOUTH,SC/09/AB,Isiala Ngwa North /Isiala Ngwa South,FC/004/AB,ABIA CENTRAL,SD/002/AB,ABIA
73,EHI NA GURU OSOKWA,05,ISIALA NGWA SOUTH,07,ISIALA NGWA SOUTH,SC/09/AB,Isiala Ngwa North /Isiala Ngwa South,FC/004/AB,ABIA CENTRAL,SD/002/AB,ABIA
74,AKUNEKPU EZIAMA,06,ISIALA NGWA SOUTH,07,ISIALA NGWA SOUTH,SC/09/AB,Isiala Ngwa North /Isiala Ngwa South,FC/004/AB,ABIA CENTRAL,SD/002/AB,ABIA
75,NA OBUBA,07,ISIALA NGWA SOUTH,07,ISIALA NGWA SOUTH,SC/09/AB,Isiala Ngwa North /Isiala Ngwa South,FC/004/AB,ABIA CENTRAL,SD/002/AB,ABIA
76,OVUNGWU,08,ISIALA NGWA SOUTH,07,ISIALA NGWA SOUTH,SC/09/AB,Isiala Ngwa North /Isiala Ngwa South,FC/004/AB,ABIA CENTRAL,SD/002/AB,ABIA
77,OVUOKWU,09,ISIALA NGWA SOUTH,07,ISIALA NGWA SOUTH,SC/09/AB,Isiala Ngwa North /Isiala Ngwa South,FC/004/AB,ABIA CENTRAL,SD/002/AB,ABIA
78,OKPORO AHABA,10,ISIALA NGWA SOUTH,07,ISIALA NGWA SOUTH,SC/09/AB,Isiala Ngwa North /Isiala Ngwa South,FC/004/AB,ABIA CENTRAL,SD/002/AB,ABIA
79,IMENYI,01,ISUIKWUATO,08,ISUIKWUATO,SC/10/AB,Isuikwuato/Umu-Nneochi,FC/005/AB,ABIA NORTH,SD/001/AB,ABIA
80,EZERE,02,ISUIKWUATO,08,ISUIKWUATO,SC/10/AB,Isuikwuato/Umu-Nneochi,FC/005/AB,ABIA NORTH,SD/001/AB,ABIA
81,ISIALA-AMAWU,03,ISUIKWUATO,08,ISUIKWUATO,SC/10/AB,Isuikwuato/Umu-Nneochi,FC/005/AB,ABIA NORTH,SD/001/AB,ABIA
82,ISU-AMAWU,04,ISUIKWUATO,08,ISUIKWUATO,SC/10/AB,Isuikwuato/Umu-Nneochi,FC/005/AB,ABIA NORTH,SD/001/AB,ABIA
83,OGUDUASA,05,ISUIKWUATO,08,ISUIKWUATO,SC/10/AB,Isuikwuato/Umu-Nneochi,FC/005/AB,ABIA NORTH,SD/001/AB,ABIA
84,UMUNNEKWU,06,ISUIKWUATO,08,ISUIKWUATO,SC/10/AB,Isuikwuato/Umu-Nneochi,FC/005/AB,ABIA NORTH,SD/001/AB,ABIA
85,ACHARA/MBAUGWU,07,ISUIKWUATO,08,ISUIKWUATO,SC/10/AB,Isuikwuato/Umu-Nneochi,FC/005/AB,ABIA NORTH,SD/001/AB,ABIA
86,IKEAGHA I,08,ISUIKWUATO,08,ISUIKWUATO,SC/10/AB,Isuikwuato/Umu-Nneochi,FC/005/AB,ABIA NORTH,SD/001/AB,ABIA
87,IKEAGHA II,09,ISUIKWUATO,08,ISUIKWUATO,SC/10/AB,Isuikwuato/Umu-Nneochi,FC/005/AB,ABIA NORTH,SD/001/AB,ABIA
88,UMUANYI/ABSU,10,ISUIKWUATO,08,ISUIKWUATO,SC/10/AB,Isuikwuato/Umu-Nneochi,FC/005/AB,ABIA NORTH,SD/001/AB,ABIA
89,ABAYI I,01,OBINGWA,09,OBINGWA EAST,SC/11/AB,Obingwa/Ugwunagbo/Osisioma,FC/006/AB,ABIA SOUTH,SD/003/AB,ABIA
90,ABAYI II,02,OBINGWA,09,OBINGWA EAST,SC/11/AB,Obingwa/Ugwunagbo/Osisioma,FC/006/AB,ABIA SOUTH,SD/003/AB,ABIA
91,MGBOKO UMUANUNU,03,OBINGWA,09,OBINGWA EAST,SC/11/AB,Obingwa/Ugwunagbo/Osisioma,FC/006/AB,ABIA SOUTH,SD/003/AB,ABIA
92,MGBOKO ITUN GWA,04,OBINGWA,09,OBINGWA EAST,SC/11/AB,Obingwa/Ugwunagbo/Osisioma,FC/006/AB,ABIA SOUTH,SD/003/AB,ABIA
93,AHIABA,05,OBINGWA,09,OBINGWA EAST,SC/11/AB,Obingwa/Ugwunagbo/Osisioma,FC/006/AB,ABIA SOUTH,SD/003/AB,ABIA
94,MGBOKO AMAIRI,06,OBINGWA,09,OBINGWA WEST,SC/12/AB,Obingwa/Ugwunagbo/Osisioma,FC/006/AB,ABIA SOUTH,SD/003/AB,ABIA
95,ALAUKWU OHANZE,07,OBINGWA,09,OBINGWA WEST,SC/12/AB,Obingwa/Ugwunagbo/Osisioma,FC/006/AB,ABIA SOUTH,SD/003/AB,ABIA
96,AKUMAIMO,08,OBINGWA,09,OBINGWA WEST,SC/12/AB,Obingwa/Ugwunagbo/Osisioma,FC/006/AB,ABIA SOUTH,SD/003/AB,ABIA
97,NDIAKATA/AMAIRINABUA,09,OBINGWA,09,OBINGWA WEST,SC/12/AB,Obingwa/Ugwunagbo/Osisioma,FC/006/AB,ABIA SOUTH,SD/003/AB,ABIA
98,NTIGHAUZO AMAIRI,10,OBINGWA,09,OBINGWA WEST,SC/12/AB,Obingwa/Ugwunagbo/Osisioma,FC/006/AB,ABIA SOUTH,SD/003/AB,ABIA
99,IBEME,11,OBINGWA,09,,,Obingwa/Ugwunagbo/Osisioma,FC/006/AB,ABIA SOUTH,SD/003/AB,ABIA
100,ISAMA OHAFIA,01,OHAFIA,10,OHAFIA NORTH,SC/13/AB,Arochukwu/Ohafia,FC/002/AB,ABIA NORTH,SD/001/AB,ABIA
101,EBEM OHAFIA,02,OHAFIA,10,OHAFIA NORTH,SC/13/AB,Arochukwu/Ohafia,FC/002/AB,ABIA NORTH,SD/001/AB,ABIA
102,NDI ELU NKPORO,03,OHAFIA,10,OHAFIA NORTH,SC/13/AB,Arochukwu/Ohafia,FC/002/AB,ABIA NORTH,SD/001/AB,ABIA
103,NDI ETITI NKPORO,04,OHAFIA,10,OHAFIA NORTH,SC/13/AB,Arochukwu/Ohafia,FC/002/AB,ABIA NORTH,SD/001/AB,ABIA
104,AMAEKE ABIRIBA,05,OHAFIA,10,OHAFIA NORTH,SC/13/AB,Arochukwu/Ohafia,FC/002/AB,ABIA NORTH,SD/001/AB,ABIA
105,AMAOGUDU ABIRIBA,06,OHAFIA,10,OHAFIA NORTH,SC/13/AB,Arochukwu/Ohafia,FC/002/AB,ABIA NORTH,SD/001/AB,ABIA
106,AGBOJI ABIRIBA,07,OHAFIA,10,OHAFIA SOUTH,SC/14/AB,Arochukwu/Ohafia,FC/002/AB,ABIA NORTH,SD/001/AB,ABIA
107,OHAFOR OHAFIA,08,OHAFIA,10,OHAFIA SOUTH,SC/14/AB,Arochukwu/Ohafia,FC/002/AB,ABIA NORTH,SD/001/AB,ABIA
108,OKAMU OHAFIA,09,OHAFIA,10,OHAFIA SOUTH,SC/14/AB,Arochukwu/Ohafia,FC/002/AB,ABIA NORTH,SD/001/AB,ABIA
109,ANIA OHAFIA,10,OHAFIA,10,OHAFIA SOUTH,SC/14/AB,Arochukwu/Ohafia,FC/002/AB,ABIA NORTH,SD/001/AB,ABIA
110,NDI AGBO NKPORO,11,OHAFIA,10,OHAFIA SOUTH,SC/14/AB,Arochukwu/Ohafia,FC/002/AB,ABIA NORTH,SD/001/AB,ABIA
111,AMAVO,01,OSISIOMA,11,OSISIOMA SOUTH,SC/16/AB,Obingwa/Ugwunagbo/Osisioma,FC/006/AB,ABIA SOUTH,SD/003/AB,ABIA
112,AMAITOLU-MBUTU UMUOJIMA,02,OSISIOMA,11,OSISIOMA SOUTH,SC/16/AB,Obingwa/Ugwunagbo/Osisioma,FC/006/AB,ABIA SOUTH,SD/003/AB,ABIA
113,AMASATOR,03,OSISIOMA,11,OSISIOMA SOUTH,SC/16/AB,Obingwa/Ugwunagbo/Osisioma,FC/006/AB,ABIA SOUTH,SD/003/AB,ABIA
114,ARO-NGWA,04,OSISIOMA,11,OSISIOMA SOUTH,SC/16/AB,Obingwa/Ugwunagbo/Osisioma,FC/006/AB,ABIA SOUTH,SD/003/AB,ABIA
115,AMA-ASAA,05,OSISIOMA,11,OSISIOMA SOUTH,SC/16/AB,Obingwa/Ugwunagbo/Osisioma,FC/006/AB,ABIA SOUTH,SD/003/AB,ABIA
116,OSO-OKWA,06,OSISIOMA,11,OSISIOMA SOUTH,SC/16/AB,Obingwa/Ugwunagbo/Osisioma,FC/006/AB,ABIA SOUTH,SD/003/AB,ABIA
117,URATTA,07,OSISIOMA,11,OSISIOMA SOUTH,SC/16/AB,Obingwa/Ugwunagbo/Osisioma,FC/006/AB,ABIA SOUTH,SD/003/AB,ABIA
118,AMATOR,08,OSISIOMA,11,OSISIOMA SOUTH,SC/16/AB,Obingwa/Ugwunagbo/Osisioma,FC/006/AB,ABIA SOUTH,SD/003/AB,ABIA
119,UMUNNEISE,09,OSISIOMA,11,OSISIOMA NORTH,SC/15/AB,Obingwa/Ugwunagbo/Osisioma,FC/006/AB,ABIA SOUTH,SD/003/AB,ABIA
120,OKPU-UMUOBO,10,OSISIOMA,11,OSISIOMA NORTH,SC/15/AB,Obingwa/Ugwunagbo/Osisioma,FC/006/AB,ABIA SOUTH,SD/003/AB,ABIA
,,11,OSISIOMA,11,OSISIOMA NORTH,SC/15/AB,Obingwa/Ugwunagbo/Osisioma,FC/006/AB,ABIA SOUTH,SD/003/AB,
,,12,OSISIOMA,11,OSISIOMA NORTH,SC/15/AB,Obingwa/Ugwunagbo/Osisioma,FC/006/AB,ABIA SOUTH,SD/003/AB,
,,13,OSISIOMA,11,OSISIOMA NORTH,SC/15/AB,Obingwa/Ugwunagbo/Osisioma,FC/006/AB,ABIA SOUTH,SD/003/AB,
121,WARD ONE,01,UGWUNAGBO,12,UGWUNA AGBO L.G.A,SC/18/AB,Obingwa/Ugwunagbo/Osisioma,FC/006/AB,ABIA SOUTH,SD/003/AB,ABIA
122,WARD TWO,02,UGWUNAGBO,12,UGWUNA AGBO L.G.A,SC/18/AB,Obingwa/Ugwunagbo/Osisioma,FC/006/AB,ABIA SOUTH,SD/003/AB,ABIA
123,WARD THREE,03,UGWUNAGBO,12,UGWUNA AGBO L.G.A,SC/18/AB,Obingwa/Ugwunagbo/Osisioma,FC/006/AB,ABIA SOUTH,SD/003/AB,ABIA
124,WARD FOUR,04,UGWUNAGBO,12,UGWUNA AGBO L.G.A,SC/18/AB,Obingwa/Ugwunagbo/Osisioma,FC/006/AB,ABIA SOUTH,SD/003/AB,ABIA
125,WARD FIVE,05,UGWUNAGBO,12,UGWUNA AGBO L.G.A,SC/18/AB,Obingwa/Ugwunagbo/Osisioma,FC/006/AB,ABIA SOUTH,SD/003/AB,ABIA
126,WARD SIX,06,UGWUNAGBO,12,UGWUNA AGBO L.G.A,SC/18/AB,Obingwa/Ugwunagbo/Osisioma,FC/006/AB,ABIA SOUTH,SD/003/AB,ABIA
127,WARD SEVEN,07,UGWUNAGBO,12,UGWUNA AGBO L.G.A,SC/18/AB,Obingwa/Ugwunagbo/Osisioma,FC/006/AB,ABIA SOUTH,SD/003/AB,ABIA
128,WARD EIGHT,08,UGWUNAGBO,12,UGWUNA AGBO L.G.A,SC/18/AB,Obingwa/Ugwunagbo/Osisioma,FC/006/AB,ABIA SOUTH,SD/003/AB,ABIA
129,WARD NINE,09,UGWUNAGBO,12,UGWUNA AGBO L.G.A,SC/18/AB,Obingwa/Ugwunagbo/Osisioma,FC/006/AB,ABIA SOUTH,SD/003/AB,ABIA
130,WARD TEN,10,UGWUNAGBO,12,UGWUNA AGBO L.G.A,SC/18/AB,Obingwa/Ugwunagbo/Osisioma,FC/006/AB,ABIA SOUTH,SD/003/AB,ABIA
131,IKWURIATOR EAST,01,UKWA EAST,13,UKWA EAST,SC/19/AB,Ukwa East/Ukwa West,FC/008/AB,ABIA SOUTH,SD/003/AB,ABIA
132,IKURIATOR WEST,02,UKWA EAST,13,UKWA EAST,SC/19/AB,Ukwa East/Ukwa West,FC/008/AB,ABIA SOUTH,SD/003/AB,ABIA
133,AZUMINI,03,UKWA EAST,13,UKWA EAST,SC/19/AB,Ukwa East/Ukwa West,FC/008/AB,ABIA SOUTH,SD/003/AB,ABIA
134,UMUIGUBE ACHARA,04,UKWA EAST,13,UKWA EAST,SC/19/AB,Ukwa East/Ukwa West,FC/008/AB,ABIA SOUTH,SD/003/AB,ABIA
135,AKWETE,05,UKWA EAST,13,UKWA EAST,SC/19/AB,Ukwa East/Ukwa West,FC/008/AB,ABIA SOUTH,SD/003/AB,ABIA
136,OBOHIA,06,UKWA EAST,13,UKWA EAST,SC/19/AB,Ukwa East/Ukwa West,FC/008/AB,ABIA SOUTH,SD/003/AB,ABIA
137,IKWUEKE EAST,07,UKWA EAST,13,UKWA EAST,SC/19/AB,Ukwa East/Ukwa West,FC/008/AB,ABIA SOUTH,SD/003/AB,ABIA
138,IKWUEKE WEST,08,UKWA EAST,13,UKWA EAST,SC/19/AB,Ukwa East/Ukwa West,FC/008/AB,ABIA SOUTH,SD/003/AB,ABIA
139,NKPOROBE/OHURU,09,UKWA EAST,13,UKWA EAST,SC/19/AB,Ukwa East/Ukwa West,FC/008/AB,ABIA SOUTH,SD/003/AB,ABIA
140,IKWUORIE,10,UKWA EAST,13,UKWA EAST,SC/19/AB,Ukwa East/Ukwa West,FC/008/AB,ABIA SOUTH,SD/003/AB,ABIA
141,ASA NORTH,01,UKWA WEST,14,UKWA WEST,SC/20/AB,Ukwa East/Ukwa West,FC/008/AB,ABIA SOUTH,SD/003/AB,ABIA
142,OBOKWE,02,UKWA WEST,14,UKWA WEST,SC/20/AB,Ukwa East/Ukwa West,FC/008/AB,ABIA SOUTH,SD/003/AB,ABIA
143,OGWE,03,UKWA WEST,14,UKWA WEST,SC/20/AB,Ukwa East/Ukwa West,FC/008/AB,ABIA SOUTH,SD/003/AB,ABIA
144,ASA SOUTH,04,UKWA WEST,14,UKWA WEST,SC/20/AB,Ukwa East/Ukwa West,FC/008/AB,ABIA SOUTH,SD/003/AB,ABIA
145,OBUZOR,05,UKWA WEST,14,UKWA WEST,SC/20/AB,Ukwa East/Ukwa West,FC/008/AB,ABIA SOUTH,SD/003/AB,ABIA
146,IPU WEST,06,UKWA WEST,14,UKWA WEST,SC/20/AB,Ukwa East/Ukwa West,FC/008/AB,ABIA SOUTH,SD/003/AB,ABIA
147,IPU EAST,07,UKWA WEST,14,UKWA WEST,SC/20/AB,Ukwa East/Ukwa West,FC/008/AB,ABIA SOUTH,SD/003/AB,ABIA
148,IPU SOUTH,08,UKWA WEST,14,UKWA WEST,SC/20/AB,Ukwa East/Ukwa West,FC/008/AB,ABIA SOUTH,SD/003/AB,ABIA
149,OZAA UKWU,09,UKWA WEST,14,UKWA WEST,SC/20/AB,Ukwa East/Ukwa West,FC/008/AB,ABIA SOUTH,SD/003/AB,ABIA
150,OZAA WEST,10,UKWA WEST,14,UKWA WEST,SC/20/AB,Ukwa East/Ukwa West,FC/008/AB,ABIA SOUTH,SD/003/AB,ABIA
151,IBEKU EAST I,01,UMUAHIA NORTH,15,,,Umuahia North/ Umuahia South/ Ikwuano,FC/007/AB,ABIA CENTRAL,SD/002/AB,ABIA
152,IBEKU EAST II,02,UMUAHIA NORTH,15,,,Umuahia North/ Umuahia South/ Ikwuano,FC/007/AB,ABIA CENTRAL,SD/002/AB,ABIA
153,NDUME,03,UMUAHIA NORTH,15,,,Umuahia North/ Umuahia South/ Ikwuano,FC/007/AB,ABIA CENTRAL,SD/002/AB,ABIA
154,IBEKU WEST,04,UMUAHIA NORTH,15,,,Umuahia North/ Umuahia South/ Ikwuano,FC/007/AB,ABIA CENTRAL,SD/002/AB,ABIA
155,UMUAHIA URBAN I,05,UMUAHIA NORTH,15,,,Umuahia North/ Umuahia South/ Ikwuano,FC/007/AB,ABIA CENTRAL,SD/002/AB,ABIA
156,UMUAHIA URBAN II,06,UMUAHIA NORTH,15,,,Umuahia North/ Umuahia South/ Ikwuano,FC/007/AB,ABIA CENTRAL,SD/002/AB,ABIA
157,UMUAHIA URBAN III,07,UMUAHIA NORTH,15,,,Umuahia North/ Umuahia South/ Ikwuano,FC/007/AB,ABIA CENTRAL,SD/002/AB,ABIA
158,NKWOACHARA,08,UMUAHIA NORTH,15,,,Umuahia North/ Umuahia South/ Ikwuano,FC/007/AB,ABIA CENTRAL,SD/002/AB,ABIA
159,NKWOEGWU,09,UMUAHIA NORTH,15,,,Umuahia North/ Umuahia South/ Ikwuano,FC/007/AB,ABIA CENTRAL,SD/002/AB,ABIA
160,AFUGIRI,10,UMUAHIA NORTH,15,,,Umuahia North/ Umuahia South/ Ikwuano,FC/007/AB,ABIA CENTRAL,SD/002/AB,ABIA
161,UMUHU,11,UMUAHIA NORTH,15,,,Umuahia North/ Umuahia South/ Ikwuano,FC/007/AB,ABIA CENTRAL,SD/002/AB,ABIA
162,ISINGWU,12,UMUAHIA NORTH,15,,,Umuahia North/ Umuahia South/ Ikwuano,FC/007/AB,ABIA CENTRAL,SD/002/AB,ABIA
163,EZELEKE/OGBO DIUKWU,01,UMUAHIA SOUTH,16,UMUAHIA SOUTH,SC/24/AB,Umuahia North/ Umuahia South/ Ikwuano,FC/007/AB,ABIA CENTRAL,SD/002/AB,ABIA
164,OMAEGWU,02,UMUAHIA SOUTH,16,UMUAHIA SOUTH,SC/24/AB,Umuahia North/ Umuahia South/ Ikwuano,FC/007/AB,ABIA CENTRAL,SD/002/AB,ABIA
165,OHIAOCHA,03,UMUAHIA SOUTH,16,UMUAHIA SOUTH,SC/24/AB,Umuahia North/ Umuahia South/ Ikwuano,FC/007/AB,ABIA CENTRAL,SD/002/AB,ABIA
166,AMIAUKWU I,04,UMUAHIA SOUTH,16,UMUAHIA SOUTH,SC/24/AB,Umuahia North/ Umuahia South/ Ikwuano,FC/007/AB,ABIA CENTRAL,SD/002/AB,ABIA
167,AMIAUKWU II,05,UMUAHIA SOUTH,16,UMUAHIA SOUTH,SC/24/AB,Umuahia North/ Umuahia South/ Ikwuano,FC/007/AB,ABIA CENTRAL,SD/002/AB,ABIA
168,OLD UMUAHIA,06,UMUAHIA SOUTH,16,UMUAHIA SOUTH,SC/24/AB,Umuahia North/ Umuahia South/ Ikwuano,FC/007/AB,ABIA CENTRAL,SD/002/AB,ABIA
169,AMAKAMA,07,UMUAHIA SOUTH,16,UMUAHIA SOUTH,SC/24/AB,Umuahia North/ Umuahia South/ Ikwuano,FC/007/AB,ABIA CENTRAL,SD/002/AB,ABIA
170,UBAKALA ‘A’,08,UMUAHIA SOUTH,16,UMUAHIA SOUTH,SC/24/AB,Umuahia North/ Umuahia South/ Ikwuano,FC/007/AB,ABIA CENTRAL,SD/002/AB,ABIA
171,NSIRIMO,09,UMUAHIA SOUTH,16,UMUAHIA SOUTH,SC/24/AB,Umuahia North/ Umuahia South/ Ikwuano,FC/007/AB,ABIA CENTRAL,SD/002/AB,ABIA
172,UBAKALA ‘B’,10,UMUAHIA SOUTH,16,UMUAHIA SOUTH,SC/24/AB,Umuahia North/ Umuahia South/ Ikwuano,FC/007/AB,ABIA CENTRAL,SD/002/AB,ABIA
173,AMUDA,01,UMU-NNEOCHI,17,UMUNNEOCHI,SC/17/AB,Isuikwuato/Umu-Nneochi,FC/005/AB,ABIA NORTH,SD/001/AB,ABIA
174,UMUAKU,02,UMU-NNEOCHI,17,UMUNNEOCHI,SC/17/AB,Isuikwuato/Umu-Nneochi,FC/005/AB,ABIA NORTH,SD/001/AB,ABIA
175,MBALA/ACHARA,03,UMU-NNEOCHI,17,UMUNNEOCHI,SC/17/AB,Isuikwuato/Umu-Nneochi,FC/005/AB,ABIA NORTH,SD/001/AB,ABIA
176,EZIN GODO,04,UMU-NNEOCHI,17,UMUNNEOCHI,SC/17/AB,Isuikwuato/Umu-Nneochi,FC/005/AB,ABIA NORTH,SD/001/AB,ABIA
177,NDIAWA/UMUELEM/IHIE/AMORIE,05,UMU-NNEOCHI,17,UMUNNEOCHI,SC/17/AB,Isuikwuato/Umu-Nneochi,FC/005/AB,ABIA NORTH,SD/001/AB,ABIA
178,EZIAMA-UGWU,06,UMU-NNEOCHI,17,UMUNNEOCHI,SC/17/AB,Isuikwuato/Umu-Nneochi,FC/005/AB,ABIA NORTH,SD/001/AB,ABIA
179,EZIAMA-AGBO,07,UMU-NNEOCHI,17,UMUNNEOCHI,SC/17/AB,Isuikwuato/Umu-Nneochi,FC/005/AB,ABIA NORTH,SD/001/AB,ABIA
180,UBAHU/AKAWA/AROIKPA,08,UMU-NNEOCHI,17,UMUNNEOCHI,SC/17/AB,Isuikwuato/Umu-Nneochi,FC/005/AB,ABIA NORTH,SD/001/AB,ABIA
181,UMUCHIEZE I,09,UMU-NNEOCHI,17,UMUNNEOCHI,SC/17/AB,Isuikwuato/Umu-Nneochi,FC/005/AB,ABIA NORTH,SD/001/AB,ABIA
182,UMUCHIEZE II,10,UMU-NNEOCHI,17,UMUNNEOCHI,SC/17/AB,Isuikwuato/Umu-Nneochi,FC/005/AB,ABIA NORTH,SD/001/AB,ABIA
183,UMUCHIEZE III,11,UMU-NNEOCHI,17,UMUNNEOCHI,SC/17/AB,Isuikwuato/Umu-Nneochi,FC/005/AB,ABIA NORTH,SD/001/AB,ABIA
184,OBINOLU/OBIAGU/LOMARA,12,UMU-NNEOCHI,17,UMUNNEOCHI,SC/17/AB,Isuikwuato/Umu-Nneochi,FC/005/AB,ABIA NORTH,SD/001/AB,ABIA
185,BILLE,01,DEMSA,01,,,Demsa/Numan/Lamurde,FC/009/AD,ADAMAWA SOUTH,SD/005/AD,ADAMAWA
186,BORRONG,02,DEMSA,01,,,Demsa/Numan/Lamurde,FC/009/AD,ADAMAWA SOUTH,SD/005/AD,ADAMAWA
187,DEMSA,03,DEMSA,01,,,Demsa/Numan/Lamurde,FC/009/AD,ADAMAWA SOUTH,SD/005/AD,ADAMAWA
188,DILLI,04,DEMSA,01,,,Demsa/Numan/Lamurde,FC/009/AD,ADAMAWA SOUTH,SD/005/AD,ADAMAWA
189,DONG,05,DEMSA,01,,,Demsa/Numan/Lamurde,FC/009/AD,ADAMAWA SOUTH,SD/005/AD,ADAMAWA
190,DWAM,06,DEMSA,01,,,Demsa/Numan/Lamurde,FC/009/AD,ADAMAWA SOUTH,SD/005/AD,ADAMAWA
191,GWAMBA,07,DEMSA,01,,,Demsa/Numan/Lamurde,FC/009/AD,ADAMAWA SOUTH,SD/005/AD,ADAMAWA
192,KPASHAM,08,DEMSA,01,,,Demsa/Numan/Lamurde,FC/009/AD,ADAMAWA SOUTH,SD/005/AD,ADAMAWA
193,MBULA-KULI,09,DEMSA,01,,,Demsa/Numan/Lamurde,FC/009/AD,ADAMAWA SOUTH,SD/005/AD,ADAMAWA
194,NASSARAWO DEMSA,10,DEMSA,01,,,Demsa/Numan/Lamurde,FC/009/AD,ADAMAWA SOUTH,SD/005/AD,ADAMAWA
195,BETI,01,FURORE,02,FUFORE/GURIN,SC/38/AD,Furore/Song,FC/010/AD,ADAMAWA CENTRAL,SD/006/AD,ADAMAWA
196,FARANG,02,FURORE,02,FUFORE/GURIN,SC/38/AD,Furore/Song,FC/010/AD,ADAMAWA CENTRAL,SD/006/AD,ADAMAWA
197,FURORE,03,FURORE,02,FUFORE/GURIN,SC/38/AD,Furore/Song,FC/010/AD,ADAMAWA CENTRAL,SD/006/AD,ADAMAWA
198,GURIN,04,FURORE,02,FUFORE/GURIN,SC/38/AD,Furore/Song,FC/010/AD,ADAMAWA CENTRAL,SD/006/AD,ADAMAWA
199,KARLAHI,05,FURORE,02,VERRE,SC/39/AD,Furore/Song,FC/010/AD,ADAMAWA CENTRAL,SD/006/AD,ADAMAWA
200,MAYO-INE,06,FURORE,02,VERRE,SC/39/AD,Furore/Song,FC/010/AD,ADAMAWA CENTRAL,SD/006/AD,ADAMAWA
201,PARIYA,07,FURORE,02,FUFORE/GURIN,SC/38/AD,Furore/Song,FC/010/AD,ADAMAWA CENTRAL,SD/006/AD,ADAMAWA
202,RIBADU,08,FURORE,02,FUFORE/GURIN,SC/38/AD,Furore/Song,FC/010/AD,ADAMAWA CENTRAL,SD/006/AD,ADAMAWA
203,UKI TUKI,09,FURORE,02,VERRE,SC/39/AD,Furore/Song,FC/010/AD,ADAMAWA CENTRAL,SD/006/AD,ADAMAWA
204,WURO BOKKI,10,FURORE,02,FUFORE/GURIN,SC/38/AD,Furore/Song,FC/010/AD,ADAMAWA CENTRAL,SD/006/AD,ADAMAWA
205,YADIM,11,FURORE,02,VERRE,SC/39/AD,Furore/Song,FC/010/AD,ADAMAWA CENTRAL,SD/006/AD,ADAMAWA
206,BAKARI GUSO,01,GANYE,03,GANYE,SC/34/AD,Mayo Belwa/Ganye/Jada /Toungo,FC/011/AD,ADAMAWA SOUTH,SD/005/AD,ADAMAWA
207,GAMU,02,GANYE,03,GANYE,SC/34/AD,Mayo Belwa/Ganye/Jada /Toungo,FC/011/AD,ADAMAWA SOUTH,SD/005/AD,ADAMAWA
208,GANYE I,03,GANYE,03,GANYE,SC/34/AD,Mayo Belwa/Ganye/Jada /Toungo,FC/011/AD,ADAMAWA SOUTH,SD/005/AD,ADAMAWA
209,GANYE II,04,GANYE,03,GANYE,SC/34/AD,Mayo Belwa/Ganye/Jada /Toungo,FC/011/AD,ADAMAWA SOUTH,SD/005/AD,ADAMAWA
210,GURUM,05,GANYE,03,GANYE,SC/34/AD,Mayo Belwa/Ganye/Jada /Toungo,FC/011/AD,ADAMAWA SOUTH,SD/005/AD,ADAMAWA
211,JAGGU,06,GANYE,03,GANYE,SC/34/AD,Mayo Belwa/Ganye/Jada /Toungo,FC/011/AD,ADAMAWA SOUTH,SD/005/AD,ADAMAWA
212,SAGASUMI,07,GANYE,03,GANYE,SC/34/AD,Mayo Belwa/Ganye/Jada /Toungo,FC/011/AD,ADAMAWA SOUTH,SD/005/AD,ADAMAWA
213,SUGU,08,GANYE,03,GANYE,SC/34/AD,Mayo Belwa/Ganye/Jada /Toungo,FC/011/AD,ADAMAWA SOUTH,SD/005/AD,ADAMAWA
214,TIMDORE,09,GANYE,03,GANYE,SC/34/AD,Mayo Belwa/Ganye/Jada /Toungo,FC/011/AD,ADAMAWA SOUTH,SD/005/AD,ADAMAWA
215,YEBBI,10,GANYE,03,GANYE,SC/34/AD,Mayo Belwa/Ganye/Jada /Toungo,FC/011/AD,ADAMAWA SOUTH,SD/005/AD,ADAMAWA
216,DAKRI,01,GEREI,04,GIREI,SC/33/AD,Yola North/Yola South/Girei,FC/016/AD,ADAMAWA CENTRAL,SD/006/AD,ADAMAWA
217,DAMARE,02,GEREI,04,GIREI,SC/33/AD,Yola North/Yola South/Girei,FC/016/AD,ADAMAWA CENTRAL,SD/006/AD,ADAMAWA
218,GEREI I,03,GEREI,04,GIREI,SC/33/AD,Yola North/Yola South/Girei,FC/016/AD,ADAMAWA CENTRAL,SD/006/AD,ADAMAWA
219,GEREI II,04,GEREI,04,GIREI,SC/33/AD,Yola North/Yola South/Girei,FC/016/AD,ADAMAWA CENTRAL,SD/006/AD,ADAMAWA
220,GERENG,05,GEREI,04,GIREI,SC/33/AD,Yola North/Yola South/Girei,FC/016/AD,ADAMAWA CENTRAL,SD/006/AD,ADAMAWA
221,JERA BAKARI,06,GEREI,04,GIREI,SC/33/AD,Yola North/Yola South/Girei,FC/016/AD,ADAMAWA CENTRAL,SD/006/AD,ADAMAWA
222,JERA BONYO,07,GEREI,04,GIREI,SC/33/AD,Yola North/Yola South/Girei,FC/016/AD,ADAMAWA CENTRAL,SD/006/AD,ADAMAWA
223,MODIRE/VINIKILANG,08,GEREI,04,GIREI,SC/33/AD,Yola North/Yola South/Girei,FC/016/AD,ADAMAWA CENTRAL,SD/006/AD,ADAMAWA
224,TAMBO,09,GEREI,04,GIREI,SC/33/AD,Yola North/Yola South/Girei,FC/016/AD,ADAMAWA CENTRAL,SD/006/AD,ADAMAWA
225,WURO DOLE,10,GEREI,04,GIREI,SC/33/AD,Yola North/Yola South/Girei,FC/016/AD,ADAMAWA CENTRAL,SD/006/AD,ADAMAWA
226,BOGA,01,GOMBI,05,GOMBI,SC/44/AD,Gombi/Hong,FC/012/AD,ADAMAWA CENTRAL,SD/006/AD,ADAMAWA
227,DUWA,02,GOMBI,05,GOMBI,SC/44/AD,Gombi/Hong,FC/012/AD,ADAMAWA CENTRAL,SD/006/AD,ADAMAWA
228,GA’ANDA,03,GOMBI,05,GOMBI,SC/44/AD,Gombi/Hong,FC/012/AD,ADAMAWA CENTRAL,SD/006/AD,ADAMAWA
229,GABUN,04,GOMBI,05,GOMBI,SC/44/AD,Gombi/Hong,FC/012/AD,ADAMAWA CENTRAL,SD/006/AD,ADAMAWA
230,GARKIDA,05,GOMBI,05,GOMBI,SC/44/AD,Gombi/Hong,FC/012/AD,ADAMAWA CENTRAL,SD/006/AD,ADAMAWA
231,GOMBI NORTH,06,GOMBI,05,GOMBI,SC/44/AD,Gombi/Hong,FC/012/AD,ADAMAWA CENTRAL,SD/006/AD,ADAMAWA
232,GOMBI SOUTH,07,GOMBI,05,GOMBI,SC/44/AD,Gombi/Hong,FC/012/AD,ADAMAWA CENTRAL,SD/006/AD,ADAMAWA
233,GUYAKU,08,GOMBI,05,GOMBI,SC/44/AD,Gombi/Hong,FC/012/AD,ADAMAWA CENTRAL,SD/006/AD,ADAMAWA
234,TAWA,09,GOMBI,05,GOMBI,SC/44/AD,Gombi/Hong,FC/012/AD,ADAMAWA CENTRAL,SD/006/AD,ADAMAWA
235,YANG,10,GOMBI,05,GOMBI,SC/44/AD,Gombi/Hong,FC/012/AD,ADAMAWA CENTRAL,SD/006/AD,ADAMAWA
236,BANJIRAM,01,GUYUK,06,GUYUK,SC/49/AD,Guyuk/Shelleng,FC/013/AD,ADAMAWA SOUTH,SD/005/AD,ADAMAWA
237,BOBINI,02,GUYUK,06,GUYUK,SC/49/AD,Guyuk/Shelleng,FC/013/AD,ADAMAWA SOUTH,SD/005/AD,ADAMAWA
238,BODENO,03,GUYUK,06,GUYUK,SC/49/AD,Guyuk/Shelleng,FC/013/AD,ADAMAWA SOUTH,SD/005/AD,ADAMAWA
239,CHIKILA,04,GUYUK,06,GUYUK,SC/49/AD,Guyuk/Shelleng,FC/013/AD,ADAMAWA SOUTH,SD/005/AD,ADAMAWA
240,DUKUL,05,GUYUK,06,GUYUK,SC/49/AD,Guyuk/Shelleng,FC/013/AD,ADAMAWA SOUTH,SD/005/AD,ADAMAWA
241,DUMNA,06,GUYUK,06,GUYUK,SC/49/AD,Guyuk/Shelleng,FC/013/AD,ADAMAWA SOUTH,SD/005/AD,ADAMAWA
242,GUYUK,07,GUYUK,06,GUYUK,SC/49/AD,Guyuk/Shelleng,FC/013/AD,ADAMAWA SOUTH,SD/005/AD,ADAMAWA
243,KOLA,08,GUYUK,06,GUYUK,SC/49/AD,Guyuk/Shelleng,FC/013/AD,ADAMAWA SOUTH,SD/005/AD,ADAMAWA
244,LOKORO,09,GUYUK,06,GUYUK,SC/49/AD,Guyuk/Shelleng,FC/013/AD,ADAMAWA SOUTH,SD/005/AD,ADAMAWA
245,PUROKAYO,10,GUYUK,06,GUYUK,SC/49/AD,Guyuk/Shelleng,FC/013/AD,ADAMAWA SOUTH,SD/005/AD,ADAMAWA
246,BANGSHIKA,01,HONG,07,HONG,SC/41/AD,Gombi/Hong,FC/012/AD,ADAMAWA CENTRAL,SD/006/AD,ADAMAWA
247,DAKSIRI,02,HONG,07,HONG,SC/41/AD,Gombi/Hong,FC/012/AD,ADAMAWA CENTRAL,SD/006/AD,ADAMAWA
248,GARAHA,03,HONG,07,UBA/GAYA,SC/40/AD,Gombi/Hong,FC/012/AD,ADAMAWA CENTRAL,SD/006/AD,ADAMAWA
249,GAYA SILKAMI,04,HONG,07,UBA/GAYA,SC/40/AD,Gombi/Hong,FC/012/AD,ADAMAWA CENTRAL,SD/006/AD,ADAMAWA
250,HILDI,05,HONG,07,UBA/GAYA,SC/40/AD,Gombi/Hong,FC/012/AD,ADAMAWA CENTRAL,SD/006/AD,ADAMAWA
251,HONG,06,HONG,07,HONG,SC/41/AD,Gombi/Hong,FC/012/AD,ADAMAWA CENTRAL,SD/006/AD,ADAMAWA
252,HUSHEREZUM,07,HONG,07,HONG,SC/41/AD,Gombi/Hong,FC/012/AD,ADAMAWA CENTRAL,SD/006/AD,ADAMAWA
253,KWARHI,08,HONG,07,UBA/GAYA,SC/40/AD,Gombi/Hong,FC/012/AD,ADAMAWA CENTRAL,SD/006/AD,ADAMAWA
254,MAYO LOPE,09,HONG,07,UBA/GAYA,SC/40/AD,Gombi/Hong,FC/012/AD,ADAMAWA CENTRAL,SD/006/AD,ADAMAWA
255,SHANGUI,10,HONG,07,HONG,SC/41/AD,Gombi/Hong,FC/012/AD,ADAMAWA CENTRAL,SD/006/AD,ADAMAWA
256,THILBANG,11,HONG,07,HONG,SC/41/AD,Gombi/Hong,FC/012/AD,ADAMAWA CENTRAL,SD/006/AD,ADAMAWA
257,UBA,12,HONG,07,UBA/GAYA,SC/40/AD,Gombi/Hong,FC/012/AD,ADAMAWA CENTRAL,SD/006/AD,ADAMAWA
258,DANABA,01,JADA,08,,,Mayo Belwa/Ganye/Jada /Toungo,FC/011/AD,ADAMAWA SOUTH,SD/005/AD,ADAMAWA
259,JADA I,02,JADA,08,JADA/MBULO,SC/37/AD,Mayo Belwa/Ganye/Jada /Toungo,FC/011/AD,ADAMAWA SOUTH,SD/005/AD,ADAMAWA
260,JABA II,03,JADA,08,JADA/MBULO,SC/37/AD,Mayo Belwa/Ganye/Jada /Toungo,FC/011/AD,ADAMAWA SOUTH,SD/005/AD,ADAMAWA
261,KOMA I,04,JADA,08,KOMA/LEKO,SC/36/AD,Mayo Belwa/Ganye/Jada /Toungo,FC/011/AD,ADAMAWA SOUTH,SD/005/AD,ADAMAWA
262,KOMA II,05,JADA,08,KOMA/LEKO,SC/36/AD,Mayo Belwa/Ganye/Jada /Toungo,FC/011/AD,ADAMAWA SOUTH,SD/005/AD,ADAMAWA
263,LEKO,06,JADA,08,KOMA/LEKO,SC/36/AD,Mayo Belwa/Ganye/Jada /Toungo,FC/011/AD,ADAMAWA SOUTH,SD/005/AD,ADAMAWA
264,MAPEO,07,JADA,08,KOMA/LEKO,SC/36/AD,Mayo Belwa/Ganye/Jada /Toungo,FC/011/AD,ADAMAWA SOUTH,SD/005/AD,ADAMAWA
265,MAYOKALAYE,08,JADA,08,JADA/MBULO,SC/37/AD,Mayo Belwa/Ganye/Jada /Toungo,FC/011/AD,ADAMAWA SOUTH,SD/005/AD,ADAMAWA
266,MBULO,09,JADA,08,JADA/MBULO,SC/37/AD,Mayo Belwa/Ganye/Jada /Toungo,FC/011/AD,ADAMAWA SOUTH,SD/005/AD,ADAMAWA
267,NYIBANGO,10,JADA,08,JADA/MBULO,SC/37/AD,Mayo Belwa/Ganye/Jada /Toungo,FC/011/AD,ADAMAWA SOUTH,SD/005/AD,ADAMAWA
268,YELLI,11,JADA,08,KOMA/LEKO,SC/36/AD,Mayo Belwa/Ganye/Jada /Toungo,FC/011/AD,ADAMAWA SOUTH,SD/005/AD,ADAMAWA
269,DUBWANGUN,01,LAMURDE,09,LAMURDE,SC/31/AD,Demsa/Numan/Lamurde,FC/009/AD,ADAMAWA SOUTH,SD/005/AD,ADAMAWA
270,GYWANA,02,LAMURDE,09,LAMURDE,SC/31/AD,Demsa/Numan/Lamurde,FC/009/AD,ADAMAWA SOUTH,SD/005/AD,ADAMAWA
271,LAFIYA,03,LAMURDE,09,LAMURDE,SC/31/AD,Demsa/Numan/Lamurde,FC/009/AD,ADAMAWA SOUTH,SD/005/AD,ADAMAWA
272,LAMURDE,04,LAMURDE,09,LAMURDE,SC/31/AD,Demsa/Numan/Lamurde,FC/009/AD,ADAMAWA SOUTH,SD/005/AD,ADAMAWA
273,NGBAKOWO,05,LAMURDE,09,LAMURDE,SC/31/AD,Demsa/Numan/Lamurde,FC/009/AD,ADAMAWA SOUTH,SD/005/AD,ADAMAWA
274,NGBEBONGUN,06,LAMURDE,09,LAMURDE,SC/31/AD,Demsa/Numan/Lamurde,FC/009/AD,ADAMAWA SOUTH,SD/005/AD,ADAMAWA
275,OPALO,07,LAMURDE,09,LAMURDE,SC/31/AD,Demsa/Numan/Lamurde,FC/009/AD,ADAMAWA SOUTH,SD/005/AD,ADAMAWA
276,RIGANGE,08,LAMURDE,09,LAMURDE,SC/31/AD,Demsa/Numan/Lamurde,FC/009/AD,ADAMAWA SOUTH,SD/005/AD,ADAMAWA
277,SUWA,09,LAMURDE,09,LAMURDE,SC/31/AD,Demsa/Numan/Lamurde,FC/009/AD,ADAMAWA SOUTH,SD/005/AD,ADAMAWA
278,WADUKU,10,LAMURDE,09,LAMURDE,SC/31/AD,Demsa/Numan/Lamurde,FC/009/AD,ADAMAWA SOUTH,SD/005/AD,ADAMAWA
279,BEBEL,01,MADAGALI,10,MADAGALI,SC/46/AD,Madagali/Michika,FC/014/AD,ADAMAWA NORTH,SD/004/AD,ADAMAWA
280,DUHU/SHUWA,02,MADAGALI,10,MADAGALI,SC/46/AD,Madagali/Michika,FC/014/AD,ADAMAWA NORTH,SD/004/AD,ADAMAWA
281,GULAK,03,MADAGALI,10,MADAGALI,SC/46/AD,Madagali/Michika,FC/014/AD,ADAMAWA NORTH,SD/004/AD,ADAMAWA
282,HYAMBULA,04,MADAGALI,10,MADAGALI,SC/46/AD,Madagali/Michika,FC/014/AD,ADAMAWA NORTH,SD/004/AD,ADAMAWA
283,K/WURO NGAYANDI,05,MADAGALI,10,MADAGALI,SC/46/AD,Madagali/Michika,FC/014/AD,ADAMAWA NORTH,SD/004/AD,ADAMAWA
284,MADAGALI,06,MADAGALI,10,MADAGALI,SC/46/AD,Madagali/Michika,FC/014/AD,ADAMAWA NORTH,SD/004/AD,ADAMAWA
285,PALLAM,07,MADAGALI,10,MADAGALI,SC/46/AD,Madagali/Michika,FC/014/AD,ADAMAWA NORTH,SD/004/AD,ADAMAWA
286,SHELMI/VAPURA,08,MADAGALI,10,MADAGALI,SC/46/AD,Madagali/Michika,FC/014/AD,ADAMAWA NORTH,SD/004/AD,ADAMAWA
287,WAGGA,09,MADAGALI,10,MADAGALI,SC/46/AD,Madagali/Michika,FC/014/AD,ADAMAWA NORTH,SD/004/AD,ADAMAWA
288,WULA,10,MADAGALI,10,MADAGALI,SC/46/AD,Madagali/Michika,FC/014/AD,ADAMAWA NORTH,SD/004/AD,ADAMAWA
289,BEBEL,01,MAIHA,11,MAIHA,SC/47/AD,Maiha/Mubi North/Mubi South,FC/015/AD,ADAMAWA NORTH,SD/004/AD,ADAMAWA
290,HUMBUTUDI,02,MAIHA,11,MAIHA,SC/47/AD,Maiha/Mubi North/Mubi South,FC/015/AD,ADAMAWA NORTH,SD/004/AD,ADAMAWA
291,KONKOL,03,MAIHA,11,MAIHA,SC/47/AD,Maiha/Mubi North/Mubi South,FC/015/AD,ADAMAWA NORTH,SD/004/AD,ADAMAWA
292,MAIHA GARI,04,MAIHA,11,MAIHA,SC/47/AD,Maiha/Mubi North/Mubi South,FC/015/AD,ADAMAWA NORTH,SD/004/AD,ADAMAWA
293,MANJEKIN,05,MAIHA,11,MAIHA,SC/47/AD,Maiha/Mubi North/Mubi South,FC/015/AD,ADAMAWA NORTH,SD/004/AD,ADAMAWA
294,MAYO NGULI,06,MAIHA,11,MAIHA,SC/47/AD,Maiha/Mubi North/Mubi South,FC/015/AD,ADAMAWA NORTH,SD/004/AD,ADAMAWA
295,PAKKA,07,MAIHA,11,MAIHA,SC/47/AD,Maiha/Mubi North/Mubi South,FC/015/AD,ADAMAWA NORTH,SD/004/AD,ADAMAWA
296,SORAU ‘U’,08,MAIHA,11,MAIHA,SC/47/AD,Maiha/Mubi North/Mubi South,FC/015/AD,ADAMAWA NORTH,SD/004/AD,ADAMAWA
297,SORAU ‘B’,09,MAIHA,11,MAIHA,SC/47/AD,Maiha/Mubi North/Mubi South,FC/015/AD,ADAMAWA NORTH,SD/004/AD,ADAMAWA
298,TAMBAJAM,10,MAIHA,11,MAIHA,SC/47/AD,Maiha/Mubi North/Mubi South,FC/015/AD,ADAMAWA NORTH,SD/004/AD,ADAMAWA
299,BAJAMA,01,MAYO-BELWA,12,NASSARAWA/BINYERI,SC/42/AD,Mayo Belwa/Ganye/Jada /Toungo,FC/011/AD,ADAMAWA SOUTH,SD/005/AD,ADAMAWA
300,BINYERI,02,MAYO-BELWA,12,NASSARAWA/BINYERI,SC/42/AD,Mayo Belwa/Ganye/Jada /Toungo,FC/011/AD,ADAMAWA SOUTH,SD/005/AD,ADAMAWA
301,GANGFADA,03,MAYO-BELWA,12,NASSARAWA/BINYERI,SC/42/AD,Mayo Belwa/Ganye/Jada /Toungo,FC/011/AD,ADAMAWA SOUTH,SD/005/AD,ADAMAWA
302,GENGLE,04,MAYO-BELWA,12,MAYO-BELWA,SC/43/AD,Mayo Belwa/Ganye/Jada /Toungo,FC/011/AD,ADAMAWA SOUTH,SD/005/AD,ADAMAWA
303,GOROBI,05,MAYO-BELWA,12,NASSARAWA/BINYERI,SC/42/AD,Mayo Belwa/Ganye/Jada /Toungo,FC/011/AD,ADAMAWA SOUTH,SD/005/AD,ADAMAWA
304,MAYO-BELWA,06,MAYO-BELWA,12,MAYO-BELWA,SC/43/AD,Mayo Belwa/Ganye/Jada /Toungo,FC/011/AD,ADAMAWA SOUTH,SD/005/AD,ADAMAWA
305,MAYO-FARANG,07,MAYO-BELWA,12,NASSARAWA/BINYERI,SC/42/AD,Mayo Belwa/Ganye/Jada /Toungo,FC/011/AD,ADAMAWA SOUTH,SD/005/AD,ADAMAWA
306,NASSARAWO JERENG,08,MAYO-BELWA,12,NASSARAWA/BINYERI,SC/42/AD,Mayo Belwa/Ganye/Jada /Toungo,FC/011/AD,ADAMAWA SOUTH,SD/005/AD,ADAMAWA
307,NDIKONG,09,MAYO-BELWA,12,MAYO-BELWA,SC/43/AD,Mayo Belwa/Ganye/Jada /Toungo,FC/011/AD,ADAMAWA SOUTH,SD/005/AD,ADAMAWA
308,RIBADU,10,MAYO-BELWA,12,MAYO-BELWA,SC/43/AD,Mayo Belwa/Ganye/Jada /Toungo,FC/011/AD,ADAMAWA SOUTH,SD/005/AD,ADAMAWA
309,TOLA,11,MAYO-BELWA,12,NASSARAWA/BINYERI,SC/42/AD,Mayo Belwa/Ganye/Jada /Toungo,FC/011/AD,ADAMAWA SOUTH,SD/005/AD,ADAMAWA
310,YOFFO,12,MAYO-BELWA,12,MAYO-BELWA,SC/43/AD,Mayo Belwa/Ganye/Jada /Toungo,FC/011/AD,ADAMAWA SOUTH,SD/005/AD,ADAMAWA
311,BAZZA MARGI,01,MICHIKA,13,MICHIKA,SC/48/AD,Madagali/Michika,FC/014/AD,ADAMAWA NORTH,SD/004/AD,ADAMAWA
312,FUTUDOU/FUTULES,02,MICHIKA,13,MICHIKA,SC/48/AD,Madagali/Michika,FC/014/AD,ADAMAWA NORTH,SD/004/AD,ADAMAWA
313,GARTA/GHUNCHI,03,MICHIKA,13,MICHIKA,SC/48/AD,Madagali/Michika,FC/014/AD,ADAMAWA NORTH,SD/004/AD,ADAMAWA
314,JIGALAMBU,04,MICHIKA,13,MICHIKA,SC/48/AD,Madagali/Michika,FC/014/AD,ADAMAWA NORTH,SD/004/AD,ADAMAWA
315,MADZI,05,MICHIKA,13,MICHIKA,SC/48/AD,Madagali/Michika,FC/014/AD,ADAMAWA NORTH,SD/004/AD,ADAMAWA
316,MICHIKA I,06,MICHIKA,13,MICHIKA,SC/48/AD,Madagali/Michika,FC/014/AD,ADAMAWA NORTH,SD/004/AD,ADAMAWA
317,MICHIKA II,07,MICHIKA,13,MICHIKA,SC/48/AD,Madagali/Michika,FC/014/AD,ADAMAWA NORTH,SD/004/AD,ADAMAWA
318,MINKISI/WURO NGIKI,08,MICHIKA,13,MICHIKA,SC/48/AD,Madagali/Michika,FC/014/AD,ADAMAWA NORTH,SD/004/AD,ADAMAWA
319,MODA/DLAKA/GHENJUWA,09,MICHIKA,13,MICHIKA,SC/48/AD,Madagali/Michika,FC/014/AD,ADAMAWA NORTH,SD/004/AD,ADAMAWA
320,MUNKA VICITA,10,MICHIKA,13,MICHIKA,SC/48/AD,Madagali/Michika,FC/014/AD,ADAMAWA NORTH,SD/004/AD,ADAMAWA
321,SINA KWANDE,11,MICHIKA,13,MICHIKA,SC/48/AD,Madagali/Michika,FC/014/AD,ADAMAWA NORTH,SD/004/AD,ADAMAWA
322,THUKUDOU/SUFUKU/ZAH,12,MICHIKA,13,MICHIKA,SC/48/AD,Madagali/Michika,FC/014/AD,ADAMAWA NORTH,SD/004/AD,ADAMAWA
323,TSUKUMU/TILLIJO,13,MICHIKA,13,MICHIKA,SC/48/AD,Madagali/Michika,FC/014/AD,ADAMAWA NORTH,SD/004/AD,ADAMAWA
324,TUMBARA NGABILI,14,MICHIKA,13,MICHIKA,SC/48/AD,Madagali/Michika,FC/014/AD,ADAMAWA NORTH,SD/004/AD,ADAMAWA
325,VI/BOKA,15,MICHIKA,13,,,Madagali/Michika,FC/014/AD,ADAMAWA NORTH,SD/004/AD,ADAMAWA
326,WAMBLIMI/TILLI,16,MICHIKA,13,,,Madagali/Michika,FC/014/AD,ADAMAWA NORTH,SD/004/AD,ADAMAWA
327,BAHULI,01,MUBI NORTH,14,MUBI NORTH,SC/27/AD,Maiha/Mubi North/Mubi South,FC/015/AD,ADAMAWA NORTH,SD/004/AD,ADAMAWA
328,BETSO,02,MUBI NORTH,14,MUBI NORTH,SC/27/AD,Maiha/Mubi North/Mubi South,FC/015/AD,ADAMAWA NORTH,SD/004/AD,ADAMAWA
329,DIGIL,03,MUBI NORTH,14,MUBI NORTH,SC/27/AD,Maiha/Mubi North/Mubi South,FC/015/AD,ADAMAWA NORTH,SD/004/AD,ADAMAWA
330,KOLERE,04,MUBI NORTH,14,MUBI NORTH,SC/27/AD,Maiha/Mubi North/Mubi South,FC/015/AD,ADAMAWA NORTH,SD/004/AD,ADAMAWA
331,LOKUWA,05,MUBI NORTH,14,MUBI NORTH,SC/27/AD,Maiha/Mubi North/Mubi South,FC/015/AD,ADAMAWA NORTH,SD/004/AD,ADAMAWA
332,MAYO-BANI,06,MUBI NORTH,14,MUBI NORTH,SC/27/AD,Maiha/Mubi North/Mubi South,FC/015/AD,ADAMAWA NORTH,SD/004/AD,ADAMAWA
333,MIJILU,07,MUBI NORTH,14,MUBI NORTH,SC/27/AD,Maiha/Mubi North/Mubi South,FC/015/AD,ADAMAWA NORTH,SD/004/AD,ADAMAWA
334,MUCHALA,08,MUBI NORTH,14,MUBI NORTH,SC/27/AD,Maiha/Mubi North/Mubi South,FC/015/AD,ADAMAWA NORTH,SD/004/AD,ADAMAWA
335,SABON-LAYI,09,MUBI NORTH,14,MUBI NORTH,SC/27/AD,Maiha/Mubi North/Mubi South,FC/015/AD,ADAMAWA NORTH,SD/004/AD,ADAMAWA
336,VITIM,10,MUBI NORTH,14,MUBI NORTH,SC/27/AD,Maiha/Mubi North/Mubi South,FC/015/AD,ADAMAWA NORTH,SD/004/AD,ADAMAWA
337,YELWA,11,MUBI NORTH,14,MUBI NORTH,SC/27/AD,Maiha/Mubi North/Mubi South,FC/015/AD,ADAMAWA NORTH,SD/004/AD,ADAMAWA
338,DIRBISHI/GANDIRA,01,MUBI SOUTH,15,MUBI SOUTH,SC/28/AD,Maiha/Mubi North/Mubi South,FC/015/AD,ADAMAWA NORTH,SD/004/AD,ADAMAWA
339,DUVU/CHABA/GIRBURUM,02,MUBI SOUTH,15,MUBI SOUTH,SC/28/AD,Maiha/Mubi North/Mubi South,FC/015/AD,ADAMAWA NORTH,SD/004/AD,ADAMAWA
340,GELLA,03,MUBI SOUTH,15,MUBI SOUTH,SC/28/AD,Maiha/Mubi North/Mubi South,FC/015/AD,ADAMAWA NORTH,SD/004/AD,ADAMAWA
341,GUDE,04,MUBI SOUTH,15,MUBI SOUTH,SC/28/AD,Maiha/Mubi North/Mubi South,FC/015/AD,ADAMAWA NORTH,SD/004/AD,ADAMAWA
342,KWAJA,05,MUBI SOUTH,15,MUBI SOUTH,SC/28/AD,Maiha/Mubi North/Mubi South,FC/015/AD,ADAMAWA NORTH,SD/004/AD,ADAMAWA
343,LAMORDE,06,MUBI SOUTH,15,MUBI SOUTH,SC/28/AD,Maiha/Mubi North/Mubi South,FC/015/AD,ADAMAWA NORTH,SD/004/AD,ADAMAWA
344,MUJARA,07,MUBI SOUTH,15,MUBI SOUTH,SC/28/AD,Maiha/Mubi North/Mubi South,FC/015/AD,ADAMAWA NORTH,SD/004/AD,ADAMAWA
345,MUGULBU/YADAFA,08,MUBI SOUTH,15,MUBI SOUTH,SC/28/AD,Maiha/Mubi North/Mubi South,FC/015/AD,ADAMAWA NORTH,SD/004/AD,ADAMAWA
346,NASSARAWO,09,MUBI SOUTH,15,MUBI SOUTH,SC/28/AD,Maiha/Mubi North/Mubi South,FC/015/AD,ADAMAWA NORTH,SD/004/AD,ADAMAWA
347,NDUKU,10,MUBI SOUTH,15,MUBI SOUTH,SC/28/AD,Maiha/Mubi North/Mubi South,FC/015/AD,ADAMAWA NORTH,SD/004/AD,ADAMAWA
348,BARE,01,NUMAN,16,NUMAN,SC/30/AD,Demsa/Numan/Lamurde,FC/009/AD,ADAMAWA SOUTH,SD/005/AD,ADAMAWA
349,BOLKI,02,NUMAN,16,NUMAN,SC/30/AD,Demsa/Numan/Lamurde,FC/009/AD,ADAMAWA SOUTH,SD/005/AD,ADAMAWA
350,GAMADIO,03,NUMAN,16,NUMAN,SC/30/AD,Demsa/Numan/Lamurde,FC/009/AD,ADAMAWA SOUTH,SD/005/AD,ADAMAWA
351,IMBURU,04,NUMAN,16,NUMAN,SC/30/AD,Demsa/Numan/Lamurde,FC/009/AD,ADAMAWA SOUTH,SD/005/AD,ADAMAWA
352,KODOMTI,05,NUMAN,16,NUMAN,SC/30/AD,Demsa/Numan/Lamurde,FC/009/AD,ADAMAWA SOUTH,SD/005/AD,ADAMAWA
353,NUMAN I,06,NUMAN,16,NUMAN,SC/30/AD,Demsa/Numan/Lamurde,FC/009/AD,ADAMAWA SOUTH,SD/005/AD,ADAMAWA
354,NUMAN II,07,NUMAN,16,NUMAN,SC/30/AD,Demsa/Numan/Lamurde,FC/009/AD,ADAMAWA SOUTH,SD/005/AD,ADAMAWA
355,NUMAN II,08,NUMAN,16,NUMAN,SC/30/AD,Demsa/Numan/Lamurde,FC/009/AD,ADAMAWA SOUTH,SD/005/AD,ADAMAWA
356,SABON PEGI,09,NUMAN,16,NUMAN,SC/30/AD,Demsa/Numan/Lamurde,FC/009/AD,ADAMAWA SOUTH,SD/005/AD,ADAMAWA
357,VULPI,10,NUMAN,16,NUMAN,SC/30/AD,Demsa/Numan/Lamurde,FC/009/AD,ADAMAWA SOUTH,SD/005/AD,ADAMAWA
358,BAKTA,01,SHELLENG,17,SHELLENG,SC/45/AD,Guyuk/Shelleng,FC/013/AD,ADAMAWA SOUTH,SD/005/AD,ADAMAWA
359,BODWAI,02,SHELLENG,17,SHELLENG,SC/45/AD,Guyuk/Shelleng,FC/013/AD,ADAMAWA SOUTH,SD/005/AD,ADAMAWA
360,GUNDO,03,SHELLENG,17,SHELLENG,SC/45/AD,Guyuk/Shelleng,FC/013/AD,ADAMAWA SOUTH,SD/005/AD,ADAMAWA
361,GWAPOPOLOK,04,SHELLENG,17,SHELLENG,SC/45/AD,Guyuk/Shelleng,FC/013/AD,ADAMAWA SOUTH,SD/005/AD,ADAMAWA
362,JUMBUL,05,SHELLENG,17,SHELLENG,SC/45/AD,Guyuk/Shelleng,FC/013/AD,ADAMAWA SOUTH,SD/005/AD,ADAMAWA
363,KETEMBERE,06,SHELLENG,17,SHELLENG,SC/45/AD,Guyuk/Shelleng,FC/013/AD,ADAMAWA SOUTH,SD/005/AD,ADAMAWA
364,KIRI,07,SHELLENG,17,SHELLENG,SC/45/AD,Guyuk/Shelleng,FC/013/AD,ADAMAWA SOUTH,SD/005/AD,ADAMAWA
365,LIBBO,08,SHELLENG,17,SHELLENG,SC/45/AD,Guyuk/Shelleng,FC/013/AD,ADAMAWA SOUTH,SD/005/AD,ADAMAWA
366,SHELLENG,09,SHELLENG,17,SHELLENG,SC/45/AD,Guyuk/Shelleng,FC/013/AD,ADAMAWA SOUTH,SD/005/AD,ADAMAWA
367,TALLUM,10,SHELLENG,17,SHELLENG,SC/45/AD,Guyuk/Shelleng,FC/013/AD,ADAMAWA SOUTH,SD/005/AD,ADAMAWA
368,DIRMA,01,SONG,18,SONG,SC/32/AD,Furore/Song,FC/010/AD,ADAMAWA CENTRAL,SD/006/AD,ADAMAWA
369,DUMNE,02,SONG,18,SONG,SC/32/AD,Furore/Song,FC/010/AD,ADAMAWA CENTRAL,SD/006/AD,ADAMAWA
370,GUDU MBOI,03,SONG,18,SONG,SC/32/AD,Furore/Song,FC/010/AD,ADAMAWA CENTRAL,SD/006/AD,ADAMAWA
371,KILANGE FUNA,04,SONG,18,SONG,SC/32/AD,Furore/Song,FC/010/AD,ADAMAWA CENTRAL,SD/006/AD,ADAMAWA
372,KILANGE HIRNA,05,SONG,18,SONG,SC/32/AD,Furore/Song,FC/010/AD,ADAMAWA CENTRAL,SD/006/AD,ADAMAWA
373,SIGIRE,06,SONG,18,SONG,SC/32/AD,Furore/Song,FC/010/AD,ADAMAWA CENTRAL,SD/006/AD,ADAMAWA
374,SUKTU,07,SONG,18,SONG,SC/32/AD,Furore/Song,FC/010/AD,ADAMAWA CENTRAL,SD/006/AD,ADAMAWA
375,SONG GARI,08,SONG,18,SONG,SC/32/AD,Furore/Song,FC/010/AD,ADAMAWA CENTRAL,SD/006/AD,ADAMAWA
376,SONG WAJE,09,SONG,18,SONG,SC/32/AD,Furore/Song,FC/010/AD,ADAMAWA CENTRAL,SD/006/AD,ADAMAWA
377,WALTANDI,10,SONG,18,SONG,SC/32/AD,Furore/Song,FC/010/AD,ADAMAWA CENTRAL,SD/006/AD,ADAMAWA
378,ZUMO,11,SONG,18,SONG,SC/32/AD,Furore/Song,FC/010/AD,ADAMAWA CENTRAL,SD/006/AD,ADAMAWA
379,DAWO I,01,TUNGO,19,TOUNGO,SC/35/AD,Mayo Belwa/Ganye/Jada /Toungo,FC/011/AD,ADAMAWA SOUTH,SD/005/AD,ADAMAWA
380,DAWO II,02,TUNGO,19,TOUNGO,SC/35/AD,Mayo Belwa/Ganye/Jada /Toungo,FC/011/AD,ADAMAWA SOUTH,SD/005/AD,ADAMAWA
381,GUMTI,03,TUNGO,19,TOUNGO,SC/35/AD,Mayo Belwa/Ganye/Jada /Toungo,FC/011/AD,ADAMAWA SOUTH,SD/005/AD,ADAMAWA
382,KIRI I,04,TUNGO,19,TOUNGO,SC/35/AD,Mayo Belwa/Ganye/Jada /Toungo,FC/011/AD,ADAMAWA SOUTH,SD/005/AD,ADAMAWA
383,KIRI II,05,TUNGO,19,TOUNGO,SC/35/AD,Mayo Belwa/Ganye/Jada /Toungo,FC/011/AD,ADAMAWA SOUTH,SD/005/AD,ADAMAWA
384,KOGIN BABA I,06,TUNGO,19,TOUNGO,SC/35/AD,Mayo Belwa/Ganye/Jada /Toungo,FC/011/AD,ADAMAWA SOUTH,SD/005/AD,ADAMAWA
385,KOGIN BABA II,07,TUNGO,19,TOUNGO,SC/35/AD,Mayo Belwa/Ganye/Jada /Toungo,FC/011/AD,ADAMAWA SOUTH,SD/005/AD,ADAMAWA
386,TOUNGO I,08,TUNGO,19,TOUNGO,SC/35/AD,Mayo Belwa/Ganye/Jada /Toungo,FC/011/AD,ADAMAWA SOUTH,SD/005/AD,ADAMAWA
387,TOUNGO II,09,TUNGO,19,TOUNGO,SC/35/AD,Mayo Belwa/Ganye/Jada /Toungo,FC/011/AD,ADAMAWA SOUTH,SD/005/AD,ADAMAWA
388,TOUNGO III,10,TUNGO,19,TOUNGO,SC/35/AD,Mayo Belwa/Ganye/Jada /Toungo,FC/011/AD,ADAMAWA SOUTH,SD/005/AD,ADAMAWA
389,ALKALAWA,01,YOLA NORTH,20,YOLA NORTH,SC/26/AD,Yola North/Yola South/Girei,FC/016/AD,ADAMAWA CENTRAL,SD/006/AD,ADAMAWA
390,AJIYA,02,YOLA NORTH,20,YOLA NORTH,SC/26/AD,Yola North/Yola South/Girei,FC/016/AD,ADAMAWA CENTRAL,SD/006/AD,ADAMAWA
391,DOUBELI,03,YOLA NORTH,20,YOLA NORTH,SC/26/AD,Yola North/Yola South/Girei,FC/016/AD,ADAMAWA CENTRAL,SD/006/AD,ADAMAWA
392,GWADABAWA,04,YOLA NORTH,20,YOLA NORTH,SC/26/AD,Yola North/Yola South/Girei,FC/016/AD,ADAMAWA CENTRAL,SD/006/AD,ADAMAWA
393,JAMBUTU,05,YOLA NORTH,20,YOLA NORTH,SC/26/AD,Yola North/Yola South/Girei,FC/016/AD,ADAMAWA CENTRAL,SD/006/AD,ADAMAWA
394,KAREWA,06,YOLA NORTH,20,YOLA NORTH,SC/26/AD,Yola North/Yola South/Girei,FC/016/AD,ADAMAWA CENTRAL,SD/006/AD,ADAMAWA
395,LIMAWA,07,YOLA NORTH,20,YOLA NORTH,SC/26/AD,Yola North/Yola South/Girei,FC/016/AD,ADAMAWA CENTRAL,SD/006/AD,ADAMAWA
396,LUGGERE,08,YOLA NORTH,20,YOLA NORTH,SC/26/AD,Yola North/Yola South/Girei,FC/016/AD,ADAMAWA CENTRAL,SD/006/AD,ADAMAWA
397,NASSARAWO,09,YOLA NORTH,20,YOLA NORTH,SC/26/AD,Yola North/Yola South/Girei,FC/016/AD,ADAMAWA CENTRAL,SD/006/AD,ADAMAWA
398,RUMDE,10,YOLA NORTH,20,YOLA NORTH,SC/26/AD,Yola North/Yola South/Girei,FC/016/AD,ADAMAWA CENTRAL,SD/006/AD,ADAMAWA
399,YELWA,11,YOLA NORTH,20,YOLA NORTH,SC/26/AD,Yola North/Yola South/Girei,FC/016/AD,ADAMAWA CENTRAL,SD/006/AD,ADAMAWA
400,ADARAWO,01,YOLA SOUTH,21,YOLA SOUTH,SC/25/AD,Yola North/Yola South/Girei,FC/016/AD,ADAMAWA CENTRAL,SD/006/AD,ADAMAWA
401,BAKO,02,YOLA SOUTH,21,YOLA SOUTH,SC/25/AD,Yola North/Yola South/Girei,FC/016/AD,ADAMAWA CENTRAL,SD/006/AD,ADAMAWA
402,BOLE/YOLDE PATE,03,YOLA SOUTH,21,YOLA SOUTH,SC/25/AD,Yola North/Yola South/Girei,FC/016/AD,ADAMAWA CENTRAL,SD/006/AD,ADAMAWA
403,NAMTARI,04,YOLA SOUTH,21,YOLA SOUTH,SC/25/AD,Yola North/Yola South/Girei,FC/016/AD,ADAMAWA CENTRAL,SD/006/AD,ADAMAWA
404,NGURORE,05,YOLA SOUTH,21,YOLA SOUTH,SC/25/AD,Yola North/Yola South/Girei,FC/016/AD,ADAMAWA CENTRAL,SD/006/AD,ADAMAWA
405,MAKAMA ‘A’,06,YOLA SOUTH,21,YOLA SOUTH,SC/25/AD,Yola North/Yola South/Girei,FC/016/AD,ADAMAWA CENTRAL,SD/006/AD,ADAMAWA
406,MAKAMA ‘B’,07,YOLA SOUTH,21,YOLA SOUTH,SC/25/AD,Yola North/Yola South/Girei,FC/016/AD,ADAMAWA CENTRAL,SD/006/AD,ADAMAWA
407,MBAMBA,08,YOLA SOUTH,21,YOLA SOUTH,SC/25/AD,Yola North/Yola South/Girei,FC/016/AD,ADAMAWA CENTRAL,SD/006/AD,ADAMAWA
408,MBAMOI,09,YOLA SOUTH,21,YOLA SOUTH,SC/25/AD,Yola North/Yola South/Girei,FC/016/AD,ADAMAWA CENTRAL,SD/006/AD,ADAMAWA
409,TOUNGO,10,YOLA SOUTH,21,YOLA SOUTH,SC/25/AD,Yola North/Yola South/Girei,FC/016/AD,ADAMAWA CENTRAL,SD/006/AD,ADAMAWA
410,YOLDE KOHI,11,YOLA SOUTH,21,YOLA SOUTH,SC/25/AD,Yola North/Yola South/Girei,FC/016/AD,ADAMAWA CENTRAL,SD/006/AD,ADAMAWA
411,ABAK URBAN I,01,ABAK,01,ABAK,SC/50/AK,Abak/Etim Ekpo/Ika,FC/017/AK,AKWA IBOM NORTH WEST,SD/008/AK,AKWA IBOM
412,ABAK URBAN II,02,ABAK,01,ABAK,SC/50/AK,Abak/Etim Ekpo/Ika,FC/017/AK,AKWA IBOM NORTH WEST,SD/008/AK,AKWA IBOM
413,ABAK URBAN III,03,ABAK,01,ABAK,SC/50/AK,Abak/Etim Ekpo/Ika,FC/017/AK,AKWA IBOM NORTH WEST,SD/008/AK,AKWA IBOM
414,ABAK URBAN IV,04,ABAK,01,ABAK,SC/50/AK,Abak/Etim Ekpo/Ika,FC/017/AK,AKWA IBOM NORTH WEST,SD/008/AK,AKWA IBOM
415,AFAHA OBONG I,05,ABAK,01,ABAK,SC/50/AK,Abak/Etim Ekpo/Ika,FC/017/AK,AKWA IBOM NORTH WEST,SD/008/AK,AKWA IBOM
416,AFAHA OBONG II,06,ABAK,01,ABAK,SC/50/AK,Abak/Etim Ekpo/Ika,FC/017/AK,AKWA IBOM NORTH WEST,SD/008/AK,AKWA IBOM
417,MIDIM I,07,ABAK,01,ABAK,SC/50/AK,Abak/Etim Ekpo/Ika,FC/017/AK,AKWA IBOM NORTH WEST,SD/008/AK,AKWA IBOM
418,MIDIM II,08,ABAK,01,ABAK,SC/50/AK,Abak/Etim Ekpo/Ika,FC/017/AK,AKWA IBOM NORTH WEST,SD/008/AK,AKWA IBOM
419,OTORO I,09,ABAK,01,ABAK,SC/50/AK,Abak/Etim Ekpo/Ika,FC/017/AK,AKWA IBOM NORTH WEST,SD/008/AK,AKWA IBOM
420,OTORO II,10,ABAK,01,ABAK,SC/50/AK,Abak/Etim Ekpo/Ika,FC/017/AK,AKWA IBOM NORTH WEST,SD/008/AK,AKWA IBOM
421,OTORO III,11,ABAK,01,ABAK,SC/50/AK,Abak/Etim Ekpo/Ika,FC/017/AK,AKWA IBOM NORTH WEST,SD/008/AK,AKWA IBOM
422,EASTERN OBOLO I,01,EASTERN OBOLO,02,IKOT ABASI/ EASTERN OBOLO,SC/59/AK,Ikot Abasi/Mkpat Enin/Eastern Obolo,FC/021/AK,AKWA IBOM SOUTH,SD/009/AK,AKWA IBOM
423,EASTERN OBOLO II,02,EASTERN OBOLO,02,IKOT ABASI/ EASTERN OBOLO,SC/59/AK,Ikot Abasi/Mkpat Enin/Eastern Obolo,FC/021/AK,AKWA IBOM SOUTH,SD/009/AK,AKWA IBOM
424,EASTERN OBOLO III,03,EASTERN OBOLO,02,IKOT ABASI/ EASTERN OBOLO,SC/59/AK,Ikot Abasi/Mkpat Enin/Eastern Obolo,FC/021/AK,AKWA IBOM SOUTH,SD/009/AK,AKWA IBOM
425,EASTERN OBOLO IV,04,EASTERN OBOLO,02,IKOT ABASI/ EASTERN OBOLO,SC/59/AK,Ikot Abasi/Mkpat Enin/Eastern Obolo,FC/021/AK,AKWA IBOM SOUTH,SD/009/AK,AKWA IBOM
426,EASTERN OBOLO V,05,EASTERN OBOLO,02,IKOT ABASI/ EASTERN OBOLO,SC/59/AK,Ikot Abasi/Mkpat Enin/Eastern Obolo,FC/021/AK,AKWA IBOM SOUTH,SD/009/AK,AKWA IBOM
427,EASTERN OBOLO VI,06,EASTERN OBOLO,02,IKOT ABASI/ EASTERN OBOLO,SC/59/AK,Ikot Abasi/Mkpat Enin/Eastern Obolo,FC/021/AK,AKWA IBOM SOUTH,SD/009/AK,AKWA IBOM
428,EASTERN OBOLO VII,07,EASTERN OBOLO,02,IKOT ABASI/ EASTERN OBOLO,SC/59/AK,Ikot Abasi/Mkpat Enin/Eastern Obolo,FC/021/AK,AKWA IBOM SOUTH,SD/009/AK,AKWA IBOM
429,EASTERN OBOLO VIII,08,EASTERN OBOLO,02,IKOT ABASI/ EASTERN OBOLO,SC/59/AK,Ikot Abasi/Mkpat Enin/Eastern Obolo,FC/021/AK,AKWA IBOM SOUTH,SD/009/AK,AKWA IBOM
430,EASTERN OBOLO IX,09,EASTERN OBOLO,02,IKOT ABASI/ EASTERN OBOLO,SC/59/AK,Ikot Abasi/Mkpat Enin/Eastern Obolo,FC/021/AK,AKWA IBOM SOUTH,SD/009/AK,AKWA IBOM
431,EASTERN OBOLO X,10,EASTERN OBOLO,02,IKOT ABASI/ EASTERN OBOLO,SC/59/AK,Ikot Abasi/Mkpat Enin/Eastern Obolo,FC/021/AK,AKWA IBOM SOUTH,SD/009/AK,AKWA IBOM
432,EKET URBAN I,01,EKET,03,EKET,SC/51/AK,Eket/Onna/Esit Eket/Ibeno,FC/018/AK,AKWA IBOM SOUTH,SD/009/AK,AKWA IBOM
433,EKET URBAN II,02,EKET,03,EKET,SC/51/AK,Eket/Onna/Esit Eket/Ibeno,FC/018/AK,AKWA IBOM SOUTH,SD/009/AK,AKWA IBOM
434,EKET URBAN III,03,EKET,03,EKET,SC/51/AK,Eket/Onna/Esit Eket/Ibeno,FC/018/AK,AKWA IBOM SOUTH,SD/009/AK,AKWA IBOM
435,EKET URBAN IV,04,EKET,03,EKET,SC/51/AK,Eket/Onna/Esit Eket/Ibeno,FC/018/AK,AKWA IBOM SOUTH,SD/009/AK,AKWA IBOM
436,EKET CENTRAL I,05,EKET,03,EKET,SC/51/AK,Eket/Onna/Esit Eket/Ibeno,FC/018/AK,AKWA IBOM SOUTH,SD/009/AK,AKWA IBOM
437,EKET CENTRAL II,06,EKET,03,EKET,SC/51/AK,Eket/Onna/Esit Eket/Ibeno,FC/018/AK,AKWA IBOM SOUTH,SD/009/AK,AKWA IBOM
438,EKET CENTRAL III,07,EKET,03,EKET,SC/51/AK,Eket/Onna/Esit Eket/Ibeno,FC/018/AK,AKWA IBOM SOUTH,SD/009/AK,AKWA IBOM
439,EKET CENTRAL IV,08,EKET,03,EKET,SC/51/AK,Eket/Onna/Esit Eket/Ibeno,FC/018/AK,AKWA IBOM SOUTH,SD/009/AK,AKWA IBOM
440,EKET CENTRAL V,09,EKET,03,EKET,SC/51/AK,Eket/Onna/Esit Eket/Ibeno,FC/018/AK,AKWA IBOM SOUTH,SD/009/AK,AKWA IBOM
441,OKON I,10,EKET,03,EKET,SC/51/AK,Eket/Onna/Esit Eket/Ibeno,FC/018/AK,AKWA IBOM SOUTH,SD/009/AK,AKWA IBOM
442,OKON II,11,EKET,03,EKET,SC/51/AK,Eket/Onna/Esit Eket/Ibeno,FC/018/AK,AKWA IBOM SOUTH,SD/009/AK,AKWA IBOM
443,EKPENE OBO,01,ESIT EKET (UQUO),04,ESIT EKET/IBENO,SC/53/AK,Eket/Onna/Esit Eket/Ibeno,FC/018/AK,AKWA IBOM SOUTH,SD/009/AK,AKWA IBOM
444,EDOR,02,ESIT EKET (UQUO),04,ESIT EKET/IBENO,SC/53/AK,Eket/Onna/Esit Eket/Ibeno,FC/018/AK,AKWA IBOM SOUTH,SD/009/AK,AKWA IBOM
445,EBE EKPI,03,ESIT EKET (UQUO),04,ESIT EKET/IBENO,SC/53/AK,Eket/Onna/Esit Eket/Ibeno,FC/018/AK,AKWA IBOM SOUTH,SD/009/AK,AKWA IBOM
446,IKPA,04,ESIT EKET (UQUO),04,ESIT EKET/IBENO,SC/53/AK,Eket/Onna/Esit Eket/Ibeno,FC/018/AK,AKWA IBOM SOUTH,SD/009/AK,AKWA IBOM
447,UQUO,05,ESIT EKET (UQUO),04,ESIT EKET/IBENO,SC/53/AK,Eket/Onna/Esit Eket/Ibeno,FC/018/AK,AKWA IBOM SOUTH,SD/009/AK,AKWA IBOM
448,EBIGHI OKPONO,06,ESIT EKET (UQUO),04,ESIT EKET/IBENO,SC/53/AK,Eket/Onna/Esit Eket/Ibeno,FC/018/AK,AKWA IBOM SOUTH,SD/009/AK,AKWA IBOM
449,ETEBI IDUNG ASSAN,07,ESIT EKET (UQUO),04,ESIT EKET/IBENO,SC/53/AK,Eket/Onna/Esit Eket/Ibeno,FC/018/AK,AKWA IBOM SOUTH,SD/009/AK,AKWA IBOM
450,ETEBI AKWATA,08,ESIT EKET (UQUO),04,ESIT EKET/IBENO,SC/53/AK,Eket/Onna/Esit Eket/Ibeno,FC/018/AK,AKWA IBOM SOUTH,SD/009/AK,AKWA IBOM
451,AKPAUTONG,09,ESIT EKET (UQUO),04,ESIT EKET/IBENO,SC/53/AK,Eket/Onna/Esit Eket/Ibeno,FC/018/AK,AKWA IBOM SOUTH,SD/009/AK,AKWA IBOM
452,NTAK INYANG,10,ESIT EKET (UQUO),04,ESIT EKET/IBENO,SC/53/AK,Eket/Onna/Esit Eket/Ibeno,FC/018/AK,AKWA IBOM SOUTH,SD/009/AK,AKWA IBOM
453,ADIASIM,01,ESSIEN UDIM,05,ESSIEN UDIM,SC/52/AK,Ikot Ekpene/Essien Udim/ Obot Akara,FC/022/AK,AKWA IBOM NORTH WEST,SD/008/AK,AKWA IBOM
454,AFAHA,02,ESSIEN UDIM,05,ESSIEN UDIM,SC/52/AK,Ikot Ekpene/Essien Udim/ Obot Akara,FC/022/AK,AKWA IBOM NORTH WEST,SD/008/AK,AKWA IBOM
455,EKPENEYONG I,03,ESSIEN UDIM,05,ESSIEN UDIM,SC/52/AK,Ikot Ekpene/Essien Udim/ Obot Akara,FC/022/AK,AKWA IBOM NORTH WEST,SD/008/AK,AKWA IBOM
456,EKPENYONG II,04,ESSIEN UDIM,05,ESSIEN UDIM,SC/52/AK,Ikot Ekpene/Essien Udim/ Obot Akara,FC/022/AK,AKWA IBOM NORTH WEST,SD/008/AK,AKWA IBOM
457,IKPE ANNANG,05,ESSIEN UDIM,05,ESSIEN UDIM,SC/52/AK,Ikot Ekpene/Essien Udim/ Obot Akara,FC/022/AK,AKWA IBOM NORTH WEST,SD/008/AK,AKWA IBOM
458,ODORO IKO I,06,ESSIEN UDIM,05,ESSIEN UDIM,SC/52/AK,Ikot Ekpene/Essien Udim/ Obot Akara,FC/022/AK,AKWA IBOM NORTH WEST,SD/008/AK,AKWA IBOM
459,ODORO IKOT II,07,ESSIEN UDIM,05,ESSIEN UDIM,SC/52/AK,Ikot Ekpene/Essien Udim/ Obot Akara,FC/022/AK,AKWA IBOM NORTH WEST,SD/008/AK,AKWA IBOM
460,OKON,08,ESSIEN UDIM,05,ESSIEN UDIM,SC/52/AK,Ikot Ekpene/Essien Udim/ Obot Akara,FC/022/AK,AKWA IBOM NORTH WEST,SD/008/AK,AKWA IBOM
461,UKANA EAST,09,ESSIEN UDIM,05,ESSIEN UDIM,SC/52/AK,Ikot Ekpene/Essien Udim/ Obot Akara,FC/022/AK,AKWA IBOM NORTH WEST,SD/008/AK,AKWA IBOM
462,UKANA WEST I,10,ESSIEN UDIM,05,ESSIEN UDIM,SC/52/AK,Ikot Ekpene/Essien Udim/ Obot Akara,FC/022/AK,AKWA IBOM NORTH WEST,SD/008/AK,AKWA IBOM
463,UKANA WEST II,11,ESSIEN UDIM,05,ESSIEN UDIM,SC/52/AK,Ikot Ekpene/Essien Udim/ Obot Akara,FC/022/AK,AKWA IBOM NORTH WEST,SD/008/AK,AKWA IBOM
464,ETIM EKPO I,01,ETIM EKPO,06,ETIM EKPO/IKA,SC/54/AK,Abak/Etim Ekpo/Ika,FC/017/AK,AKWA IBOM NORTH WEST,SD/008/AK,AKWA IBOM
465,ETIM EKPO II,02,ETIM EKPO,06,ETIM EKPO/IKA,SC/54/AK,Abak/Etim Ekpo/Ika,FC/017/AK,AKWA IBOM NORTH WEST,SD/008/AK,AKWA IBOM
466,ETIM EKPO III,03,ETIM EKPO,06,ETIM EKPO/IKA,SC/54/AK,Abak/Etim Ekpo/Ika,FC/017/AK,AKWA IBOM NORTH WEST,SD/008/AK,AKWA IBOM
467,ETIM EKPO IV,04,ETIM EKPO,06,ETIM EKPO/IKA,SC/54/AK,Abak/Etim Ekpo/Ika,FC/017/AK,AKWA IBOM NORTH WEST,SD/008/AK,AKWA IBOM
468,ETIM EKPO V,05,ETIM EKPO,06,ETIM EKPO/IKA,SC/54/AK,Abak/Etim Ekpo/Ika,FC/017/AK,AKWA IBOM NORTH WEST,SD/008/AK,AKWA IBOM
469,ETIM EKPO VI,06,ETIM EKPO,06,ETIM EKPO/IKA,SC/54/AK,Abak/Etim Ekpo/Ika,FC/017/AK,AKWA IBOM NORTH WEST,SD/008/AK,AKWA IBOM
470,ETIM EKPO VII,07,ETIM EKPO,06,ETIM EKPO/IKA,SC/54/AK,Abak/Etim Ekpo/Ika,FC/017/AK,AKWA IBOM NORTH WEST,SD/008/AK,AKWA IBOM
471,ETIM EKPO VIII,08,ETIM EKPO,06,ETIM EKPO/IKA,SC/54/AK,Abak/Etim Ekpo/Ika,FC/017/AK,AKWA IBOM NORTH WEST,SD/008/AK,AKWA IBOM
472,ETIM EKPO IX,09,ETIM EKPO,06,ETIM EKPO/IKA,SC/54/AK,Abak/Etim Ekpo/Ika,FC/017/AK,AKWA IBOM NORTH WEST,SD/008/AK,AKWA IBOM
473,ETIM EKPO X,10,ETIM EKPO,06,ETIM EKPO/IKA,SC/54/AK,Abak/Etim Ekpo/Ika,FC/017/AK,AKWA IBOM NORTH WEST,SD/008/AK,AKWA IBOM
474,ETINAN URBAN I,01,ETINAN,07,ETINAN,SC/55/AK,Etinan/Nsit Ibom/Nsit ubium,FC/019/AK,AKWA IBOM NORTH EAST,SD/007/AK,AKWA IBOM
475,ETINAN URBAN II,02,ETINAN,07,ETINAN,SC/55/AK,Etinan/Nsit Ibom/Nsit ubium,FC/019/AK,AKWA IBOM NORTH EAST,SD/007/AK,AKWA IBOM
476,ETINAN URBAN III,03,ETINAN,07,ETINAN,SC/55/AK,Etinan/Nsit Ibom/Nsit ubium,FC/019/AK,AKWA IBOM NORTH EAST,SD/007/AK,AKWA IBOM
477,ETINAN URBAN IV,04,ETINAN,07,ETINAN,SC/55/AK,Etinan/Nsit Ibom/Nsit ubium,FC/019/AK,AKWA IBOM NORTH EAST,SD/007/AK,AKWA IBOM
478,ETINAN URBAN V,05,ETINAN,07,ETINAN,SC/55/AK,Etinan/Nsit Ibom/Nsit ubium,FC/019/AK,AKWA IBOM NORTH EAST,SD/007/AK,AKWA IBOM
479,SOUTHERN IMAN I,06,ETINAN,07,ETINAN,SC/55/AK,Etinan/Nsit Ibom/Nsit ubium,FC/019/AK,AKWA IBOM NORTH EAST,SD/007/AK,AKWA IBOM
480,SOUTHERN IMAN II,07,ETINAN,07,ETINAN,SC/55/AK,Etinan/Nsit Ibom/Nsit ubium,FC/019/AK,AKWA IBOM NORTH EAST,SD/007/AK,AKWA IBOM
481,SOUTHERN IMAN III,08,ETINAN,07,ETINAN,SC/55/AK,Etinan/Nsit Ibom/Nsit ubium,FC/019/AK,AKWA IBOM NORTH EAST,SD/007/AK,AKWA IBOM
482,SOUTHERN IMAN IV,09,ETINAN,07,ETINAN,SC/55/AK,Etinan/Nsit Ibom/Nsit ubium,FC/019/AK,AKWA IBOM NORTH EAST,SD/007/AK,AKWA IBOM
483,NORTHERN IMAN I,10,ETINAN,07,ETINAN,SC/55/AK,Etinan/Nsit Ibom/Nsit ubium,FC/019/AK,AKWA IBOM NORTH EAST,SD/007/AK,AKWA IBOM
484,NORTHERN IMAN II,11,ETINAN,07,ETINAN,SC/55/AK,Etinan/Nsit Ibom/Nsit ubium,FC/019/AK,AKWA IBOM NORTH EAST,SD/007/AK,AKWA IBOM
485,IBENO I,01,IBENO,08,ESIT EKET/IBENO,SC/53/AK,Eket/Onna/Esit Eket/Ibeno,FC/018/AK,AKWA IBOM SOUTH,SD/009/AK,AKWA IBOM
486,IBENO I,02,IBENO,08,ESIT EKET/IBENO,SC/53/AK,Eket/Onna/Esit Eket/Ibeno,FC/018/AK,AKWA IBOM SOUTH,SD/009/AK,AKWA IBOM
487,IBENO I,03,IBENO,08,ESIT EKET/IBENO,SC/53/AK,Eket/Onna/Esit Eket/Ibeno,FC/018/AK,AKWA IBOM SOUTH,SD/009/AK,AKWA IBOM
488,IBENO I,04,IBENO,08,ESIT EKET/IBENO,SC/53/AK,Eket/Onna/Esit Eket/Ibeno,FC/018/AK,AKWA IBOM SOUTH,SD/009/AK,AKWA IBOM
489,IBENO I,05,IBENO,08,ESIT EKET/IBENO,SC/53/AK,Eket/Onna/Esit Eket/Ibeno,FC/018/AK,AKWA IBOM SOUTH,SD/009/AK,AKWA IBOM
490,IBENO I,06,IBENO,08,ESIT EKET/IBENO,SC/53/AK,Eket/Onna/Esit Eket/Ibeno,FC/018/AK,AKWA IBOM SOUTH,SD/009/AK,AKWA IBOM
491,IBENO I,07,IBENO,08,ESIT EKET/IBENO,SC/53/AK,Eket/Onna/Esit Eket/Ibeno,FC/018/AK,AKWA IBOM SOUTH,SD/009/AK,AKWA IBOM
492,IBENO I,08,IBENO,08,ESIT EKET/IBENO,SC/53/AK,Eket/Onna/Esit Eket/Ibeno,FC/018/AK,AKWA IBOM SOUTH,SD/009/AK,AKWA IBOM
493,IBENO I,09,IBENO,08,ESIT EKET/IBENO,SC/53/AK,Eket/Onna/Esit Eket/Ibeno,FC/018/AK,AKWA IBOM SOUTH,SD/009/AK,AKWA IBOM
494,IBENO I,10,IBENO,08,ESIT EKET/IBENO,SC/53/AK,Eket/Onna/Esit Eket/Ibeno,FC/018/AK,AKWA IBOM SOUTH,SD/009/AK,AKWA IBOM
495,IBESIKPO I,01,IBESIKPO/ASUTAN,09,IBESIKPO ASUTAN,SC/56/AK,Uyo/Uruan/Nsit Atai/ Ibesikpo Asutan,FC/026/AK,AKWA IBOM NORTH EAST,SD/007/AK,AKWA IBOM
496,IBESIKPO II,02,IBESIKPO/ASUTAN,09,IBESIKPO ASUTAN,SC/56/AK,Uyo/Uruan/Nsit Atai/ Ibesikpo Asutan,FC/026/AK,AKWA IBOM NORTH EAST,SD/007/AK,AKWA IBOM
497,IBESIKPO III,03,IBESIKPO/ASUTAN,09,IBESIKPO ASUTAN,SC/56/AK,Uyo/Uruan/Nsit Atai/ Ibesikpo Asutan,FC/026/AK,AKWA IBOM NORTH EAST,SD/007/AK,AKWA IBOM
498,IBESIKPO IV,04,IBESIKPO/ASUTAN,09,IBESIKPO ASUTAN,SC/56/AK,Uyo/Uruan/Nsit Atai/ Ibesikpo Asutan,FC/026/AK,AKWA IBOM NORTH EAST,SD/007/AK,AKWA IBOM
499,IBESIKPO V,05,IBESIKPO/ASUTAN,09,IBESIKPO ASUTAN,SC/56/AK,Uyo/Uruan/Nsit Atai/ Ibesikpo Asutan,FC/026/AK,AKWA IBOM NORTH EAST,SD/007/AK,AKWA IBOM
500,AUSTAN I,06,IBESIKPO/ASUTAN,09,IBESIKPO ASUTAN,SC/56/AK,Uyo/Uruan/Nsit Atai/ Ibesikpo Asutan,FC/026/AK,AKWA IBOM NORTH EAST,SD/007/AK,AKWA IBOM
501,AUSTAN II,07,IBESIKPO/ASUTAN,09,IBESIKPO ASUTAN,SC/56/AK,Uyo/Uruan/Nsit Atai/ Ibesikpo Asutan,FC/026/AK,AKWA IBOM NORTH EAST,SD/007/AK,AKWA IBOM
502,AUSTAN III,08,IBESIKPO/ASUTAN,09,IBESIKPO ASUTAN,SC/56/AK,Uyo/Uruan/Nsit Atai/ Ibesikpo Asutan,FC/026/AK,AKWA IBOM NORTH EAST,SD/007/AK,AKWA IBOM
503,AUSTAN IV,09,IBESIKPO/ASUTAN,09,IBESIKPO ASUTAN,SC/56/AK,Uyo/Uruan/Nsit Atai/ Ibesikpo Asutan,FC/026/AK,AKWA IBOM NORTH EAST,SD/007/AK,AKWA IBOM
504,AUSTAN V,10,IBESIKPO/ASUTAN,09,IBESIKPO ASUTAN,SC/56/AK,Uyo/Uruan/Nsit Atai/ Ibesikpo Asutan,FC/026/AK,AKWA IBOM NORTH EAST,SD/007/AK,AKWA IBOM
505,IBIONO EASTERN I,01,IBIONO IBOM,10,IBIONO IBOM,SC/57/AK,Itu/Ibiono Ibom,FC/023/AK,AKWA IBOM NORTH EAST,SD/007/AK,AKWA IBOM
506,IBIONO EASTERN II,02,IBIONO IBOM,10,IBIONO IBOM,SC/57/AK,Itu/Ibiono Ibom,FC/023/AK,AKWA IBOM NORTH EAST,SD/007/AK,AKWA IBOM
507,IBIONO WESTERN I,03,IBIONO IBOM,10,IBIONO IBOM,SC/57/AK,Itu/Ibiono Ibom,FC/023/AK,AKWA IBOM NORTH EAST,SD/007/AK,AKWA IBOM
508,IBIONO WESTERN II,04,IBIONO IBOM,10,IBIONO IBOM,SC/57/AK,Itu/Ibiono Ibom,FC/023/AK,AKWA IBOM NORTH EAST,SD/007/AK,AKWA IBOM
509,IBIONO SOUTHERN I,05,IBIONO IBOM,10,IBIONO IBOM,SC/57/AK,Itu/Ibiono Ibom,FC/023/AK,AKWA IBOM NORTH EAST,SD/007/AK,AKWA IBOM
510,IBIONO SOURTHERN II,06,IBIONO IBOM,10,IBIONO IBOM,SC/57/AK,Itu/Ibiono Ibom,FC/023/AK,AKWA IBOM NORTH EAST,SD/007/AK,AKWA IBOM
511,IBIONO NORTHERN I,07,IBIONO IBOM,10,IBIONO IBOM,SC/57/AK,Itu/Ibiono Ibom,FC/023/AK,AKWA IBOM NORTH EAST,SD/007/AK,AKWA IBOM
512,IBIONO NORTHERN II,08,IBIONO IBOM,10,IBIONO IBOM,SC/57/AK,Itu/Ibiono Ibom,FC/023/AK,AKWA IBOM NORTH EAST,SD/007/AK,AKWA IBOM
513,IBIONO CENTRAL I,09,IBIONO IBOM,10,IBIONO IBOM,SC/57/AK,Itu/Ibiono Ibom,FC/023/AK,AKWA IBOM NORTH EAST,SD/007/AK,AKWA IBOM
514,IBIONO CENTRAL II,10,IBIONO IBOM,10,IBIONO IBOM,SC/57/AK,Itu/Ibiono Ibom,FC/023/AK,AKWA IBOM NORTH EAST,SD/007/AK,AKWA IBOM
515,IKPANYA,11,IBIONO IBOM,10,IBIONO IBOM,SC/57/AK,Itu/Ibiono Ibom,FC/023/AK,AKWA IBOM NORTH EAST,SD/007/AK,AKWA IBOM
516,IKA URBAN,01,IKA,11,ETIM EKPO/IKA,SC/54/AK,Abak/Etim Ekpo/Ika,FC/017/AK,AKWA IBOM NORTH WEST,SD/008/AK,AKWA IBOM
517,IKA URBAN,02,IKA,11,ETIM EKPO/IKA,SC/54/AK,Abak/Etim Ekpo/Ika,FC/017/AK,AKWA IBOM NORTH WEST,SD/008/AK,AKWA IBOM
518,ACHAN I,03,IKA,11,ETIM EKPO/IKA,SC/54/AK,Abak/Etim Ekpo/Ika,FC/017/AK,AKWA IBOM NORTH WEST,SD/008/AK,AKWA IBOM
519,ACHAN II,04,IKA,11,ETIM EKPO/IKA,SC/54/AK,Abak/Etim Ekpo/Ika,FC/017/AK,AKWA IBOM NORTH WEST,SD/008/AK,AKWA IBOM
520,ACHAN III,05,IKA,11,ETIM EKPO/IKA,SC/54/AK,Abak/Etim Ekpo/Ika,FC/017/AK,AKWA IBOM NORTH WEST,SD/008/AK,AKWA IBOM
521,ITIO I,06,IKA,11,ETIM EKPO/IKA,SC/54/AK,Abak/Etim Ekpo/Ika,FC/017/AK,AKWA IBOM NORTH WEST,SD/008/AK,AKWA IBOM
522,ITIO II,07,IKA,11,ETIM EKPO/IKA,SC/54/AK,Abak/Etim Ekpo/Ika,FC/017/AK,AKWA IBOM NORTH WEST,SD/008/AK,AKWA IBOM
523,ITIO III,08,IKA,11,ETIM EKPO/IKA,SC/54/AK,Abak/Etim Ekpo/Ika,FC/017/AK,AKWA IBOM NORTH WEST,SD/008/AK,AKWA IBOM
524,ODORO I,09,IKA,11,ETIM EKPO/IKA,SC/54/AK,Abak/Etim Ekpo/Ika,FC/017/AK,AKWA IBOM NORTH WEST,SD/008/AK,AKWA IBOM
525,ODORO II,10,IKA,11,ETIM EKPO/IKA,SC/54/AK,Abak/Etim Ekpo/Ika,FC/017/AK,AKWA IBOM NORTH WEST,SD/008/AK,AKWA IBOM
526,IKONO MIDDLE I,01,IKONO,12,IKONO,SC/58/AK,Ikono/Ini,FC/020/AK,AKWA IBOM NORTH WEST,SD/008/AK,AKWA IBOM
527,IKONO MIDDLE II,02,IKONO,12,IKONO,SC/58/AK,Ikono/Ini,FC/020/AK,AKWA IBOM NORTH WEST,SD/008/AK,AKWA IBOM
528,IKONO MIDDLE III,03,IKONO,12,IKONO,SC/58/AK,Ikono/Ini,FC/020/AK,AKWA IBOM NORTH WEST,SD/008/AK,AKWA IBOM
529,IKONO MIDDLE IV,04,IKONO,12,IKONO,SC/58/AK,Ikono/Ini,FC/020/AK,AKWA IBOM NORTH WEST,SD/008/AK,AKWA IBOM
530,IKONO SOUTH,05,IKONO,12,IKONO,SC/58/AK,Ikono/Ini,FC/020/AK,AKWA IBOM NORTH WEST,SD/008/AK,AKWA IBOM
531,NKWO I,06,IKONO,12,IKONO,SC/58/AK,Ikono/Ini,FC/020/AK,AKWA IBOM NORTH WEST,SD/008/AK,AKWA IBOM
532,NKWO II,07,IKONO,12,IKONO,SC/58/AK,Ikono/Ini,FC/020/AK,AKWA IBOM NORTH WEST,SD/008/AK,AKWA IBOM
533,NDIYA/IKOT IDANA,08,IKONO,12,IKONO,SC/58/AK,Ikono/Ini,FC/020/AK,AKWA IBOM NORTH WEST,SD/008/AK,AKWA IBOM
534,EDIENE I,09,IKONO,12,IKONO,SC/58/AK,Ikono/Ini,FC/020/AK,AKWA IBOM NORTH WEST,SD/008/AK,AKWA IBOM
535,EDIENE II,10,IKONO,12,IKONO,SC/58/AK,Ikono/Ini,FC/020/AK,AKWA IBOM NORTH WEST,SD/008/AK,AKWA IBOM
536,ITAK,11,IKONO,12,IKONO,SC/58/AK,Ikono/Ini,FC/020/AK,AKWA IBOM NORTH WEST,SD/008/AK,AKWA IBOM
537,IKPA EBEKWE I,01,IKOT ABASI,13,IKOT ABASI/ EASTERN OBOLO,SC/59/AK,Ikot Abasi/Mkpat Enin/Eastern Obolo,FC/021/AK,AKWA IBOM SOUTH,SD/009/AK,AKWA IBOM
538,IKPA EBEKWE II,02,IKOT ABASI,13,IKOT ABASI/ EASTERN OBOLO,SC/59/AK,Ikot Abasi/Mkpat Enin/Eastern Obolo,FC/021/AK,AKWA IBOM SOUTH,SD/009/AK,AKWA IBOM
539,UKPUM ETE I,03,IKOT ABASI,13,IKOT ABASI/ EASTERN OBOLO,SC/59/AK,Ikot Abasi/Mkpat Enin/Eastern Obolo,FC/021/AK,AKWA IBOM SOUTH,SD/009/AK,AKWA IBOM
540,UKPUM ETE II,04,IKOT ABASI,13,IKOT ABASI/ EASTERN OBOLO,SC/59/AK,Ikot Abasi/Mkpat Enin/Eastern Obolo,FC/021/AK,AKWA IBOM SOUTH,SD/009/AK,AKWA IBOM
541,UKPUM OKON,05,IKOT ABASI,13,IKOT ABASI/ EASTERN OBOLO,SC/59/AK,Ikot Abasi/Mkpat Enin/Eastern Obolo,FC/021/AK,AKWA IBOM SOUTH,SD/009/AK,AKWA IBOM
542,EDEMAYA I,06,IKOT ABASI,13,IKOT ABASI/ EASTERN OBOLO,SC/59/AK,Ikot Abasi/Mkpat Enin/Eastern Obolo,FC/021/AK,AKWA IBOM SOUTH,SD/009/AK,AKWA IBOM
543,EDEMAYA II,07,IKOT ABASI,13,IKOT ABASI/ EASTERN OBOLO,SC/59/AK,Ikot Abasi/Mkpat Enin/Eastern Obolo,FC/021/AK,AKWA IBOM SOUTH,SD/009/AK,AKWA IBOM
544,EDEMAYA III,08,IKOT ABASI,13,IKOT ABASI/ EASTERN OBOLO,SC/59/AK,Ikot Abasi/Mkpat Enin/Eastern Obolo,FC/021/AK,AKWA IBOM SOUTH,SD/009/AK,AKWA IBOM
545,IKPA NUNG ASANG I,09,IKOT ABASI,13,IKOT ABASI/ EASTERN OBOLO,SC/59/AK,Ikot Abasi/Mkpat Enin/Eastern Obolo,FC/021/AK,AKWA IBOM SOUTH,SD/009/AK,AKWA IBOM
546,IKPA NUNG ASANG II,10,IKOT ABASI,13,IKOT ABASI/ EASTERN OBOLO,SC/59/AK,Ikot Abasi/Mkpat Enin/Eastern Obolo,FC/021/AK,AKWA IBOM SOUTH,SD/009/AK,AKWA IBOM
547,IKOT EKPENE I,01,IKOT EKPENE,14,IKOT EKPENE/OBOT AKARA,SC/60/AK,Ikot Ekpene/Essien Udim/ Obot Akara,FC/022/AK,AKWA IBOM NORTH WEST,SD/008/AK,AKWA IBOM
548,IKOT EKPENE II,02,IKOT EKPENE,14,IKOT EKPENE/OBOT AKARA,SC/60/AK,Ikot Ekpene/Essien Udim/ Obot Akara,FC/022/AK,AKWA IBOM NORTH WEST,SD/008/AK,AKWA IBOM
549,IKOT EKPENE III,03,IKOT EKPENE,14,IKOT EKPENE/OBOT AKARA,SC/60/AK,Ikot Ekpene/Essien Udim/ Obot Akara,FC/022/AK,AKWA IBOM NORTH WEST,SD/008/AK,AKWA IBOM
550,IKOT EKPENE IV,04,IKOT EKPENE,14,IKOT EKPENE/OBOT AKARA,SC/60/AK,Ikot Ekpene/Essien Udim/ Obot Akara,FC/022/AK,AKWA IBOM NORTH WEST,SD/008/AK,AKWA IBOM
551,IKOT EKPENE V,05,IKOT EKPENE,14,IKOT EKPENE/OBOT AKARA,SC/60/AK,Ikot Ekpene/Essien Udim/ Obot Akara,FC/022/AK,AKWA IBOM NORTH WEST,SD/008/AK,AKWA IBOM
552,IKOT EKPENE VI,06,IKOT EKPENE,14,IKOT EKPENE/OBOT AKARA,SC/60/AK,Ikot Ekpene/Essien Udim/ Obot Akara,FC/022/AK,AKWA IBOM NORTH WEST,SD/008/AK,AKWA IBOM
553,IKOT EKPENE VII,07,IKOT EKPENE,14,IKOT EKPENE/OBOT AKARA,SC/60/AK,Ikot Ekpene/Essien Udim/ Obot Akara,FC/022/AK,AKWA IBOM NORTH WEST,SD/008/AK,AKWA IBOM
554,IKOT EKPENE VIII,08,IKOT EKPENE,14,IKOT EKPENE/OBOT AKARA,SC/60/AK,Ikot Ekpene/Essien Udim/ Obot Akara,FC/022/AK,AKWA IBOM NORTH WEST,SD/008/AK,AKWA IBOM
555,IKOT EKPENE IX,09,IKOT EKPENE,14,IKOT EKPENE/OBOT AKARA,SC/60/AK,Ikot Ekpene/Essien Udim/ Obot Akara,FC/022/AK,AKWA IBOM NORTH WEST,SD/008/AK,AKWA IBOM
556,IKOT EKPENE X,10,IKOT EKPENE,14,IKOT EKPENE/OBOT AKARA,SC/60/AK,Ikot Ekpene/Essien Udim/ Obot Akara,FC/022/AK,AKWA IBOM NORTH WEST,SD/008/AK,AKWA IBOM
557,IKOT EKPENE XI,11,IKOT EKPENE,14,IKOT EKPENE/OBOT AKARA,SC/60/AK,Ikot Ekpene/Essien Udim/ Obot Akara,FC/022/AK,AKWA IBOM NORTH WEST,SD/008/AK,AKWA IBOM
558,IKPE I,01,INI,15,INI,SC/61/AK,Ikono/Ini,FC/020/AK,AKWA IBOM NORTH WEST,SD/008/AK,AKWA IBOM
559,IKPE II,02,INI,15,INI,SC/61/AK,Ikono/Ini,FC/020/AK,AKWA IBOM NORTH WEST,SD/008/AK,AKWA IBOM
560,ITU MBONUSO,03,INI,15,INI,SC/61/AK,Ikono/Ini,FC/020/AK,AKWA IBOM NORTH WEST,SD/008/AK,AKWA IBOM
561,NKARI,04,INI,15,INI,SC/61/AK,Ikono/Ini,FC/020/AK,AKWA IBOM NORTH WEST,SD/008/AK,AKWA IBOM
562,IWERRE,05,INI,15,INI,SC/61/AK,Ikono/Ini,FC/020/AK,AKWA IBOM NORTH WEST,SD/008/AK,AKWA IBOM
563,IKONO NORTH I,06,INI,15,INI,SC/61/AK,Ikono/Ini,FC/020/AK,AKWA IBOM NORTH WEST,SD/008/AK,AKWA IBOM
564,IKONO NORTH II,07,INI,15,INI,SC/61/AK,Ikono/Ini,FC/020/AK,AKWA IBOM NORTH WEST,SD/008/AK,AKWA IBOM
565,IKONO NORTH III,08,INI,15,INI,SC/61/AK,Ikono/Ini,FC/020/AK,AKWA IBOM NORTH WEST,SD/008/AK,AKWA IBOM
566,ODORO UKWOK,09,INI,15,INI,SC/61/AK,Ikono/Ini,FC/020/AK,AKWA IBOM NORTH WEST,SD/008/AK,AKWA IBOM
567,USUK UKWOK,10,INI,15,INI,SC/61/AK,Ikono/Ini,FC/020/AK,AKWA IBOM NORTH WEST,SD/008/AK,AKWA IBOM
568,OKU IBOKU,01,ITU,16,ITU,SC/62/AK,Itu/Ibiono Ibom,FC/023/AK,AKWA IBOM NORTH EAST,SD/007/AK,AKWA IBOM
569,MBIABO/AYADEHE,02,ITU,16,ITU,SC/62/AK,Itu/Ibiono Ibom,FC/023/AK,AKWA IBOM NORTH EAST,SD/007/AK,AKWA IBOM
570,EAST IAM I,03,ITU,16,ITU,SC/62/AK,Itu/Ibiono Ibom,FC/023/AK,AKWA IBOM NORTH EAST,SD/007/AK,AKWA IBOM
571,EAST ITAM II,04,ITU,16,ITU,SC/62/AK,Itu/Ibiono Ibom,FC/023/AK,AKWA IBOM NORTH EAST,SD/007/AK,AKWA IBOM
572,EAST ITAM III,05,ITU,16,ITU,SC/62/AK,Itu/Ibiono Ibom,FC/023/AK,AKWA IBOM NORTH EAST,SD/007/AK,AKWA IBOM
573,EAST ITAM IV,06,ITU,16,ITU,SC/62/AK,Itu/Ibiono Ibom,FC/023/AK,AKWA IBOM NORTH EAST,SD/007/AK,AKWA IBOM
574,EAST ITAM V,07,ITU,16,ITU,SC/62/AK,Itu/Ibiono Ibom,FC/023/AK,AKWA IBOM NORTH EAST,SD/007/AK,AKWA IBOM
575,WEST ITAM I,08,ITU,16,ITU,SC/62/AK,Itu/Ibiono Ibom,FC/023/AK,AKWA IBOM NORTH EAST,SD/007/AK,AKWA IBOM
576,WEST ITAM II,09,ITU,16,ITU,SC/62/AK,Itu/Ibiono Ibom,FC/023/AK,AKWA IBOM NORTH EAST,SD/007/AK,AKWA IBOM
577,WEST ITAM III,10,ITU,16,ITU,SC/62/AK,Itu/Ibiono Ibom,FC/023/AK,AKWA IBOM NORTH EAST,SD/007/AK,AKWA IBOM
578,ENWANG I,01,MBO,17,MBO,SC/63/AK,Oron/Mbo/Okobo/Udung Uko/Urue Offong/Oruko,FC/024/AK,AKWA IBOM SOUTH,SD/009/AK,AKWA IBOM
579,EWANG II,02,MBO,17,MBO,SC/63/AK,Oron/Mbo/Okobo/Udung Uko/Urue Offong/Oruko,FC/024/AK,AKWA IBOM SOUTH,SD/009/AK,AKWA IBOM
580,EBUCHU I,03,MBO,17,MBO,SC/63/AK,Oron/Mbo/Okobo/Udung Uko/Urue Offong/Oruko,FC/024/AK,AKWA IBOM SOUTH,SD/009/AK,AKWA IBOM
581,EBUCHU II,04,MBO,17,MBO,SC/63/AK,Oron/Mbo/Okobo/Udung Uko/Urue Offong/Oruko,FC/024/AK,AKWA IBOM SOUTH,SD/009/AK,AKWA IBOM
582,UDESI,05,MBO,17,MBO,SC/63/AK,Oron/Mbo/Okobo/Udung Uko/Urue Offong/Oruko,FC/024/AK,AKWA IBOM SOUTH,SD/009/AK,AKWA IBOM
583,EFFIAT I,06,MBO,17,MBO,SC/63/AK,Oron/Mbo/Okobo/Udung Uko/Urue Offong/Oruko,FC/024/AK,AKWA IBOM SOUTH,SD/009/AK,AKWA IBOM
584,EFFIAT II,07,MBO,17,MBO,SC/63/AK,Oron/Mbo/Okobo/Udung Uko/Urue Offong/Oruko,FC/024/AK,AKWA IBOM SOUTH,SD/009/AK,AKWA IBOM
585,IBAKA,08,MBO,17,MBO,SC/63/AK,Oron/Mbo/Okobo/Udung Uko/Urue Offong/Oruko,FC/024/AK,AKWA IBOM SOUTH,SD/009/AK,AKWA IBOM
586,UDA I,09,MBO,17,MBO,SC/63/AK,Oron/Mbo/Okobo/Udung Uko/Urue Offong/Oruko,FC/024/AK,AKWA IBOM SOUTH,SD/009/AK,AKWA IBOM
587,UDA II,10,MBO,17,MBO,SC/63/AK,Oron/Mbo/Okobo/Udung Uko/Urue Offong/Oruko,FC/024/AK,AKWA IBOM SOUTH,SD/009/AK,AKWA IBOM
588,UKPUM MINYA I,01,MKPAT ENIN,18,MKPAT ENIN,SC/64/AK,Ikot Abasi/Mkpat Enin/Eastern Obolo,FC/021/AK,AKWA IBOM SOUTH,SD/009/AK,AKWA IBOM
589,UKPUM MINYA II,02,MKPAT ENIN,18,MKPAT ENIN,SC/64/AK,Ikot Abasi/Mkpat Enin/Eastern Obolo,FC/021/AK,AKWA IBOM SOUTH,SD/009/AK,AKWA IBOM
590,UKPUM MINYA III,03,MKPAT ENIN,18,MKPAT ENIN,SC/64/AK,Ikot Abasi/Mkpat Enin/Eastern Obolo,FC/021/AK,AKWA IBOM SOUTH,SD/009/AK,AKWA IBOM
591,UKPUM IV,04,MKPAT ENIN,18,MKPAT ENIN,SC/64/AK,Ikot Abasi/Mkpat Enin/Eastern Obolo,FC/021/AK,AKWA IBOM SOUTH,SD/009/AK,AKWA IBOM
592,IKPA IBOM I,05,MKPAT ENIN,18,MKPAT ENIN,SC/64/AK,Ikot Abasi/Mkpat Enin/Eastern Obolo,FC/021/AK,AKWA IBOM SOUTH,SD/009/AK,AKWA IBOM
593,IKPA IBOM II,06,MKPAT ENIN,18,MKPAT ENIN,SC/64/AK,Ikot Abasi/Mkpat Enin/Eastern Obolo,FC/021/AK,AKWA IBOM SOUTH,SD/009/AK,AKWA IBOM
594,IKPA IBOM III,07,MKPAT ENIN,18,MKPAT ENIN,SC/64/AK,Ikot Abasi/Mkpat Enin/Eastern Obolo,FC/021/AK,AKWA IBOM SOUTH,SD/009/AK,AKWA IBOM
595,IKPA IBOM IV,08,MKPAT ENIN,18,MKPAT ENIN,SC/64/AK,Ikot Abasi/Mkpat Enin/Eastern Obolo,FC/021/AK,AKWA IBOM SOUTH,SD/009/AK,AKWA IBOM
596,IBIAKU I,09,MKPAT ENIN,18,MKPAT ENIN,SC/64/AK,Ikot Abasi/Mkpat Enin/Eastern Obolo,FC/021/AK,AKWA IBOM SOUTH,SD/009/AK,AKWA IBOM
597,IBIAKU II,10,MKPAT ENIN,18,MKPAT ENIN,SC/64/AK,Ikot Abasi/Mkpat Enin/Eastern Obolo,FC/021/AK,AKWA IBOM SOUTH,SD/009/AK,AKWA IBOM
598,IBIAKU III,11,MKPAT ENIN,18,MKPAT ENIN,SC/64/AK,Ikot Abasi/Mkpat Enin/Eastern Obolo,FC/021/AK,AKWA IBOM SOUTH,SD/009/AK,AKWA IBOM
599,IKPA IKONO I,12,MKPAT ENIN,18,MKPAT ENIN,SC/64/AK,Ikot Abasi/Mkpat Enin/Eastern Obolo,FC/021/AK,AKWA IBOM SOUTH,SD/009/AK,AKWA IBOM
600,IKPA IKONO II,13,MKPAT ENIN,18,MKPAT ENIN,SC/64/AK,Ikot Abasi/Mkpat Enin/Eastern Obolo,FC/021/AK,AKWA IBOM SOUTH,SD/009/AK,AKWA IBOM
601,IKPA IKONO III,14,MKPAT ENIN,18,MKPAT ENIN,SC/64/AK,Ikot Abasi/Mkpat Enin/Eastern Obolo,FC/021/AK,AKWA IBOM SOUTH,SD/009/AK,AKWA IBOM
602,EASTERN NSIT I,01,NSIT ATAI,19,NSIT ATAI,SC/65/AK,Uyo/Uruan/Nsit Atai/ Ibesikpo Asutan,FC/026/AK,AKWA IBOM NORTH EAST,SD/007/AK,AKWA IBOM
603,EASTERN NSIT II,02,NSIT ATAI,19,NSIT ATAI,SC/65/AK,Uyo/Uruan/Nsit Atai/ Ibesikpo Asutan,FC/026/AK,AKWA IBOM NORTH EAST,SD/007/AK,AKWA IBOM
604,EASTERN NSIT III,03,NSIT ATAI,19,NSIT ATAI,SC/65/AK,Uyo/Uruan/Nsit Atai/ Ibesikpo Asutan,FC/026/AK,AKWA IBOM NORTH EAST,SD/007/AK,AKWA IBOM
605,EASTERN NSIT IV,04,NSIT ATAI,19,NSIT ATAI,SC/65/AK,Uyo/Uruan/Nsit Atai/ Ibesikpo Asutan,FC/026/AK,AKWA IBOM NORTH EAST,SD/007/AK,AKWA IBOM
606,EASTERN NSIT V,05,NSIT ATAI,19,NSIT ATAI,SC/65/AK,Uyo/Uruan/Nsit Atai/ Ibesikpo Asutan,FC/026/AK,AKWA IBOM NORTH EAST,SD/007/AK,AKWA IBOM
607,EASTERN NSIT VI,06,NSIT ATAI,19,NSIT ATAI,SC/65/AK,Uyo/Uruan/Nsit Atai/ Ibesikpo Asutan,FC/026/AK,AKWA IBOM NORTH EAST,SD/007/AK,AKWA IBOM
608,EASTERN NSIT VII,07,NSIT ATAI,19,NSIT ATAI,SC/65/AK,Uyo/Uruan/Nsit Atai/ Ibesikpo Asutan,FC/026/AK,AKWA IBOM NORTH EAST,SD/007/AK,AKWA IBOM
609,EASTERN NSIT VIII,08,NSIT ATAI,19,NSIT ATAI,SC/65/AK,Uyo/Uruan/Nsit Atai/ Ibesikpo Asutan,FC/026/AK,AKWA IBOM NORTH EAST,SD/007/AK,AKWA IBOM
610,EASTERN NSIT IX,09,NSIT ATAI,19,NSIT ATAI,SC/65/AK,Uyo/Uruan/Nsit Atai/ Ibesikpo Asutan,FC/026/AK,AKWA IBOM NORTH EAST,SD/007/AK,AKWA IBOM
611,EASTERN NSIT X,10,NSIT ATAI,19,NSIT ATAI,SC/65/AK,Uyo/Uruan/Nsit Atai/ Ibesikpo Asutan,FC/026/AK,AKWA IBOM NORTH EAST,SD/007/AK,AKWA IBOM
612,ASANG I,01,NSIT IBOM,20,NSIT IBOM,SC/66/AK,Etinan/Nsit Ibom/Nsit ubium,FC/019/AK,AKWA IBOM NORTH EAST,SD/007/AK,AKWA IBOM
613,ASANG II,02,NSIT IBOM,20,NSIT IBOM,SC/66/AK,Etinan/Nsit Ibom/Nsit ubium,FC/019/AK,AKWA IBOM NORTH EAST,SD/007/AK,AKWA IBOM
614,ASANG III,03,NSIT IBOM,20,NSIT IBOM,SC/66/AK,Etinan/Nsit Ibom/Nsit ubium,FC/019/AK,AKWA IBOM NORTH EAST,SD/007/AK,AKWA IBOM
615,ASANG IV,04,NSIT IBOM,20,NSIT IBOM,SC/66/AK,Etinan/Nsit Ibom/Nsit ubium,FC/019/AK,AKWA IBOM NORTH EAST,SD/007/AK,AKWA IBOM
616,ASANG V,05,NSIT IBOM,20,NSIT IBOM,SC/66/AK,Etinan/Nsit Ibom/Nsit ubium,FC/019/AK,AKWA IBOM NORTH EAST,SD/007/AK,AKWA IBOM
617,MBIASO I,06,NSIT IBOM,20,NSIT IBOM,SC/66/AK,Etinan/Nsit Ibom/Nsit ubium,FC/019/AK,AKWA IBOM NORTH EAST,SD/007/AK,AKWA IBOM
618,MBIASO II,07,NSIT IBOM,20,NSIT IBOM,SC/66/AK,Etinan/Nsit Ibom/Nsit ubium,FC/019/AK,AKWA IBOM NORTH EAST,SD/007/AK,AKWA IBOM
619,MBIASO III,08,NSIT IBOM,20,NSIT IBOM,SC/66/AK,Etinan/Nsit Ibom/Nsit ubium,FC/019/AK,AKWA IBOM NORTH EAST,SD/007/AK,AKWA IBOM
620,MBIASO IV,09,NSIT IBOM,20,NSIT IBOM,SC/66/AK,Etinan/Nsit Ibom/Nsit ubium,FC/019/AK,AKWA IBOM NORTH EAST,SD/007/AK,AKWA IBOM
621,MBIASO V,10,NSIT IBOM,20,NSIT IBOM,SC/66/AK,Etinan/Nsit Ibom/Nsit ubium,FC/019/AK,AKWA IBOM NORTH EAST,SD/007/AK,AKWA IBOM
622,IBIAKPAN/OBOTIM I,01,NSIT UBIUM,21,NSIT UBIUM,SC/67/AK,Etinan/Nsit Ibom/Nsit ubium,FC/019/AK,AKWA IBOM NORTH EAST,SD/007/AK,AKWA IBOM
623,IBIAKPAN/OBOTIM II,02,NSIT UBIUM,21,NSIT UBIUM,SC/67/AK,Etinan/Nsit Ibom/Nsit ubium,FC/019/AK,AKWA IBOM NORTH EAST,SD/007/AK,AKWA IBOM
624,ITRETO,03,NSIT UBIUM,21,NSIT UBIUM,SC/67/AK,Etinan/Nsit Ibom/Nsit ubium,FC/019/AK,AKWA IBOM NORTH EAST,SD/007/AK,AKWA IBOM
625,NDIYA,04,NSIT UBIUM,21,NSIT UBIUM,SC/67/AK,Etinan/Nsit Ibom/Nsit ubium,FC/019/AK,AKWA IBOM NORTH EAST,SD/007/AK,AKWA IBOM
626,UBIUM NORTH I,05,NSIT UBIUM,21,NSIT UBIUM,SC/67/AK,Etinan/Nsit Ibom/Nsit ubium,FC/019/AK,AKWA IBOM NORTH EAST,SD/007/AK,AKWA IBOM
627,UBIUM NORTH II,06,NSIT UBIUM,21,NSIT UBIUM,SC/67/AK,Etinan/Nsit Ibom/Nsit ubium,FC/019/AK,AKWA IBOM NORTH EAST,SD/007/AK,AKWA IBOM
628,UBIUM NORTH III,07,NSIT UBIUM,21,NSIT UBIUM,SC/67/AK,Etinan/Nsit Ibom/Nsit ubium,FC/019/AK,AKWA IBOM NORTH EAST,SD/007/AK,AKWA IBOM
629,UBIUM SOUTH I,08,NSIT UBIUM,21,NSIT UBIUM,SC/67/AK,Etinan/Nsit Ibom/Nsit ubium,FC/019/AK,AKWA IBOM NORTH EAST,SD/007/AK,AKWA IBOM
630,UBIUM SOUTH II,09,NSIT UBIUM,21,NSIT UBIUM,SC/67/AK,Etinan/Nsit Ibom/Nsit ubium,FC/019/AK,AKWA IBOM NORTH EAST,SD/007/AK,AKWA IBOM
631,UBIUM SOUTH III,10,NSIT UBIUM,21,NSIT UBIUM,SC/67/AK,Etinan/Nsit Ibom/Nsit ubium,FC/019/AK,AKWA IBOM NORTH EAST,SD/007/AK,AKWA IBOM
632,IKOT ABIA I,01,OBOT AKARA,22,IKOT EKPENE/OBOT AKARA,SC/60/AK,Ikot Ekpene/Essien Udim/ Obot Akara,FC/022/AK,AKWA IBOM NORTH WEST,SD/008/AK,AKWA IBOM
633,IKOT ABIA II,02,OBOT AKARA,22,IKOT EKPENE/OBOT AKARA,SC/60/AK,Ikot Ekpene/Essien Udim/ Obot Akara,FC/022/AK,AKWA IBOM NORTH WEST,SD/008/AK,AKWA IBOM
634,IKOT ABIA III,03,OBOT AKARA,22,IKOT EKPENE/OBOT AKARA,SC/60/AK,Ikot Ekpene/Essien Udim/ Obot Akara,FC/022/AK,AKWA IBOM NORTH WEST,SD/008/AK,AKWA IBOM
635,OBOT AKARA I,04,OBOT AKARA,22,IKOT EKPENE/OBOT AKARA,SC/60/AK,Ikot Ekpene/Essien Udim/ Obot Akara,FC/022/AK,AKWA IBOM NORTH WEST,SD/008/AK,AKWA IBOM
636,OBOT AKARA II,05,OBOT AKARA,22,IKOT EKPENE/OBOT AKARA,SC/60/AK,Ikot Ekpene/Essien Udim/ Obot Akara,FC/022/AK,AKWA IBOM NORTH WEST,SD/008/AK,AKWA IBOM
637,OBOT AKARA III,06,OBOT AKARA,22,IKOT EKPENE/OBOT AKARA,SC/60/AK,Ikot Ekpene/Essien Udim/ Obot Akara,FC/022/AK,AKWA IBOM NORTH WEST,SD/008/AK,AKWA IBOM
638,NTO EDINO I,07,OBOT AKARA,22,IKOT EKPENE/OBOT AKARA,SC/60/AK,Ikot Ekpene/Essien Udim/ Obot Akara,FC/022/AK,AKWA IBOM NORTH WEST,SD/008/AK,AKWA IBOM
639,NTO EDINO II,08,OBOT AKARA,22,IKOT EKPENE/OBOT AKARA,SC/60/AK,Ikot Ekpene/Essien Udim/ Obot Akara,FC/022/AK,AKWA IBOM NORTH WEST,SD/008/AK,AKWA IBOM
640,NTO EDINO III,09,OBOT AKARA,22,IKOT EKPENE/OBOT AKARA,SC/60/AK,Ikot Ekpene/Essien Udim/ Obot Akara,FC/022/AK,AKWA IBOM NORTH WEST,SD/008/AK,AKWA IBOM
641,NTO EDINO IV,10,OBOT AKARA,22,IKOT EKPENE/OBOT AKARA,SC/60/AK,Ikot Ekpene/Essien Udim/ Obot Akara,FC/022/AK,AKWA IBOM NORTH WEST,SD/008/AK,AKWA IBOM
642,OKOPEDI I,01,KOBO,23,OKOBO,SC/68/AK,Oron/Mbo/Okobo/Udung Uko/Urue Offong/Oruko,FC/024/AK,AKWA IBOM SOUTH,SD/009/AK,AKWA IBOM
643,OKOPEDI II,02,KOBO,23,OKOBO,SC/68/AK,Oron/Mbo/Okobo/Udung Uko/Urue Offong/Oruko,FC/024/AK,AKWA IBOM SOUTH,SD/009/AK,AKWA IBOM
644,NUNG ATI/UBE I,03,KOBO,23,OKOBO,SC/68/AK,Oron/Mbo/Okobo/Udung Uko/Urue Offong/Oruko,FC/024/AK,AKWA IBOM SOUTH,SD/009/AK,AKWA IBOM
645,NUNG ATAI/UBE II,04,KOBO,23,OKOBO,SC/68/AK,Oron/Mbo/Okobo/Udung Uko/Urue Offong/Oruko,FC/024/AK,AKWA IBOM SOUTH,SD/009/AK,AKWA IBOM
646,AKAI/MBOKPU/UDUNG,05,KOBO,23,OKOBO,SC/68/AK,Oron/Mbo/Okobo/Udung Uko/Urue Offong/Oruko,FC/024/AK,AKWA IBOM SOUTH,SD/009/AK,AKWA IBOM
647,EWEME I,06,KOBO,23,OKOBO,SC/68/AK,Oron/Mbo/Okobo/Udung Uko/Urue Offong/Oruko,FC/024/AK,AKWA IBOM SOUTH,SD/009/AK,AKWA IBOM
648,EWEME II,07,KOBO,23,OKOBO,SC/68/AK,Oron/Mbo/Okobo/Udung Uko/Urue Offong/Oruko,FC/024/AK,AKWA IBOM SOUTH,SD/009/AK,AKWA IBOM
649,OFFI I,08,KOBO,23,OKOBO,SC/68/AK,Oron/Mbo/Okobo/Udung Uko/Urue Offong/Oruko,FC/024/AK,AKWA IBOM SOUTH,SD/009/AK,AKWA IBOM
650,OFFI II,09,KOBO,23,OKOBO,SC/68/AK,Oron/Mbo/Okobo/Udung Uko/Urue Offong/Oruko,FC/024/AK,AKWA IBOM SOUTH,SD/009/AK,AKWA IBOM
651,EKEYA,10,KOBO,23,OKOBO,SC/68/AK,Oron/Mbo/Okobo/Udung Uko/Urue Offong/Oruko,FC/024/AK,AKWA IBOM SOUTH,SD/009/AK,AKWA IBOM
652,AWA I,01,ONNAA,24,ONNA,SC/69/AK,Eket/Onna/Esit Eket/Ibeno,FC/018/AK,AKWA IBOM SOUTH,SD/009/AK,AKWA IBOM
653,AWA II,02,ONNAA,24,ONNA,SC/69/AK,Eket/Onna/Esit Eket/Ibeno,FC/018/AK,AKWA IBOM SOUTH,SD/009/AK,AKWA IBOM
654,AWA III,03,ONNAA,24,ONNA,SC/69/AK,Eket/Onna/Esit Eket/Ibeno,FC/018/AK,AKWA IBOM SOUTH,SD/009/AK,AKWA IBOM
655,AWA IV,04,ONNAA,24,ONNA,SC/69/AK,Eket/Onna/Esit Eket/Ibeno,FC/018/AK,AKWA IBOM SOUTH,SD/009/AK,AKWA IBOM
656,NUNG UDEM I,05,ONNAA,24,ONNA,SC/69/AK,Eket/Onna/Esit Eket/Ibeno,FC/018/AK,AKWA IBOM SOUTH,SD/009/AK,AKWA IBOM
657,NUNG UDEM II,06,ONNAA,24,ONNA,SC/69/AK,Eket/Onna/Esit Eket/Ibeno,FC/018/AK,AKWA IBOM SOUTH,SD/009/AK,AKWA IBOM
658,ONIONG EAST I,07,ONNAA,24,ONNA,SC/69/AK,Eket/Onna/Esit Eket/Ibeno,FC/018/AK,AKWA IBOM SOUTH,SD/009/AK,AKWA IBOM
659,ONIONG EAST II,08,ONNAA,24,ONNA,SC/69/AK,Eket/Onna/Esit Eket/Ibeno,FC/018/AK,AKWA IBOM SOUTH,SD/009/AK,AKWA IBOM
660,ONIONG EAST III,09,ONNAA,24,ONNA,SC/69/AK,Eket/Onna/Esit Eket/Ibeno,FC/018/AK,AKWA IBOM SOUTH,SD/009/AK,AKWA IBOM
661,ONIONG WEST I,10,ONNAA,24,ONNA,SC/69/AK,Eket/Onna/Esit Eket/Ibeno,FC/018/AK,AKWA IBOM SOUTH,SD/009/AK,AKWA IBOM
662,ONIONG WEST II,11,ONNAA,24,ONNA,SC/69/AK,Eket/Onna/Esit Eket/Ibeno,FC/018/AK,AKWA IBOM SOUTH,SD/009/AK,AKWA IBOM
663,ONIONG EAST III,12,ONNAA,24,ONNA,SC/69/AK,Eket/Onna/Esit Eket/Ibeno,FC/018/AK,AKWA IBOM SOUTH,SD/009/AK,AKWA IBOM
664,ORON URBAN I,01,ORON,25,ORON/UDUNG UKO,SC/70/AK,Oron/Mbo/Okobo/Udung Uko/Urue Offong/Oruko,FC/024/AK,AKWA IBOM SOUTH,SD/009/AK,AKWA IBOM
665,ORON URBAN II,02,ORON,25,ORON/UDUNG UKO,SC/70/AK,Oron/Mbo/Okobo/Udung Uko/Urue Offong/Oruko,FC/024/AK,AKWA IBOM SOUTH,SD/009/AK,AKWA IBOM
666,ORON URBAN III,03,ORON,25,ORON/UDUNG UKO,SC/70/AK,Oron/Mbo/Okobo/Udung Uko/Urue Offong/Oruko,FC/024/AK,AKWA IBOM SOUTH,SD/009/AK,AKWA IBOM
667,ORON URBAN IV,04,ORON,25,ORON/UDUNG UKO,SC/70/AK,Oron/Mbo/Okobo/Udung Uko/Urue Offong/Oruko,FC/024/AK,AKWA IBOM SOUTH,SD/009/AK,AKWA IBOM
668,ORON URBAN V,05,ORON,25,ORON/UDUNG UKO,SC/70/AK,Oron/Mbo/Okobo/Udung Uko/Urue Offong/Oruko,FC/024/AK,AKWA IBOM SOUTH,SD/009/AK,AKWA IBOM
669,ORON URBAN VI,06,ORON,25,ORON/UDUNG UKO,SC/70/AK,Oron/Mbo/Okobo/Udung Uko/Urue Offong/Oruko,FC/024/AK,AKWA IBOM SOUTH,SD/009/AK,AKWA IBOM
670,ORON URBAN VII,07,ORON,25,ORON/UDUNG UKO,SC/70/AK,Oron/Mbo/Okobo/Udung Uko/Urue Offong/Oruko,FC/024/AK,AKWA IBOM SOUTH,SD/009/AK,AKWA IBOM
671,ORON URBAN VIII,08,ORON,25,ORON/UDUNG UKO,SC/70/AK,Oron/Mbo/Okobo/Udung Uko/Urue Offong/Oruko,FC/024/AK,AKWA IBOM SOUTH,SD/009/AK,AKWA IBOM
672,ORON URBAN IX,09,ORON,25,ORON/UDUNG UKO,SC/70/AK,Oron/Mbo/Okobo/Udung Uko/Urue Offong/Oruko,FC/024/AK,AKWA IBOM SOUTH,SD/009/AK,AKWA IBOM
673,ORON URBAN X,10,ORON,25,ORON/UDUNG UKO,SC/70/AK,Oron/Mbo/Okobo/Udung Uko/Urue Offong/Oruko,FC/024/AK,AKWA IBOM SOUTH,SD/009/AK,AKWA IBOM
674,IKOT IBRITAM I,01,ORUKANAM,26,ORUK ANAM,SC/71/AK,Ukanafun/Oruk Anam,FC/025/AK,AKWA IBOM NORTH WEST,SD/008/AK,AKWA IBOM
675,IKOT IBRITAM II,02,ORUKANAM,26,ORUK ANAM,SC/71/AK,Ukanafun/Oruk Anam,FC/025/AK,AKWA IBOM NORTH WEST,SD/008/AK,AKWA IBOM
676,NDOT/IK.OKORO I,03,ORUKANAM,26,ORUK ANAM,SC/71/AK,Ukanafun/Oruk Anam,FC/025/AK,AKWA IBOM NORTH WEST,SD/008/AK,AKWA IBOM
677,NDOT/IK. OKORO II,04,ORUKANAM,26,ORUK ANAM,SC/71/AK,Ukanafun/Oruk Anam,FC/025/AK,AKWA IBOM NORTH WEST,SD/008/AK,AKWA IBOM
678,NDOT/IK. OKORO III,05,ORUKANAM,26,ORUK ANAM,SC/71/AK,Ukanafun/Oruk Anam,FC/025/AK,AKWA IBOM NORTH WEST,SD/008/AK,AKWA IBOM
679,IBESIT,06,ORUKANAM,26,ORUK ANAM,SC/71/AK,Ukanafun/Oruk Anam,FC/025/AK,AKWA IBOM NORTH WEST,SD/008/AK,AKWA IBOM
680,EKPARAKWA,07,ORUKANAM,26,ORUK ANAM,SC/71/AK,Ukanafun/Oruk Anam,FC/025/AK,AKWA IBOM NORTH WEST,SD/008/AK,AKWA IBOM
681,ABAK MIDIM I,08,ORUKANAM,26,ORUK ANAM,SC/71/AK,Ukanafun/Oruk Anam,FC/025/AK,AKWA IBOM NORTH WEST,SD/008/AK,AKWA IBOM
682,ABAK MIDIM II,09,ORUKANAM,26,ORUK ANAM,SC/71/AK,Ukanafun/Oruk Anam,FC/025/AK,AKWA IBOM NORTH WEST,SD/008/AK,AKWA IBOM
683,ABAK MIDIM III,10,ORUKANAM,26,ORUK ANAM,SC/71/AK,Ukanafun/Oruk Anam,FC/025/AK,AKWA IBOM NORTH WEST,SD/008/AK,AKWA IBOM
684,ABAK MIDIMI IV,11,ORUKANAM,26,ORUK ANAM,SC/71/AK,Ukanafun/Oruk Anam,FC/025/AK,AKWA IBOM NORTH WEST,SD/008/AK,AKWA IBOM
685,IBESIT/NUNG IKOT I,12,ORUKANAM,26,ORUK ANAM,SC/71/AK,Ukanafun/Oruk Anam,FC/025/AK,AKWA IBOM NORTH WEST,SD/008/AK,AKWA IBOM
686,IBESIT/NUNG IKOT II,13,ORUKANAM,26,ORUK ANAM,SC/71/AK,Ukanafun/Oruk Anam,FC/025/AK,AKWA IBOM NORTH WEST,SD/008/AK,AKWA IBOM
687,UDUNG UKO I,01,UDUNG UKO,27,ORON/UDUNG UKO,SC/70/AK,Oron/Mbo/Okobo/Udung Uko/Urue Offong/Oruko,FC/024/AK,AKWA IBOM SOUTH,SD/009/AK,AKWA IBOM
688,UDUNG UKO II,02,UDUNG UKO,27,ORON/UDUNG UKO,SC/70/AK,Oron/Mbo/Okobo/Udung Uko/Urue Offong/Oruko,FC/024/AK,AKWA IBOM SOUTH,SD/009/AK,AKWA IBOM
689,UDUNG UKO III,03,UDUNG UKO,27,ORON/UDUNG UKO,SC/70/AK,Oron/Mbo/Okobo/Udung Uko/Urue Offong/Oruko,FC/024/AK,AKWA IBOM SOUTH,SD/009/AK,AKWA IBOM
690,UDUNG UKO IV,04,UDUNG UKO,27,ORON/UDUNG UKO,SC/70/AK,Oron/Mbo/Okobo/Udung Uko/Urue Offong/Oruko,FC/024/AK,AKWA IBOM SOUTH,SD/009/AK,AKWA IBOM
691,UDUNG UKO V,05,UDUNG UKO,27,ORON/UDUNG UKO,SC/70/AK,Oron/Mbo/Okobo/Udung Uko/Urue Offong/Oruko,FC/024/AK,AKWA IBOM SOUTH,SD/009/AK,AKWA IBOM
692,UDUNG UKO VI,06,UDUNG UKO,27,ORON/UDUNG UKO,SC/70/AK,Oron/Mbo/Okobo/Udung Uko/Urue Offong/Oruko,FC/024/AK,AKWA IBOM SOUTH,SD/009/AK,AKWA IBOM
693,UDUNG UKO VII,07,UDUNG UKO,27,ORON/UDUNG UKO,SC/70/AK,Oron/Mbo/Okobo/Udung Uko/Urue Offong/Oruko,FC/024/AK,AKWA IBOM SOUTH,SD/009/AK,AKWA IBOM
694,UDUNG UKO VIII,08,UDUNG UKO,27,ORON/UDUNG UKO,SC/70/AK,Oron/Mbo/Okobo/Udung Uko/Urue Offong/Oruko,FC/024/AK,AKWA IBOM SOUTH,SD/009/AK,AKWA IBOM
695,UDUNG UKO IX,09,UDUNG UKO,27,ORON/UDUNG UKO,SC/70/AK,Oron/Mbo/Okobo/Udung Uko/Urue Offong/Oruko,FC/024/AK,AKWA IBOM SOUTH,SD/009/AK,AKWA IBOM
696,UDUNG UKO X,10,UDUNG UKO,27,ORON/UDUNG UKO,SC/70/AK,Oron/Mbo/Okobo/Udung Uko/Urue Offong/Oruko,FC/024/AK,AKWA IBOM SOUTH,SD/009/AK,AKWA IBOM
697,UKANAFUN URBAN,01,UKANAFUN,28,UKANAFUN,SC/72/AK,Ukanafun/Oruk Anam,FC/025/AK,AKWA IBOM NORTH WEST,SD/008/AK,AKWA IBOM
698,SOUTHERN UKANAFUN I,02,UKANAFUN,28,UKANAFUN,SC/72/AK,Ukanafun/Oruk Anam,FC/025/AK,AKWA IBOM NORTH WEST,SD/008/AK,AKWA IBOM
699,SOUTHERN UKANAFUN II,03,UKANAFUN,28,UKANAFUN,SC/72/AK,Ukanafun/Oruk Anam,FC/025/AK,AKWA IBOM NORTH WEST,SD/008/AK,AKWA IBOM
700,NORTHERN UKANAFUN I,04,UKANAFUN,28,UKANAFUN,SC/72/AK,Ukanafun/Oruk Anam,FC/025/AK,AKWA IBOM NORTH WEST,SD/008/AK,AKWA IBOM
701,NORTHERN UKANAFUN II,05,UKANAFUN,28,UKANAFUN,SC/72/AK,Ukanafun/Oruk Anam,FC/025/AK,AKWA IBOM NORTH WEST,SD/008/AK,AKWA IBOM
702,NORTHERN AFAHA I,06,UKANAFUN,28,UKANAFUN,SC/72/AK,Ukanafun/Oruk Anam,FC/025/AK,AKWA IBOM NORTH WEST,SD/008/AK,AKWA IBOM
703,NORTHERN AFAHA II,07,UKANAFUN,28,UKANAFUN,SC/72/AK,Ukanafun/Oruk Anam,FC/025/AK,AKWA IBOM NORTH WEST,SD/008/AK,AKWA IBOM
704,SOUTHERN AFAHA ADAT IFANG I,08,UKANAFUN,28,UKANAFUN,SC/72/AK,Ukanafun/Oruk Anam,FC/025/AK,AKWA IBOM NORTH WEST,SD/008/AK,AKWA IBOM
705,SOUTHERN AFAHA ADAT IFANG II,09,UKANAFUN,28,UKANAFUN,SC/72/AK,Ukanafun/Oruk Anam,FC/025/AK,AKWA IBOM NORTH WEST,SD/008/AK,AKWA IBOM
706,SOUTHERN AFAHA ADAT IFANG III,10,UKANAFUN,28,UKANAFUN,SC/72/AK,Ukanafun/Oruk Anam,FC/025/AK,AKWA IBOM NORTH WEST,SD/008/AK,AKWA IBOM
707,SOUTHERN AFAHA ADAT IFANG IV,11,UKANAFUN,28,UKANAFUN,SC/72/AK,Ukanafun/Oruk Anam,FC/025/AK,AKWA IBOM NORTH WEST,SD/008/AK,AKWA IBOM
708,CENTRAL URUAN I,01,URBAN,29,URUAN,SC/73/AK,Uyo/Uruan/Nsit Atai/ Ibesikpo Asutan,FC/026/AK,AKWA IBOM NORTH EAST,SD/007/AK,AKWA IBOM
709,CENTRAL URUAN II,02,URBAN,29,URUAN,SC/73/AK,Uyo/Uruan/Nsit Atai/ Ibesikpo Asutan,FC/026/AK,AKWA IBOM NORTH EAST,SD/007/AK,AKWA IBOM
710,CENTRAL URUAN III,03,URBAN,29,URUAN,SC/73/AK,Uyo/Uruan/Nsit Atai/ Ibesikpo Asutan,FC/026/AK,AKWA IBOM NORTH EAST,SD/007/AK,AKWA IBOM
711,NORTHERN URUAN I,04,URBAN,29,URUAN,SC/73/AK,Uyo/Uruan/Nsit Atai/ Ibesikpo Asutan,FC/026/AK,AKWA IBOM NORTH EAST,SD/007/AK,AKWA IBOM
712,NORTHERN URUAN II,05,URBAN,29,URUAN,SC/73/AK,Uyo/Uruan/Nsit Atai/ Ibesikpo Asutan,FC/026/AK,AKWA IBOM NORTH EAST,SD/007/AK,AKWA IBOM
713,SOUTHERN URUAN III,06,URBAN,29,URUAN,SC/73/AK,Uyo/Uruan/Nsit Atai/ Ibesikpo Asutan,FC/026/AK,AKWA IBOM NORTH EAST,SD/007/AK,AKWA IBOM
714,SOUTHERN URUAN IV,07,URBAN,29,URUAN,SC/73/AK,Uyo/Uruan/Nsit Atai/ Ibesikpo Asutan,FC/026/AK,AKWA IBOM NORTH EAST,SD/007/AK,AKWA IBOM
715,SOUTHERN URUAN V,08,URBAN,29,URUAN,SC/73/AK,Uyo/Uruan/Nsit Atai/ Ibesikpo Asutan,FC/026/AK,AKWA IBOM NORTH EAST,SD/007/AK,AKWA IBOM
716,SOUTHERN URUAN VI,09,URBAN,29,URUAN,SC/73/AK,Uyo/Uruan/Nsit Atai/ Ibesikpo Asutan,FC/026/AK,AKWA IBOM NORTH EAST,SD/007/AK,AKWA IBOM
717,SOUTHERN URUAN VII,10,URBAN,29,URUAN,SC/73/AK,Uyo/Uruan/Nsit Atai/ Ibesikpo Asutan,FC/026/AK,AKWA IBOM NORTH EAST,SD/007/AK,AKWA IBOM
718,SOUTHERN URUAN VIII,11,URBAN,29,URUAN,SC/73/AK,Uyo/Uruan/Nsit Atai/ Ibesikpo Asutan,FC/026/AK,AKWA IBOM NORTH EAST,SD/007/AK,AKWA IBOM
719,URUE OFFONG I,01,URUE OFFONG ORUKO,30,URUE OFFONG/ORUKO,SC/74/AK,Oron/Mbo/Okobo/Udung Uko/Urue Offong/Oruko,FC/024/AK,AKWA IBOM SOUTH,SD/009/AK,AKWA IBOM
720,URUE OFFONG II,02,URUE OFFONG ORUKO,30,URUE OFFONG/ORUKO,SC/74/AK,Oron/Mbo/Okobo/Udung Uko/Urue Offong/Oruko,FC/024/AK,AKWA IBOM SOUTH,SD/009/AK,AKWA IBOM
721,URUE OFFONG III,03,URUE OFFONG ORUKO,30,URUE OFFONG/ORUKO,SC/74/AK,Oron/Mbo/Okobo/Udung Uko/Urue Offong/Oruko,FC/024/AK,AKWA IBOM SOUTH,SD/009/AK,AKWA IBOM
722,URUE OFFONG IV,04,URUE OFFONG ORUKO,30,URUE OFFONG/ORUKO,SC/74/AK,Oron/Mbo/Okobo/Udung Uko/Urue Offong/Oruko,FC/024/AK,AKWA IBOM SOUTH,SD/009/AK,AKWA IBOM
723,URUE OFFONG V,05,URUE OFFONG ORUKO,30,URUE OFFONG/ORUKO,SC/74/AK,Oron/Mbo/Okobo/Udung Uko/Urue Offong/Oruko,FC/024/AK,AKWA IBOM SOUTH,SD/009/AK,AKWA IBOM
724,ORUKU I,06,URUE OFFONG ORUKO,30,URUE OFFONG/ORUKO,SC/74/AK,Oron/Mbo/Okobo/Udung Uko/Urue Offong/Oruko,FC/024/AK,AKWA IBOM SOUTH,SD/009/AK,AKWA IBOM
725,ORUKU II,07,URUE OFFONG ORUKO,30,URUE OFFONG/ORUKO,SC/74/AK,Oron/Mbo/Okobo/Udung Uko/Urue Offong/Oruko,FC/024/AK,AKWA IBOM SOUTH,SD/009/AK,AKWA IBOM
726,ORUKU III,08,URUE OFFONG ORUKO,30,URUE OFFONG/ORUKO,SC/74/AK,Oron/Mbo/Okobo/Udung Uko/Urue Offong/Oruko,FC/024/AK,AKWA IBOM SOUTH,SD/009/AK,AKWA IBOM
727,ORUKU IV,09,URUE OFFONG ORUKO,30,URUE OFFONG/ORUKO,SC/74/AK,Oron/Mbo/Okobo/Udung Uko/Urue Offong/Oruko,FC/024/AK,AKWA IBOM SOUTH,SD/009/AK,AKWA IBOM
728,ORUKU V,10,URUE OFFONG ORUKO,30,URUE OFFONG/ORUKO,SC/74/AK,Oron/Mbo/Okobo/Udung Uko/Urue Offong/Oruko,FC/024/AK,AKWA IBOM SOUTH,SD/009/AK,AKWA IBOM
729,UYO URBAN I,01,UYO,31,UYO,SC/75/AK,Uyo/Uruan/Nsit Atai/ Ibesikpo Asutan,FC/026/AK,AKWA IBOM NORTH EAST,SD/007/AK,AKWA IBOM
730,UYO URBAN II,02,UYO,31,UYO,SC/75/AK,Uyo/Uruan/Nsit Atai/ Ibesikpo Asutan,FC/026/AK,AKWA IBOM NORTH EAST,SD/007/AK,AKWA IBOM
731,UYO URBAN III,03,UYO,31,UYO,SC/75/AK,Uyo/Uruan/Nsit Atai/ Ibesikpo Asutan,FC/026/AK,AKWA IBOM NORTH EAST,SD/007/AK,AKWA IBOM
732,ETOI I,04,UYO,31,UYO,SC/75/AK,Uyo/Uruan/Nsit Atai/ Ibesikpo Asutan,FC/026/AK,AKWA IBOM NORTH EAST,SD/007/AK,AKWA IBOM
733,ETOI II,05,UYO,31,UYO,SC/75/AK,Uyo/Uruan/Nsit Atai/ Ibesikpo Asutan,FC/026/AK,AKWA IBOM NORTH EAST,SD/007/AK,AKWA IBOM
734,OFFOT I,06,UYO,31,UYO,SC/75/AK,Uyo/Uruan/Nsit Atai/ Ibesikpo Asutan,FC/026/AK,AKWA IBOM NORTH EAST,SD/007/AK,AKWA IBOM
735,OFFOT II,07,UYO,31,UYO,SC/75/AK,Uyo/Uruan/Nsit Atai/ Ibesikpo Asutan,FC/026/AK,AKWA IBOM NORTH EAST,SD/007/AK,AKWA IBOM
736,IKONO I,08,UYO,31,UYO,SC/75/AK,Uyo/Uruan/Nsit Atai/ Ibesikpo Asutan,FC/026/AK,AKWA IBOM NORTH EAST,SD/007/AK,AKWA IBOM
737,IKONO II,09,UYO,31,UYO,SC/75/AK,Uyo/Uruan/Nsit Atai/ Ibesikpo Asutan,FC/026/AK,AKWA IBOM NORTH EAST,SD/007/AK,AKWA IBOM
738,OKU I,10,UYO,31,UYO,SC/75/AK,Uyo/Uruan/Nsit Atai/ Ibesikpo Asutan,FC/026/AK,AKWA IBOM NORTH EAST,SD/007/AK,AKWA IBOM
739,OKU II,11,UYO,31,UYO,SC/75/AK,Uyo/Uruan/Nsit Atai/ Ibesikpo Asutan,FC/026/AK,AKWA IBOM NORTH EAST,SD/007/AK,AKWA IBOM
740,AKPO,01,AGUATA,01,AGUATA I,SC/76/AN,Aguata,FC/030/AN,ANAMBRA SOUTH,SD/012/AN,ANAMBRA
741,ACHINA I,02,AGUATA,01,AGUATA I,SC/76/AN,Aguata,FC/030/AN,ANAMBRA SOUTH,SD/012/AN,ANAMBRA
742,ACHINA II,03,AGUATA,01,AGUATA I,SC/76/AN,Aguata,FC/030/AN,ANAMBRA SOUTH,SD/012/AN,ANAMBRA
743,AGULUEZE CHUKWU,04,AGUATA,01,AGUATA II,SC/77/AN,Aguata,FC/030/AN,ANAMBRA SOUTH,SD/012/AN,ANAMBRA
744,AMESI,05,AGUATA,01,AGUATA I,SC/76/AN,Aguata,FC/030/AN,ANAMBRA SOUTH,SD/012/AN,ANAMBRA
745,EKWULOBIA I,06,AGUATA,01,AGUATA II,SC/77/AN,Aguata,FC/030/AN,ANAMBRA SOUTH,SD/012/AN,ANAMBRA
746,EKWULOBIA II,07,AGUATA,01,AGUATA II,SC/77/AN,Aguata,FC/030/AN,ANAMBRA SOUTH,SD/012/AN,ANAMBRA
747,EZINIFITE I,08,AGUATA,01,AGUATA II,SC/77/AN,Aguata,FC/030/AN,ANAMBRA SOUTH,SD/012/AN,ANAMBRA
748,ESINIFITE II,09,AGUATA,01,AGUATA II,SC/77/AN,Aguata,FC/030/AN,ANAMBRA SOUTH,SD/012/AN,ANAMBRA
749,IGBO –UKWU I,10,AGUATA,01,AGUATA II,SC/77/AN,Aguata,FC/030/AN,ANAMBRA SOUTH,SD/012/AN,ANAMBRA
750,IGBO-UKWU II,11,AGUATA,01,AGUATA II,SC/77/AN,Aguata,FC/030/AN,ANAMBRA SOUTH,SD/012/AN,ANAMBRA
751,ISUOFIA,12,AGUATA,01,AGUATA II,SC/77/AN,Aguata,FC/030/AN,ANAMBRA SOUTH,SD/012/AN,ANAMBRA
752,IKENGA,13,AGUATA,01,AGUATA II,SC/77/AN,Aguata,FC/030/AN,ANAMBRA SOUTH,SD/012/AN,ANAMBRA
753,NKPOLOGWU,14,AGUATA,01,AGUATA I,SC/76/AN,Aguata,FC/030/AN,ANAMBRA SOUTH,SD/012/AN,ANAMBRA
754,ORERI,15,AGUATA,01,AGUATA II,SC/77/AN,Aguata,FC/030/AN,ANAMBRA SOUTH,SD/012/AN,ANAMBRA
755,UGA I,16,AGUATA,01,AGUATA I,SC/76/AN,Aguata,FC/030/AN,ANAMBRA SOUTH,SD/012/AN,ANAMBRA
756,UGA II,17,AGUATA,01,AGUATA I,SC/76/AN,Aguata,FC/030/AN,ANAMBRA SOUTH,SD/012/AN,ANAMBRA
757,UMUUCHU I,18,AGUATA,01,AGUATA I,SC/76/AN,Aguata,FC/030/AN,ANAMBRA SOUTH,SD/012/AN,ANAMBRA
758,UMUCHU II,19,AGUATA,01,AGUATA I,SC/76/AN,Aguata,FC/030/AN,ANAMBRA SOUTH,SD/012/AN,ANAMBRA
759,UMUONA,20,AGUATA,01,AGUATA II,SC/77/AN,Aguata,FC/030/AN,ANAMBRA SOUTH,SD/012/AN,ANAMBRA
760,ANAKU,01,AYAMELUM,02,AYAMELUM,SC/97/AN,Oyi/Ayamelum,FC/031/AN,ANAMBRA NORTH,SD/010/AN,ANAMBRA
761,IFITE OGWAR I,02,AYAMELUM,02,AYAMELUM,SC/97/AN,Oyi/Ayamelum,FC/031/AN,ANAMBRA NORTH,SD/010/AN,ANAMBRA
762,IFITE OGWAR II,03,AYAMELUM,02,AYAMELUM,SC/97/AN,Oyi/Ayamelum,FC/031/AN,ANAMBRA NORTH,SD/010/AN,ANAMBRA
763,IGBAKWU,04,AYAMELUM,02,AYAMELUM,SC/97/AN,Oyi/Ayamelum,FC/031/AN,ANAMBRA NORTH,SD/010/AN,ANAMBRA
764,OMASI,05,AYAMELUM,02,AYAMELUM,SC/97/AN,Oyi/Ayamelum,FC/031/AN,ANAMBRA NORTH,SD/010/AN,ANAMBRA
765,OMOR I,06,AYAMELUM,02,AYAMELUM,SC/97/AN,Oyi/Ayamelum,FC/031/AN,ANAMBRA NORTH,SD/010/AN,ANAMBRA
766,OMOR II,07,AYAMELUM,02,AYAMELUM,SC/97/AN,Oyi/Ayamelum,FC/031/AN,ANAMBRA NORTH,SD/010/AN,ANAMBRA
767,OMOR III,08,AYAMELUM,02,AYAMELUM,SC/97/AN,Oyi/Ayamelum,FC/031/AN,ANAMBRA NORTH,SD/010/AN,ANAMBRA
768,UMERUM,09,AYAMELUM,02,AYAMELUM,SC/97/AN,Oyi/Ayamelum,FC/031/AN,ANAMBRA NORTH,SD/010/AN,ANAMBRA
769,UMUEJE,10,AYAMELUM,02,AYAMELUM,SC/97/AN,Oyi/Ayamelum,FC/031/AN,ANAMBRA NORTH,SD/010/AN,ANAMBRA
770,UMUMBO,11,AYAMELUM,02,AYAMELUM,SC/97/AN,Oyi/Ayamelum,FC/031/AN,ANAMBRA NORTH,SD/010/AN,ANAMBRA
771,AGULERI I,01,ANAMBRA EAST,03,ANAMBRA EAST,SC/78/AN,Anambra East/Anambra West,FC/027/AN,ANAMBRA NORTH,SD/010/AN,ANAMBRA
772,AGULERI II,02,ANAMBRA EAST,03,ANAMBRA EAST,SC/78/AN,Anambra East/Anambra West,FC/027/AN,ANAMBRA NORTH,SD/010/AN,ANAMBRA
773,ENUGWU-OUT,03,ANAMBRA EAST,03,ANAMBRA EAST,SC/78/AN,Anambra East/Anambra West,FC/027/AN,ANAMBRA NORTH,SD/010/AN,ANAMBRA
774,EZIAGULU-OUT,04,ANAMBRA EAST,03,ANAMBRA EAST,SC/78/AN,Anambra East/Anambra West,FC/027/AN,ANAMBRA NORTH,SD/010/AN,ANAMBRA
775,IGBARIAM,05,ANAMBRA EAST,03,ANAMBRA EAST,SC/78/AN,Anambra East/Anambra West,FC/027/AN,ANAMBRA NORTH,SD/010/AN,ANAMBRA
776,NANDO I,06,ANAMBRA EAST,03,ANAMBRA EAST,SC/78/AN,Anambra East/Anambra West,FC/027/AN,ANAMBRA NORTH,SD/010/AN,ANAMBRA
777,NANDO II,07,ANAMBRA EAST,03,ANAMBRA EAST,SC/78/AN,Anambra East/Anambra West,FC/027/AN,ANAMBRA NORTH,SD/010/AN,ANAMBRA
778,NANDO III,08,ANAMBRA EAST,03,ANAMBRA EAST,SC/78/AN,Anambra East/Anambra West,FC/027/AN,ANAMBRA NORTH,SD/010/AN,ANAMBRA
779,NSUGBE I,09,ANAMBRA EAST,03,ANAMBRA EAST,SC/78/AN,Anambra East/Anambra West,FC/027/AN,ANAMBRA NORTH,SD/010/AN,ANAMBRA
780,NSUGBE II,10,ANAMBRA EAST,03,ANAMBRA EAST,SC/78/AN,Anambra East/Anambra West,FC/027/AN,ANAMBRA NORTH,SD/010/AN,ANAMBRA
781,OTUOCHA I,11,ANAMBRA EAST,03,ANAMBRA EAST,SC/78/AN,Anambra East/Anambra West,FC/027/AN,ANAMBRA NORTH,SD/010/AN,ANAMBRA
782,OTUOCHA II,12,ANAMBRA EAST,03,ANAMBRA EAST,SC/78/AN,Anambra East/Anambra West,FC/027/AN,ANAMBRA NORTH,SD/010/AN,ANAMBRA
783,UMULERI I,13,ANAMBRA EAST,03,ANAMBRA EAST,SC/78/AN,Anambra East/Anambra West,FC/027/AN,ANAMBRA NORTH,SD/010/AN,ANAMBRA
784,UMULERI II,14,ANAMBRA EAST,03,ANAMBRA EAST,SC/78/AN,Anambra East/Anambra West,FC/027/AN,ANAMBRA NORTH,SD/010/AN,ANAMBRA
785,UMUOBA-ANAM,15,ANAMBRA EAST,03,ANAMBRA EAST,SC/78/AN,Anambra East/Anambra West,FC/027/AN,ANAMBRA NORTH,SD/010/AN,ANAMBRA
786,EZI-ANAM,01,ANAMBRA WEST(MBAMILI),04,ANAMBRA WEST,SC/79/AN,Anambra East/Anambra West,FC/027/AN,ANAMBRA NORTH,SD/010/AN,ANAMBRA
787,IFITE-ANAM,02,ANAMBRA WEST(MBAMILI),04,ANAMBRA WEST,SC/79/AN,Anambra East/Anambra West,FC/027/AN,ANAMBRA NORTH,SD/010/AN,ANAMBRA
788,NZAM,03,ANAMBRA WEST(MBAMILI),04,ANAMBRA WEST,SC/79/AN,Anambra East/Anambra West,FC/027/AN,ANAMBRA NORTH,SD/010/AN,ANAMBRA
789,OLUMANASA-ODE,04,ANAMBRA WEST(MBAMILI),04,ANAMBRA WEST,SC/79/AN,Anambra East/Anambra West,FC/027/AN,ANAMBRA NORTH,SD/010/AN,ANAMBRA
790,OLUMBANASA-INOMA,05,ANAMBRA WEST(MBAMILI),04,ANAMBRA WEST,SC/79/AN,Anambra East/Anambra West,FC/027/AN,ANAMBRA NORTH,SD/010/AN,ANAMBRA
791,OROMA ETITI-ANAM,06,ANAMBRA WEST(MBAMILI),04,ANAMBRA WEST,SC/79/AN,Anambra East/Anambra West,FC/027/AN,ANAMBRA NORTH,SD/010/AN,ANAMBRA
792,UMUENWELUM-ANAM,07,ANAMBRA WEST(MBAMILI),04,ANAMBRA WEST,SC/79/AN,Anambra East/Anambra West,FC/027/AN,ANAMBRA NORTH,SD/010/AN,ANAMBRA
793,UMUEZE-ANAM I,08,ANAMBRA WEST(MBAMILI),04,ANAMBRA WEST,SC/79/AN,Anambra East/Anambra West,FC/027/AN,ANAMBRA NORTH,SD/010/AN,ANAMBRA
794,UMUEZE-ANAM II,09,ANAMBRA WEST(MBAMILI),04,ANAMBRA WEST,SC/79/AN,Anambra East/Anambra West,FC/027/AN,ANAMBRA NORTH,SD/010/AN,ANAMBRA
795,UMUOBA-ANAM,10,ANAMBRA WEST(MBAMILI),04,ANAMBRA WEST,SC/79/AN,Anambra East/Anambra West,FC/027/AN,ANAMBRA NORTH,SD/010/AN,ANAMBRA
796,ADAZI ANI I,01,ANAOCHA,05,ANAOCHA I,SC/80/AN,Njikoka/Dunukofia/Anaocha,FC/033/AN,ANAMBRA CENTRAL,SD/011/AN,ANAMBRA
797,ADAZI ANI II,02,ANAOCHA,05,ANAOCHA I,SC/80/AN,Njikoka/Dunukofia/Anaocha,FC/033/AN,ANAMBRA CENTRAL,SD/011/AN,ANAMBRA
798,ADAZI ENU I,03,ANAOCHA,05,ANAOCHA I,SC/80/AN,Njikoka/Dunukofia/Anaocha,FC/033/AN,ANAMBRA CENTRAL,SD/011/AN,ANAMBRA
799,ADAZI ENU II,04,ANAOCHA,05,ANAOCHA I,SC/80/AN,Njikoka/Dunukofia/Anaocha,FC/033/AN,ANAMBRA CENTRAL,SD/011/AN,ANAMBRA
800,ADAZI UNUKWU I,05,ANAOCHA,05,ANAOCHA I,SC/80/AN,Njikoka/Dunukofia/Anaocha,FC/033/AN,ANAMBRA CENTRAL,SD/011/AN,ANAMBRA
801,ADAZI UNUKWU II,06,ANAOCHA,05,ANAOCHA I,SC/80/AN,Njikoka/Dunukofia/Anaocha,FC/033/AN,ANAMBRA CENTRAL,SD/011/AN,ANAMBRA
802,AGULU I,07,ANAOCHA,05,ANAOCHA I,SC/80/AN,Njikoka/Dunukofia/Anaocha,FC/033/AN,ANAMBRA CENTRAL,SD/011/AN,ANAMBRA
803,AGULU II,08,ANAOCHA,05,ANAOCHA I,SC/80/AN,Njikoka/Dunukofia/Anaocha,FC/033/AN,ANAMBRA CENTRAL,SD/011/AN,ANAMBRA
804,AGULU III,09,ANAOCHA,05,ANAOCHA I,SC/80/AN,Njikoka/Dunukofia/Anaocha,FC/033/AN,ANAMBRA CENTRAL,SD/011/AN,ANAMBRA
805,AGULU IV,10,ANAOCHA,05,ANAOCHA I,SC/80/AN,Njikoka/Dunukofia/Anaocha,FC/033/AN,ANAMBRA CENTRAL,SD/011/AN,ANAMBRA
806,AGULU UZOIGBO,11,ANAOCHA,05,ANAOCHA II,SC/81/AN,Njikoka/Dunukofia/Anaocha,FC/033/AN,ANAMBRA CENTRAL,SD/011/AN,ANAMBRA
807,AKWA EZE,12,ANAOCHA,05,ANAOCHA II,SC/81/AN,Njikoka/Dunukofia/Anaocha,FC/033/AN,ANAMBRA CENTRAL,SD/011/AN,ANAMBRA
808,ICHIDA I,13,ANAOCHA,05,ANAOCHA II,SC/81/AN,Njikoka/Dunukofia/Anaocha,FC/033/AN,ANAMBRA CENTRAL,SD/011/AN,ANAMBRA
809,ICHIDA II,14,ANAOCHA,05,ANAOCHA II,SC/81/AN,Njikoka/Dunukofia/Anaocha,FC/033/AN,ANAMBRA CENTRAL,SD/011/AN,ANAMBRA
810,NENI I,15,ANAOCHA,05,ANAOCHA II,SC/81/AN,Njikoka/Dunukofia/Anaocha,FC/033/AN,ANAMBRA CENTRAL,SD/011/AN,ANAMBRA
811,NENI II,16,ANAOCHA,05,ANAOCHA II,SC/81/AN,Njikoka/Dunukofia/Anaocha,FC/033/AN,ANAMBRA CENTRAL,SD/011/AN,ANAMBRA
812,NRI I,17,ANAOCHA,05,ANAOCHA II,SC/81/AN,Njikoka/Dunukofia/Anaocha,FC/033/AN,ANAMBRA CENTRAL,SD/011/AN,ANAMBRA
813,NRI II,18,ANAOCHA,05,ANAOCHA II,SC/81/AN,Njikoka/Dunukofia/Anaocha,FC/033/AN,ANAMBRA CENTRAL,SD/011/AN,ANAMBRA
814,OBELEDU,19,ANAOCHA,05,ANAOCHA II,SC/81/AN,Njikoka/Dunukofia/Anaocha,FC/033/AN,ANAMBRA CENTRAL,SD/011/AN,ANAMBRA
815,ACHALLA I,01,AWKA-NORTH,06,AWKA NORTH,SC/82/AN,Awka North/Awka South,FC/032/AN,ANAMBRA CENTRAL,SD/011/AN,ANAMBRA
816,ACHALLA II,02,AWKA-NORTH,06,AWKA NORTH,SC/82/AN,Awka North/Awka South,FC/032/AN,ANAMBRA CENTRAL,SD/011/AN,ANAMBRA
817,ACHALLA III,03,AWKA-NORTH,06,AWKA NORTH,SC/82/AN,Awka North/Awka South,FC/032/AN,ANAMBRA CENTRAL,SD/011/AN,ANAMBRA
818,AMANSEA,04,AWKA-NORTH,06,AWKA NORTH,SC/82/AN,Awka North/Awka South,FC/032/AN,ANAMBRA CENTRAL,SD/011/AN,ANAMBRA
819,AMANUKE,05,AWKA-NORTH,06,AWKA NORTH,SC/82/AN,Awka North/Awka South,FC/032/AN,ANAMBRA CENTRAL,SD/011/AN,ANAMBRA
820,AWBA-OFEMMILI,06,AWKA-NORTH,06,AWKA NORTH,SC/82/AN,Awka North/Awka South,FC/032/AN,ANAMBRA CENTRAL,SD/011/AN,ANAMBRA
821,EBENEBE I,07,AWKA-NORTH,06,AWKA NORTH,SC/82/AN,Awka North/Awka South,FC/032/AN,ANAMBRA CENTRAL,SD/011/AN,ANAMBRA
822,EBENEBE II,08,AWKA-NORTH,06,AWKA NORTH,SC/82/AN,Awka North/Awka South,FC/032/AN,ANAMBRA CENTRAL,SD/011/AN,ANAMBRA
823,EBENEBE III,09,AWKA-NORTH,06,AWKA NORTH,SC/82/AN,Awka North/Awka South,FC/032/AN,ANAMBRA CENTRAL,SD/011/AN,ANAMBRA
824,ISU ANIOCHA,10,AWKA-NORTH,06,AWKA NORTH,SC/82/AN,Awka North/Awka South,FC/032/AN,ANAMBRA CENTRAL,SD/011/AN,ANAMBRA
825,MGBAKWU I (AMEZIKE),11,AWKA-NORTH,06,AWKA NORTH,SC/82/AN,Awka North/Awka South,FC/032/AN,ANAMBRA CENTRAL,SD/011/AN,ANAMBRA
826,UGBENE,12,AWKA-NORTH,06,AWKA NORTH,SC/82/AN,Awka North/Awka South,FC/032/AN,ANAMBRA CENTRAL,SD/011/AN,ANAMBRA
827,UGBENU,13,AWKA-NORTH,06,AWKA NORTH,SC/82/AN,Awka North/Awka South,FC/032/AN,ANAMBRA CENTRAL,SD/011/AN,ANAMBRA
828,URUM,14,AWKA-NORTH,06,AWKA NORTH,SC/82/AN,Awka North/Awka South,FC/032/AN,ANAMBRA CENTRAL,SD/011/AN,ANAMBRA
829,AGU OKA,01,AWKA SOUTH,07,AWKA SOUTH II,SC/84/AN,Awka North/Awka South,FC/032/AN,ANAMBRA CENTRAL,SD/011/AN,ANAMBRA
830,AMAWBIA I,02,AWKA SOUTH,07,AWKA SOUTH II,SC/84/AN,Awka North/Awka South,FC/032/AN,ANAMBRA CENTRAL,SD/011/AN,ANAMBRA
831,AMAWBIA II,03,AWKA SOUTH,07,AWKA SOUTH II,SC/84/AN,Awka North/Awka South,FC/032/AN,ANAMBRA CENTRAL,SD/011/AN,ANAMBRA
832,AMAWBIA III,04,AWKA SOUTH,07,AWKA SOUTH II,SC/84/AN,Awka North/Awka South,FC/032/AN,ANAMBRA CENTRAL,SD/011/AN,ANAMBRA
833,AWKA I,05,AWKA SOUTH,07,AWKA SOUTH I,SC/83/AN,Awka North/Awka South,FC/032/AN,ANAMBRA CENTRAL,SD/011/AN,ANAMBRA
834,AWKA II,06,AWKA SOUTH,07,AWKA SOUTH I,SC/83/AN,Awka North/Awka South,FC/032/AN,ANAMBRA CENTRAL,SD/011/AN,ANAMBRA
835,AWKA III,07,AWKA SOUTH,07,AWKA SOUTH I,SC/83/AN,Awka North/Awka South,FC/032/AN,ANAMBRA CENTRAL,SD/011/AN,ANAMBRA
836,AWKA IV,08,AWKA SOUTH,07,AWKA SOUTH I,SC/83/AN,Awka North/Awka South,FC/032/AN,ANAMBRA CENTRAL,SD/011/AN,ANAMBRA
837,AWKA V,09,AWKA SOUTH,07,AWKA SOUTH I,SC/83/AN,Awka North/Awka South,FC/032/AN,ANAMBRA CENTRAL,SD/011/AN,ANAMBRA
838,AWKA VI,10,AWKA SOUTH,07,AWKA SOUTH I,SC/83/AN,Awka North/Awka South,FC/032/AN,ANAMBRA CENTRAL,SD/011/AN,ANAMBRA
839,AWKA VII,11,AWKA SOUTH,07,AWKA SOUTH I,SC/83/AN,Awka North/Awka South,FC/032/AN,ANAMBRA CENTRAL,SD/011/AN,ANAMBRA
840,EZINATO ISIAGU,12,AWKA SOUTH,07,AWKA SOUTH II,SC/84/AN,Awka North/Awka South,FC/032/AN,ANAMBRA CENTRAL,SD/011/AN,ANAMBRA
841,MBAUKWU,13,AWKA SOUTH,07,AWKA SOUTH II,SC/84/AN,Awka North/Awka South,FC/032/AN,ANAMBRA CENTRAL,SD/011/AN,ANAMBRA
842,NIBO I,14,AWKA SOUTH,07,AWKA SOUTH II,SC/84/AN,Awka North/Awka South,FC/032/AN,ANAMBRA CENTRAL,SD/011/AN,ANAMBRA
843,NIBO II,15,AWKA SOUTH,07,AWKA SOUTH II,SC/84/AN,Awka North/Awka South,FC/032/AN,ANAMBRA CENTRAL,SD/011/AN,ANAMBRA
844,NIBO III,16,AWKA SOUTH,07,AWKA SOUTH II,SC/84/AN,Awka North/Awka South,FC/032/AN,ANAMBRA CENTRAL,SD/011/AN,ANAMBRA
845,NISE I,17,AWKA SOUTH,07,AWKA SOUTH II,SC/84/AN,Awka North/Awka South,FC/032/AN,ANAMBRA CENTRAL,SD/011/AN,ANAMBRA
846,NISE II,18,AWKA SOUTH,07,AWKA SOUTH II,SC/84/AN,Awka North/Awka South,FC/032/AN,ANAMBRA CENTRAL,SD/011/AN,ANAMBRA
847,OKPUNO,19,AWKA SOUTH,07,AWKA SOUTH I,SC/83/AN,Awka North/Awka South,FC/032/AN,ANAMBRA CENTRAL,SD/011/AN,ANAMBRA
848,UMUAWULU,20,AWKA SOUTH,07,AWKA SOUTH II,SC/84/AN,Awka North/Awka South,FC/032/AN,ANAMBRA CENTRAL,SD/011/AN,ANAMBRA
849,AKWA,01,DUNUKOFIA,08,DUNUKOFIA,SC/98/AN,Njikoka/Dunukofia/Anaocha,FC/033/AN,ANAMBRA CENTRAL,SD/011/AN,ANAMBRA
850,IFITEDUNU I,02,DUNUKOFIA,08,DUNUKOFIA,SC/98/AN,Njikoka/Dunukofia/Anaocha,FC/033/AN,ANAMBRA CENTRAL,SD/011/AN,ANAMBRA
851,IFITEDUNU II,03,DUNUKOFIA,08,DUNUKOFIA,SC/98/AN,Njikoka/Dunukofia/Anaocha,FC/033/AN,ANAMBRA CENTRAL,SD/011/AN,ANAMBRA
852,NAWGU I,04,DUNUKOFIA,08,DUNUKOFIA,SC/98/AN,Njikoka/Dunukofia/Anaocha,FC/033/AN,ANAMBRA CENTRAL,SD/011/AN,ANAMBRA
853,NAWGU II,05,DUNUKOFIA,08,DUNUKOFIA,SC/98/AN,Njikoka/Dunukofia/Anaocha,FC/033/AN,ANAMBRA CENTRAL,SD/011/AN,ANAMBRA
854,UKPO I,06,DUNUKOFIA,08,DUNUKOFIA,SC/98/AN,Njikoka/Dunukofia/Anaocha,FC/033/AN,ANAMBRA CENTRAL,SD/011/AN,ANAMBRA
855,UKPO II,07,DUNUKOFIA,08,DUNUKOFIA,SC/98/AN,Njikoka/Dunukofia/Anaocha,FC/033/AN,ANAMBRA CENTRAL,SD/011/AN,ANAMBRA
856,UKPO III,08,DUNUKOFIA,08,DUNUKOFIA,SC/98/AN,Njikoka/Dunukofia/Anaocha,FC/033/AN,ANAMBRA CENTRAL,SD/011/AN,ANAMBRA
857,UKWULU I,09,DUNUKOFIA,08,DUNUKOFIA,SC/98/AN,Njikoka/Dunukofia/Anaocha,FC/033/AN,ANAMBRA CENTRAL,SD/011/AN,ANAMBRA
858,UKWULU II,10,DUNUKOFIA,08,DUNUKOFIA,SC/98/AN,Njikoka/Dunukofia/Anaocha,FC/033/AN,ANAMBRA CENTRAL,SD/011/AN,ANAMBRA
859,UMUDIOKA I,11,DUNUKOFIA,08,DUNUKOFIA,SC/98/AN,Njikoka/Dunukofia/Anaocha,FC/033/AN,ANAMBRA CENTRAL,SD/011/AN,ANAMBRA
860,UMUDIOKA II,12,DUNUKOFIA,08,DUNUKOFIA,SC/98/AN,Njikoka/Dunukofia/Anaocha,FC/033/AN,ANAMBRA CENTRAL,SD/011/AN,ANAMBRA
861,UMUNNACHI I,13,DUNUKOFIA,08,DUNUKOFIA,SC/98/AN,Njikoka/Dunukofia/Anaocha,FC/033/AN,ANAMBRA CENTRAL,SD/011/AN,ANAMBRA
862,UMUNNACHI II,14,DUNUKOFIA,08,DUNUKOFIA,SC/98/AN,Njikoka/Dunukofia/Anaocha,FC/033/AN,ANAMBRA CENTRAL,SD/011/AN,ANAMBRA
863,ICHI,01,EKWUSIGO,09,EKWUSIGO,SC/94/AN,Nnewi North/Nnewi South/ Ekwusigo,FC/036/AN,ANAMBRA SOUTH,SD/012/AN,ANAMBRA
864,IHEMBOSI/ANAUBAHU,02,EKWUSIGO,09,EKWUSIGO,SC/94/AN,Nnewi North/Nnewi South/ Ekwusigo,FC/036/AN,ANAMBRA SOUTH,SD/012/AN,ANAMBRA
865,ORIFITE I,03,EKWUSIGO,09,EKWUSIGO,SC/94/AN,Nnewi North/Nnewi South/ Ekwusigo,FC/036/AN,ANAMBRA SOUTH,SD/012/AN,ANAMBRA
866,ORIFITE II,04,EKWUSIGO,09,EKWUSIGO,SC/94/AN,Nnewi North/Nnewi South/ Ekwusigo,FC/036/AN,ANAMBRA SOUTH,SD/012/AN,ANAMBRA
867,ORIFITE III,05,EKWUSIGO,09,EKWUSIGO,SC/94/AN,Nnewi North/Nnewi South/ Ekwusigo,FC/036/AN,ANAMBRA SOUTH,SD/012/AN,ANAMBRA
868,OZUBULU I,06,EKWUSIGO,09,EKWUSIGO,SC/94/AN,Nnewi North/Nnewi South/ Ekwusigo,FC/036/AN,ANAMBRA SOUTH,SD/012/AN,ANAMBRA
869,OZUBULU II,07,EKWUSIGO,09,EKWUSIGO,SC/94/AN,Nnewi North/Nnewi South/ Ekwusigo,FC/036/AN,ANAMBRA SOUTH,SD/012/AN,ANAMBRA
870,OZUBULU III,08,EKWUSIGO,09,EKWUSIGO,SC/94/AN,Nnewi North/Nnewi South/ Ekwusigo,FC/036/AN,ANAMBRA SOUTH,SD/012/AN,ANAMBRA
871,OZUBULU IV,09,EKWUSIGO,09,EKWUSIGO,SC/94/AN,Nnewi North/Nnewi South/ Ekwusigo,FC/036/AN,ANAMBRA SOUTH,SD/012/AN,ANAMBRA
872,OZUBULU V,10,EKWUSIGO,09,EKWUSIGO,SC/94/AN,Nnewi North/Nnewi South/ Ekwusigo,FC/036/AN,ANAMBRA SOUTH,SD/012/AN,ANAMBRA
873,AMAKWA II,11,EKWUSIGO,09,EKWUSIGO,SC/94/AN,Nnewi North/Nnewi South/ Ekwusigo,FC/036/AN,ANAMBRA SOUTH,SD/012/AN,ANAMBRA
874,IHITEOCHA,12,EKWUSIGO,09,EKWUSIGO,SC/94/AN,Nnewi North/Nnewi South/ Ekwusigo,FC/036/AN,ANAMBRA SOUTH,SD/012/AN,ANAMBRA
875,ABACHA,01,IDEMILI NORTH,10,IDEMILI NORTH,SC/86/AN,Idemili North/Idemili South,FC/034/AN,ANAMBRA CENTRAL,SD/011/AN,ANAMBRA
876,ABATETE,02,IDEMILI NORTH,10,IDEMILI NORTH,SC/86/AN,Idemili North/Idemili South,FC/034/AN,ANAMBRA CENTRAL,SD/011/AN,ANAMBRA
877,EZIOWELE,03,IDEMILI NORTH,10,IDEMILI NORTH,SC/86/AN,Idemili North/Idemili South,FC/034/AN,ANAMBRA CENTRAL,SD/011/AN,ANAMBRA
878,IDEANI,04,IDEMILI NORTH,10,IDEMILI NORTH,SC/86/AN,Idemili North/Idemili South,FC/034/AN,ANAMBRA CENTRAL,SD/011/AN,ANAMBRA
879,NKPOR I,05,IDEMILI NORTH,10,IDEMILI NORTH,SC/86/AN,Idemili North/Idemili South,FC/034/AN,ANAMBRA CENTRAL,SD/011/AN,ANAMBRA
880,NKPOR II,06,IDEMILI NORTH,10,IDEMILI NORTH,SC/86/AN,Idemili North/Idemili South,FC/034/AN,ANAMBRA CENTRAL,SD/011/AN,ANAMBRA
881,OBOSI,07,IDEMILI NORTH,10,IDEMILI NORTH,SC/86/AN,Idemili North/Idemili South,FC/034/AN,ANAMBRA CENTRAL,SD/011/AN,ANAMBRA
882,OGIDI I,08,IDEMILI NORTH,10,IDEMILI NORTH,SC/86/AN,Idemili North/Idemili South,FC/034/AN,ANAMBRA CENTRAL,SD/011/AN,ANAMBRA
883,OGIDI II,09,IDEMILI NORTH,10,IDEMILI NORTH,SC/86/AN,Idemili North/Idemili South,FC/034/AN,ANAMBRA CENTRAL,SD/011/AN,ANAMBRA
884,ORAUKWU,10,IDEMILI NORTH,10,IDEMILI NORTH,SC/86/AN,Idemili North/Idemili South,FC/034/AN,ANAMBRA CENTRAL,SD/011/AN,ANAMBRA
885,UKE,11,IDEMILI NORTH,10,IDEMILI NORTH,SC/86/AN,Idemili North/Idemili South,FC/034/AN,ANAMBRA CENTRAL,SD/011/AN,ANAMBRA
886,UMUOJI,12,IDEMILI NORTH,10,IDEMILI NORTH,SC/86/AN,Idemili North/Idemili South,FC/034/AN,ANAMBRA CENTRAL,SD/011/AN,ANAMBRA
887,AKWUKWU,01,IDEMILI SOUTH,11,IDEMILI SOUTH,SC/85/AN,Idemili North/Idemili South,FC/034/AN,ANAMBRA CENTRAL,SD/011/AN,ANAMBRA
888,ALOR I,02,IDEMILI SOUTH,11,IDEMILI SOUTH,SC/85/AN,Idemili North/Idemili South,FC/034/AN,ANAMBRA CENTRAL,SD/011/AN,ANAMBRA
889,ALOR II,03,IDEMILI SOUTH,11,IDEMILI SOUTH,SC/85/AN,Idemili North/Idemili South,FC/034/AN,ANAMBRA CENTRAL,SD/011/AN,ANAMBRA
890,AWKA-ETITI I,04,IDEMILI SOUTH,11,IDEMILI SOUTH,SC/85/AN,Idemili North/Idemili South,FC/034/AN,ANAMBRA CENTRAL,SD/011/AN,ANAMBRA
891,AWKA-ETITI II,05,IDEMILI SOUTH,11,IDEMILI SOUTH,SC/85/AN,Idemili North/Idemili South,FC/034/AN,ANAMBRA CENTRAL,SD/011/AN,ANAMBRA
892,NNOBI I,06,IDEMILI SOUTH,11,IDEMILI SOUTH,SC/85/AN,Idemili North/Idemili South,FC/034/AN,ANAMBRA CENTRAL,SD/011/AN,ANAMBRA
893,NNOBI II,07,IDEMILI SOUTH,11,IDEMILI SOUTH,SC/85/AN,Idemili North/Idemili South,FC/034/AN,ANAMBRA CENTRAL,SD/011/AN,ANAMBRA
894,NNOBI III,08,IDEMILI SOUTH,11,IDEMILI SOUTH,SC/85/AN,Idemili North/Idemili South,FC/034/AN,ANAMBRA CENTRAL,SD/011/AN,ANAMBRA
895,NNOKWA,09,IDEMILI SOUTH,11,IDEMILI SOUTH,SC/85/AN,Idemili North/Idemili South,FC/034/AN,ANAMBRA CENTRAL,SD/011/AN,ANAMBRA
896,OBA I,10,IDEMILI SOUTH,11,IDEMILI SOUTH,SC/85/AN,Idemili North/Idemili South,FC/034/AN,ANAMBRA CENTRAL,SD/011/AN,ANAMBRA
897,OBA II,11,IDEMILI SOUTH,11,IDEMILI SOUTH,SC/85/AN,Idemili North/Idemili South,FC/034/AN,ANAMBRA CENTRAL,SD/011/AN,ANAMBRA
898,OJOTO,12,IDEMILI SOUTH,11,IDEMILI SOUTH,SC/85/AN,Idemili North/Idemili South,FC/034/AN,ANAMBRA CENTRAL,SD/011/AN,ANAMBRA
899,AMAMU A (1),01,IHIALA,12,IHIALA I,SC/87/AN,Ihiala,FC/035/AN,ANAMBRA SOUTH,SD/012/AN,ANAMBRA
900,MAMU B (II),02,IHIALA,12,IHIALA I,SC/87/AN,Ihiala,FC/035/AN,ANAMBRA SOUTH,SD/012/AN,ANAMBRA
901,AMORKA,03,IHIALA,12,IHIALA I,SC/87/AN,Ihiala,FC/035/AN,ANAMBRA SOUTH,SD/012/AN,ANAMBRA
902,AZIA,04,IHIALA,12,IHIALA II,SC/88/AN,Ihiala,FC/035/AN,ANAMBRA SOUTH,SD/012/AN,ANAMBRA
903,IHITE,05,IHIALA,12,IHIALA I,SC/87/AN,Ihiala,FC/035/AN,ANAMBRA SOUTH,SD/012/AN,ANAMBRA
904,ISSEKE,06,IHIALA,12,IHIALA II,SC/88/AN,Ihiala,FC/035/AN,ANAMBRA SOUTH,SD/012/AN,ANAMBRA
905,OGBOLO,07,IHIALA,12,IHIALA I,SC/87/AN,Ihiala,FC/035/AN,ANAMBRA SOUTH,SD/012/AN,ANAMBRA
906,OKIJA I,08,IHIALA,12,IHIALA II,SC/88/AN,Ihiala,FC/035/AN,ANAMBRA SOUTH,SD/012/AN,ANAMBRA
907,OKIJA II,09,IHIALA,12,IHIALA II,SC/88/AN,Ihiala,FC/035/AN,ANAMBRA SOUTH,SD/012/AN,ANAMBRA
908,OKIJA III,10,IHIALA,12,IHIALA II,SC/88/AN,Ihiala,FC/035/AN,ANAMBRA SOUTH,SD/012/AN,ANAMBRA
909,OKIJA IV,11,IHIALA,12,IHIALA II,SC/88/AN,Ihiala,FC/035/AN,ANAMBRA SOUTH,SD/012/AN,ANAMBRA
910,OKIJA V,12,IHIALA,12,IHIALA II,SC/88/AN,Ihiala,FC/035/AN,ANAMBRA SOUTH,SD/012/AN,ANAMBRA
911,ORSUMOGHU,13,IHIALA,12,IHIALA II,SC/88/AN,Ihiala,FC/035/AN,ANAMBRA SOUTH,SD/012/AN,ANAMBRA
912,UBULUISIUZO,14,IHIALA,12,IHIALA II,SC/88/AN,Ihiala,FC/035/AN,ANAMBRA SOUTH,SD/012/AN,ANAMBRA
913,ULI I,15,IHIALA,12,IHIALA I,SC/87/AN,Ihiala,FC/035/AN,ANAMBRA SOUTH,SD/012/AN,ANAMBRA
914,ULI II,16,IHIALA,12,IHIALA I,SC/87/AN,Ihiala,FC/035/AN,ANAMBRA SOUTH,SD/012/AN,ANAMBRA
915,ULI III,17,IHIALA,12,IHIALA I,SC/87/AN,Ihiala,FC/035/AN,ANAMBRA SOUTH,SD/012/AN,ANAMBRA
916,LILU,18,IHIALA,12,IHIALA II,SC/88/AN,Ihiala,FC/035/AN,ANAMBRA SOUTH,SD/012/AN,ANAMBRA
917,UZOAKWA,19,IHIALA,12,IHIALA I,SC/87/AN,Ihiala,FC/035/AN,ANAMBRA SOUTH,SD/012/AN,ANAMBRA
918,MBOSI,20,IHIALA,12,IHIALA II,SC/88/AN,Ihiala,FC/035/AN,ANAMBRA SOUTH,SD/012/AN,ANAMBRA
919,ABBA I,01,NJIKOKA,13,NJIKOKA II,SC/90/AN,Njikoka/Dunukofia/Anaocha,FC/033/AN,ANAMBRA CENTRAL,SD/011/AN,ANAMBRA
920,ABBA II,02,NJIKOKA,13,NJIKOKA II,SC/90/AN,Njikoka/Dunukofia/Anaocha,FC/033/AN,ANAMBRA CENTRAL,SD/011/AN,ANAMBRA
921,ABAGANA I,03,NJIKOKA,13,NJIKOKA II,SC/90/AN,Njikoka/Dunukofia/Anaocha,FC/033/AN,ANAMBRA CENTRAL,SD/011/AN,ANAMBRA
922,ABAGANA II,04,NJIKOKA,13,NJIKOKA II,SC/90/AN,Njikoka/Dunukofia/Anaocha,FC/033/AN,ANAMBRA CENTRAL,SD/011/AN,ANAMBRA
923,ABAGANA III,05,NJIKOKA,13,NJIKOKA II,SC/90/AN,Njikoka/Dunukofia/Anaocha,FC/033/AN,ANAMBRA CENTRAL,SD/011/AN,ANAMBRA
924,ABAGANA IV,06,NJIKOKA,13,NJIKOKA II,SC/90/AN,Njikoka/Dunukofia/Anaocha,FC/033/AN,ANAMBRA CENTRAL,SD/011/AN,ANAMBRA
925,ENUGU-AGIDI I,07,NJIKOKA,13,NJIKOKA I,SC/89/AN,Njikoka/Dunukofia/Anaocha,FC/033/AN,ANAMBRA CENTRAL,SD/011/AN,ANAMBRA
926,ENUGU-AGIDI II,08,NJIKOKA,13,NJIKOKA I,SC/89/AN,Njikoka/Dunukofia/Anaocha,FC/033/AN,ANAMBRA CENTRAL,SD/011/AN,ANAMBRA
927,ENUGU-UKWU I,09,NJIKOKA,13,NJIKOKA I,SC/89/AN,Njikoka/Dunukofia/Anaocha,FC/033/AN,ANAMBRA CENTRAL,SD/011/AN,ANAMBRA
928,ENUGU-UKWU II,10,NJIKOKA,13,NJIKOKA I,SC/89/AN,Njikoka/Dunukofia/Anaocha,FC/033/AN,ANAMBRA CENTRAL,SD/011/AN,ANAMBRA
929,ENUGU-UKWU III,11,NJIKOKA,13,NJIKOKA I,SC/89/AN,Njikoka/Dunukofia/Anaocha,FC/033/AN,ANAMBRA CENTRAL,SD/011/AN,ANAMBRA
930,ENUGU-UKWU IV,12,NJIKOKA,13,NJIKOKA I,SC/89/AN,Njikoka/Dunukofia/Anaocha,FC/033/AN,ANAMBRA CENTRAL,SD/011/AN,ANAMBRA
931,NAWFIA I,13,NJIKOKA,13,NJIKOKA I,SC/89/AN,Njikoka/Dunukofia/Anaocha,FC/033/AN,ANAMBRA CENTRAL,SD/011/AN,ANAMBRA
932,NAWFIA II,14,NJIKOKA,13,NJIKOKA I,SC/89/AN,Njikoka/Dunukofia/Anaocha,FC/033/AN,ANAMBRA CENTRAL,SD/011/AN,ANAMBRA
933,NIMO I,15,NJIKOKA,13,NJIKOKA II,SC/90/AN,Njikoka/Dunukofia/Anaocha,FC/033/AN,ANAMBRA CENTRAL,SD/011/AN,ANAMBRA
934,NIMO II,16,NJIKOKA,13,NJIKOKA II,SC/90/AN,Njikoka/Dunukofia/Anaocha,FC/033/AN,ANAMBRA CENTRAL,SD/011/AN,ANAMBRA
935,NIMO III,17,NJIKOKA,13,NJIKOKA II,SC/90/AN,Njikoka/Dunukofia/Anaocha,FC/033/AN,ANAMBRA CENTRAL,SD/011/AN,ANAMBRA
936,NIMO IV,18,NJIKOKA,13,NJIKOKA II,SC/90/AN,Njikoka/Dunukofia/Anaocha,FC/033/AN,ANAMBRA CENTRAL,SD/011/AN,ANAMBRA
937,NNEWI-ICHI I,01,NNEWI NORTH,14,NNEWI NORTH,SC/91/AN,Nnewi North/Nnewi South/ Ekwusigo,FC/036/AN,ANAMBRA SOUTH,SD/012/AN,ANAMBRA
938,NNEWI-ICHI II,02,NNEWI NORTH,14,NNEWI NORTH,SC/91/AN,Nnewi North/Nnewi South/ Ekwusigo,FC/036/AN,ANAMBRA SOUTH,SD/012/AN,ANAMBRA
939,OTOLO I,03,NNEWI NORTH,14,NNEWI NORTH,SC/91/AN,Nnewi North/Nnewi South/ Ekwusigo,FC/036/AN,ANAMBRA SOUTH,SD/012/AN,ANAMBRA
940,OTOLO II,04,NNEWI NORTH,14,NNEWI NORTH,SC/91/AN,Nnewi North/Nnewi South/ Ekwusigo,FC/036/AN,ANAMBRA SOUTH,SD/012/AN,ANAMBRA
941,OTOLO III,05,NNEWI NORTH,14,NNEWI NORTH,SC/91/AN,Nnewi North/Nnewi South/ Ekwusigo,FC/036/AN,ANAMBRA SOUTH,SD/012/AN,ANAMBRA
942,UMUDIM I,06,NNEWI NORTH,14,NNEWI NORTH,SC/91/AN,Nnewi North/Nnewi South/ Ekwusigo,FC/036/AN,ANAMBRA SOUTH,SD/012/AN,ANAMBRA
943,UMUDIM II,07,NNEWI NORTH,14,NNEWI NORTH,SC/91/AN,Nnewi North/Nnewi South/ Ekwusigo,FC/036/AN,ANAMBRA SOUTH,SD/012/AN,ANAMBRA
944,URUAGU I,08,NNEWI NORTH,14,NNEWI NORTH,SC/91/AN,Nnewi North/Nnewi South/ Ekwusigo,FC/036/AN,ANAMBRA SOUTH,SD/012/AN,ANAMBRA
945,URUAGU II,09,NNEWI NORTH,14,NNEWI NORTH,SC/91/AN,Nnewi North/Nnewi South/ Ekwusigo,FC/036/AN,ANAMBRA SOUTH,SD/012/AN,ANAMBRA
946,URUAGU III,10,NNEWI NORTH,14,NNEWI NORTH,SC/91/AN,Nnewi North/Nnewi South/ Ekwusigo,FC/036/AN,ANAMBRA SOUTH,SD/012/AN,ANAMBRA
947,AKWA IHEDI,01,NNEWI SOUTH,15,NNEWI SOUTH II,SC/93/AN,Nnewi North/Nnewi South/ Ekwusigo,FC/036/AN,ANAMBRA SOUTH,SD/012/AN,ANAMBRA
948,AMICHI I,02,NNEWI SOUTH,15,NNEWI SOUTH I,SC/92/AN,Nnewi North/Nnewi South/ Ekwusigo,FC/036/AN,ANAMBRA SOUTH,SD/012/AN,ANAMBRA
949,AMICHI II,03,NNEWI SOUTH,15,NNEWI SOUTH I,SC/92/AN,Nnewi North/Nnewi South/ Ekwusigo,FC/036/AN,ANAMBRA SOUTH,SD/012/AN,ANAMBRA
950,AMICHI III,04,NNEWI SOUTH,15,NNEWI SOUTH I,SC/92/AN,Nnewi North/Nnewi South/ Ekwusigo,FC/036/AN,ANAMBRA SOUTH,SD/012/AN,ANAMBRA
951,AZUIGBO,05,NNEWI SOUTH,15,NNEWI SOUTH I,SC/92/AN,Nnewi North/Nnewi South/ Ekwusigo,FC/036/AN,ANAMBRA SOUTH,SD/012/AN,ANAMBRA
952,EBENATOR,06,NNEWI SOUTH,15,NNEWI SOUTH II,SC/93/AN,Nnewi North/Nnewi South/ Ekwusigo,FC/036/AN,ANAMBRA SOUTH,SD/012/AN,ANAMBRA
953,EKWULUMILI,07,NNEWI SOUTH,15,NNEWI SOUTH I,SC/92/AN,Nnewi North/Nnewi South/ Ekwusigo,FC/036/AN,ANAMBRA SOUTH,SD/012/AN,ANAMBRA
954,EZINIFITE I,08,NNEWI SOUTH,15,NNEWI SOUTH II,SC/93/AN,Nnewi North/Nnewi South/ Ekwusigo,FC/036/AN,ANAMBRA SOUTH,SD/012/AN,ANAMBRA
955,EZINIFITE II,09,NNEWI SOUTH,15,NNEWI SOUTH II,SC/93/AN,Nnewi North/Nnewi South/ Ekwusigo,FC/036/AN,ANAMBRA SOUTH,SD/012/AN,ANAMBRA
956,EZINIFITE III,10,NNEWI SOUTH,15,NNEWI SOUTH II,SC/93/AN,Nnewi North/Nnewi South/ Ekwusigo,FC/036/AN,ANAMBRA SOUTH,SD/012/AN,ANAMBRA
957,OSUMENYI I,11,NNEWI SOUTH,15,NNEWI SOUTH I,SC/92/AN,Nnewi North/Nnewi South/ Ekwusigo,FC/036/AN,ANAMBRA SOUTH,SD/012/AN,ANAMBRA
958,OSUMENYI II,12,NNEWI SOUTH,15,NNEWI SOUTH I,SC/92/AN,Nnewi North/Nnewi South/ Ekwusigo,FC/036/AN,ANAMBRA SOUTH,SD/012/AN,ANAMBRA
959,UKPOR I,13,NNEWI SOUTH,15,NNEWI SOUTH II,SC/93/AN,Nnewi North/Nnewi South/ Ekwusigo,FC/036/AN,ANAMBRA SOUTH,SD/012/AN,ANAMBRA
960,UKPOR II,14,NNEWI SOUTH,15,NNEWI SOUTH II,SC/93/AN,Nnewi North/Nnewi South/ Ekwusigo,FC/036/AN,ANAMBRA SOUTH,SD/012/AN,ANAMBRA
961,UKPOR III,15,NNEWI SOUTH,15,NNEWI SOUTH II,SC/93/AN,Nnewi North/Nnewi South/ Ekwusigo,FC/036/AN,ANAMBRA SOUTH,SD/012/AN,ANAMBRA
962,UKPOR IV,16,NNEWI SOUTH,15,NNEWI SOUTH II,SC/93/AN,Nnewi North/Nnewi South/ Ekwusigo,FC/036/AN,ANAMBRA SOUTH,SD/012/AN,ANAMBRA
963,UKPOR V,17,NNEWI SOUTH,15,NNEWI SOUTH II,SC/93/AN,Nnewi North/Nnewi South/ Ekwusigo,FC/036/AN,ANAMBRA SOUTH,SD/012/AN,ANAMBRA
964,UKPOR VI,18,NNEWI SOUTH,15,NNEWI SOUTH II,SC/93/AN,Nnewi North/Nnewi South/ Ekwusigo,FC/036/AN,ANAMBRA SOUTH,SD/012/AN,ANAMBRA
965,UNUBI,19,NNEWI SOUTH,15,NNEWI SOUTH I,SC/92/AN,Nnewi North/Nnewi South/ Ekwusigo,FC/036/AN,ANAMBRA SOUTH,SD/012/AN,ANAMBRA
966,UTUH,20,NNEWI SOUTH,15,NNEWI SOUTH I,SC/92/AN,Nnewi North/Nnewi South/ Ekwusigo,FC/036/AN,ANAMBRA SOUTH,SD/012/AN,ANAMBRA
967,AKILI OGIDI/OBEAGWE,01,OGBARU,16,OGBARU II,SC/96/AN,Ogbaru,FC/029/AN,ANAMBRA NORTH,SD/010/AN,ANAMBRA
968,AKILI OZIZOR,02,OGBARU,16,OGBARU II,SC/96/AN,Ogbaru,FC/029/AN,ANAMBRA NORTH,SD/010/AN,ANAMBRA
969,ATANI I,03,OGBARU,16,OGBARU II,SC/96/AN,Ogbaru,FC/029/AN,ANAMBRA NORTH,SD/010/AN,ANAMBRA
970,ATANI II,04,OGBARU,16,OGBARU II,SC/96/AN,Ogbaru,FC/029/AN,ANAMBRA NORTH,SD/010/AN,ANAMBRA
971,IYIOWA/ODEKPE/OHITA,05,OGBARU,16,OGBARU II,SC/96/AN,Ogbaru,FC/029/AN,ANAMBRA NORTH,SD/010/AN,ANAMBRA
972,OCHUCHE/UMUODU,06,OGBARU,16,OGBARU II,SC/96/AN,Ogbaru,FC/029/AN,ANAMBRA NORTH,SD/010/AN,ANAMBRA
973,OGBAKUBA,07,OGBARU,16,OGBARU II,SC/96/AN,Ogbaru,FC/029/AN,ANAMBRA NORTH,SD/010/AN,ANAMBRA
974,OGWUANIOCHA,08,OGBARU,16,OGBARU II,SC/96/AN,Ogbaru,FC/029/AN,ANAMBRA NORTH,SD/010/AN,ANAMBRA
975,OGWUIKPELE,09,OGBARU,16,OGBARU II,SC/96/AN,Ogbaru,FC/029/AN,ANAMBRA NORTH,SD/010/AN,ANAMBRA
976,OKPOKO I,10,OGBARU,16,OGBARU I,SC/95/AN,Ogbaru,FC/029/AN,ANAMBRA NORTH,SD/010/AN,ANAMBRA
977,OKPOKO II,11,OGBARU,16,OGBARU I,SC/95/AN,Ogbaru,FC/029/AN,ANAMBRA NORTH,SD/010/AN,ANAMBRA
978,OKPOKO III,12,OGBARU,16,OGBARU I,SC/95/AN,Ogbaru,FC/029/AN,ANAMBRA NORTH,SD/010/AN,ANAMBRA
979,OKPOKO IV,13,OGBARU,16,OGBARU I,SC/95/AN,Ogbaru,FC/029/AN,ANAMBRA NORTH,SD/010/AN,ANAMBRA
980,OKPOKO V,14,OGBARU,16,OGBARU I,SC/95/AN,Ogbaru,FC/029/AN,ANAMBRA NORTH,SD/010/AN,ANAMBRA
981,OKPOKO VI,15,OGBARU,16,OGBARU I,SC/95/AN,Ogbaru,FC/029/AN,ANAMBRA NORTH,SD/010/AN,ANAMBRA
982,OSSOMALA,16,OGBARU,16,OGBARU II,SC/96/AN,Ogbaru,FC/029/AN,ANAMBRA NORTH,SD/010/AN,ANAMBRA
983,UMUNANKWO/MPUPU,17,OGBARU,16,OGBARU II,SC/96/AN,Ogbaru,FC/029/AN,ANAMBRA NORTH,SD/010/AN,ANAMBRA
984,AMERICAN QUARTERS,01,ONITSAHA NORTH,17,ONITSHA NORTH II,SC/100/AN,Onitsha North/Onitsha South,FC/028/AN,ANAMBRA NORTH,SD/010/AN,ANAMBRA
985,GRA,02,ONITSAHA NORTH,17,ONITSHA NORTH II,SC/100/AN,Onitsha North/Onitsha South,FC/028/AN,ANAMBRA NORTH,SD/010/AN,ANAMBRA
986,INLAND TOWN I,03,ONITSAHA NORTH,17,ONITSHA NORTH I,SC/99/AN,Onitsha North/Onitsha South,FC/028/AN,ANAMBRA NORTH,SD/010/AN,ANAMBRA
987,INLAND TOWN II,04,ONITSAHA NORTH,17,ONITSHA NORTH I,SC/99/AN,Onitsha North/Onitsha South,FC/028/AN,ANAMBRA NORTH,SD/010/AN,ANAMBRA
988,INLAND TOWN III,05,ONITSAHA NORTH,17,ONITSHA NORTH I,SC/99/AN,Onitsha North/Onitsha South,FC/028/AN,ANAMBRA NORTH,SD/010/AN,ANAMBRA
989,INLAND TOWN IV,06,ONITSAHA NORTH,17,ONITSHA NORTH I,SC/99/AN,Onitsha North/Onitsha South,FC/028/AN,ANAMBRA NORTH,SD/010/AN,ANAMBRA
990,INLAND TOWN V,07,ONITSAHA NORTH,17,ONITSHA NORTH I,SC/99/AN,Onitsha North/Onitsha South,FC/028/AN,ANAMBRA NORTH,SD/010/AN,ANAMBRA
991,INLAND TOWN VI,08,ONITSAHA NORTH,17,ONITSHA NORTH I,SC/99/AN,Onitsha North/Onitsha South,FC/028/AN,ANAMBRA NORTH,SD/010/AN,ANAMBRA
992,INLAND TOWN VII,09,ONITSAHA NORTH,17,ONITSHA NORTH I,SC/99/AN,Onitsha North/Onitsha South,FC/028/AN,ANAMBRA NORTH,SD/010/AN,ANAMBRA
993,INLAND TOWN VIII,10,ONITSAHA NORTH,17,ONITSHA NORTH I,SC/99/AN,Onitsha North/Onitsha South,FC/028/AN,ANAMBRA NORTH,SD/010/AN,ANAMBRA
994,OGBE UMUONICHA,11,ONITSAHA NORTH,17,ONITSHA NORTH II,SC/100/AN,Onitsha North/Onitsha South,FC/028/AN,ANAMBRA NORTH,SD/010/AN,ANAMBRA
995,TRANS NKISI,12,ONITSAHA NORTH,17,ONITSHA NORTH II,SC/100/AN,Onitsha North/Onitsha South,FC/028/AN,ANAMBRA NORTH,SD/010/AN,ANAMBRA
996,WATER SIDE CENTRAL I,13,ONITSAHA NORTH,17,ONITSHA NORTH II,SC/100/AN,Onitsha North/Onitsha South,FC/028/AN,ANAMBRA NORTH,SD/010/AN,ANAMBRA
997,WATER SIDE CENTRAL II,14,ONITSAHA NORTH,17,ONITSHA NORTH II,SC/100/AN,Onitsha North/Onitsha South,FC/028/AN,ANAMBRA NORTH,SD/010/AN,ANAMBRA
998,WOLUWO LAYOUT,15,ONITSAHA NORTH,17,ONITSHA NORTH II,SC/100/AN,Onitsha North/Onitsha South,FC/028/AN,ANAMBRA NORTH,SD/010/AN,ANAMBRA
999,BRIDGE HEAD I,01,ONITSHA SOUTH,18,ONITSHA SOUTH I,SC/101/AN,Onitsha North/Onitsha South,FC/028/AN,ANAMBRA NORTH,SD/010/AN,ANAMBRA
1000,BRIDGE HEAD II,02,ONITSHA SOUTH,18,ONITSHA SOUTH I,SC/101/AN,Onitsha North/Onitsha South,FC/028/AN,ANAMBRA NORTH,SD/010/AN,ANAMBRA
1001,BRIDGE HEAD III,03,ONITSHA SOUTH,18,ONITSHA SOUTH I,SC/101/AN,Onitsha North/Onitsha South,FC/028/AN,ANAMBRA NORTH,SD/010/AN,ANAMBRA
1002,FEGGE I,04,ONITSHA SOUTH,18,ONITSHA SOUTH I,SC/101/AN,Onitsha North/Onitsha South,FC/028/AN,ANAMBRA NORTH,SD/010/AN,ANAMBRA
1003,FEGGE II,05,ONITSHA SOUTH,18,ONITSHA SOUTH I,SC/101/AN,Onitsha North/Onitsha South,FC/028/AN,ANAMBRA NORTH,SD/010/AN,ANAMBRA
1004,FEGGE III,06,ONITSHA SOUTH,18,ONITSHA SOUTH I,SC/101/AN,Onitsha North/Onitsha South,FC/028/AN,ANAMBRA NORTH,SD/010/AN,ANAMBRA
1005,FEGGE IV,07,ONITSHA SOUTH,18,ONITSHA SOUTH I,SC/101/AN,Onitsha North/Onitsha South,FC/028/AN,ANAMBRA NORTH,SD/010/AN,ANAMBRA
1006,FEGGE V,08,ONITSHA SOUTH,18,ONITSHA SOUTH I,SC/101/AN,Onitsha North/Onitsha South,FC/028/AN,ANAMBRA NORTH,SD/010/AN,ANAMBRA
1007,FEGGE VI,09,ONITSHA SOUTH,18,ONITSHA SOUTH I,SC/101/AN,Onitsha North/Onitsha South,FC/028/AN,ANAMBRA NORTH,SD/010/AN,ANAMBRA
1008,FEGGE VII,10,ONITSHA SOUTH,18,ONITSHA SOUTH I,SC/101/AN,Onitsha North/Onitsha South,FC/028/AN,ANAMBRA NORTH,SD/010/AN,ANAMBRA
1009,ODOAKPU I,11,ONITSHA SOUTH,18,ONITSHA SOUTH II,SC/102/AN,Onitsha North/Onitsha South,FC/028/AN,ANAMBRA NORTH,SD/010/AN,ANAMBRA
1010,ODOAKPU II,12,ONITSHA SOUTH,18,ONITSHA SOUTH II,SC/102/AN,Onitsha North/Onitsha South,FC/028/AN,ANAMBRA NORTH,SD/010/AN,ANAMBRA
1011,ODOAKPU III,13,ONITSHA SOUTH,18,ONITSHA SOUTH II,SC/102/AN,Onitsha North/Onitsha South,FC/028/AN,ANAMBRA NORTH,SD/010/AN,ANAMBRA
1012,ODO AKPU IV,14,ONITSHA SOUTH,18,ONITSHA SOUTH II,SC/102/AN,Onitsha North/Onitsha South,FC/028/AN,ANAMBRA NORTH,SD/010/AN,ANAMBRA
1013,ODOAKPU V,15,ONITSHA SOUTH,18,ONITSHA SOUTH II,SC/102/AN,Onitsha North/Onitsha South,FC/028/AN,ANAMBRA NORTH,SD/010/AN,ANAMBRA
1014,ODOAKPU VI,16,ONITSHA SOUTH,18,ONITSHA SOUTH II,SC/102/AN,Onitsha North/Onitsha South,FC/028/AN,ANAMBRA NORTH,SD/010/AN,ANAMBRA
1015,ODOAKPU VIII,17,ONITSHA SOUTH,18,ONITSHA SOUTH II,SC/102/AN,Onitsha North/Onitsha South,FC/028/AN,ANAMBRA NORTH,SD/010/AN,ANAMBRA
1016,AJALLI I (OBINIKPA & UMUEVE),01,ORUMBA NORTH,19,ORUMBA NORTH,SC/103/AN,Orumba North/Orumba South,FC/037/AN,ANAMBRA SOUTH,SD/012/AN,ANAMBRA
1017,AJALLI II (UMUABIAMA * AMAGU),02,ORUMBA NORTH,19,ORUMBA NORTH,SC/103/AN,Orumba North/Orumba South,FC/037/AN,ANAMBRA SOUTH,SD/012/AN,ANAMBRA
1018,AMAETITI,03,ORUMBA NORTH,19,ORUMBA NORTH,SC/103/AN,Orumba North/Orumba South,FC/037/AN,ANAMBRA SOUTH,SD/012/AN,ANAMBRA
1019,AMAOKPALA/OMOGHO,04,ORUMBA NORTH,19,ORUMBA NORTH,SC/103/AN,Orumba North/Orumba South,FC/037/AN,ANAMBRA SOUTH,SD/012/AN,ANAMBRA
1020,AWA,05,ORUMBA NORTH,19,ORUMBA NORTH,SC/103/AN,Orumba North/Orumba South,FC/037/AN,ANAMBRA SOUTH,SD/012/AN,ANAMBRA
1021,AWGBU I,06,ORUMBA NORTH,19,ORUMBA NORTH,SC/103/AN,Orumba North/Orumba South,FC/037/AN,ANAMBRA SOUTH,SD/012/AN,ANAMBRA
1022,AWGBU II,07,ORUMBA NORTH,19,ORUMBA NORTH,SC/103/AN,Orumba North/Orumba South,FC/037/AN,ANAMBRA SOUTH,SD/012/AN,ANAMBRA
1023,NANKA I,08,ORUMBA NORTH,19,ORUMBA NORTH,SC/103/AN,Orumba North/Orumba South,FC/037/AN,ANAMBRA SOUTH,SD/012/AN,ANAMBRA
1024,NANKA II,09,ORUMBA NORTH,19,ORUMBA NORTH,SC/103/AN,Orumba North/Orumba South,FC/037/AN,ANAMBRA SOUTH,SD/012/AN,ANAMBRA
1025,NDIKELIONWU,10,ORUMBA NORTH,19,ORUMBA NORTH,SC/103/AN,Orumba North/Orumba South,FC/037/AN,ANAMBRA SOUTH,SD/012/AN,ANAMBRA
1026,NDIOKOLO/NDIOKPALEKE,11,ORUMBA NORTH,19,ORUMBA NORTH,SC/103/AN,Orumba North/Orumba South,FC/037/AN,ANAMBRA SOUTH,SD/012/AN,ANAMBRA
1027,NDIOWU,12,ORUMBA NORTH,19,ORUMBA NORTH,SC/103/AN,Orumba North/Orumba South,FC/037/AN,ANAMBRA SOUTH,SD/012/AN,ANAMBRA
1028,NDIUKWUENU/OKPEZE,13,ORUMBA NORTH,19,ORUMBA NORTH,SC/103/AN,Orumba North/Orumba South,FC/037/AN,ANAMBRA SOUTH,SD/012/AN,ANAMBRA
1029,OKO I,14,ORUMBA NORTH,19,ORUMBA NORTH,SC/103/AN,Orumba North/Orumba South,FC/037/AN,ANAMBRA SOUTH,SD/012/AN,ANAMBRA
1030,OKO II,15,ORUMBA NORTH,19,ORUMBA NORTH,SC/103/AN,Orumba North/Orumba South,FC/037/AN,ANAMBRA SOUTH,SD/012/AN,ANAMBRA
1031,NDIOKALAEZE,16,ORUMBA NORTH,19,ORUMBA NORTH,SC/103/AN,Orumba North/Orumba South,FC/037/AN,ANAMBRA SOUTH,SD/012/AN,ANAMBRA
1032,UFUMA I,17,ORUMBA NORTH,19,ORUMBA NORTH,SC/103/AN,Orumba North/Orumba South,FC/037/AN,ANAMBRA SOUTH,SD/012/AN,ANAMBRA
1033,UFUMA II,18,ORUMBA NORTH,19,ORUMBA NORTH,SC/103/AN,Orumba North/Orumba South,FC/037/AN,ANAMBRA SOUTH,SD/012/AN,ANAMBRA
1034,AGBUDU,01,ORUMBA SOUTH,20,ORUMBA SOUTH,SC/104/AN,Orumba North/Orumba South,FC/037/AN,ANAMBRA SOUTH,SD/012/AN,ANAMBRA
1035,AKPU,02,ORUMBA SOUTH,20,ORUMBA SOUTH,SC/104/AN,Orumba North/Orumba South,FC/037/AN,ANAMBRA SOUTH,SD/012/AN,ANAMBRA
1036,ENUGU/UMUONYIA/ONNE,03,ORUMBA SOUTH,20,ORUMBA SOUTH,SC/104/AN,Orumba North/Orumba South,FC/037/AN,ANAMBRA SOUTH,SD/012/AN,ANAMBRA
1037,EZIAGU,04,ORUMBA SOUTH,20,ORUMBA SOUTH,SC/104/AN,Orumba North/Orumba South,FC/037/AN,ANAMBRA SOUTH,SD/012/AN,ANAMBRA
1038,EZIRA,05,ORUMBA SOUTH,20,ORUMBA SOUTH,SC/104/AN,Orumba North/Orumba South,FC/037/AN,ANAMBRA SOUTH,SD/012/AN,ANAMBRA
1039,IHITE,06,ORUMBA SOUTH,20,ORUMBA SOUTH,SC/104/AN,Orumba North/Orumba South,FC/037/AN,ANAMBRA SOUTH,SD/012/AN,ANAMBRA
1040,ISULO,07,ORUMBA SOUTH,20,ORUMBA SOUTH,SC/104/AN,Orumba North/Orumba South,FC/037/AN,ANAMBRA SOUTH,SD/012/AN,ANAMBRA
1041,NAWFIJA,08,ORUMBA SOUTH,20,ORUMBA SOUTH,SC/104/AN,Orumba North/Orumba South,FC/037/AN,ANAMBRA SOUTH,SD/012/AN,ANAMBRA
1042,NKEREHI,09,ORUMBA SOUTH,20,ORUMBA SOUTH,SC/104/AN,Orumba North/Orumba South,FC/037/AN,ANAMBRA SOUTH,SD/012/AN,ANAMBRA
1043,OGBOJI,10,ORUMBA SOUTH,20,ORUMBA SOUTH,SC/104/AN,Orumba North/Orumba South,FC/037/AN,ANAMBRA SOUTH,SD/012/AN,ANAMBRA
1044,OGBUNKA I,11,ORUMBA SOUTH,20,ORUMBA SOUTH,SC/104/AN,Orumba North/Orumba South,FC/037/AN,ANAMBRA SOUTH,SD/012/AN,ANAMBRA
1045,OGBUNKA II,12,ORUMBA SOUTH,20,ORUMBA SOUTH,SC/104/AN,Orumba North/Orumba South,FC/037/AN,ANAMBRA SOUTH,SD/012/AN,ANAMBRA
1046,OWERRE EZUKALA I,13,ORUMBA SOUTH,20,ORUMBA SOUTH,SC/104/AN,Orumba North/Orumba South,FC/037/AN,ANAMBRA SOUTH,SD/012/AN,ANAMBRA
1047,OWERRE EZUKALA II,14,ORUMBA SOUTH,20,ORUMBA SOUTH,SC/104/AN,Orumba North/Orumba South,FC/037/AN,ANAMBRA SOUTH,SD/012/AN,ANAMBRA
1048,UMUNZE I,15,ORUMBA SOUTH,20,ORUMBA SOUTH,SC/104/AN,Orumba North/Orumba South,FC/037/AN,ANAMBRA SOUTH,SD/012/AN,ANAMBRA
1049,UMUNZE II,16,ORUMBA SOUTH,20,ORUMBA SOUTH,SC/104/AN,Orumba North/Orumba South,FC/037/AN,ANAMBRA SOUTH,SD/012/AN,ANAMBRA
1050,UMUNZE III,17,ORUMBA SOUTH,20,ORUMBA SOUTH,SC/104/AN,Orumba North/Orumba South,FC/037/AN,ANAMBRA SOUTH,SD/012/AN,ANAMBRA
1051,UMUOMAKU,18,ORUMBA SOUTH,20,ORUMBA SOUTH,SC/104/AN,Orumba North/Orumba South,FC/037/AN,ANAMBRA SOUTH,SD/012/AN,ANAMBRA
1052,AWKUZU I,01,OYI,21,OYI,SC/105/AN,Oyi/Ayamelum,FC/031/AN,ANAMBRA NORTH,SD/010/AN,ANAMBRA
1053,AWKUZU II,02,OYI,21,OYI,SC/105/AN,Oyi/Ayamelum,FC/031/AN,ANAMBRA NORTH,SD/010/AN,ANAMBRA
1054,AWKUZU III,03,OYI,21,OYI,SC/105/AN,Oyi/Ayamelum,FC/031/AN,ANAMBRA NORTH,SD/010/AN,ANAMBRA
1055,AWKUZU IV,04,OYI,21,OYI,SC/105/AN,Oyi/Ayamelum,FC/031/AN,ANAMBRA NORTH,SD/010/AN,ANAMBRA
1056,NTEJE I,05,OYI,21,OYI,SC/105/AN,Oyi/Ayamelum,FC/031/AN,ANAMBRA NORTH,SD/010/AN,ANAMBRA
1057,NTEJE II,06,OYI,21,OYI,SC/105/AN,Oyi/Ayamelum,FC/031/AN,ANAMBRA NORTH,SD/010/AN,ANAMBRA
1058,NTEJE III,07,OYI,21,OYI,SC/105/AN,Oyi/Ayamelum,FC/031/AN,ANAMBRA NORTH,SD/010/AN,ANAMBRA
1059,NTEJE IV,08,OYI,21,OYI,SC/105/AN,Oyi/Ayamelum,FC/031/AN,ANAMBRA NORTH,SD/010/AN,ANAMBRA
1060,NTEJE V,09,OYI,21,OYI,SC/105/AN,Oyi/Ayamelum,FC/031/AN,ANAMBRA NORTH,SD/010/AN,ANAMBRA
1061,NKWELLE EZUNAKA I,10,OYI,21,OYI,SC/105/AN,Oyi/Ayamelum,FC/031/AN,ANAMBRA NORTH,SD/010/AN,ANAMBRA
1062,NKWELLE EZUNAKA II,11,OYI,21,OYI,SC/105/AN,Oyi/Ayamelum,FC/031/AN,ANAMBRA NORTH,SD/010/AN,ANAMBRA
1063,OGBUNIKE I,12,OYI,21,OYI,SC/105/AN,Oyi/Ayamelum,FC/031/AN,ANAMBRA NORTH,SD/010/AN,ANAMBRA
1064,OGBUNIKE II,13,OYI,21,OYI,SC/105/AN,Oyi/Ayamelum,FC/031/AN,ANAMBRA NORTH,SD/010/AN,ANAMBRA
1065,UMUNYA I,14,OYI,21,OYI,SC/105/AN,Oyi/Ayamelum,FC/031/AN,ANAMBRA NORTH,SD/010/AN,ANAMBRA
1066,UMUNYA II,15,OYI,21,OYI,SC/105/AN,Oyi/Ayamelum,FC/031/AN,ANAMBRA NORTH,SD/010/AN,ANAMBRA
1067,ALKALERI,01,ALKALERE,01,PALI,SC/106/BA,Alkaleri/Kirfi,FC/038/BA,BAUCHI SOUTH,SD/013/BA,BAUCHI
1068,PALI,02,ALKALERE,01,PALI,SC/106/BA,Alkaleri/Kirfi,FC/038/BA,BAUCHI SOUTH,SD/013/BA,BAUCHI
1069,GAR,03,ALKALERE,01,PALI,SC/106/BA,Alkaleri/Kirfi,FC/038/BA,BAUCHI SOUTH,SD/013/BA,BAUCHI
1070,GWARAM,04,ALKALERE,01,PALI,SC/106/BA,Alkaleri/Kirfi,FC/038/BA,BAUCHI SOUTH,SD/013/BA,BAUCHI
1071,MAIMADI,05,ALKALERE,01,PALI,SC/106/BA,Alkaleri/Kirfi,FC/038/BA,BAUCHI SOUTH,SD/013/BA,BAUCHI
1072,DAN/KUNGIBAR,06,ALKALERE,01,DUGURI/GWANA,SC/107/BA,Alkaleri/Kirfi,FC/038/BA,BAUCHI SOUTH,SD/013/BA,BAUCHI
1073,BIRIN/GIGARA/YANKARI,07,ALKALERE,01,DUGURI/GWANA,SC/107/BA,Alkaleri/Kirfi,FC/038/BA,BAUCHI SOUTH,SD/013/BA,BAUCHI
1074,YULI/LIM,08,ALKALERE,01,DUGURI/GWANA,SC/107/BA,Alkaleri/Kirfi,FC/038/BA,BAUCHI SOUTH,SD/013/BA,BAUCHI
1075,FURUK,09,ALKALERE,01,DUGURI/GWANA,SC/107/BA,Alkaleri/Kirfi,FC/038/BA,BAUCHI SOUTH,SD/013/BA,BAUCHI
1076,YALO,10,ALKALERE,01,DUGURI/GWANA,SC/107/BA,Alkaleri/Kirfi,FC/038/BA,BAUCHI SOUTH,SD/013/BA,BAUCHI
1077,GWANAN/MANSUR,11,ALKALERE,01,,,Alkaleri/Kirfi,FC/038/BA,BAUCHI SOUTH,SD/013/BA,BAUCHI
1078,MAJIDADI ‘’A’’,01,BAUCHI,02,BAUCHI,SC/109/BA,Bauchi,FC/039/BA,BAUCHI SOUTH,SD/013/BA,BAUCHI
1079,MAJIDADI ‘’B’’,02,BAUCHI,02,BAUCHI,SC/109/BA,Bauchi,FC/039/BA,BAUCHI SOUTH,SD/013/BA,BAUCHI
1080,MAKAMA S/BAKI,03,BAUCHI,02,BAUCHI,SC/109/BA,Bauchi,FC/039/BA,BAUCHI SOUTH,SD/013/BA,BAUCHI
1081,ZUGUR L/KATAGUM,04,BAUCHI,02,ZUNGUR/GALAMBI,SC/110/BA,Bauchi,FC/039/BA,BAUCHI SOUTH,SD/013/BA,BAUCHI
1082,MUN/MUNSAL,05,BAUCHI,02,ZUNGUR/GALAMBI,SC/110/BA,Bauchi,FC/039/BA,BAUCHI SOUTH,SD/013/BA,BAUCHI
1083,DANDANGO/YAMRAT,06,BAUCHI,02,ZUNGUR/GALAMBI,SC/110/BA,Bauchi,FC/039/BA,BAUCHI SOUTH,SD/013/BA,BAUCHI
1084,BIRSHI/MIRI,07,BAUCHI,02,ZUNGUR/GALAMBI,SC/110/BA,Bauchi,FC/039/BA,BAUCHI SOUTH,SD/013/BA,BAUCHI
1085,KUNDUM/DURUM,08,BAUCHI,02,ZUNGUR/GALAMBI,SC/110/BA,Bauchi,FC/039/BA,BAUCHI SOUTH,SD/013/BA,BAUCHI
1086,KANGYARE/TURNWUN,09,BAUCHI,02,ZUNGUR/GALAMBI,SC/110/BA,Bauchi,FC/039/BA,BAUCHI SOUTH,SD/013/BA,BAUCHI
1087,GALAMBI/GWASKWARAM,10,BAUCHI,02,ZUNGUR/GALAMBI,SC/110/BA,Bauchi,FC/039/BA,BAUCHI SOUTH,SD/013/BA,BAUCHI
1088,DAN’IYA/HARDO,11,BAUCHI,02,BAUCHI,SC/109/BA,Bauchi,FC/039/BA,BAUCHI SOUTH,SD/013/BA,BAUCHI
1089,DAWAKI,12,BAUCHI,02,BAUCHI,SC/109/BA,Bauchi,FC/039/BA,BAUCHI SOUTH,SD/013/BA,BAUCHI
1090,BOGORO ‘’A’’,01,BOGORO,03,,,Bogoro/Dass/Tafawa Balewa,FC/040/BA,BAUCHI SOUTH,SD/013/BA,BAUCHI
1091,BOGORO ‘’B’’,02,BOGORO,03,,,Bogoro/Dass/Tafawa Balewa,FC/040/BA,BAUCHI SOUTH,SD/013/BA,BAUCHI
1092,BOGORO ‘’C’’,03,BOGORO,03,,,Bogoro/Dass/Tafawa Balewa,FC/040/BA,BAUCHI SOUTH,SD/013/BA,BAUCHI
1093,BOGORO ‘’D’’,04,BOGORO,03,,,Bogoro/Dass/Tafawa Balewa,FC/040/BA,BAUCHI SOUTH,SD/013/BA,BAUCHI
1094,BOI ‘’A’’,05,BOGORO,03,,,Bogoro/Dass/Tafawa Balewa,FC/040/BA,BAUCHI SOUTH,SD/013/BA,BAUCHI
1095,BOI ‘’B’’,06,BOGORO,03,,,Bogoro/Dass/Tafawa Balewa,FC/040/BA,BAUCHI SOUTH,SD/013/BA,BAUCHI
1096,BOI ‘’C’’,07,BOGORO,03,,,Bogoro/Dass/Tafawa Balewa,FC/040/BA,BAUCHI SOUTH,SD/013/BA,BAUCHI
1097,LUSA ‘’A’’,08,BOGORO,03,,,Bogoro/Dass/Tafawa Balewa,FC/040/BA,BAUCHI SOUTH,SD/013/BA,BAUCHI
1098,LUSA ‘’B’’,09,BOGORO,03,,,Bogoro/Dass/Tafawa Balewa,FC/040/BA,BAUCHI SOUTH,SD/013/BA,BAUCHI
1099,LUSA ‘’C’’,10,BOGORO,03,,,Bogoro/Dass/Tafawa Balewa,FC/040/BA,BAUCHI SOUTH,SD/013/BA,BAUCHI
1100,GARAZA,12,DAMBAM,04,,,Misau/Dambam,FC/044/BA,BAUCHI CENTRAL,SD/014/BA,BAUCHI
1101,GURBANA,02,DAMBAM,04,,,Misau/Dambam,FC/044/BA,BAUCHI CENTRAL,SD/014/BA,BAUCHI
1102,DAMBAM,03,DAMBAM,04,,,Misau/Dambam,FC/044/BA,BAUCHI CENTRAL,SD/014/BA,BAUCHI
1103,YANDA,04,DAMBAM,04,,,Misau/Dambam,FC/044/BA,BAUCHI CENTRAL,SD/014/BA,BAUCHI
1104,YAME,05,DAMBAM,04,,,Misau/Dambam,FC/044/BA,BAUCHI CENTRAL,SD/014/BA,BAUCHI
1105,DAGAUDA,06,DAMBAM,04,,,Misau/Dambam,FC/044/BA,BAUCHI CENTRAL,SD/014/BA,BAUCHI
1106,GARGAWA,07,DAMBAM,04,,,Misau/Dambam,FC/044/BA,BAUCHI CENTRAL,SD/014/BA,BAUCHI
1107,ZAURA,08,DAMBAM,04,,,Misau/Dambam,FC/044/BA,BAUCHI CENTRAL,SD/014/BA,BAUCHI
1108,JALAM CENTRAL,09,DAMBAM,04,,,Misau/Dambam,FC/044/BA,BAUCHI CENTRAL,SD/014/BA,BAUCHI
1109,JALAM EAST,10,DAMBAM,04,,,Misau/Dambam,FC/044/BA,BAUCHI CENTRAL,SD/014/BA,BAUCHI
1110,DARAZO,01,DARAZO,05,DARAZO,SC/122/BA,Darazo/Gunjuwa,FC/043/BA,BAUCHI CENTRAL,SD/014/BA,BAUCHI
1111,TAUYA,02,DARAZO,05,DARAZO,SC/122/BA,Darazo/Gunjuwa,FC/043/BA,BAUCHI CENTRAL,SD/014/BA,BAUCHI
1112,GABARIN,03,DARAZO,05,DARAZO,SC/122/BA,Darazo/Gunjuwa,FC/043/BA,BAUCHI CENTRAL,SD/014/BA,BAUCHI
1113,KONKIYAL,04,DARAZO,05,DARAZO,SC/122/BA,Darazo/Gunjuwa,FC/043/BA,BAUCHI CENTRAL,SD/014/BA,BAUCHI
1114,LAGO,05,DARAZO,05,DARAZO,SC/122/BA,Darazo/Gunjuwa,FC/043/BA,BAUCHI CENTRAL,SD/014/BA,BAUCHI
1115,SADE,06,DARAZO,05,DARAZO,SC/122/BA,Darazo/Gunjuwa,FC/043/BA,BAUCHI CENTRAL,SD/014/BA,BAUCHI
1116,LANZAI,07,DARAZO,05,DARAZO,SC/122/BA,Darazo/Gunjuwa,FC/043/BA,BAUCHI CENTRAL,SD/014/BA,BAUCHI
1117,YAUTARE,08,DARAZO,05,DARAZO,SC/122/BA,Darazo/Gunjuwa,FC/043/BA,BAUCHI CENTRAL,SD/014/BA,BAUCHI
1118,GABCHIYARI,09,DARAZO,05,DARAZO,SC/122/BA,Darazo/Gunjuwa,FC/043/BA,BAUCHI CENTRAL,SD/014/BA,BAUCHI
1119,WAHU,10,DARAZO,05,DARAZO,SC/122/BA,Darazo/Gunjuwa,FC/043/BA,BAUCHI CENTRAL,SD/014/BA,BAUCHI
1120,PAPA,11,DARAZO,05,DARAZO,SC/122/BA,Darazo/Gunjuwa,FC/043/BA,BAUCHI CENTRAL,SD/014/BA,BAUCHI
1121,BAGEL/BAJAR,01,DASS,06,DASS,SC/111/BA,Bogoro/Dass/Tafawa Balewa,FC/040/BA,BAUCHI SOUTH,SD/013/BA,BAUCHI
1122,BUNDOT,02,DASS,06,DASS,SC/111/BA,Bogoro/Dass/Tafawa Balewa,FC/040/BA,BAUCHI SOUTH,SD/013/BA,BAUCHI
1123,BUNUNU CENTRAL,03,DASS,06,DASS,SC/111/BA,Bogoro/Dass/Tafawa Balewa,FC/040/BA,BAUCHI SOUTH,SD/013/BA,BAUCHI
1124,BUNUNU SOUTH WEST,04,DASS,06,DASS,SC/111/BA,Bogoro/Dass/Tafawa Balewa,FC/040/BA,BAUCHI SOUTH,SD/013/BA,BAUCHI
1125,BARAZA,05,DASS,06,DASS,SC/111/BA,Bogoro/Dass/Tafawa Balewa,FC/040/BA,BAUCHI SOUTH,SD/013/BA,BAUCHI
1126,DOTT,06,DASS,06,DASS,SC/111/BA,Bogoro/Dass/Tafawa Balewa,FC/040/BA,BAUCHI SOUTH,SD/013/BA,BAUCHI
1127,DURR,07,DASS,06,DASS,SC/111/BA,Bogoro/Dass/Tafawa Balewa,FC/040/BA,BAUCHI SOUTH,SD/013/BA,BAUCHI
1128,POLCHI,08,DASS,06,DASS,SC/111/BA,Bogoro/Dass/Tafawa Balewa,FC/040/BA,BAUCHI SOUTH,SD/013/BA,BAUCHI
1129,WANDI,09,DASS,06,DASS,SC/111/BA,Bogoro/Dass/Tafawa Balewa,FC/040/BA,BAUCHI SOUTH,SD/013/BA,BAUCHI
1130,ZUMBUL/LUKSHI,10,DASS,06,DASS,SC/111/BA,Bogoro/Dass/Tafawa Balewa,FC/040/BA,BAUCHI SOUTH,SD/013/BA,BAUCHI
1131,GAMAWA,01,GAMAWA,07,GAMAWA,SC/136/BA,Gamawa,FC/046/BA,BAUCHI NORTH,SD/015/BA,BAUCHI
1132,KAFIN ROMI,02,GAMAWA,07,GAMAWA,SC/136/BA,Gamawa,FC/046/BA,BAUCHI NORTH,SD/015/BA,BAUCHI
1133,GOLOLO,03,GAMAWA,07,GAMAWA,SC/136/BA,Gamawa,FC/046/BA,BAUCHI NORTH,SD/015/BA,BAUCHI
1134,KUBDIYA,04,GAMAWA,07,GAMAWA,SC/136/BA,Gamawa,FC/046/BA,BAUCHI NORTH,SD/015/BA,BAUCHI
1135,ALAGARNO/JADORI,05,GAMAWA,07,GAMAWA,SC/136/BA,Gamawa,FC/046/BA,BAUCHI NORTH,SD/015/BA,BAUCHI
1136,TUMBI,06,GAMAWA,07,GAMAWA,SC/136/BA,Gamawa,FC/046/BA,BAUCHI NORTH,SD/015/BA,BAUCHI
1137,UDUBO,07,GAMAWA,07,GAMAWA,SC/136/BA,Gamawa,FC/046/BA,BAUCHI NORTH,SD/015/BA,BAUCHI
1138,TARMASUWA,08,GAMAWA,07,GAMAWA,SC/136/BA,Gamawa,FC/046/BA,BAUCHI NORTH,SD/015/BA,BAUCHI
1139,RAGA,09,GAMAWA,07,GAMAWA,SC/136/BA,Gamawa,FC/046/BA,BAUCHI NORTH,SD/015/BA,BAUCHI
1140,GADIYA,10,GAMAWA,07,GAMAWA,SC/136/BA,Gamawa,FC/046/BA,BAUCHI NORTH,SD/015/BA,BAUCHI
1141,ZINDIWA,11,GAMAWA,07,GAMAWA,SC/136/BA,Gamawa,FC/046/BA,BAUCHI NORTH,SD/015/BA,BAUCHI
1142,GANJUWA,01,GANJUWA,08,,,Darazo/Gunjuwa,FC/043/BA,BAUCHI CENTRAL,SD/014/BA,BAUCHI
1143,GUNGURA,02,GANJUWA,08,,,Darazo/Gunjuwa,FC/043/BA,BAUCHI CENTRAL,SD/014/BA,BAUCHI
1144,KAFIN MADAKI,03,GANJUWA,08,,,Darazo/Gunjuwa,FC/043/BA,BAUCHI CENTRAL,SD/014/BA,BAUCHI
1145,KARIYA,04,GANJUWA,08,,,Darazo/Gunjuwa,FC/043/BA,BAUCHI CENTRAL,SD/014/BA,BAUCHI
1146,KUBI EAST,05,GANJUWA,08,,,Darazo/Gunjuwa,FC/043/BA,BAUCHI CENTRAL,SD/014/BA,BAUCHI
1147,KUBI WEST,06,GANJUWA,08,,,Darazo/Gunjuwa,FC/043/BA,BAUCHI CENTRAL,SD/014/BA,BAUCHI
1148,MIYA EAST,07,GANJUWA,08,,,Darazo/Gunjuwa,FC/043/BA,BAUCHI CENTRAL,SD/014/BA,BAUCHI
1149,MIYA WEST,08,GANJUWA,08,,,Darazo/Gunjuwa,FC/043/BA,BAUCHI CENTRAL,SD/014/BA,BAUCHI
1150,NASARAWA NORTH,09,GANJUWA,08,,,Darazo/Gunjuwa,FC/043/BA,BAUCHI CENTRAL,SD/014/BA,BAUCHI
1151,NASARAWA SOUTH,10,GANJUWA,08,,,Darazo/Gunjuwa,FC/043/BA,BAUCHI CENTRAL,SD/014/BA,BAUCHI
1152,YALI,11,GANJUWA,08,,,Darazo/Gunjuwa,FC/043/BA,BAUCHI CENTRAL,SD/014/BA,BAUCHI
1153,CHINKANI,01,GIADE,09,,,Shira/Giade,FC/048/BA,BAUCHI NORTH,SD/015/BA,BAUCHI
1154,SABON SARA,02,GIADE,09,,,Shira/Giade,FC/048/BA,BAUCHI NORTH,SD/015/BA,BAUCHI
1155,DOGUWA CENTRAL,03,GIADE,09,,,Shira/Giade,FC/048/BA,BAUCHI NORTH,SD/015/BA,BAUCHI
1156,DOGUWA SOUTH,04,GIADE,09,,,Shira/Giade,FC/048/BA,BAUCHI NORTH,SD/015/BA,BAUCHI
1157,GLADE,05,GIADE,09,,,Shira/Giade,FC/048/BA,BAUCHI NORTH,SD/015/BA,BAUCHI
1158,ISAWA,06,GIADE,09,,,Shira/Giade,FC/048/BA,BAUCHI NORTH,SD/015/BA,BAUCHI
1159,UZUM ‘’A’’,07,GIADE,09,,,Shira/Giade,FC/048/BA,BAUCHI NORTH,SD/015/BA,BAUCHI
1160,UZUM ‘’B’’,08,GIADE,09,,,Shira/Giade,FC/048/BA,BAUCHI NORTH,SD/015/BA,BAUCHI
1161,ZABI,09,GIADE,09,,,Shira/Giade,FC/048/BA,BAUCHI NORTH,SD/015/BA,BAUCHI
1162,ZIRRMI,10,GIADE,09,,,Shira/Giade,FC/048/BA,BAUCHI NORTH,SD/015/BA,BAUCHI
1163,ITAS,01,ITAS/GADAU,10,ITAS/GADAU,SC/129/BA,Jama’are/Itas-Gadau,FC/047/BA,BAUCHI NORTH,SD/015/BA,BAUCHI
1164,MASHEMA,02,ITAS/GADAU,10,ITAS/GADAU,SC/129/BA,Jama’are/Itas-Gadau,FC/047/BA,BAUCHI NORTH,SD/015/BA,BAUCHI
1165,GWARAI,03,ITAS/GADAU,10,ITAS/GADAU,SC/129/BA,Jama’are/Itas-Gadau,FC/047/BA,BAUCHI NORTH,SD/015/BA,BAUCHI
1166,ABDALLAWA,04,ITAS/GADAU,10,ITAS/GADAU,SC/129/BA,Jama’are/Itas-Gadau,FC/047/BA,BAUCHI NORTH,SD/015/BA,BAUCHI
1167,MAGARYA,05,ITAS/GADAU,10,ITAS/GADAU,SC/129/BA,Jama’are/Itas-Gadau,FC/047/BA,BAUCHI NORTH,SD/015/BA,BAUCHI
1168,BUZAWA,06,ITAS/GADAU,10,ITAS/GADAU,SC/129/BA,Jama’are/Itas-Gadau,FC/047/BA,BAUCHI NORTH,SD/015/BA,BAUCHI
1169,BILKI CHERU,07,ITAS/GADAU,10,ITAS/GADAU,SC/129/BA,Jama’are/Itas-Gadau,FC/047/BA,BAUCHI NORTH,SD/015/BA,BAUCHI
1170,BAMBAL,08,ITAS/GADAU,10,ITAS/GADAU,SC/129/BA,Jama’are/Itas-Gadau,FC/047/BA,BAUCHI NORTH,SD/015/BA,BAUCHI
1171,GADAU,09,ITAS/GADAU,10,ITAS/GADAU,SC/129/BA,Jama’are/Itas-Gadau,FC/047/BA,BAUCHI NORTH,SD/015/BA,BAUCHI
1172,KASHURU,10,ITAS/GADAU,10,ITAS/GADAU,SC/129/BA,Jama’are/Itas-Gadau,FC/047/BA,BAUCHI NORTH,SD/015/BA,BAUCHI
1173,ZUBUKI,11,ITAS/GADAU,10,ITAS/GADAU,SC/129/BA,Jama’are/Itas-Gadau,FC/047/BA,BAUCHI NORTH,SD/015/BA,BAUCHI
1174,JAMA’ARE ‘’A’’,01,JAMA’ARE’,11,JAMA’ARE,SC/128/BA,Jama’are/Itas-Gadau,FC/047/BA,BAUCHI NORTH,SD/015/BA,BAUCHI
1175,JAMA’ARE ‘’B’’,02,JAMA’ARE’,11,JAMA’ARE,SC/128/BA,Jama’are/Itas-Gadau,FC/047/BA,BAUCHI NORTH,SD/015/BA,BAUCHI
1176,JAMA’ARE ‘’C’’,03,JAMA’ARE’,11,JAMA’ARE,SC/128/BA,Jama’are/Itas-Gadau,FC/047/BA,BAUCHI NORTH,SD/015/BA,BAUCHI
1177,JAMA’ARE ‘’D’’,04,JAMA’ARE’,11,JAMA’ARE,SC/128/BA,Jama’are/Itas-Gadau,FC/047/BA,BAUCHI NORTH,SD/015/BA,BAUCHI
1178,DOGON JEJI ‘’A’’,05,JAMA’ARE’,11,JAMA’ARE,SC/128/BA,Jama’are/Itas-Gadau,FC/047/BA,BAUCHI NORTH,SD/015/BA,BAUCHI
1179,DOGON JEJI ‘’B’’,06,JAMA’ARE’,11,JAMA’ARE,SC/128/BA,Jama’are/Itas-Gadau,FC/047/BA,BAUCHI NORTH,SD/015/BA,BAUCHI
1180,DOGON JEJI ‘’C’’,07,JAMA’ARE’,11,JAMA’ARE,SC/128/BA,Jama’are/Itas-Gadau,FC/047/BA,BAUCHI NORTH,SD/015/BA,BAUCHI
1181,HANAFARI,08,JAMA’ARE’,11,JAMA’ARE,SC/128/BA,Jama’are/Itas-Gadau,FC/047/BA,BAUCHI NORTH,SD/015/BA,BAUCHI
1182,GALDIMARI,09,JAMA’ARE’,11,JAMA’ARE,SC/128/BA,Jama’are/Itas-Gadau,FC/047/BA,BAUCHI NORTH,SD/015/BA,BAUCHI
1183,JUMARA,10,JAMA’ARE’,11,JAMA’ARE,SC/128/BA,Jama’are/Itas-Gadau,FC/047/BA,BAUCHI NORTH,SD/015/BA,BAUCHI
1184,TSAKUWA/GABAS,01,KATAGUM,12,KATAGUM,SC/126/BA,Katagum,FC/049/BA,BAUCHI NORTH,SD/015/BA,BAUCHI
1185,NASARAWA/B/KASUWA,02,KATAGUM,12,KATAGUM,SC/126/BA,Katagum,FC/049/BA,BAUCHI NORTH,SD/015/BA,BAUCHI
1186,MADANGALA,03,KATAGUM,12,KATAGUM,SC/126/BA,Katagum,FC/049/BA,BAUCHI NORTH,SD/015/BA,BAUCHI
1187,MADARA,04,KATAGUM,12,KATAGUM,SC/126/BA,Katagum,FC/049/BA,BAUCHI NORTH,SD/015/BA,BAUCHI
1188,BUSKURI,05,KATAGUM,12,KATAGUM,SC/126/BA,Katagum,FC/049/BA,BAUCHI NORTH,SD/015/BA,BAUCHI
1189,RAGWAM/MAGONSHI,06,KATAGUM,12,KATAGUM,SC/126/BA,Katagum,FC/049/BA,BAUCHI NORTH,SD/015/BA,BAUCHI
1190,GAMBAKI/BIDIR,07,KATAGUM,12,KATAGUM,SC/126/BA,Katagum,FC/049/BA,BAUCHI NORTH,SD/015/BA,BAUCHI
1191,CHINADE,08,KATAGUM,12,KATAGUM,SC/126/BA,Katagum,FC/049/BA,BAUCHI NORTH,SD/015/BA,BAUCHI
1192,BULKACHUWA/DAGARO,09,KATAGUM,12,KATAGUM,SC/126/BA,Katagum,FC/049/BA,BAUCHI NORTH,SD/015/BA,BAUCHI
1193,YAYU,10,KATAGUM,12,KATAGUM,SC/126/BA,Katagum,FC/049/BA,BAUCHI NORTH,SD/015/BA,BAUCHI
1194,MADACHI/GANGAI,11,KATAGUM,12,KATAGUM,SC/126/BA,Katagum,FC/049/BA,BAUCHI NORTH,SD/015/BA,BAUCHI
1195,BADARA,01,KIRFI,13,KIRFI,SC/108/BA,Alkaleri/Kirfi,FC/038/BA,BAUCHI SOUTH,SD/013/BA,BAUCHI
1196,DARA,02,KIRFI,13,KIRFI,SC/108/BA,Alkaleri/Kirfi,FC/038/BA,BAUCHI SOUTH,SD/013/BA,BAUCHI
1197,BENI ‘’A’’,03,KIRFI,13,KIRFI,SC/108/BA,Alkaleri/Kirfi,FC/038/BA,BAUCHI SOUTH,SD/013/BA,BAUCHI
1198,BENI ‘’B’’,04,KIRFI,13,KIRFI,SC/108/BA,Alkaleri/Kirfi,FC/038/BA,BAUCHI SOUTH,SD/013/BA,BAUCHI
1199,DEWU CENTRAL,05,KIRFI,13,KIRFI,SC/108/BA,Alkaleri/Kirfi,FC/038/BA,BAUCHI SOUTH,SD/013/BA,BAUCHI
1200,DEWU EAST,06,KIRFI,13,KIRFI,SC/108/BA,Alkaleri/Kirfi,FC/038/BA,BAUCHI SOUTH,SD/013/BA,BAUCHI
1201,DIRFI,07,KIRFI,13,KIRFI,SC/108/BA,Alkaleri/Kirfi,FC/038/BA,BAUCHI SOUTH,SD/013/BA,BAUCHI
1202,SHANGO,08,KIRFI,13,KIRFI,SC/108/BA,Alkaleri/Kirfi,FC/038/BA,BAUCHI SOUTH,SD/013/BA,BAUCHI
1203,TUBULE,09,KIRFI,13,KIRFI,SC/108/BA,Alkaleri/Kirfi,FC/038/BA,BAUCHI SOUTH,SD/013/BA,BAUCHI
1204,WANKA,10,KIRFI,13,KIRFI,SC/108/BA,Alkaleri/Kirfi,FC/038/BA,BAUCHI SOUTH,SD/013/BA,BAUCHI
1205,ZADAWA,01,MISAU,14,,,Misau/Dambam,FC/044/BA,BAUCHI CENTRAL,SD/014/BA,BAUCHI
1206,BETI,02,MISAU,14,,,Misau/Dambam,FC/044/BA,BAUCHI CENTRAL,SD/014/BA,BAUCHI
1207,JARKASA,03,MISAU,14,,,Misau/Dambam,FC/044/BA,BAUCHI CENTRAL,SD/014/BA,BAUCHI
1208,KUDADI/GUNDARI,04,MISAU,14,,,Misau/Dambam,FC/044/BA,BAUCHI CENTRAL,SD/014/BA,BAUCHI
1209,AJILI/GUGULIN,05,MISAU,14,,,Misau/Dambam,FC/044/BA,BAUCHI CENTRAL,SD/014/BA,BAUCHI
1210,TOFU,06,MISAU,14,,,Misau/Dambam,FC/044/BA,BAUCHI CENTRAL,SD/014/BA,BAUCHI
1211,HARDAWA,07,MISAU,14,,,Misau/Dambam,FC/044/BA,BAUCHI CENTRAL,SD/014/BA,BAUCHI
1212,SARMA/AKUYAM,08,MISAU,14,,,Misau/Dambam,FC/044/BA,BAUCHI CENTRAL,SD/014/BA,BAUCHI
1213,SIRKO,09,MISAU,14,,,Misau/Dambam,FC/044/BA,BAUCHI CENTRAL,SD/014/BA,BAUCHI
1214,GWARAM,10,MISAU,14,,,Misau/Dambam,FC/044/BA,BAUCHI CENTRAL,SD/014/BA,BAUCHI
1215,NINGI,01,NINGI,15,NINGI,SC/117/BA,Ningi/Warji,FC/042/BA,BAUCHI CENTRAL,SD/014/BA,BAUCHI
1216,DINGIS,02,NINGI,15,NINGI,SC/117/BA,Ningi/Warji,FC/042/BA,BAUCHI CENTRAL,SD/014/BA,BAUCHI
1217,NASARU,03,NINGI,15,NINGI,SC/117/BA,Ningi/Warji,FC/042/BA,BAUCHI CENTRAL,SD/014/BA,BAUCHI
1218,JANGU,04,NINGI,15,NINGI,SC/117/BA,Ningi/Warji,FC/042/BA,BAUCHI CENTRAL,SD/014/BA,BAUCHI
1219,BALMA,05,NINGI,15,NINGI,SC/117/BA,Ningi/Warji,FC/042/BA,BAUCHI CENTRAL,SD/014/BA,BAUCHI
1220,KUDU/YAMMA,06,NINGI,15,NINGI,SC/117/BA,Ningi/Warji,FC/042/BA,BAUCHI CENTRAL,SD/014/BA,BAUCHI
1221,TIFFI/GUDA,07,NINGI,15,NINGI,SC/117/BA,Ningi/Warji,FC/042/BA,BAUCHI CENTRAL,SD/014/BA,BAUCHI
1222,BURRA/KYATA,08,NINGI,15,NINGI,SC/117/BA,Ningi/Warji,FC/042/BA,BAUCHI CENTRAL,SD/014/BA,BAUCHI
1223,SAMA,09,NINGI,15,NINGI,SC/117/BA,Ningi/Warji,FC/042/BA,BAUCHI CENTRAL,SD/014/BA,BAUCHI
1224,SASHE,10,NINGI,15,NINGI,SC/117/BA,Ningi/Warji,FC/042/BA,BAUCHI CENTRAL,SD/014/BA,BAUCHI
1225,KURMI,11,NINGI,15,NINGI,SC/117/BA,Ningi/Warji,FC/042/BA,BAUCHI CENTRAL,SD/014/BA,BAUCHI
1226,ANDUBUN,01,SHIRA,16,SHIRA,SC/131/BA,Shira/Giade,FC/048/BA,BAUCHI NORTH,SD/015/BA,BAUCHI
1227,SAMBUWAL,02,SHIRA,16,SHIRA,SC/131/BA,Shira/Giade,FC/048/BA,BAUCHI NORTH,SD/015/BA,BAUCHI
1228,BUKUL/BANGIRI,03,SHIRA,16,SHIRA,SC/131/BA,Shira/Giade,FC/048/BA,BAUCHI NORTH,SD/015/BA,BAUCHI
1229,DISINA,04,SHIRA,16,SHIRA,SC/131/BA,Shira/Giade,FC/048/BA,BAUCHI NORTH,SD/015/BA,BAUCHI
1230,FAGGO,05,SHIRA,16,SHIRA,SC/131/BA,Shira/Giade,FC/048/BA,BAUCHI NORTH,SD/015/BA,BAUCHI
1231,BELI/GAGIDIBA,06,SHIRA,16,SHIRA,SC/131/BA,Shira/Giade,FC/048/BA,BAUCHI NORTH,SD/015/BA,BAUCHI
1232,KILBORI,07,SHIRA,16,SHIRA,SC/131/BA,Shira/Giade,FC/048/BA,BAUCHI NORTH,SD/015/BA,BAUCHI
1233,SHIRA,08,SHIRA,16,SHIRA,SC/131/BA,Shira/Giade,FC/048/BA,BAUCHI NORTH,SD/015/BA,BAUCHI
1234,TSAFI,09,SHIRA,16,SHIRA,SC/131/BA,Shira/Giade,FC/048/BA,BAUCHI NORTH,SD/015/BA,BAUCHI
1235,TUMFAFI,10,SHIRA,16,SHIRA,SC/131/BA,Shira/Giade,FC/048/BA,BAUCHI NORTH,SD/015/BA,BAUCHI
1236,ZUBO,11,SHIRA,16,SHIRA,SC/131/BA,Shira/Giade,FC/048/BA,BAUCHI NORTH,SD/015/BA,BAUCHI
1237,KARDAM ‘’A’’,01,TAFAWA BALEWA,17,,,Bogoro/Dass/Tafawa Balewa,FC/040/BA,BAUCHI SOUTH,SD/013/BA,BAUCHI
1238,KARDAM ‘’B’’,02,TAFAWA BALEWA,17,,,Bogoro/Dass/Tafawa Balewa,FC/040/BA,BAUCHI SOUTH,SD/013/BA,BAUCHI
1239,LERE NORTH,03,TAFAWA BALEWA,17,,,Bogoro/Dass/Tafawa Balewa,FC/040/BA,BAUCHI SOUTH,SD/013/BA,BAUCHI
1240,LERE SOUTH,04,TAFAWA BALEWA,17,,,Bogoro/Dass/Tafawa Balewa,FC/040/BA,BAUCHI SOUTH,SD/013/BA,BAUCHI
1241,TAPSHIN,05,TAFAWA BALEWA,17,,,Bogoro/Dass/Tafawa Balewa,FC/040/BA,BAUCHI SOUTH,SD/013/BA,BAUCHI
1242,WAI,06,TAFAWA BALEWA,17,,,Bogoro/Dass/Tafawa Balewa,FC/040/BA,BAUCHI SOUTH,SD/013/BA,BAUCHI
1243,BALL,07,TAFAWA BALEWA,17,,,Bogoro/Dass/Tafawa Balewa,FC/040/BA,BAUCHI SOUTH,SD/013/BA,BAUCHI
1244,BULA,08,TAFAWA BALEWA,17,,,Bogoro/Dass/Tafawa Balewa,FC/040/BA,BAUCHI SOUTH,SD/013/BA,BAUCHI
1245,DAJIN,09,TAFAWA BALEWA,17,,,Bogoro/Dass/Tafawa Balewa,FC/040/BA,BAUCHI SOUTH,SD/013/BA,BAUCHI
1246,DULL,10,TAFAWA BALEWA,17,,,Bogoro/Dass/Tafawa Balewa,FC/040/BA,BAUCHI SOUTH,SD/013/BA,BAUCHI
1247,BUNUNU,11,TAFAWA BALEWA,17,,,Bogoro/Dass/Tafawa Balewa,FC/040/BA,BAUCHI SOUTH,SD/013/BA,BAUCHI
1248,TORO/TULAI,01,TORO,18,,,Toro,FC/041/BA,BAUCHI SOUTH,SD/013/BA,BAUCHI
1249,TILDEN FULANI,02,TORO,18,,,Toro,FC/041/BA,BAUCHI SOUTH,SD/013/BA,BAUCHI
1250,RIBINA,03,TORO,18,,,Toro,FC/041/BA,BAUCHI SOUTH,SD/013/BA,BAUCHI
1251,MARA/PALAMA,04,TORO,18,,,Toro,FC/041/BA,BAUCHI SOUTH,SD/013/BA,BAUCHI
1252,RAUTA/GEJI,05,TORO,18,,,Toro,FC/041/BA,BAUCHI SOUTH,SD/013/BA,BAUCHI
1253,JAMA’A/ZARANDA,06,TORO,18,,,Toro,FC/041/BA,BAUCHI SOUTH,SD/013/BA,BAUCHI
1254,LAME,07,TORO,18,,,Toro,FC/041/BA,BAUCHI SOUTH,SD/013/BA,BAUCHI
1255,RISHI/ZALAU,08,TORO,18,,,Toro,FC/041/BA,BAUCHI SOUTH,SD/013/BA,BAUCHI
1256,TAMA,09,TORO,18,,,Toro,FC/041/BA,BAUCHI SOUTH,SD/013/BA,BAUCHI
1257,RAHAMA,10,TORO,18,,,Toro,FC/041/BA,BAUCHI SOUTH,SD/013/BA,BAUCHI
1258,BAIMA NORTH WEST,01,WARJI,19,,,Ningi/Warji,FC/042/BA,BAUCHI CENTRAL,SD/014/BA,BAUCHI
1259,BAIMA SOUTH WEST,02,WARJI,19,,,Ningi/Warji,FC/042/BA,BAUCHI CENTRAL,SD/014/BA,BAUCHI
1260,DAGU EAST,03,WARJI,19,,,Ningi/Warji,FC/042/BA,BAUCHI CENTRAL,SD/014/BA,BAUCHI
1261,DAGU WEST,04,WARJI,19,,,Ningi/Warji,FC/042/BA,BAUCHI CENTRAL,SD/014/BA,BAUCHI
1262,GABANGA,05,WARJI,19,,,Ningi/Warji,FC/042/BA,BAUCHI CENTRAL,SD/014/BA,BAUCHI
1263,KATANGA,06,WARJI,19,,,Ningi/Warji,FC/042/BA,BAUCHI CENTRAL,SD/014/BA,BAUCHI
1264,RANGA,07,WARJI,19,,,Ningi/Warji,FC/042/BA,BAUCHI CENTRAL,SD/014/BA,BAUCHI
1265,TIYIN,08,WARJI,19,,,Ningi/Warji,FC/042/BA,BAUCHI CENTRAL,SD/014/BA,BAUCHI
1266,TUDUN WADA EAST,09,WARJI,19,,,Ningi/Warji,FC/042/BA,BAUCHI CENTRAL,SD/014/BA,BAUCHI
1267,TUDUN WADA WEST,10,WARJI,19,,,Ningi/Warji,FC/042/BA,BAUCHI CENTRAL,SD/014/BA,BAUCHI
1268,BURSALI,01,ZAKI,20,,,Zaki,FC/045/BA,BAUCHI NORTH,SD/015/BA,BAUCHI
1269,KATAGUM,02,ZAKI,20,,,Zaki,FC/045/BA,BAUCHI NORTH,SD/015/BA,BAUCHI
1270,TASHENA/GADAI,03,ZAKI,20,,,Zaki,FC/045/BA,BAUCHI NORTH,SD/015/BA,BAUCHI
1271,MAKAWA,04,ZAKI,20,,,Zaki,FC/045/BA,BAUCHI NORTH,SD/015/BA,BAUCHI
1272,SAKWA,05,ZAKI,20,,,Zaki,FC/045/BA,BAUCHI NORTH,SD/015/BA,BAUCHI
1273,GUMAI,06,ZAKI,20,,,Zaki,FC/045/BA,BAUCHI NORTH,SD/015/BA,BAUCHI
1274,MURMUR NORTH,07,ZAKI,20,,,Zaki,FC/045/BA,BAUCHI NORTH,SD/015/BA,BAUCHI
1275,MURMUR SOUTH,08,ZAKI,20,,,Zaki,FC/045/BA,BAUCHI NORTH,SD/015/BA,BAUCHI
1276,ALANGAWARI,09,ZAKI,20,,,Zaki,FC/045/BA,BAUCHI NORTH,SD/015/BA,BAUCHI
1277,MAIWA,10,ZAKI,20,,,Zaki,FC/045/BA,BAUCHI NORTH,SD/015/BA,BAUCHI
1278,MAIMAKO,11,ZAKI,20,,,Zaki,FC/045/BA,BAUCHI NORTH,SD/015/BA,BAUCHI
1279,BRASS ONE (TWON),01,BRASS,01,BRASS I,SC/137/BY,Brass/Nembe,FC/050/BY,BAYELSA EAST,SD/016/BY,BAYELSA
1280,BRASS TWO (TWON),02,BRASS,01,BRASS I,SC/137/BY,Brass/Nembe,FC/050/BY,BAYELSA EAST,SD/016/BY,BAYELSA
1281,EWOAMA,03,BRASS,01,BRASS II,SC/138/BY,Brass/Nembe,FC/050/BY,BAYELSA EAST,SD/016/BY,BAYELSA
1282,EKPOAMA,04,BRASS,01,BRASS II,SC/138/BY,Brass/Nembe,FC/050/BY,BAYELSA EAST,SD/016/BY,BAYELSA
1283,ODIOMA/DIEMA,05,BRASS,01,BRASS II,SC/138/BY,Brass/Nembe,FC/050/BY,BAYELSA EAST,SD/016/BY,BAYELSA
1284,CAPE FORMOSA,06,BRASS,01,BRASS I,SC/137/BY,Brass/Nembe,FC/050/BY,BAYELSA EAST,SD/016/BY,BAYELSA
1285,KONSHO,07,BRASS,01,BRASS III,SC/139/BY,Brass/Nembe,FC/050/BY,BAYELSA EAST,SD/016/BY,BAYELSA
1286,OSINIBIRI,08,BRASS,01,BRASS III,SC/139/BY,Brass/Nembe,FC/050/BY,BAYELSA EAST,SD/016/BY,BAYELSA
1287,MINIBIE,09,BRASS,01,BRASS III,SC/139/BY,Brass/Nembe,FC/050/BY,BAYELSA EAST,SD/016/BY,BAYELSA
1288,SANGANA,10,BRASS,01,BRASS III,SC/139/BY,Brass/Nembe,FC/050/BY,BAYELSA EAST,SD/016/BY,BAYELSA
1289,TARAKIRI,01,EKEREMOR,02,EKEREMOR I,SC/151/BY,Sagbama/Ekeremor,FC/052/BY,BAYELSA WEST,SD/018/BY,BAYELSA
1290,OYIAKIRI I,02,EKEREMOR,02,EKEREMOR I,SC/151/BY,Sagbama/Ekeremor,FC/052/BY,BAYELSA WEST,SD/018/BY,BAYELSA
1291,OYIAKIRI II,03,EKEREMOR,02,EKEREMOR I,SC/151/BY,Sagbama/Ekeremor,FC/052/BY,BAYELSA WEST,SD/018/BY,BAYELSA
1292,OYIAKIRI III,04,EKEREMOR,02,EKEREMOR I,SC/151/BY,Sagbama/Ekeremor,FC/052/BY,BAYELSA WEST,SD/018/BY,BAYELSA
1293,OYIAKIRI IV,05,EKEREMOR,02,EKEREMOR I,SC/151/BY,Sagbama/Ekeremor,FC/052/BY,BAYELSA WEST,SD/018/BY,BAYELSA
1294,OPOROMOR I,06,EKEREMOR,02,EKEREMOR II,SC/152/BY,Sagbama/Ekeremor,FC/052/BY,BAYELSA WEST,SD/018/BY,BAYELSA
1295,OPOROMOR II,07,EKEREMOR,02,EKEREMOR II,SC/152/BY,Sagbama/Ekeremor,FC/052/BY,BAYELSA WEST,SD/018/BY,BAYELSA
1296,OPOROMOR III,08,EKEREMOR,02,EKEREMOR II,SC/152/BY,Sagbama/Ekeremor,FC/052/BY,BAYELSA WEST,SD/018/BY,BAYELSA
1297,OPOROMOR IV,09,EKEREMOR,02,EKEREMOR II,SC/152/BY,Sagbama/Ekeremor,FC/052/BY,BAYELSA WEST,SD/018/BY,BAYELSA
1298,OPOROMOR V,10,EKEREMOR,02,EKEREMOR II,SC/152/BY,Sagbama/Ekeremor,FC/052/BY,BAYELSA WEST,SD/018/BY,BAYELSA
1299,EDUWINI I,11,EKEREMOR,02,EKEREMOR III,SC/153/BY,Sagbama/Ekeremor,FC/052/BY,BAYELSA WEST,SD/018/BY,BAYELSA
1300,EDUWINI II,12,EKEREMOR,02,EKEREMOR III,SC/153/BY,Sagbama/Ekeremor,FC/052/BY,BAYELSA WEST,SD/018/BY,BAYELSA
1301,ODI (NORTH) I,01,KOLOKUMA/OPOKUMA,03,KOLOKUMA/OPOKUMA I,SC/146/BY,Yenagoa/Kolokuna/Opokuma,FC/054/BY,BAYELSA CENTRAL,SD/017/BY,BAYELSA
1302,ODI (CENTRAL) II,02,KOLOKUMA/OPOKUMA,03,KOLOKUMA/OPOKUMA I,SC/146/BY,Yenagoa/Kolokuna/Opokuma,FC/054/BY,BAYELSA CENTRAL,SD/017/BY,BAYELSA
1303,ODI (SOUTH) III,03,KOLOKUMA/OPOKUMA,03,KOLOKUMA/OPOKUMA I,SC/146/BY,Yenagoa/Kolokuna/Opokuma,FC/054/BY,BAYELSA CENTRAL,SD/017/BY,BAYELSA
1304,KAIAMA,04,KOLOKUMA/OPOKUMA,03,KOLOKUMA/OPOKUMA I,SC/146/BY,Yenagoa/Kolokuna/Opokuma,FC/054/BY,BAYELSA CENTRAL,SD/017/BY,BAYELSA
1305,KAIAMA/OLOBIRI,05,KOLOKUMA/OPOKUMA,03,KOLOKUMA/OPOKUMA I,SC/146/BY,Yenagoa/Kolokuna/Opokuma,FC/054/BY,BAYELSA CENTRAL,SD/017/BY,BAYELSA
1306,SAMPOU/KALAMA,06,KOLOKUMA/OPOKUMA,03,KOLOKUMA/OPOKUMA I,SC/146/BY,Yenagoa/Kolokuna/Opokuma,FC/054/BY,BAYELSA CENTRAL,SD/017/BY,BAYELSA
1307,OPOKUMA NORTH,07,KOLOKUMA/OPOKUMA,03,KOLOKUMA/OPOKUMA II,SC/147/BY,Yenagoa/Kolokuna/Opokuma,FC/054/BY,BAYELSA CENTRAL,SD/017/BY,BAYELSA
1308,OPOKUMA SOUTH,08,KOLOKUMA/OPOKUMA,03,KOLOKUMA/OPOKUMA II,SC/147/BY,Yenagoa/Kolokuna/Opokuma,FC/054/BY,BAYELSA CENTRAL,SD/017/BY,BAYELSA
1309,SEIBOKOROGHA,09,KOLOKUMA/OPOKUMA,03,,,Yenagoa/Kolokuna/Opokuma,FC/054/BY,BAYELSA CENTRAL,SD/017/BY,BAYELSA
1310,(SABAGREIA) I,10,KOLOKUMA/OPOKUMA,03,KOLOKUMA/OPOKUMA II,SC/147/BY,Yenagoa/Kolokuna/Opokuma,FC/054/BY,BAYELSA CENTRAL,SD/017/BY,BAYELSA
1311,OKOLOBA (SABAGREIA) II,11,KOLOKUMA/OPOKUMA,03,KOLOKUMA/OPOKUMA II,SC/147/BY,Yenagoa/Kolokuna/Opokuma,FC/054/BY,BAYELSA CENTRAL,SD/017/BY,BAYELSA
1312,IGBEDI,12,KOLOKUMA/OPOKUMA,03,KOLOKUMA/OPOKUMA II,SC/147/BY,Yenagoa/Kolokuna/Opokuma,FC/054/BY,BAYELSA CENTRAL,SD/017/BY,BAYELSA
1313,OGBOLOMABIRI I,01,NEMBE,04,NEMBE I,SC/140/BY,Brass/Nembe,FC/050/BY,BAYELSA EAST,SD/016/BY,BAYELSA
1314,OGBOLOMABIRI II,02,NEMBE,04,NEMBE I,SC/140/BY,Brass/Nembe,FC/050/BY,BAYELSA EAST,SD/016/BY,BAYELSA
1315,OGBOLOMABIRI III,03,NEMBE,04,NEMBE I,SC/140/BY,Brass/Nembe,FC/050/BY,BAYELSA EAST,SD/016/BY,BAYELSA
1316,BASSAMBIRI I,04,NEMBE,04,NEMBE II,SC/141/BY,Brass/Nembe,FC/050/BY,BAYELSA EAST,SD/016/BY,BAYELSA
1317,BASSAMBIRI II,05,NEMBE,04,NEMBE II,SC/141/BY,Brass/Nembe,FC/050/BY,BAYELSA EAST,SD/016/BY,BAYELSA
1318,BASSAMBIRI III,06,NEMBE,04,NEMBE II,SC/141/BY,Brass/Nembe,FC/050/BY,BAYELSA EAST,SD/016/BY,BAYELSA
1319,BASSAMBIRI IV,07,NEMBE,04,NEMBE II,SC/141/BY,Brass/Nembe,FC/050/BY,BAYELSA EAST,SD/016/BY,BAYELSA
1320,IGBETA-EWOAMA,08,NEMBE,04,NEMBE I,SC/140/BY,Brass/Nembe,FC/050/BY,BAYELSA EAST,SD/016/BY,BAYELSA
1321,OKOROMA I,09,NEMBE,04,NEMBE I,SC/140/BY,Brass/Nembe,FC/050/BY,BAYELSA EAST,SD/016/BY,BAYELSA
1322,OKOROMA II,10,NEMBE,04,NEMBE I,SC/140/BY,Brass/Nembe,FC/050/BY,BAYELSA EAST,SD/016/BY,BAYELSA
1323,MINI,11,NEMBE,04,NEMBE III,SC/142/BY,Brass/Nembe,FC/050/BY,BAYELSA EAST,SD/016/BY,BAYELSA
1324,IKENSI,12,NEMBE,04,NEMBE III,SC/142/BY,Brass/Nembe,FC/050/BY,BAYELSA EAST,SD/016/BY,BAYELSA
1325,OLUASIRI,13,NEMBE,04,NEMBE III,SC/142/BY,Brass/Nembe,FC/050/BY,BAYELSA EAST,SD/016/BY,BAYELSA
1326,OGBIA,01,OGBIA,05,OGBIA I,SC/143/BY,Ogbia,FC/051/BY,BAYELSA EAST,SD/016/BY,BAYELSA
1327,OTUOKPOTI,02,OGBIA,05,OGBIA II,SC/144/BY,Ogbia,FC/051/BY,BAYELSA EAST,SD/016/BY,BAYELSA
1328,OLOGI,03,OGBIA,05,OGBIA II,SC/144/BY,Ogbia,FC/051/BY,BAYELSA EAST,SD/016/BY,BAYELSA
1329,ANYAMA,04,OGBIA,05,OGBIA II,SC/144/BY,Ogbia,FC/051/BY,BAYELSA EAST,SD/016/BY,BAYELSA
1330,OKODI,05,OGBIA,05,OGBIA II,SC/144/BY,Ogbia,FC/051/BY,BAYELSA EAST,SD/016/BY,BAYELSA
1331,OTUASEGA,06,OGBIA,05,OGBIA III,SC/145/BY,Ogbia,FC/051/BY,BAYELSA EAST,SD/016/BY,BAYELSA
1332,EMEYAL,07,OGBIA,05,OGBIA III,SC/145/BY,Ogbia,FC/051/BY,BAYELSA EAST,SD/016/BY,BAYELSA
1333,IMIRINGI,08,OGBIA,05,OGBIA III,SC/145/BY,Ogbia,FC/051/BY,BAYELSA EAST,SD/016/BY,BAYELSA
1334,KOLO,09,OGBIA,05,OGBIA III,SC/145/BY,Ogbia,FC/051/BY,BAYELSA EAST,SD/016/BY,BAYELSA
1335,OLOIBIRI,10,OGBIA,05,OGBIA I,SC/143/BY,Ogbia,FC/051/BY,BAYELSA EAST,SD/016/BY,BAYELSA
1336,OPUME,11,OGBIA,05,OGBIA I,SC/143/BY,Ogbia,FC/051/BY,BAYELSA EAST,SD/016/BY,BAYELSA
1337,OTAKEME,12,OGBIA,05,OGBIA I,SC/143/BY,Ogbia,FC/051/BY,BAYELSA EAST,SD/016/BY,BAYELSA
1338,OTUABULA,13,OGBIA,05,OGBIA I,SC/143/BY,Ogbia,FC/051/BY,BAYELSA EAST,SD/016/BY,BAYELSA
1339,AGBERE,01,SAGBAMA,06,SAGBAMA I,SC/154/BY,Sagbama/Ekeremor,FC/052/BY,BAYELSA WEST,SD/018/BY,BAYELSA
1340,ANGALABIRI,02,SAGBAMA,06,SAGBAMA III,SC/156/BY,Sagbama/Ekeremor,FC/052/BY,BAYELSA WEST,SD/018/BY,BAYELSA
1341,OFONI I,03,SAGBAMA,06,SAGBAMA III,SC/156/BY,Sagbama/Ekeremor,FC/052/BY,BAYELSA WEST,SD/018/BY,BAYELSA
1342,OFONI II,04,SAGBAMA,06,SAGBAMA III,SC/156/BY,Sagbama/Ekeremor,FC/052/BY,BAYELSA WEST,SD/018/BY,BAYELSA
1343,EBEDEBIRI,05,SAGBAMA,06,SAGBAMA III,SC/156/BY,Sagbama/Ekeremor,FC/052/BY,BAYELSA WEST,SD/018/BY,BAYELSA
1344,OSSIAMA,06,SAGBAMA,06,SAGBAMA II,SC/155/BY,Sagbama/Ekeremor,FC/052/BY,BAYELSA WEST,SD/018/BY,BAYELSA
1345,ASAMABIRI,07,SAGBAMA,06,SAGBAMA I,SC/154/BY,Sagbama/Ekeremor,FC/052/BY,BAYELSA WEST,SD/018/BY,BAYELSA
,ODONI WARD,08,SAGBAMA,06,SAGBAMA II,SC/155/BY,Sagbama/Ekeremor,FC/052/BY,BAYELSA WEST,SD/018/BY,
,TROFANI WARD,09,SAGBAMA,06,SAGBAMA I,SC/154/BY,Sagbama/Ekeremor,FC/052/BY,BAYELSA WEST,SD/018/BY,
,SAGBAMA,10,SAGBAMA,06,SAGBAMA II,SC/155/BY,Sagbama/Ekeremor,FC/052/BY,BAYELSA WEST,SD/018/BY,
,AGORO,11,SAGBAMA,06,SAGBAMA II,SC/155/BY,Sagbama/Ekeremor,FC/052/BY,BAYELSA WEST,SD/018/BY,
,TORU-EBENI,12,SAGBAMA,06,SAGBAMA II,SC/155/BY,Sagbama/Ekeremor,FC/052/BY,BAYELSA WEST,SD/018/BY,
,ADAGBARIRI WARD 13,13,SAGBAMA,06,SAGBAMA I,SC/154/BY,Sagbama/Ekeremor,FC/052/BY,BAYELSA WEST,SD/018/BY,
,OSEKWENIKE,14,SAGBAMA,06,SAGBAMA I,SC/154/BY,Sagbama/Ekeremor,FC/052/BY,BAYELSA WEST,SD/018/BY,
1346,OPOROMA I,01,SOUTHERN IJAW,07,SOUTHERN IJAW II,SC/158/BY,Southern Ijaw,FC/053/BY,BAYELSA CENTRAL,SD/017/BY,BAYELSA
1347,OPOROMA II,02,SOUTHERN IJAW,07,SOUTHERN IJAW II,SC/158/BY,Southern Ijaw,FC/053/BY,BAYELSA CENTRAL,SD/017/BY,BAYELSA
1348,OLODIAMA I,03,SOUTHERN IJAW,07,,,Southern Ijaw,FC/053/BY,BAYELSA CENTRAL,SD/017/BY,BAYELSA
1349,OLODIAMA II,04,SOUTHERN IJAW,07,,,Southern Ijaw,FC/053/BY,BAYELSA CENTRAL,SD/017/BY,BAYELSA
1350,OTUAN,05,SOUTHERN IJAW,07,SOUTHERN IJAW I,SC/157/BY,Southern Ijaw,FC/053/BY,BAYELSA CENTRAL,SD/017/BY,BAYELSA
1351,WEST BOMA,06,SOUTHERN IJAW,07,SOUTHERN IJAW III,SC/159/BY,Southern Ijaw,FC/053/BY,BAYELSA CENTRAL,SD/017/BY,BAYELSA
1352,CENTRAL BOMA I,07,SOUTHERN IJAW,07,SOUTHERN IJAW III,SC/159/BY,Southern Ijaw,FC/053/BY,BAYELSA CENTRAL,SD/017/BY,BAYELSA
1353,CENTRAL BOMA II,08,SOUTHERN IJAW,07,SOUTHERN IJAW III,SC/159/BY,Southern Ijaw,FC/053/BY,BAYELSA CENTRAL,SD/017/BY,BAYELSA
1354,AMASSOMA I,09,SOUTHERN IJAW,07,SOUTHERN IJAW I,SC/157/BY,Southern Ijaw,FC/053/BY,BAYELSA CENTRAL,SD/017/BY,BAYELSA
1355,AMASSOMA II,10,SOUTHERN IJAW,07,SOUTHERN IJAW I,SC/157/BY,Southern Ijaw,FC/053/BY,BAYELSA CENTRAL,SD/017/BY,BAYELSA
1356,AMASSOMA III,11,SOUTHERN IJAW,07,SOUTHERN IJAW I,SC/157/BY,Southern Ijaw,FC/053/BY,BAYELSA CENTRAL,SD/017/BY,BAYELSA
1357,EAST BOMA I,12,SOUTHERN IJAW,07,SOUTHERN IJAW III,SC/159/BY,Southern Ijaw,FC/053/BY,BAYELSA CENTRAL,SD/017/BY,BAYELSA
1358,EAST BOMA II,13,SOUTHERN IJAW,07,SOUTHERN IJAW III,SC/159/BY,Southern Ijaw,FC/053/BY,BAYELSA CENTRAL,SD/017/BY,BAYELSA
1359,FOROPA,14,SOUTHERN IJAW,07,SOUTHERN IJAW IV,SC/160/BY,Southern Ijaw,FC/053/BY,BAYELSA CENTRAL,SD/017/BY,BAYELSA
1360,APOI,15,SOUTHERN IJAW,07,SOUTHERN IJAW IV,SC/160/BY,Southern Ijaw,FC/053/BY,BAYELSA CENTRAL,SD/017/BY,BAYELSA
1361,UKUBIE,16,SOUTHERN IJAW,07,SOUTHERN IJAW IV,SC/160/BY,Southern Ijaw,FC/053/BY,BAYELSA CENTRAL,SD/017/BY,BAYELSA
1362,KOLUAMA,16,SOUTHERN IJAW,07,SOUTHERN IJAW IV,SC/160/BY,Southern Ijaw,FC/053/BY,BAYELSA CENTRAL,SD/017/BY,BAYELSA
1363,ATISSA I,01,YENAGOA,08,YENAGOA I,SC/148/BY,,,BAYELSA CENTRAL,SD/017/BY,BAYELSA
1364,ATISSA II,02,YENAGOA,08,YENAGOA I,SC/148/BY,,,BAYELSA CENTRAL,SD/017/BY,BAYELSA
1365,ATISSA III,03,YENAGOA,08,YENAGOA I,SC/148/BY,,,BAYELSA CENTRAL,SD/017/BY,BAYELSA
1366,EPIE I,04,YENAGOA,08,YENAGOA I,SC/148/BY,,,BAYELSA CENTRAL,SD/017/BY,BAYELSA
1367,EPIE II,05,YENAGOA,08,YENAGOA I,SC/148/BY,,,BAYELSA CENTRAL,SD/017/BY,BAYELSA
1368,EPIE III,06,YENAGOA,08,YENAGOA I,SC/148/BY,,,BAYELSA CENTRAL,SD/017/BY,BAYELSA
1369,GBARAIN I,07,YENAGOA,08,YENAGOA II,SC/149/BY,,,BAYELSA CENTRAL,SD/017/BY,BAYELSA
1370,GBARAIN II,08,YENAGOA,08,YENAGOA II,SC/149/BY,,,BAYELSA CENTRAL,SD/017/BY,BAYELSA
1371,GBARAIN III,09,YENAGOA,08,YENAGOA II,SC/149/BY,,,BAYELSA CENTRAL,SD/017/BY,BAYELSA
1372,EKPETIAMA I,10,YENAGOA,08,YENAGOA II,SC/149/BY,,,BAYELSA CENTRAL,SD/017/BY,BAYELSA
1373,EKPETIAMA II,11,YENAGOA,08,YENAGOA II,SC/149/BY,,,BAYELSA CENTRAL,SD/017/BY,BAYELSA
1374,EKPETIAMA III,12,YENAGOA,08,YENAGOA II,SC/149/BY,,,BAYELSA CENTRAL,SD/017/BY,BAYELSA
1375,BISENI I,13,YENAGOA,08,YENAGOA III,SC/150/BY,,,BAYELSA CENTRAL,SD/017/BY,BAYELSA
1376,BISENI II,14,YENAGOA,08,YENAGOA III,SC/150/BY,,,BAYELSA CENTRAL,SD/017/BY,BAYELSA
1377,OKORDIA,15,YENAGOA,08,YENAGOA III,SC/150/BY,,,BAYELSA CENTRAL,SD/017/BY,BAYELSA
1378,ZARAMA,16,YENAGOA,08,YENAGOA III,SC/150/BY,,,BAYELSA CENTRAL,SD/017/BY,BAYELSA
1379,AKPOGE/OGBILOLO,01,ADO,01,ADO,SC/161/BN,Ado/Obadigbo/Okpokwu,FC/055/BN,BENUE SOUTH,SD/021/BN,BENUE
1380,APA,02,ADO,01,ADO,SC/161/BN,Ado/Obadigbo/Okpokwu,FC/055/BN,BENUE SOUTH,SD/021/BN,BENUE
1381,EKILE,03,ADO,01,ADO,SC/161/BN,Ado/Obadigbo/Okpokwu,FC/055/BN,BENUE SOUTH,SD/021/BN,BENUE
1382,IGUMALE I,04,ADO,01,ADO,SC/161/BN,Ado/Obadigbo/Okpokwu,FC/055/BN,BENUE SOUTH,SD/021/BN,BENUE
1383,IGUMALE II,05,ADO,01,ADO,SC/161/BN,Ado/Obadigbo/Okpokwu,FC/055/BN,BENUE SOUTH,SD/021/BN,BENUE
1384,HIGBAM,06,ADO,01,ADO,SC/161/BN,Ado/Obadigbo/Okpokwu,FC/055/BN,BENUE SOUTH,SD/021/BN,BENUE
1385,OGEGE,07,ADO,01,ADO,SC/161/BN,Ado/Obadigbo/Okpokwu,FC/055/BN,BENUE SOUTH,SD/021/BN,BENUE
1386,ROYONGO,08,ADO,01,ADO,SC/161/BN,Ado/Obadigbo/Okpokwu,FC/055/BN,BENUE SOUTH,SD/021/BN,BENUE
1387,UKWONYO,09,ADO,01,ADO,SC/161/BN,Ado/Obadigbo/Okpokwu,FC/055/BN,BENUE SOUTH,SD/021/BN,BENUE
1388,ULAYI,10,ADO,01,ADO,SC/161/BN,Ado/Obadigbo/Okpokwu,FC/055/BN,BENUE SOUTH,SD/021/BN,BENUE
1389,EGBA,01,AGATU,02,AGBATU,SC/162/BN,Apa/Agatu,FC/056/BN,BENUE SOUTH,SD/021/BN,BENUE
1390,ENUNGBA,02,AGATU,02,AGBATU,SC/162/BN,Apa/Agatu,FC/056/BN,BENUE SOUTH,SD/021/BN,BENUE
1391,OBAGAJI,03,AGATU,02,AGBATU,SC/162/BN,Apa/Agatu,FC/056/BN,BENUE SOUTH,SD/021/BN,BENUE
1392,ODUGBEHO,04,AGATU,02,AGBATU,SC/162/BN,Apa/Agatu,FC/056/BN,BENUE SOUTH,SD/021/BN,BENUE
1393,EGBAULU,05,AGATU,02,AGBATU,SC/162/BN,Apa/Agatu,FC/056/BN,BENUE SOUTH,SD/021/BN,BENUE
1394,OGWULE-KADUNA,06,AGATU,02,AGBATU,SC/162/BN,Apa/Agatu,FC/056/BN,BENUE SOUTH,SD/021/BN,BENUE
1395,OGWULE-OGBAULU,07,AGATU,02,AGBATU,SC/162/BN,Apa/Agatu,FC/056/BN,BENUE SOUTH,SD/021/BN,BENUE
1396,OKOKOLO,08,AGATU,02,AGBATU,SC/162/BN,Apa/Agatu,FC/056/BN,BENUE SOUTH,SD/021/BN,BENUE
1397,OSHIGBUDU,09,AGATU,02,AGBATU,SC/162/BN,Apa/Agatu,FC/056/BN,BENUE SOUTH,SD/021/BN,BENUE
1398,USHA,10,AGATU,02,AGBATU,SC/162/BN,Apa/Agatu,FC/056/BN,BENUE SOUTH,SD/021/BN,BENUE
1399,AKPETE/OJANTELLE,01,APA,03,AGBATU,SC/162/BN,Apa/Agatu,FC/056/BN,BENUE SOUTH,SD/021/BN,BENUE
1400,AUKE,02,APA,03,APA,SC/163/BN,Apa/Agatu,FC/056/BN,BENUE SOUTH,SD/021/BN,BENUE
1401,EDIKWU I,03,APA,03,APA,SC/163/BN,Apa/Agatu,FC/056/BN,BENUE SOUTH,SD/021/BN,BENUE
1402,EDIKWU II,04,APA,03,APA,SC/163/BN,Apa/Agatu,FC/056/BN,BENUE SOUTH,SD/021/BN,BENUE
1403,IGAH-OKPAYA,05,APA,03,APA,SC/163/BN,Apa/Agatu,FC/056/BN,BENUE SOUTH,SD/021/BN,BENUE
1404,IGORO,06,APA,03,APA,SC/163/BN,Apa/Agatu,FC/056/BN,BENUE SOUTH,SD/021/BN,BENUE
1405,IKOBI,07,APA,03,APA,SC/163/BN,Apa/Agatu,FC/056/BN,BENUE SOUTH,SD/021/BN,BENUE
1406,OBA,08,APA,03,APA,SC/163/BN,Apa/Agatu,FC/056/BN,BENUE SOUTH,SD/021/BN,BENUE
1407,OFOKE,09,APA,03,APA,SC/163/BN,Apa/Agatu,FC/056/BN,BENUE SOUTH,SD/021/BN,BENUE
1408,OIJI,10,APA,03,APA,SC/163/BN,Apa/Agatu,FC/056/BN,BENUE SOUTH,SD/021/BN,BENUE
1409,UGBOKPO,11,APA,03,APA,SC/163/BN,Apa/Agatu,FC/056/BN,BENUE SOUTH,SD/021/BN,BENUE
1410,BINEV,01,BURUKU,04,BURUKU,SC/164/BN,Buruku,FC/057/BN,BENUE NORTH WEST,SD/020/BN,BENUE
1411,ETULO,02,BURUKU,04,BURUKU,SC/164/BN,Buruku,FC/057/BN,BENUE NORTH WEST,SD/020/BN,BENUE
1412,MBAADE,03,BURUKU,04,BURUKU,SC/164/BN,Buruku,FC/057/BN,BENUE NORTH WEST,SD/020/BN,BENUE
1413,MBAAKURA,04,BURUKU,04,BURUKU,SC/164/BN,Buruku,FC/057/BN,BENUE NORTH WEST,SD/020/BN,BENUE
1414,MBAAPEN,05,BURUKU,04,BURUKU,SC/164/BN,Buruku,FC/057/BN,BENUE NORTH WEST,SD/020/BN,BENUE
1415,MBAATIRKYAA,06,BURUKU,04,BURUKU,SC/164/BN,Buruku,FC/057/BN,BENUE NORTH WEST,SD/020/BN,BENUE
1416,MBAAZAGEE,07,BURUKU,04,BURUKU,SC/164/BN,Buruku,FC/057/BN,BENUE NORTH WEST,SD/020/BN,BENUE
1417,MABIKYONGO/NYIFON,08,BURUKU,04,BURUKU,SC/164/BN,Buruku,FC/057/BN,BENUE NORTH WEST,SD/020/BN,BENUE
1418,MBAITYOUGH,09,BURUKU,04,BURUKU,SC/164/BN,Buruku,FC/057/BN,BENUE NORTH WEST,SD/020/BN,BENUE
1419,MBAKYAAN,10,BURUKU,04,BURUKU,SC/164/BN,Buruku,FC/057/BN,BENUE NORTH WEST,SD/020/BN,BENUE
1420,MBAYA,11,BURUKU,04,BURUKU,SC/164/BN,Buruku,FC/057/BN,BENUE NORTH WEST,SD/020/BN,BENUE
1421,MBAYAKA,12,BURUKU,04,BURUKU,SC/164/BN,Buruku,FC/057/BN,BENUE NORTH WEST,SD/020/BN,BENUE
1422,SHOROV,13,BURUKU,04,BURUKU,SC/164/BN,Buruku,FC/057/BN,BENUE NORTH WEST,SD/020/BN,BENUE
1423,GBOKO CENTRAL/MKT,01,GBOKO,05,,,Gboko/Tarka,FC/058/BN,BENUE NORTH WEST,SD/020/BN,BENUE
1424,GBOKO EAST,02,GBOKO,05,,,Gboko/Tarka,FC/058/BN,BENUE NORTH WEST,SD/020/BN,BENUE
1425,GBOKO NORTH WEST,03,GBOKO,05,,,Gboko/Tarka,FC/058/BN,BENUE NORTH WEST,SD/020/BN,BENUE
1426,GBOKO SOUTH,04,GBOKO,05,,,Gboko/Tarka,FC/058/BN,BENUE NORTH WEST,SD/020/BN,BENUE
1427,IGYOROV,05,GBOKO,05,,,Gboko/Tarka,FC/058/BN,BENUE NORTH WEST,SD/020/BN,BENUE
1428,MBAANKU,06,GBOKO,05,,,Gboko/Tarka,FC/058/BN,BENUE NORTH WEST,SD/020/BN,BENUE
1429,MBAAVARAKAA,07,GBOKO,05,,,Gboko/Tarka,FC/058/BN,BENUE NORTH WEST,SD/020/BN,BENUE
1430,MBADAM,08,GBOKO,05,,,Gboko/Tarka,FC/058/BN,BENUE NORTH WEST,SD/020/BN,BENUE
1431,MBADIM,09,GBOKO,05,,,Gboko/Tarka,FC/058/BN,BENUE NORTH WEST,SD/020/BN,BENUE
1432,MBAKPER,10,GBOKO,05,,,Gboko/Tarka,FC/058/BN,BENUE NORTH WEST,SD/020/BN,BENUE
1433,MBAKWEN,11,GBOKO,05,,,Gboko/Tarka,FC/058/BN,BENUE NORTH WEST,SD/020/BN,BENUE
1434,MBATAN,12,GBOKO,05,,,Gboko/Tarka,FC/058/BN,BENUE NORTH WEST,SD/020/BN,BENUE
1435,MBATSER,13,GBOKO,05,,,Gboko/Tarka,FC/058/BN,BENUE NORTH WEST,SD/020/BN,BENUE
1436,MBATYU,14,GBOKO,05,,,Gboko/Tarka,FC/058/BN,BENUE NORTH WEST,SD/020/BN,BENUE
1437,UKPEKPE,15,GBOKO,05,,,Gboko/Tarka,FC/058/BN,BENUE NORTH WEST,SD/020/BN,BENUE
1438,YANDEV NORTH,16,GBOKO,05,,,Gboko/Tarka,FC/058/BN,BENUE NORTH WEST,SD/020/BN,BENUE
1439,YANDEV SOUTH,17,GBOKO,05,,,Gboko/Tarka,FC/058/BN,BENUE NORTH WEST,SD/020/BN,BENUE
1440,ABINSI,01,GUMA,06,GUMA,SC/167/BN,Guma/Makurdi,FC/059/BN,BENUE NORTH WEST,SD/020/BN,BENUE
1441,KAAMBE,02,GUMA,06,GUMA,SC/167/BN,Guma/Makurdi,FC/059/BN,BENUE NORTH WEST,SD/020/BN,BENUE
1442,MBAABAI,03,GUMA,06,GUMA,SC/167/BN,Guma/Makurdi,FC/059/BN,BENUE NORTH WEST,SD/020/BN,BENUE
1443,MBADWEM,04,GUMA,06,GUMA,SC/167/BN,Guma/Makurdi,FC/059/BN,BENUE NORTH WEST,SD/020/BN,BENUE
1444,MBAWA,05,GUMA,06,GUMA,SC/167/BN,Guma/Makurdi,FC/059/BN,BENUE NORTH WEST,SD/020/BN,BENUE
1445,MBAYER/YANDLEV,06,GUMA,06,GUMA,SC/167/BN,Guma/Makurdi,FC/059/BN,BENUE NORTH WEST,SD/020/BN,BENUE
1446,NYIEV,07,GUMA,06,GUMA,SC/167/BN,Guma/Makurdi,FC/059/BN,BENUE NORTH WEST,SD/020/BN,BENUE
1447,NZOROV,08,GUMA,06,GUMA,SC/167/BN,Guma/Makurdi,FC/059/BN,BENUE NORTH WEST,SD/020/BN,BENUE
1448,SAGHEV,09,GUMA,06,GUMA,SC/167/BN,Guma/Makurdi,FC/059/BN,BENUE NORTH WEST,SD/020/BN,BENUE
1449,UVIR,10,GUMA,06,GUMA,SC/167/BN,Guma/Makurdi,FC/059/BN,BENUE NORTH WEST,SD/020/BN,BENUE
1450,AKPACH’AYI,01,GWER EAST,07,GWER EAST,SC/168/BN,Gwer East/Gwer West,FC/060/BN,BENUE NORTH WEST,SD/020/BN,BENUE
1451,ALIADE TOWN,02,GWER EAST,07,GWER EAST,SC/168/BN,Gwer East/Gwer West,FC/060/BN,BENUE NORTH WEST,SD/020/BN,BENUE
1452,GBEMACHA,03,GWER EAST,07,GWER EAST,SC/168/BN,Gwer East/Gwer West,FC/060/BN,BENUE NORTH WEST,SD/020/BN,BENUE
1453,IKYOGBAJIR,04,GWER EAST,07,GWER EAST,SC/168/BN,Gwer East/Gwer West,FC/060/BN,BENUE NORTH WEST,SD/020/BN,BENUE
1454,IKYONOV,05,GWER EAST,07,GWER EAST,SC/168/BN,Gwer East/Gwer West,FC/060/BN,BENUE NORTH WEST,SD/020/BN,BENUE
1455,MBABUR,06,GWER EAST,07,GWER EAST,SC/168/BN,Gwer East/Gwer West,FC/060/BN,BENUE NORTH WEST,SD/020/BN,BENUE
1456,MBAIASE,07,GWER EAST,07,GWER EAST,SC/168/BN,Gwer East/Gwer West,FC/060/BN,BENUE NORTH WEST,SD/020/BN,BENUE
1457,MBAIKYU,08,GWER EAST,07,GWER EAST,SC/168/BN,Gwer East/Gwer West,FC/060/BN,BENUE NORTH WEST,SD/020/BN,BENUE
1458,MBAIKYAAN,09,GWER EAST,07,GWER EAST,SC/168/BN,Gwer East/Gwer West,FC/060/BN,BENUE NORTH WEST,SD/020/BN,BENUE
1459,MBALOM,10,GWER EAST,07,GWER EAST,SC/168/BN,Gwer East/Gwer West,FC/060/BN,BENUE NORTH WEST,SD/020/BN,BENUE
1460,MBASOMBO,11,GWER EAST,07,GWER EAST,SC/168/BN,Gwer East/Gwer West,FC/060/BN,BENUE NORTH WEST,SD/020/BN,BENUE
1461,MBAYOM,12,GWER EAST,07,GWER EAST,SC/168/BN,Gwer East/Gwer West,FC/060/BN,BENUE NORTH WEST,SD/020/BN,BENUE
1462,SHOUGH,13,GWER EAST,07,GWER EAST,SC/168/BN,Gwer East/Gwer West,FC/060/BN,BENUE NORTH WEST,SD/020/BN,BENUE
1463,UGEE,14,GWER EAST,07,GWER EAST,SC/168/BN,Gwer East/Gwer West,FC/060/BN,BENUE NORTH WEST,SD/020/BN,BENUE
1464,AVIHIJIME,01,GWER WEST,08,GWER WEST,SC/169/BN,Gwer East/Gwer West,FC/060/BN,BENUE NORTH WEST,SD/020/BN,BENUE
1465,GAAMBE USHIN,02,GWER WEST,08,GWER WEST,SC/169/BN,Gwer East/Gwer West,FC/060/BN,BENUE NORTH WEST,SD/020/BN,BENUE
1466,GBAANGE/TONGOV,03,GWER WEST,08,GWER WEST,SC/169/BN,Gwer East/Gwer West,FC/060/BN,BENUE NORTH WEST,SD/020/BN,BENUE
1467,IKYAGHEV,04,GWER WEST,08,GWER WEST,SC/169/BN,Gwer East/Gwer West,FC/060/BN,BENUE NORTH WEST,SD/020/BN,BENUE
1468,ITYOUGHATEE/INJAHA,05,GWER WEST,08,GWER WEST,SC/169/BN,Gwer East/Gwer West,FC/060/BN,BENUE NORTH WEST,SD/020/BN,BENUE
1469,MBABUANDE,06,GWER WEST,08,GWER WEST,SC/169/BN,Gwer East/Gwer West,FC/060/BN,BENUE NORTH WEST,SD/020/BN,BENUE
1470,MBACHOHON,07,GWER WEST,08,GWER WEST,SC/169/BN,Gwer East/Gwer West,FC/060/BN,BENUE NORTH WEST,SD/020/BN,BENUE
1471,MBANYAMSHI,08,GWER WEST,08,GWER WEST,SC/169/BN,Gwer East/Gwer West,FC/060/BN,BENUE NORTH WEST,SD/020/BN,BENUE
1472,MBAPA,09,GWER WEST,08,GWER WEST,SC/169/BN,Gwer East/Gwer West,FC/060/BN,BENUE NORTH WEST,SD/020/BN,BENUE
1473,MERKYEN,10,GWER WEST,08,GWER WEST,SC/169/BN,Gwer East/Gwer West,FC/060/BN,BENUE NORTH WEST,SD/020/BN,BENUE
1474,SAGHEV/UKUSU,11,GWER WEST,08,GWER WEST,SC/169/BN,Gwer East/Gwer West,FC/060/BN,BENUE NORTH WEST,SD/020/BN,BENUE
1475,SENGEV,12,GWER WEST,08,GWER WEST,SC/169/BN,Gwer East/Gwer West,FC/060/BN,BENUE NORTH WEST,SD/020/BN,BENUE
1476,SENGEV/YENGEV,13,GWER WEST,08,GWER WEST,SC/169/BN,Gwer East/Gwer West,FC/060/BN,BENUE NORTH WEST,SD/020/BN,BENUE
1477,TIJIME,14,GWER WEST,08,GWER WEST,SC/169/BN,Gwer East/Gwer West,FC/060/BN,BENUE NORTH WEST,SD/020/BN,BENUE
1478,TSAMBE/MBESEV,15,GWER WEST,08,GWER WEST,SC/169/BN,Gwer East/Gwer West,FC/060/BN,BENUE NORTH WEST,SD/020/BN,BENUE
1479,IKURAV TIEV I,01,KATSINA-ALA,09,,,Katsina-Ala/Ukum/Logo,FC/061/BN,BENUE NORTH EAST,SD/019/BN,BENUE
1480,IKURAV TIEV II,02,KATSINA-ALA,09,,,Katsina-Ala/Ukum/Logo,FC/061/BN,BENUE NORTH EAST,SD/019/BN,BENUE
1481,IWAR (TONGOV) I,03,KATSINA-ALA,09,,,Katsina-Ala/Ukum/Logo,FC/061/BN,BENUE NORTH EAST,SD/019/BN,BENUE
1482,KATSINA-ALA TOWN,04,KATSINA-ALA,09,,,Katsina-Ala/Ukum/Logo,FC/061/BN,BENUE NORTH EAST,SD/019/BN,BENUE
1483,MBACHER,05,KATSINA-ALA,09,,,Katsina-Ala/Ukum/Logo,FC/061/BN,BENUE NORTH EAST,SD/019/BN,BENUE
1484,MBAJIR,06,KATSINA-ALA,09,,,Katsina-Ala/Ukum/Logo,FC/061/BN,BENUE NORTH EAST,SD/019/BN,BENUE
1485,MBATULA/MBEREV,07,KATSINA-ALA,09,,,Katsina-Ala/Ukum/Logo,FC/061/BN,BENUE NORTH EAST,SD/019/BN,BENUE
1486,MBAYONGO,08,KATSINA-ALA,09,,,Katsina-Ala/Ukum/Logo,FC/061/BN,BENUE NORTH EAST,SD/019/BN,BENUE
1487,MICHIHE,09,KATSINA-ALA,09,,,Katsina-Ala/Ukum/Logo,FC/061/BN,BENUE NORTH EAST,SD/019/BN,BENUE
1488,TIIR (TONGOV) II,10,KATSINA-ALA,09,,,Katsina-Ala/Ukum/Logo,FC/061/BN,BENUE NORTH EAST,SD/019/BN,BENUE
1489,UTANGE,11,KATSINA-ALA,09,,,Katsina-Ala/Ukum/Logo,FC/061/BN,BENUE NORTH EAST,SD/019/BN,BENUE
1490,YOOYO,12,KATSINA-ALA,09,,,Katsina-Ala/Ukum/Logo,FC/061/BN,BENUE NORTH EAST,SD/019/BN,BENUE
1491,IKYURAV/MBATWER,01,KONSHISHA,10,KONSHISHA I (GAAV),SC/172/BN,Konshisha/Vandeikya,FC/062/BN,BENUE NORTH EAST,SD/019/BN,BENUE
1492,MBAGUSA/MBATSER,02,KONSHISHA,10,KONSHISHA I (GAAV),SC/172/BN,Konshisha/Vandeikya,FC/062/BN,BENUE NORTH EAST,SD/019/BN,BENUE
1493,MBAIKYASE,03,KONSHISHA,10,KONSHISHA I (GAAV),SC/172/BN,Konshisha/Vandeikya,FC/062/BN,BENUE NORTH EAST,SD/019/BN,BENUE
1494,MBAIWARNYAM,04,KONSHISHA,10,KONSHISHA I (GAAV),SC/172/BN,Konshisha/Vandeikya,FC/062/BN,BENUE NORTH EAST,SD/019/BN,BENUE
1495,MBAKE,05,KONSHISHA,10,KONSHISHA I (GAAV),SC/172/BN,Konshisha/Vandeikya,FC/062/BN,BENUE NORTH EAST,SD/019/BN,BENUE
1496,MBANOR,06,KONSHISHA,10,KONSHISHA I (GAAV),SC/172/BN,Konshisha/Vandeikya,FC/062/BN,BENUE NORTH EAST,SD/019/BN,BENUE
1497,MBATSEN,07,KONSHISHA,10,KONSHISHA I (GAAV),SC/172/BN,Konshisha/Vandeikya,FC/062/BN,BENUE NORTH EAST,SD/019/BN,BENUE
1498,MBAVAA,08,KONSHISHA,10,KONSHISHA I (GAAV),SC/172/BN,Konshisha/Vandeikya,FC/062/BN,BENUE NORTH EAST,SD/019/BN,BENUE
1499,MBAWAR,09,KONSHISHA,10,KONSHISHA I (GAAV),SC/172/BN,Konshisha/Vandeikya,FC/062/BN,BENUE NORTH EAST,SD/019/BN,BENUE
1500,MBAVEGH/MBAIKYER,10,KONSHISHA,10,KONSHISHA I (GAAV),SC/172/BN,Konshisha/Vandeikya,FC/062/BN,BENUE NORTH EAST,SD/019/BN,BENUE
1501,TSE-AGBERAGBA,11,KONSHISHA,10,KONSHISHA I (GAAV),SC/172/BN,Konshisha/Vandeikya,FC/062/BN,BENUE NORTH EAST,SD/019/BN,BENUE
1502,ADIKPO METROPOLIS,01,KWANDE,11,,,Kwande/Ushongo,FC/063/BN,BENUE NORTH EAST,SD/019/BN,BENUE
1503,LIVE I,02,KWANDE,11,,,Kwande/Ushongo,FC/063/BN,BENUE NORTH EAST,SD/019/BN,BENUE
1504,LIEVE II,03,KWANDE,11,,,Kwande/Ushongo,FC/063/BN,BENUE NORTH EAST,SD/019/BN,BENUE
1505,MBADURA,04,KWANDE,11,,,Kwande/Ushongo,FC/063/BN,BENUE NORTH EAST,SD/019/BN,BENUE
1506,MBAGBA/MBAIKYAN,05,KWANDE,11,,,Kwande/Ushongo,FC/063/BN,BENUE NORTH EAST,SD/019/BN,BENUE
1507,MBAIKYOR,06,KWANDE,11,,,Kwande/Ushongo,FC/063/BN,BENUE NORTH EAST,SD/019/BN,BENUE
1508,MBAKETSA,07,KWANDE,11,,,Kwande/Ushongo,FC/063/BN,BENUE NORTH EAST,SD/019/BN,BENUE
1509,MENEV,08,KWANDE,11,,,Kwande/Ushongo,FC/063/BN,BENUE NORTH EAST,SD/019/BN,BENUE
1510,TONDOV I,09,KWANDE,11,,,Kwande/Ushongo,FC/063/BN,BENUE NORTH EAST,SD/019/BN,BENUE
1511,TONDOV II,10,KWANDE,11,,,Kwande/Ushongo,FC/063/BN,BENUE NORTH EAST,SD/019/BN,BENUE
1512,USAR,11,KWANDE,11,,,Kwande/Ushongo,FC/063/BN,BENUE NORTH EAST,SD/019/BN,BENUE
1513,MBAYOO,12,KWANDE,11,,,Kwande/Ushongo,FC/063/BN,BENUE NORTH EAST,SD/019/BN,BENUE
1514,YAAAV,13,KWANDE,11,,,Kwande/Ushongo,FC/063/BN,BENUE NORTH EAST,SD/019/BN,BENUE
1515,MOON,14,KWANDE,11,,,Kwande/Ushongo,FC/063/BN,BENUE NORTH EAST,SD/019/BN,BENUE
1516,KUMAKWAGH,15,KWANDE,11,,,Kwande/Ushongo,FC/063/BN,BENUE NORTH EAST,SD/019/BN,BENUE
1517,MBAD YUL,01,LOGO,12,LOGO,SC/175/BN,Katsina-Ala/Ukum/Logo,FC/061/BN,BENUE NORTH EAST,SD/019/BN,BENUE
1518,MBAGBER,02,LOGO,12,LOGO,SC/175/BN,Katsina-Ala/Ukum/Logo,FC/061/BN,BENUE NORTH EAST,SD/019/BN,BENUE
1519,MBATER,03,LOGO,12,LOGO,SC/175/BN,Katsina-Ala/Ukum/Logo,FC/061/BN,BENUE NORTH EAST,SD/019/BN,BENUE
1520,MBAYAM,04,LOGO,12,LOGO,SC/175/BN,Katsina-Ala/Ukum/Logo,FC/061/BN,BENUE NORTH EAST,SD/019/BN,BENUE
1521,MBAVUUM,05,LOGO,12,LOGO,SC/175/BN,Katsina-Ala/Ukum/Logo,FC/061/BN,BENUE NORTH EAST,SD/019/BN,BENUE
1522,NENZEV,06,LOGO,12,LOGO,SC/175/BN,Katsina-Ala/Ukum/Logo,FC/061/BN,BENUE NORTH EAST,SD/019/BN,BENUE
1523,TOMBO,07,LOGO,12,LOGO,SC/175/BN,Katsina-Ala/Ukum/Logo,FC/061/BN,BENUE NORTH EAST,SD/019/BN,BENUE
1524,TURAN,08,LOGO,12,LOGO,SC/175/BN,Katsina-Ala/Ukum/Logo,FC/061/BN,BENUE NORTH EAST,SD/019/BN,BENUE
1525,UKEMBERGYA/TSWAREV,09,LOGO,12,LOGO,SC/175/BN,Katsina-Ala/Ukum/Logo,FC/061/BN,BENUE NORTH EAST,SD/019/BN,BENUE
1526,YONOV,10,LOGO,12,LOGO,SC/175/BN,Katsina-Ala/Ukum/Logo,FC/061/BN,BENUE NORTH EAST,SD/019/BN,BENUE
1527,AGAN,01,MAKURDI,13,,,Guma/Makurdi,FC/059/BN,BENUE NORTH WEST,SD/020/BN,BENUE
1528,ANKPA/WADATA,02,MAKURDI,13,,,Guma/Makurdi,FC/059/BN,BENUE NORTH WEST,SD/020/BN,BENUE
1529,BAR,03,MAKURDI,13,,,Guma/Makurdi,FC/059/BN,BENUE NORTH WEST,SD/020/BN,BENUE
1530,CENTRAL/SOUTH MISSION,04,MAKURDI,13,,,Guma/Makurdi,FC/059/BN,BENUE NORTH WEST,SD/020/BN,BENUE
1531,CLERKS/MARKET,05,MAKURDI,13,,,Guma/Makurdi,FC/059/BN,BENUE NORTH WEST,SD/020/BN,BENUE
1532,FIIDI,06,MAKURDI,13,,,Guma/Makurdi,FC/059/BN,BENUE NORTH WEST,SD/020/BN,BENUE
1533,MBALAGH,07,MAKURDI,13,,,Guma/Makurdi,FC/059/BN,BENUE NORTH WEST,SD/020/BN,BENUE
1534,MODERN MARKET,08,MAKURDI,13,,,Guma/Makurdi,FC/059/BN,BENUE NORTH WEST,SD/020/BN,BENUE
1535,NORTH BANK I,09,MAKURDI,13,,,Guma/Makurdi,FC/059/BN,BENUE NORTH WEST,SD/020/BN,BENUE
1536,NORTH BANK II,10,MAKURDI,13,,,Guma/Makurdi,FC/059/BN,BENUE NORTH WEST,SD/020/BN,BENUE
1537,WAILOMAYO,11,MAKURDI,13,,,Guma/Makurdi,FC/059/BN,BENUE NORTH WEST,SD/020/BN,BENUE
1538,ADIKO,01,OBI,14,OBI,SC/178/BN,Oju/Obi,FC/064/BN,BENUE SOUTH,SD/021/BN,BENUE
1539,ADUM WEST,02,OBI,14,OBI,SC/178/BN,Oju/Obi,FC/064/BN,BENUE SOUTH,SD/021/BN,BENUE
1540,IKWOKWU,03,OBI,14,OBI,SC/178/BN,Oju/Obi,FC/064/BN,BENUE SOUTH,SD/021/BN,BENUE
1541,IRABI,04,OBI,14,OBI,SC/178/BN,Oju/Obi,FC/064/BN,BENUE SOUTH,SD/021/BN,BENUE
1542,ITOGO,05,OBI,14,OBI,SC/178/BN,Oju/Obi,FC/064/BN,BENUE SOUTH,SD/021/BN,BENUE
1543,OBARIKE,06,OBI,14,OBI,SC/178/BN,Oju/Obi,FC/064/BN,BENUE SOUTH,SD/021/BN,BENUE
1544,OBEKO,07,OBI,14,OBI,SC/178/BN,Oju/Obi,FC/064/BN,BENUE SOUTH,SD/021/BN,BENUE
1545,ODIAPA,08,OBI,14,OBI,SC/178/BN,Oju/Obi,FC/064/BN,BENUE SOUTH,SD/021/BN,BENUE
1546,OGORE,09,OBI,14,OBI,SC/178/BN,Oju/Obi,FC/064/BN,BENUE SOUTH,SD/021/BN,BENUE
1547,OKPOKWU,10,OBI,14,OBI,SC/178/BN,Oju/Obi,FC/064/BN,BENUE SOUTH,SD/021/BN,BENUE
1548,OKWUTUNGBE,11,OBI,14,OBI,SC/178/BN,Oju/Obi,FC/064/BN,BENUE SOUTH,SD/021/BN,BENUE
1549,ORII II,12,OBI,14,OBI,SC/178/BN,Oju/Obi,FC/064/BN,BENUE SOUTH,SD/021/BN,BENUE
1550,AL-OODO I,01,OGBADIBO,15,OGBADIBO,SC/179/BN,Ado/Obadigbo/Okpokwu,FC/055/BN,BENUE SOUTH,SD/021/BN,BENUE
1551,AL-OODO II,02,OGBADIBO,15,OGBADIBO,SC/179/BN,Ado/Obadigbo/Okpokwu,FC/055/BN,BENUE SOUTH,SD/021/BN,BENUE
1552,AL-OONO I,03,OGBADIBO,15,OGBADIBO,SC/179/BN,Ado/Obadigbo/Okpokwu,FC/055/BN,BENUE SOUTH,SD/021/BN,BENUE
1553,AL-OONO II,04,OGBADIBO,15,OGBADIBO,SC/179/BN,Ado/Obadigbo/Okpokwu,FC/055/BN,BENUE SOUTH,SD/021/BN,BENUE
1554,AL-OONO III,05,OGBADIBO,15,OGBADIBO,SC/179/BN,Ado/Obadigbo/Okpokwu,FC/055/BN,BENUE SOUTH,SD/021/BN,BENUE
1555,EHAJE I,06,OGBADIBO,15,OGBADIBO,SC/179/BN,Ado/Obadigbo/Okpokwu,FC/055/BN,BENUE SOUTH,SD/021/BN,BENUE
1556,EHAJE II,07,OGBADIBO,15,OGBADIBO,SC/179/BN,Ado/Obadigbo/Okpokwu,FC/055/BN,BENUE SOUTH,SD/021/BN,BENUE
1557,ITABONO I,08,OGBADIBO,15,OGBADIBO,SC/179/BN,Ado/Obadigbo/Okpokwu,FC/055/BN,BENUE SOUTH,SD/021/BN,BENUE
1558,ITABONO II,09,OGBADIBO,15,OGBADIBO,SC/179/BN,Ado/Obadigbo/Okpokwu,FC/055/BN,BENUE SOUTH,SD/021/BN,BENUE
1559,OLACHAGBAHA,10,OGBADIBO,15,OGBADIBO,SC/179/BN,Ado/Obadigbo/Okpokwu,FC/055/BN,BENUE SOUTH,SD/021/BN,BENUE
1560,OROKAM I,11,OGBADIBO,15,OGBADIBO,SC/179/BN,Ado/Obadigbo/Okpokwu,FC/055/BN,BENUE SOUTH,SD/021/BN,BENUE
1561,OROKAM II,12,OGBADIBO,15,OGBADIBO,SC/179/BN,Ado/Obadigbo/Okpokwu,FC/055/BN,BENUE SOUTH,SD/021/BN,BENUE
1562,OROKAM III,13,OGBADIBO,15,OGBADIBO,SC/179/BN,Ado/Obadigbo/Okpokwu,FC/055/BN,BENUE SOUTH,SD/021/BN,BENUE
1563,ADOKPA,01,OJU,16,OJU,SC/181/BN,Oju/Obi,FC/064/BN,BENUE SOUTH,SD/021/BN,BENUE
1564,AINU,02,OJU,16,OJU,SC/181/BN,Oju/Obi,FC/064/BN,BENUE SOUTH,SD/021/BN,BENUE
1565,IBILLA,03,OJU,16,OJU,SC/181/BN,Oju/Obi,FC/064/BN,BENUE SOUTH,SD/021/BN,BENUE
1566,IDELLE,04,OJU,16,OJU,SC/181/BN,Oju/Obi,FC/064/BN,BENUE SOUTH,SD/021/BN,BENUE
1567,IYECHE,05,OJU,16,OJU,SC/181/BN,Oju/Obi,FC/064/BN,BENUE SOUTH,SD/021/BN,BENUE
1568,OBORU/OYE,06,OJU,16,OJU,SC/181/BN,Oju/Obi,FC/064/BN,BENUE SOUTH,SD/021/BN,BENUE
1569,OJU,07,OJU,16,OJU,SC/181/BN,Oju/Obi,FC/064/BN,BENUE SOUTH,SD/021/BN,BENUE
1570,OKOKPO,08,OJU,16,OJU,SC/181/BN,Oju/Obi,FC/064/BN,BENUE SOUTH,SD/021/BN,BENUE
1571,OKWUDU,09,OJU,16,OJU,SC/181/BN,Oju/Obi,FC/064/BN,BENUE SOUTH,SD/021/BN,BENUE
1572,OWO,10,OJU,16,OJU,SC/181/BN,Oju/Obi,FC/064/BN,BENUE SOUTH,SD/021/BN,BENUE
1573,UKPA/AINU ETTE,11,OJU,16,OHIMINI,SC/180/BN,Oju/Obi,FC/064/BN,BENUE SOUTH,SD/021/BN,BENUE
1574,AGADAGBA,01,OHIMINI,17,OHIMINI,SC/180/BN,Otukpo/Ohimini,FC/065/BN,BENUE SOUTH,SD/021/BN,BENUE
1575,AMUME-EHAJE,02,OHIMINI,17,OHIMINI,SC/180/BN,Otukpo/Ohimini,FC/065/BN,BENUE SOUTH,SD/021/BN,BENUE
1576,AMUME-ICHO,03,OHIMINI,17,OHIMINI,SC/180/BN,Otukpo/Ohimini,FC/065/BN,BENUE SOUTH,SD/021/BN,BENUE
1577,EHATOKPE,04,OHIMINI,17,OHIMINI,SC/180/BN,Otukpo/Ohimini,FC/065/BN,BENUE SOUTH,SD/021/BN,BENUE
1578,IDEKPA,05,OHIMINI,17,OHIMINI,SC/180/BN,Otukpo/Ohimini,FC/065/BN,BENUE SOUTH,SD/021/BN,BENUE
1579,OCHOBO,06,OHIMINI,17,OHIMINI,SC/180/BN,Otukpo/Ohimini,FC/065/BN,BENUE SOUTH,SD/021/BN,BENUE
1580,OGLEWO-EHAJE,07,OHIMINI,17,OHIMINI,SC/180/BN,Otukpo/Ohimini,FC/065/BN,BENUE SOUTH,SD/021/BN,BENUE
1581,OGLEWO-ICHO,08,OHIMINI,17,OHIMINI,SC/180/BN,Otukpo/Ohimini,FC/065/BN,BENUE SOUTH,SD/021/BN,BENUE
1582,ONYAGEDE-EHAJE,09,OHIMINI,17,OHIMINI,SC/180/BN,Otukpo/Ohimini,FC/065/BN,BENUE SOUTH,SD/021/BN,BENUE
1583,ONYAGEDE-ICHO,10,OHIMINI,17,OHIMINI,SC/180/BN,Otukpo/Ohimini,FC/065/BN,BENUE SOUTH,SD/021/BN,BENUE
1584,AMEJO,01,OKPOKWU,18,OKPOKWU,SC/182/BN,Ado/Obadigbo/Okpokwu,FC/055/BN,BENUE SOUTH,SD/021/BN,BENUE
1585,EKE,02,OKPOKWU,18,OKPOKWU,SC/182/BN,Ado/Obadigbo/Okpokwu,FC/055/BN,BENUE SOUTH,SD/021/BN,BENUE
1586,ICHAMA II,03,OKPOKWU,18,OKPOKWU,SC/182/BN,Ado/Obadigbo/Okpokwu,FC/055/BN,BENUE SOUTH,SD/021/BN,BENUE
1587,OJIGO,04,OKPOKWU,18,OKPOKWU,SC/182/BN,Ado/Obadigbo/Okpokwu,FC/055/BN,BENUE SOUTH,SD/021/BN,BENUE
1588,OJOGA,05,OKPOKWU,18,OKPOKWU,SC/182/BN,Ado/Obadigbo/Okpokwu,FC/055/BN,BENUE SOUTH,SD/021/BN,BENUE
1589,OKONOBO,06,OKPOKWU,18,OKPOKWU,SC/182/BN,Ado/Obadigbo/Okpokwu,FC/055/BN,BENUE SOUTH,SD/021/BN,BENUE
1590,OKAPILE/INGLE,07,OKPOKWU,18,OKPOKWU,SC/182/BN,Ado/Obadigbo/Okpokwu,FC/055/BN,BENUE SOUTH,SD/021/BN,BENUE
1591,OKPOGA CENTRAL,08,OKPOKWU,18,OKPOKWU,SC/182/BN,Ado/Obadigbo/Okpokwu,FC/055/BN,BENUE SOUTH,SD/021/BN,BENUE
1592,OKPOGA NORTH,09,OKPOKWU,18,OKPOKWU,SC/182/BN,Ado/Obadigbo/Okpokwu,FC/055/BN,BENUE SOUTH,SD/021/BN,BENUE
1593,OKPOGA SOUTH,10,OKPOKWU,18,OKPOKWU,SC/182/BN,Ado/Obadigbo/Okpokwu,FC/055/BN,BENUE SOUTH,SD/021/BN,BENUE
1594,OKPOGA WEST,11,OKPOKWU,18,OKPOKWU,SC/182/BN,Ado/Obadigbo/Okpokwu,FC/055/BN,BENUE SOUTH,SD/021/BN,BENUE
1595,UGBOKOLO,12,OKPOKWU,18,OKPOKWU,SC/182/BN,Ado/Obadigbo/Okpokwu,FC/055/BN,BENUE SOUTH,SD/021/BN,BENUE
1596,ADOKA-ICHO,01,OTUKPO,19,,,Otukpo/Ohimini,FC/065/BN,BENUE SOUTH,SD/021/BN,BENUE
1597,ADOKA-EHAJE,02,OTUKPO,19,,,Otukpo/Ohimini,FC/065/BN,BENUE SOUTH,SD/021/BN,BENUE
1598,ALLAN,03,OTUKPO,19,,,Otukpo/Ohimini,FC/065/BN,BENUE SOUTH,SD/021/BN,BENUE
1599,ENTEKPA,04,OTUKPO,19,,,Otukpo/Ohimini,FC/065/BN,BENUE SOUTH,SD/021/BN,BENUE
1600,EWULO,05,OTUKPO,19,,,Otukpo/Ohimini,FC/065/BN,BENUE SOUTH,SD/021/BN,BENUE
1601,EKETE,06,OTUKPO,19,,,Otukpo/Ohimini,FC/065/BN,BENUE SOUTH,SD/021/BN,BENUE
1602,OTOBI,07,OTUKPO,19,,,Otukpo/Ohimini,FC/065/BN,BENUE SOUTH,SD/021/BN,BENUE
1603,OTUKPO TOWN CENTRAL,08,OTUKPO,19,,,Otukpo/Ohimini,FC/065/BN,BENUE SOUTH,SD/021/BN,BENUE
1604,OTUKPO TOWN EAST,09,OTUKPO,19,,,Otukpo/Ohimini,FC/065/BN,BENUE SOUTH,SD/021/BN,BENUE
1605,OTUKPO TOWN WEST,10,OTUKPO,19,,,Otukpo/Ohimini,FC/065/BN,BENUE SOUTH,SD/021/BN,BENUE
1606,UGBOJU EHAJE,11,OTUKPO,19,,,Otukpo/Ohimini,FC/065/BN,BENUE SOUTH,SD/021/BN,BENUE
1607,UGBOJU-ICHO,12,OTUKPO,19,,,Otukpo/Ohimini,FC/065/BN,BENUE SOUTH,SD/021/BN,BENUE
1608,MBAAJIRAKAA,01,TARKA,20,TARKA,SC/185/BN,Gboko/Tarka,FC/058/BN,BENUE NORTH WEST,SD/020/BN,BENUE
1609,MBAAYO,02,TARKA,20,TARKA,SC/185/BN,Gboko/Tarka,FC/058/BN,BENUE NORTH WEST,SD/020/BN,BENUE
1610,MBACHAVERIKYONDO,03,TARKA,20,TARKA,SC/185/BN,Gboko/Tarka,FC/058/BN,BENUE NORTH WEST,SD/020/BN,BENUE
1611,MBA IGBA,04,TARKA,20,TARKA,SC/185/BN,Gboko/Tarka,FC/058/BN,BENUE NORTH WEST,SD/020/BN,BENUE
1612,MBAIKYO/MBAYIA,05,TARKA,20,TARKA,SC/185/BN,Gboko/Tarka,FC/058/BN,BENUE NORTH WEST,SD/020/BN,BENUE
1613,MBA KWAKEM,06,TARKA,20,TARKA,SC/185/BN,Gboko/Tarka,FC/058/BN,BENUE NORTH WEST,SD/020/BN,BENUE
1614,MBANYAGBER,07,TARKA,20,TARKA,SC/185/BN,Gboko/Tarka,FC/058/BN,BENUE NORTH WEST,SD/020/BN,BENUE
1615,SHITILE,08,TARKA,20,TARKA,SC/185/BN,Gboko/Tarka,FC/058/BN,BENUE NORTH WEST,SD/020/BN,BENUE
1616,TONGOV,09,TARKA,20,TARKA,SC/185/BN,Gboko/Tarka,FC/058/BN,BENUE NORTH WEST,SD/020/BN,BENUE
1617,ATERAYANGE,01,UKUM,21,UKUM I (NGENEV),SC/186/BN,,,BENUE NORTH EAST,SD/019/BN,BENUE
1618,AZENDESHI,02,UKUM,21,UKUM I (NGENEV),SC/186/BN,,,BENUE NORTH EAST,SD/019/BN,BENUE
1619,BORIKYO,03,UKUM,21,UKUM I (NGENEV),SC/186/BN,,,BENUE NORTH EAST,SD/019/BN,BENUE
1620,ITYULUV,04,UKUM,21,UKUM I (NGENEV),SC/186/BN,,,BENUE NORTH EAST,SD/019/BN,BENUE
1621,KENDEV,05,UKUM,21,UKUM I (NGENEV),SC/186/BN,,,BENUE NORTH EAST,SD/019/BN,BENUE
1622,KUNDAV,06,UKUM,21,UKUM I (NGENEV),SC/186/BN,,,BENUE NORTH EAST,SD/019/BN,BENUE
1623,KUMBUV,07,UKUM,21,UKUM I (NGENEV),SC/186/BN,,,BENUE NORTH EAST,SD/019/BN,BENUE
1624,MBATAIN,08,UKUM,21,UKUM I (NGENEV),SC/186/BN,,,BENUE NORTH EAST,SD/019/BN,BENUE
1625,MBAYENGE,09,UKUM,21,UKUM I (NGENEV),SC/186/BN,,,BENUE NORTH EAST,SD/019/BN,BENUE
1626,MBAZUN,10,UKUM,21,UKUM I (NGENEV),SC/186/BN,,,BENUE NORTH EAST,SD/019/BN,BENUE
1627,TSAAV,11,UKUM,21,UKUM I (NGENEV),SC/186/BN,,,BENUE NORTH EAST,SD/019/BN,BENUE
1628,UGBAAM,12,UKUM,21,UKUM I (NGENEV),SC/186/BN,,,BENUE NORTH EAST,SD/019/BN,BENUE
1629,UYAM,13,UKUM,21,UKUM I (NGENEV),SC/186/BN,,,BENUE NORTH EAST,SD/019/BN,BENUE
1630,ATIKYESE,01,USHONGO,22,USHONGO,SC/187/BN,Kwande/Ushongo,FC/063/BN,BENUE NORTH EAST,SD/019/BN,BENUE
1631,IKYOV,02,USHONGO,22,USHONGO,SC/187/BN,Kwande/Ushongo,FC/063/BN,BENUE NORTH EAST,SD/019/BN,BENUE
1632,LESSEL,03,USHONGO,22,USHONGO,SC/187/BN,Kwande/Ushongo,FC/063/BN,BENUE NORTH EAST,SD/019/BN,BENUE
1633,MBAAKA,04,USHONGO,22,USHONGO,SC/187/BN,Kwande/Ushongo,FC/063/BN,BENUE NORTH EAST,SD/019/BN,BENUE
1634,MBANYAM,05,USHONGO,22,USHONGO,SC/187/BN,Kwande/Ushongo,FC/063/BN,BENUE NORTH EAST,SD/019/BN,BENUE
1635,MBAAWE,06,USHONGO,22,USHONGO,SC/187/BN,Kwande/Ushongo,FC/063/BN,BENUE NORTH EAST,SD/019/BN,BENUE
1636,MBAGBA,07,USHONGO,22,USHONGO,SC/187/BN,Kwande/Ushongo,FC/063/BN,BENUE NORTH EAST,SD/019/BN,BENUE
1637,MBAGWAZA,08,USHONGO,22,USHONGO,SC/187/BN,Kwande/Ushongo,FC/063/BN,BENUE NORTH EAST,SD/019/BN,BENUE
1638,MBAKUHA,09,USHONGO,22,USHONGO,SC/187/BN,Kwande/Ushongo,FC/063/BN,BENUE NORTH EAST,SD/019/BN,BENUE
1639,MBAYEGH,10,USHONGO,22,USHONGO,SC/187/BN,Kwande/Ushongo,FC/063/BN,BENUE NORTH EAST,SD/019/BN,BENUE
1640,UTANGE,11,USHONGO,22,USHONGO,SC/187/BN,Kwande/Ushongo,FC/063/BN,BENUE NORTH EAST,SD/019/BN,BENUE
1641,MBADE,01,VENDEIKYA,23,,,Konshisha/Vandeikya,FC/062/BN,BENUE NORTH EAST,SD/019/BN,BENUE
1642,MBATYOUGH,02,VENDEIKYA,23,,,Konshisha/Vandeikya,FC/062/BN,BENUE NORTH EAST,SD/019/BN,BENUE
1643,MBAGBAM,03,VENDEIKYA,23,,,Konshisha/Vandeikya,FC/062/BN,BENUE NORTH EAST,SD/019/BN,BENUE
1644,MBAGBURA,04,VENDEIKYA,23,,,Konshisha/Vandeikya,FC/062/BN,BENUE NORTH EAST,SD/019/BN,BENUE
1645,MBAIK,05,VENDEIKYA,23,,,Konshisha/Vandeikya,FC/062/BN,BENUE NORTH EAST,SD/019/BN,BENUE
1646,MBAKAANGE,06,VENDEIKYA,23,,,Konshisha/Vandeikya,FC/062/BN,BENUE NORTH EAST,SD/019/BN,BENUE
1647,MBAKYAHA,07,VENDEIKYA,23,,,Konshisha/Vandeikya,FC/062/BN,BENUE NORTH EAST,SD/019/BN,BENUE
1648,MBAYONGO,08,VENDEIKYA,23,,,Konshisha/Vandeikya,FC/062/BN,BENUE NORTH EAST,SD/019/BN,BENUE
1649,NINGEV,09,VENDEIKYA,23,,,Konshisha/Vandeikya,FC/062/BN,BENUE NORTH EAST,SD/019/BN,BENUE
1650,TSAMPE,10,VENDEIKYA,23,,,Konshisha/Vandeikya,FC/062/BN,BENUE NORTH EAST,SD/019/BN,BENUE
1651,VALAEIKYA,11,VENDEIKYA,23,,,Konshisha/Vandeikya,FC/062/BN,BENUE NORTH EAST,SD/019/BN,BENUE
1652,MNAN YUMANGBAGH,12,VENDEIKYA,23,,,Konshisha/Vandeikya,FC/062/BN,BENUE NORTH EAST,SD/019/BN,BENUE
1653,ARERE,01,ABADAM,01,ABADAM,SC/190/BO,Kukawa/Mobbar/Abadam/ Guzamali,FC/073/BO,BORNO NORTH,SD/022/BO,BORNO
1654,BANOWA,02,ABADAM,01,ABADAM,SC/190/BO,Kukawa/Mobbar/Abadam/ Guzamali,FC/073/BO,BORNO NORTH,SD/022/BO,BORNO
1655,FUGUWA,03,ABADAM,01,ABADAM,SC/190/BO,Kukawa/Mobbar/Abadam/ Guzamali,FC/073/BO,BORNO NORTH,SD/022/BO,BORNO
1656,JABULLAM,04,ABADAM,01,ABADAM,SC/190/BO,Kukawa/Mobbar/Abadam/ Guzamali,FC/073/BO,BORNO NORTH,SD/022/BO,BORNO
1657,KUDOKURGU,05,ABADAM,01,ABADAM,SC/190/BO,Kukawa/Mobbar/Abadam/ Guzamali,FC/073/BO,BORNO NORTH,SD/022/BO,BORNO
1658,MALLAM FOTORI KESA’A,06,ABADAM,01,ABADAM,SC/190/BO,Kukawa/Mobbar/Abadam/ Guzamali,FC/073/BO,BORNO NORTH,SD/022/BO,BORNO
1659,MALLAM KANURARI,07,ABADAM,01,,SC/190/BO,Kukawa/Mobbar/Abadam/ Guzamali,FC/073/BO,BORNO NORTH,SD/022/BO,BORNO
1660,YAU,08,ABADAM,01,ABADAM,SC/190/BO,Kukawa/Mobbar/Abadam/ Guzamali,FC/073/BO,BORNO NORTH,SD/022/BO,BORNO
1661,YAWA KURA,09,ABADAM,01,ABADAM,SC/190/BO,Kukawa/Mobbar/Abadam/ Guzamali,FC/073/BO,BORNO NORTH,SD/022/BO,BORNO
1662,YITUWA,10,ABADAM,01,ABADAM,SC/190/BO,Kukawa/Mobbar/Abadam/ Guzamali,FC/073/BO,BORNO NORTH,SD/022/BO,BORNO
1663,ASKIRA EAST,01,ASKIRA/UBA,02,ASKIRA,SC/191/BO,Askira-Uba/Hawul,FC/066/BO,BORNO SOUTH,SD/024/BO,BORNO
1664,CHUL/RUMIRGO,02,ASKIRA/UBA,02,ASKIRA,SC/191/BO,Askira-Uba/Hawul,FC/066/BO,BORNO SOUTH,SD/024/BO,BORNO
1665,DILLE/HUYUM,03,ASKIRA/UBA,02,ASKIRA,SC/191/BO,Askira-Uba/Hawul,FC/066/BO,BORNO SOUTH,SD/024/BO,BORNO
1666,HASARA/TAMPUL,04,ASKIRA/UBA,02,ASKIRA,SC/191/BO,Askira-Uba/Hawul,FC/066/BO,BORNO SOUTH,SD/024/BO,BORNO
1667,KOPA MULTHAFU,05,ASKIRA/UBA,02,ASKIRA,SC/191/BO,Askira-Uba/Hawul,FC/066/BO,BORNO SOUTH,SD/024/BO,BORNO
1668,LASSA,06,ASKIRA/UBA,02,ASKIRA,SC/191/BO,Askira-Uba/Hawul,FC/066/BO,BORNO SOUTH,SD/024/BO,BORNO
1669,MUSSA,07,ASKIRA/UBA,02,ASKIRA,SC/191/BO,Askira-Uba/Hawul,FC/066/BO,BORNO SOUTH,SD/024/BO,BORNO
1670,NGOHI,08,ASKIRA/UBA,02,ASKIRA,SC/191/BO,Askira-Uba/Hawul,FC/066/BO,BORNO SOUTH,SD/024/BO,BORNO
1671,NGULDE,09,ASKIRA/UBA,02,ASKIRA,SC/191/BO,Askira-Uba/Hawul,FC/066/BO,BORNO SOUTH,SD/024/BO,BORNO
1672,UBA,10,ASKIRA/UBA,02,ASKIRA,SC/191/BO,Askira-Uba/Hawul,FC/066/BO,BORNO SOUTH,SD/024/BO,BORNO
1673,UVU UDA,11,ASKIRA/UBA,02,ASKIRA,SC/191/BO,Askira-Uba/Hawul,FC/066/BO,BORNO SOUTH,SD/024/BO,BORNO
1674,WAMDEO/GIWI,12,ASKIRA/UBA,02,ASKIRA,SC/191/BO,Askira-Uba/Hawul,FC/066/BO,BORNO SOUTH,SD/024/BO,BORNO
1675,ZADAWA/HAUSARI,13,ASKIRA/UBA,02,ASKIRA,SC/191/BO,Askira-Uba/Hawul,FC/066/BO,BORNO SOUTH,SD/024/BO,BORNO
1676,ANDARA/AJIRI/WULBA,01,BAMA,03,,,Bama/Ngala/Kala-Balge,FC/067/BO,BORNO CENTRAL,SD/023/BO,BORNO
1677,BUDUWA/BULACHIRABE,02,BAMA,03,,,Bama/Ngala/Kala-Balge,FC/067/BO,BORNO CENTRAL,SD/023/BO,BORNO
1678,DIPCHARI/JERE/KOTEMBE/DARAJ AMAL,03,BAMA,03,BAMA,SC/192/BO,Bama/Ngala/Kala-Balge,FC/067/BO,BORNO CENTRAL,SD/023/BO,BORNO
1679,GULUMBA/JUKKURI/BATRA,04,BAMA,03,,,Bama/Ngala/Kala-Balge,FC/067/BO,BORNO CENTRAL,SD/023/BO,BORNO
1680,KASUGULA,05,BAMA,03,BAMA,SC/192/BO,Bama/Ngala/Kala-Balge,FC/067/BO,BORNO CENTRAL,SD/023/BO,BORNO
1681,KUMSHE/NDUGUNO,06,BAMA,03,,,Bama/Ngala/Kala-Balge,FC/067/BO,BORNO CENTRAL,SD/023/BO,BORNO
1682,LAWANTI/MAL MASTARI/ABBARAM,07,BAMA,03,BAMA,SC/192/BO,Bama/Ngala/Kala-Balge,FC/067/BO,BORNO CENTRAL,SD/023/BO,BORNO
1683,MARKA/MALGE/AMCHAKA,08,BAMA,03,,,Bama/Ngala/Kala-Balge,FC/067/BO,BORNO CENTRAL,SD/023/BO,BORNO
1684,MBULIYA/GONIRI/SIRAJA,09,BAMA,03,BAMA,SC/192/BO,Bama/Ngala/Kala-Balge,FC/067/BO,BORNO CENTRAL,SD/023/BO,BORNO
1685,SABSABWA/SOYE/BULAONGU,10,BAMA,03,BAMA,SC/192/BO,Bama/Ngala/Kala-Balge,FC/067/BO,BORNO CENTRAL,SD/023/BO,BORNO
1686,SHEHURI/HAUSARI/MAIRI,11,BAMA,03,BAMA,SC/192/BO,Bama/Ngala/Kala-Balge,FC/067/BO,BORNO CENTRAL,SD/023/BO,BORNO
1687,WULBARI/NDINE/CHACHILE,12,BAMA,03,,,Bama/Ngala/Kala-Balge,FC/067/BO,BORNO CENTRAL,SD/023/BO,BORNO
1688,YABIRI KURA/YABI RIGANA/CHONGOLO,13,BAMA,03,,,Bama/Ngala/Kala-Balge,FC/067/BO,BORNO CENTRAL,SD/023/BO,BORNO
1689,ZANGERII/KASH KASH,14,BAMA,03,,,Bama/Ngala/Kala-Balge,FC/067/BO,BORNO CENTRAL,SD/023/BO,BORNO
1690,BALBAYA,01,BAYO,04,BAYO,SC/193/BO,"Biu/Kwaya-Kusar, Shani/Bayo",FC/068/BO,BORNO SOUTH,SD/024/BO,BORNO
1691,BRIYEL,02,BAYO,04,BAYO,SC/193/BO,"Biu/Kwaya-Kusar, Shani/Bayo",FC/068/BO,BORNO SOUTH,SD/024/BO,BORNO
1692,FIKAYEL,03,BAYO,04,BAYO,SC/193/BO,"Biu/Kwaya-Kusar, Shani/Bayo",FC/068/BO,BORNO SOUTH,SD/024/BO,BORNO
1693,GAMADADI,04,BAYO,04,BAYO,SC/193/BO,"Biu/Kwaya-Kusar, Shani/Bayo",FC/068/BO,BORNO SOUTH,SD/024/BO,BORNO
1694,JARA GOL,05,BAYO,04,BAYO,SC/193/BO,"Biu/Kwaya-Kusar, Shani/Bayo",FC/068/BO,BORNO SOUTH,SD/024/BO,BORNO
1695,JARA DALI,06,BAYO,04,BAYO,SC/193/BO,"Biu/Kwaya-Kusar, Shani/Bayo",FC/068/BO,BORNO SOUTH,SD/024/BO,BORNO
1696,LIMANTI,07,BAYO,04,BAYO,SC/193/BO,"Biu/Kwaya-Kusar, Shani/Bayo",FC/068/BO,BORNO SOUTH,SD/024/BO,BORNO
1697,TELI,08,BAYO,04,BAYO,SC/193/BO,"Biu/Kwaya-Kusar, Shani/Bayo",FC/068/BO,BORNO SOUTH,SD/024/BO,BORNO
1698,WUYO,09,BAYO,04,BAYO,SC/193/BO,"Biu/Kwaya-Kusar, Shani/Bayo",FC/068/BO,BORNO SOUTH,SD/024/BO,BORNO
1699,ZARA,10,BAYO,04,BAYO,SC/193/BO,"Biu/Kwaya-Kusar, Shani/Bayo",FC/068/BO,BORNO SOUTH,SD/024/BO,BORNO
1700,BURANTAI,01,BIU,05,BIU,SC/194/BO,"Biu/Kwaya-Kusar, Shani/Bayo",FC/068/BO,BORNO SOUTH,SD/024/BO,BORNO
1701,DADIN KOWA,02,BIU,05,BIU,SC/194/BO,"Biu/Kwaya-Kusar, Shani/Bayo",FC/068/BO,BORNO SOUTH,SD/024/BO,BORNO
1702,DUDJA,03,BIU,05,BIU,SC/194/BO,"Biu/Kwaya-Kusar, Shani/Bayo",FC/068/BO,BORNO SOUTH,SD/024/BO,BORNO
1703,GURUBULA,04,BIU,05,BIU,SC/194/BO,"Biu/Kwaya-Kusar, Shani/Bayo",FC/068/BO,BORNO SOUTH,SD/024/BO,BORNO
1704,GUR,05,BIU,05,BIU,SC/194/BO,"Biu/Kwaya-Kusar, Shani/Bayo",FC/068/BO,BORNO SOUTH,SD/024/BO,BORNO
1705,KENKEN,06,BIU,05,BIU,SC/194/BO,"Biu/Kwaya-Kusar, Shani/Bayo",FC/068/BO,BORNO SOUTH,SD/024/BO,BORNO
1706,MANDARA GIRAU,07,BIU,05,BIU,SC/194/BO,"Biu/Kwaya-Kusar, Shani/Bayo",FC/068/BO,BORNO SOUTH,SD/024/BO,BORNO
1707,MIRINGA,08,BIU,05,BIU,SC/194/BO,"Biu/Kwaya-Kusar, Shani/Bayo",FC/068/BO,BORNO SOUTH,SD/024/BO,BORNO
1708,SULUMTHLA,09,BIU,05,BIU,SC/194/BO,"Biu/Kwaya-Kusar, Shani/Bayo",FC/068/BO,BORNO SOUTH,SD/024/BO,BORNO
1709,YAWI,10,BIU,05,BIU,SC/194/BO,"Biu/Kwaya-Kusar, Shani/Bayo",FC/068/BO,BORNO SOUTH,SD/024/BO,BORNO
1710,ZARAWUYAKU,11,BIU,05,BIU,SC/194/BO,"Biu/Kwaya-Kusar, Shani/Bayo",FC/068/BO,BORNO SOUTH,SD/024/BO,BORNO
1711,CHIBOK GARU,01,CHIBOK,06,CHIBOK,SC/195/BO,Damboa/Gwoza/Chibok,FC/070/BO,BORNO SOUTH,SD/024/BO,BORNO
1712,CHIBOK LIKAMA,02,CHIBOK,06,CHIBOK,SC/195/BO,Damboa/Gwoza/Chibok,FC/070/BO,BORNO SOUTH,SD/024/BO,BORNO
1713,CHIBOK WHISNTAKU,03,CHIBOK,06,CHIBOK,SC/195/BO,Damboa/Gwoza/Chibok,FC/070/BO,BORNO SOUTH,SD/024/BO,BORNO
1714,GATAMARWA,04,CHIBOK,06,CHIBOK,SC/195/BO,Damboa/Gwoza/Chibok,FC/070/BO,BORNO SOUTH,SD/024/BO,BORNO
1715,KAUTIKARI,05,CHIBOK,06,CHIBOK,SC/195/BO,Damboa/Gwoza/Chibok,FC/070/BO,BORNO SOUTH,SD/024/BO,BORNO
1716,KORONGILIM,06,CHIBOK,06,CHIBOK,SC/195/BO,Damboa/Gwoza/Chibok,FC/070/BO,BORNO SOUTH,SD/024/BO,BORNO
1717,KUBURMBULA,07,CHIBOK,06,CHIBOK,SC/195/BO,Damboa/Gwoza/Chibok,FC/070/BO,BORNO SOUTH,SD/024/BO,BORNO
1718,MBALALA,08,CHIBOK,06,CHIBOK,SC/195/BO,Damboa/Gwoza/Chibok,FC/070/BO,BORNO SOUTH,SD/024/BO,BORNO
1719,MBOA KURA,09,CHIBOK,06,CHIBOK,SC/195/BO,Damboa/Gwoza/Chibok,FC/070/BO,BORNO SOUTH,SD/024/BO,BORNO
1720,SHIKAKIR,10,CHIBOK,06,CHIBOK,SC/195/BO,Damboa/Gwoza/Chibok,FC/070/BO,BORNO SOUTH,SD/024/BO,BORNO
1721,PEMI,11,CHIBOK,06,CHIBOK,SC/195/BO,Damboa/Gwoza/Chibok,FC/070/BO,BORNO SOUTH,SD/024/BO,BORNO
1722,AJIGIN (A),01,DAMBOA,07,DAMABOA,SC/196/BO,Damboa/Gwoza/Chibok,FC/070/BO,BORNO SOUTH,SD/024/BO,BORNO
1723,AJIGIN (B),02,DAMBOA,07,DAMABOA,SC/196/BO,Damboa/Gwoza/Chibok,FC/070/BO,BORNO SOUTH,SD/024/BO,BORNO
1724,AZUR/MULTE/FORFOR,03,DAMBOA,07,DAMABOA,SC/196/BO,Damboa/Gwoza/Chibok,FC/070/BO,BORNO SOUTH,SD/024/BO,BORNO
1725,BEGO/YERWA/NGIRNA,04,DAMBOA,07,DAMABOA,SC/196/BO,Damboa/Gwoza/Chibok,FC/070/BO,BORNO SOUTH,SD/024/BO,BORNO
1726,DAMBOA,05,DAMBOA,07,DAMABOA,SC/196/BO,Damboa/Gwoza/Chibok,FC/070/BO,BORNO SOUTH,SD/024/BO,BORNO
1727,GUMSURI/MISA/KURBUTU,06,DAMBOA,07,DAMABOA,SC/196/BO,Damboa/Gwoza/Chibok,FC/070/BO,BORNO SOUTH,SD/024/BO,BORNO
1728,KAFA/MAFI,07,DAMBOA,07,DAMABOA,SC/196/BO,Damboa/Gwoza/Chibok,FC/070/BO,BORNO SOUTH,SD/024/BO,BORNO
1729,MULGWAI/KOPCHI,08,DAMBOA,07,DAMABOA,SC/196/BO,Damboa/Gwoza/Chibok,FC/070/BO,BORNO SOUTH,SD/024/BO,BORNO
1730,NZUDA/WUYARAM,09,DAMBOA,07,DAMABOA,SC/196/BO,Damboa/Gwoza/Chibok,FC/070/BO,BORNO SOUTH,SD/024/BO,BORNO
1731,WAMA/KOREDE,10,DAMBOA,07,DAMABOA,SC/196/BO,Damboa/Gwoza/Chibok,FC/070/BO,BORNO SOUTH,SD/024/BO,BORNO
1732,BOBOSHE,01,DIKWA,08,DIKWA,SC/197/BO,Dikwa/Mafa/Konduga,FC/069/BO,BORNO CENTRAL,SD/023/BO,BORNO
1733,DIKWA,02,DIKWA,08,DIKWA,SC/197/BO,Dikwa/Mafa/Konduga,FC/069/BO,BORNO CENTRAL,SD/023/BO,BORNO
1734,GAJIBO,03,DIKWA,08,DIKWA,SC/197/BO,Dikwa/Mafa/Konduga,FC/069/BO,BORNO CENTRAL,SD/023/BO,BORNO
1735,UFAYE/GUJILE,04,DIKWA,08,DIKWA,SC/197/BO,Dikwa/Mafa/Konduga,FC/069/BO,BORNO CENTRAL,SD/023/BO,BORNO
1736,MULIYE/JEMURI,05,DIKWA,08,DIKWA,SC/197/BO,Dikwa/Mafa/Konduga,FC/069/BO,BORNO CENTRAL,SD/023/BO,BORNO
1737,MUDU/KAZA,06,DIKWA,08,DIKWA,SC/197/BO,Dikwa/Mafa/Konduga,FC/069/BO,BORNO CENTRAL,SD/023/BO,BORNO
1738,MALLAM MAJA,07,DIKWA,08,DIKWA,SC/197/BO,Dikwa/Mafa/Konduga,FC/069/BO,BORNO CENTRAL,SD/023/BO,BORNO
1739,NGUDORAM,08,DIKWA,08,DIKWA,SC/197/BO,Dikwa/Mafa/Konduga,FC/069/BO,BORNO CENTRAL,SD/023/BO,BORNO
1740,MAGARTA/SHEFFRI,09,DIKWA,08,DIKWA,SC/197/BO,Dikwa/Mafa/Konduga,FC/069/BO,BORNO CENTRAL,SD/023/BO,BORNO
1741,SOGOMA/AFUYE,10,DIKWA,08,DIKWA,SC/197/BO,Dikwa/Mafa/Konduga,FC/069/BO,BORNO CENTRAL,SD/023/BO,BORNO
1742,ARDIMINI,01,GUBIO,09,GUBIO,SC/198/BO,Kaga/Gubio/Magumeri,FC/071/BO,BORNO NORTH,SD/022/BO,BORNO
1743,DABIRA,02,GUBIO,09,GUBIO,SC/198/BO,Kaga/Gubio/Magumeri,FC/071/BO,BORNO NORTH,SD/022/BO,BORNO
1744,FELO,03,GUBIO,09,GUBIO,SC/198/BO,Kaga/Gubio/Magumeri,FC/071/BO,BORNO NORTH,SD/022/BO,BORNO
1745,GAMOWO,04,GUBIO,09,GUBIO,SC/198/BO,Kaga/Gubio/Magumeri,FC/071/BO,BORNO NORTH,SD/022/BO,BORNO
1746,GAZABURE,05,GUBIO,09,GUBIO,SC/198/BO,Kaga/Gubio/Magumeri,FC/071/BO,BORNO NORTH,SD/022/BO,BORNO
1747,GUBIO TOWN I,06,GUBIO,09,GUBIO,SC/198/BO,Kaga/Gubio/Magumeri,FC/071/BO,BORNO NORTH,SD/022/BO,BORNO
1748,GUBIO TOWN II,07,GUBIO,09,GUBIO,SC/198/BO,Kaga/Gubio/Magumeri,FC/071/BO,BORNO NORTH,SD/022/BO,BORNO
1749,KINGOWA,08,GUBIO,09,GUBIO,SC/198/BO,Kaga/Gubio/Magumeri,FC/071/BO,BORNO NORTH,SD/022/BO,BORNO
1750,NGETRA,09,GUBIO,09,GUBIO,SC/198/BO,Kaga/Gubio/Magumeri,FC/071/BO,BORNO NORTH,SD/022/BO,BORNO
1751,ZOWO,10,GUBIO,09,GUBIO,SC/198/BO,Kaga/Gubio/Magumeri,FC/071/BO,BORNO NORTH,SD/022/BO,BORNO
1752,ADUWA,01,GUZAMALA,10,GUZAMALA,SC/200/BO,Kukawa/Mobbar/Abadam/ Guzamali,FC/073/BO,BORNO NORTH,SD/022/BO,BORNO
1753,GUDUMBALI EAST,02,GUZAMALA,10,GUZAMALA,SC/200/BO,Kukawa/Mobbar/Abadam/ Guzamali,FC/073/BO,BORNO NORTH,SD/022/BO,BORNO
1754,GUDUMBALI WEST,03,GUZAMALA,10,GUZAMALA,SC/200/BO,Kukawa/Mobbar/Abadam/ Guzamali,FC/073/BO,BORNO NORTH,SD/022/BO,BORNO
1755,GUWORAM,04,GUZAMALA,10,GUZAMALA,SC/200/BO,Kukawa/Mobbar/Abadam/ Guzamali,FC/073/BO,BORNO NORTH,SD/022/BO,BORNO
1756,GUZAMALA EAST,05,GUZAMALA,10,GUZAMALA,SC/200/BO,Kukawa/Mobbar/Abadam/ Guzamali,FC/073/BO,BORNO NORTH,SD/022/BO,BORNO
1757,GUZAMALA WEST,06,GUZAMALA,10,GUZAMALA,SC/200/BO,Kukawa/Mobbar/Abadam/ Guzamali,FC/073/BO,BORNO NORTH,SD/022/BO,BORNO
1758,KINGARWA,07,GUZAMALA,10,GUZAMALA,SC/200/BO,Kukawa/Mobbar/Abadam/ Guzamali,FC/073/BO,BORNO NORTH,SD/022/BO,BORNO
1759,MAIJARI,08,GUZAMALA,10,GUZAMALA,SC/200/BO,Kukawa/Mobbar/Abadam/ Guzamali,FC/073/BO,BORNO NORTH,SD/022/BO,BORNO
1760,MODURI,09,GUZAMALA,10,GUZAMALA,SC/200/BO,Kukawa/Mobbar/Abadam/ Guzamali,FC/073/BO,BORNO NORTH,SD/022/BO,BORNO
1761,WAMIRI,10,GUZAMALA,10,GUZAMALA,SC/200/BO,Kukawa/Mobbar/Abadam/ Guzamali,FC/073/BO,BORNO NORTH,SD/022/BO,BORNO
1762,ASHIGASHIYA,01,GWOZA,11,GWOZA,SC/201/BO,Damboa/Gwoza/Chibok,FC/070/BO,BORNO SOUTH,SD/024/BO,BORNO
1763,BITA/IZGE,02,GWOZA,11,GWOZA,SC/201/BO,Damboa/Gwoza/Chibok,FC/070/BO,BORNO SOUTH,SD/024/BO,BORNO
1764,DURE/WALA/WARABE,03,GWOZA,11,GWOZA,SC/201/BO,Damboa/Gwoza/Chibok,FC/070/BO,BORNO SOUTH,SD/024/BO,BORNO
1765,GAVVA AGAPALWA,04,GWOZA,11,GWOZA,SC/201/BO,Damboa/Gwoza/Chibok,FC/070/BO,BORNO SOUTH,SD/024/BO,BORNO
1766,GUDUF/NAGADIYO,05,GWOZA,11,GWOZA,SC/201/BO,Damboa/Gwoza/Chibok,FC/070/BO,BORNO SOUTH,SD/024/BO,BORNO
1767,GWOZA TOWN/GADA MAYO,06,GWOZA,11,GWOZA,SC/201/BO,Damboa/Gwoza/Chibok,FC/070/BO,BORNO SOUTH,SD/024/BO,BORNO
1768,GWOZA WAKAN/BULABULIN,07,GWOZA,11,GWOZA,SC/201/BO,Damboa/Gwoza/Chibok,FC/070/BO,BORNO SOUTH,SD/024/BO,BORNO
1769,HAMBAGDA/LIMANKARA,08,GWOZA,11,GWOZA,SC/201/BO,Damboa/Gwoza/Chibok,FC/070/BO,BORNO SOUTH,SD/024/BO,BORNO
1770,JOHADE/CHIKIDE/KUGHUM,09,GWOZA,11,GWOZA,SC/201/BO,Damboa/Gwoza/Chibok,FC/070/BO,BORNO SOUTH,SD/024/BO,BORNO
1771,KIRAWA/JIMINI,10,GWOZA,11,GWOZA,SC/201/BO,Damboa/Gwoza/Chibok,FC/070/BO,BORNO SOUTH,SD/024/BO,BORNO
1772,KURA NABASSA NGOSHESAMA’A,11,GWOZA,11,GWOZA,SC/201/BO,Damboa/Gwoza/Chibok,FC/070/BO,BORNO SOUTH,SD/024/BO,BORNO
1773,NGOSHE,12,GWOZA,11,GWOZA,SC/201/BO,Damboa/Gwoza/Chibok,FC/070/BO,BORNO SOUTH,SD/024/BO,BORNO
1774,PULKE/BOKKO,13,GWOZA,11,GWOZA,SC/201/BO,Damboa/Gwoza/Chibok,FC/070/BO,BORNO SOUTH,SD/024/BO,BORNO
1775,BULUNGURI,01,HAWUL,12,HAWUL,SC/202/BO,Askira-Uba/Hawul,FC/066/BO,BORNO SOUTH,SD/024/BO,BORNO
1776,GRIM/DZAR/VINADUM/BIRNINI/D LADI,02,HAWUL,12,HAWUL,SC/202/BO,Askira-Uba/Hawul,FC/066/BO,BORNO SOUTH,SD/024/BO,BORNO
1777,GWANGANG/PUSDA,03,HAWUL,12,HAWUL,SC/202/BO,Askira-Uba/Hawul,FC/066/BO,BORNO SOUTH,SD/024/BO,BORNO
1778,HIZHI,04,HAWUL,12,HAWUL,SC/202/BO,Askira-Uba/Hawul,FC/066/BO,BORNO SOUTH,SD/024/BO,BORNO
1779,KIDA,05,HAWUL,12,HAWUL,SC/202/BO,Askira-Uba/Hawul,FC/066/BO,BORNO SOUTH,SD/024/BO,BORNO
1780,KWAJJAFA/HAARANG,06,HAWUL,12,HAWUL,SC/202/BO,Askira-Uba/Hawul,FC/066/BO,BORNO SOUTH,SD/024/BO,BORNO
1781,KWAYA-BURA/TANGA RAMTA,07,HAWUL,12,HAWUL,SC/202/BO,Askira-Uba/Hawul,FC/066/BO,BORNO SOUTH,SD/024/BO,BORNO
1782,MARAMA/KIDANG,08,HAWUL,12,HAWUL,SC/202/BO,Askira-Uba/Hawul,FC/066/BO,BORNO SOUTH,SD/024/BO,BORNO
1783,PAMA/WHIT AMBAYA,09,HAWUL,12,HAWUL,SC/202/BO,Askira-Uba/Hawul,FC/066/BO,BORNO SOUTH,SD/024/BO,BORNO
1784,PUBA/VIDAU LOKOJA,10,HAWUL,12,HAWUL,SC/202/BO,Askira-Uba/Hawul,FC/066/BO,BORNO SOUTH,SD/024/BO,BORNO
1785,SAKWA/HEMA,11,HAWUL,12,HAWUL,SC/202/BO,Askira-Uba/Hawul,FC/066/BO,BORNO SOUTH,SD/024/BO,BORNO
1786,SHAFFA,12,HAWUL,12,HAWUL,SC/202/BO,Askira-Uba/Hawul,FC/066/BO,BORNO SOUTH,SD/024/BO,BORNO
1787,ALAU,01,JERE,13,JERE,SC/203/BO,Jere,FC/075/BO,BORNO CENTRAL,SD/023/BO,BORNO
1788,BALE GALTIMARI,02,JERE,13,JERE,SC/203/BO,Jere,FC/075/BO,BORNO CENTRAL,SD/023/BO,BORNO
1789,DALA LAWANTI,03,JERE,13,JERE,SC/203/BO,Jere,FC/075/BO,BORNO CENTRAL,SD/023/BO,BORNO
1790,DUSUMAN,04,JERE,13,JERE,SC/203/BO,Jere,FC/075/BO,BORNO CENTRAL,SD/023/BO,BORNO
1791,GONGULONG,05,JERE,13,JERE,SC/203/BO,Jere,FC/075/BO,BORNO CENTRAL,SD/023/BO,BORNO
1792,MAIMUSARI,06,JERE,13,JERE,SC/203/BO,Jere,FC/075/BO,BORNO CENTRAL,SD/023/BO,BORNO
1793,MASHAMARI,07,JERE,13,JERE,SC/203/BO,Jere,FC/075/BO,BORNO CENTRAL,SD/023/BO,BORNO
1794,NGUDDA/ADDAMARI,08,JERE,13,JERE,SC/203/BO,Jere,FC/075/BO,BORNO CENTRAL,SD/023/BO,BORNO
1795,OLD MAIDUGURI,09,JERE,13,JERE,SC/203/BO,Jere,FC/075/BO,BORNO CENTRAL,SD/023/BO,BORNO
1796,TUBA,10,JERE,13,JERE,SC/203/BO,Jere,FC/075/BO,BORNO CENTRAL,SD/023/BO,BORNO
1797,MAIRA,11,JERE,13,JERE,SC/203/BO,Jere,FC/075/BO,BORNO CENTRAL,SD/023/BO,BORNO
1798,GOMARI,12,JERE,13,JERE,SC/203/BO,Jere,FC/075/BO,BORNO CENTRAL,SD/023/BO,BORNO
1799,AFA/DIG MAUDORI,01,KAGA,14,KAGA,SC/204/BO,Dikwa/Mafa/Konduga,FC/069/BO,BORNO CENTRAL,SD/023/BO,BORNO
1800,BENISHEIKH,02,KAGA,14,KAGA,SC/204/BO,Dikwa/Mafa/Konduga,FC/069/BO,BORNO CENTRAL,SD/023/BO,BORNO
1801,BORGOZO,03,KAGA,14,KAGA,SC/204/BO,Dikwa/Mafa/Konduga,FC/069/BO,BORNO CENTRAL,SD/023/BO,BORNO
1802,DOGOMA/JALORI,04,KAGA,14,KAGA,SC/204/BO,Dikwa/Mafa/Konduga,FC/069/BO,BORNO CENTRAL,SD/023/BO,BORNO
1803,DONGO,05,KAGA,14,KAGA,SC/204/BO,Dikwa/Mafa/Konduga,FC/069/BO,BORNO CENTRAL,SD/023/BO,BORNO
1804,GALANGI,06,KAGA,14,KAGA,SC/204/BO,Dikwa/Mafa/Konduga,FC/069/BO,BORNO CENTRAL,SD/023/BO,BORNO
1805,GUWO,07,KAGA,14,KAGA,SC/204/BO,Dikwa/Mafa/Konduga,FC/069/BO,BORNO CENTRAL,SD/023/BO,BORNO
1806,KARAGAWARU,08,KAGA,14,KAGA,SC/204/BO,Dikwa/Mafa/Konduga,FC/069/BO,BORNO CENTRAL,SD/023/BO,BORNO
1807,MAINOK,09,KAGA,14,KAGA,SC/204/BO,Dikwa/Mafa/Konduga,FC/069/BO,BORNO CENTRAL,SD/023/BO,BORNO
1808,MARGUBA,10,KAGA,14,KAGA,SC/204/BO,Dikwa/Mafa/Konduga,FC/069/BO,BORNO CENTRAL,SD/023/BO,BORNO
1809,NGAMDU,11,KAGA,14,KAGA,SC/204/BO,Dikwa/Mafa/Konduga,FC/069/BO,BORNO CENTRAL,SD/023/BO,BORNO
1810,SHETTIMARI,12,KAGA,14,KAGA,SC/204/BO,Dikwa/Mafa/Konduga,FC/069/BO,BORNO CENTRAL,SD/023/BO,BORNO
1811,TOBOLO,13,KAGA,14,KAGA,SC/204/BO,Dikwa/Mafa/Konduga,FC/069/BO,BORNO CENTRAL,SD/023/BO,BORNO
1812,WAJIRO/BURGUMMA,14,KAGA,14,KAGA,SC/204/BO,Dikwa/Mafa/Konduga,FC/069/BO,BORNO CENTRAL,SD/023/BO,BORNO
1813,WASSARAM,15,KAGA,14,KAGA,SC/204/BO,Dikwa/Mafa/Konduga,FC/069/BO,BORNO CENTRAL,SD/023/BO,BORNO
1814,BALGE,01,KALA BALGE,15,,,Bama/Ngala/Kala-Balge,FC/067/BO,BORNO CENTRAL,SD/023/BO,BORNO
1815,JILBE (A),02,KALA BALGE,15,KALA BALGE,SC/205/BO,Bama/Ngala/Kala-Balge,FC/067/BO,BORNO CENTRAL,SD/023/BO,BORNO
1816,JILBE (B),03,KALA BALGE,15,KALA BALGE,SC/205/BO,Bama/Ngala/Kala-Balge,FC/067/BO,BORNO CENTRAL,SD/023/BO,BORNO
1817,JARAWA,04,KALA BALGE,15,KALA BALGE,SC/205/BO,Bama/Ngala/Kala-Balge,FC/067/BO,BORNO CENTRAL,SD/023/BO,BORNO
1818,KALA,05,KALA BALGE,15,KALA BALGE,SC/205/BO,Bama/Ngala/Kala-Balge,FC/067/BO,BORNO CENTRAL,SD/023/BO,BORNO
1819,KUMAGA,06,KALA BALGE,15,KALA BALGE,SC/205/BO,Bama/Ngala/Kala-Balge,FC/067/BO,BORNO CENTRAL,SD/023/BO,BORNO
1820,RANN (A),07,KALA BALGE,15,KALA BALGE,SC/205/BO,Bama/Ngala/Kala-Balge,FC/067/BO,BORNO CENTRAL,SD/023/BO,BORNO
1821,RANN (B),08,KALA BALGE,15,KALA BALGE,SC/205/BO,Bama/Ngala/Kala-Balge,FC/067/BO,BORNO CENTRAL,SD/023/BO,BORNO
1822,SABKARA,09,KALA BALGE,15,,,Bama/Ngala/Kala-Balge,FC/067/BO,BORNO CENTRAL,SD/023/BO,BORNO
1823,SIGNAL,10,KALA BALGE,15,KALA BALGE,SC/205/BO,Bama/Ngala/Kala-Balge,FC/067/BO,BORNO CENTRAL,SD/023/BO,BORNO
1824,AUNO/CHABBOL,01,KONDUGA,16,KONDUGA,SC/206/BO,Dikwa/Mafa/Konduga,FC/069/BO,BORNO CENTRAL,SD/023/BO,BORNO
1825,DALORI/WANORI,02,KONDUGA,16,KONDUGA,SC/206/BO,Dikwa/Mafa/Konduga,FC/069/BO,BORNO CENTRAL,SD/023/BO,BORNO
1826,DALWA EAST/MALARI/KANGAMARI,03,KONDUGA,16,KONDUGA,SC/206/BO,Dikwa/Mafa/Konduga,FC/069/BO,BORNO CENTRAL,SD/023/BO,BORNO
1827,JEWU/LAMBOA,04,KONDUGA,16,KONDUGA,SC/206/BO,Dikwa/Mafa/Konduga,FC/069/BO,BORNO CENTRAL,SD/023/BO,BORNO
1828,KAWURI,05,KONDUGA,16,KONDUGA,SC/206/BO,Dikwa/Mafa/Konduga,FC/069/BO,BORNO CENTRAL,SD/023/BO,BORNO
1829,KELUMIRI/NGALBIMARI/YALE,06,KONDUGA,16,KONDUGA,SC/206/BO,Dikwa/Mafa/Konduga,FC/069/BO,BORNO CENTRAL,SD/023/BO,BORNO
1830,KONDUGA,07,KONDUGA,16,KONDUGA,SC/206/BO,Dikwa/Mafa/Konduga,FC/069/BO,BORNO CENTRAL,SD/023/BO,BORNO
1831,MAIRAMRI/YALERI/BAZAMRI,08,KONDUGA,16,KONDUGA,SC/206/BO,Dikwa/Mafa/Konduga,FC/069/BO,BORNO CENTRAL,SD/023/BO,BORNO
1832,MASBA/DALWA WEST,09,KONDUGA,16,KONDUGA,SC/206/BO,Dikwa/Mafa/Konduga,FC/069/BO,BORNO CENTRAL,SD/023/BO,BORNO
1833,NYALERI/SANDIA/YEJIWA,10,KONDUGA,16,KONDUGA,SC/206/BO,Dikwa/Mafa/Konduga,FC/069/BO,BORNO CENTRAL,SD/023/BO,BORNO
1834,SOJIRI/NGURO-NGURO,11,KONDUGA,16,KONDUGA,SC/206/BO,Dikwa/Mafa/Konduga,FC/069/BO,BORNO CENTRAL,SD/023/BO,BORNO
1835,ALAGARNO,01,KUKAWA,17,KUKAWA,SC/207/BO,Kukawa/Mobbar/Abadam/ Guzamali,FC/073/BO,BORNO NORTH,SD/022/BO,BORNO
1836,BAGA,02,KUKAWA,17,KUKAWA,SC/207/BO,Kukawa/Mobbar/Abadam/ Guzamali,FC/073/BO,BORNO NORTH,SD/022/BO,BORNO
1837,BUNDUR,03,KUKAWA,17,KUKAWA,SC/207/BO,Kukawa/Mobbar/Abadam/ Guzamali,FC/073/BO,BORNO NORTH,SD/022/BO,BORNO
1838,DOGOSHI,04,KUKAWA,17,KUKAWA,SC/207/BO,Kukawa/Mobbar/Abadam/ Guzamali,FC/073/BO,BORNO NORTH,SD/022/BO,BORNO
1839,DORO/DUGURI,05,KUKAWA,17,KUKAWA,SC/207/BO,Kukawa/Mobbar/Abadam/ Guzamali,FC/073/BO,BORNO NORTH,SD/022/BO,BORNO
1840,KALUWA,06,KUKAWA,17,KUKAWA,SC/207/BO,Kukawa/Mobbar/Abadam/ Guzamali,FC/073/BO,BORNO NORTH,SD/022/BO,BORNO
1841,KEKENO,07,KUKAWA,17,KUKAWA,SC/207/BO,Kukawa/Mobbar/Abadam/ Guzamali,FC/073/BO,BORNO NORTH,SD/022/BO,BORNO
1842,KUKAWA,08,KUKAWA,17,KUKAWA,SC/207/BO,Kukawa/Mobbar/Abadam/ Guzamali,FC/073/BO,BORNO NORTH,SD/022/BO,BORNO
1843,MODUARI/BARWATI,09,KUKAWA,17,KUKAWA,SC/207/BO,Kukawa/Mobbar/Abadam/ Guzamali,FC/073/BO,BORNO NORTH,SD/022/BO,BORNO
1844,YOYO,10,KUKAWA,17,KUKAWA,SC/207/BO,Kukawa/Mobbar/Abadam/ Guzamali,FC/073/BO,BORNO NORTH,SD/022/BO,BORNO
1845,GONDI,01,KWAYA KUSAR,18,KWAYA KUSAR,SC/208/BO,"Biu/Kwaya-Kusar, Shani/Bayo",FC/068/BO,BORNO SOUTH,SD/024/BO,BORNO
1846,GUSI/BILLA,02,KWAYA KUSAR,18,KWAYA KUSAR,SC/208/BO,"Biu/Kwaya-Kusar, Shani/Bayo",FC/068/BO,BORNO SOUTH,SD/024/BO,BORNO
1847,GUWAL,03,KWAYA KUSAR,18,KWAYA KUSAR,SC/208/BO,"Biu/Kwaya-Kusar, Shani/Bayo",FC/068/BO,BORNO SOUTH,SD/024/BO,BORNO
1848,KUBUKU,04,KWAYA KUSAR,18,KWAYA KUSAR,SC/208/BO,"Biu/Kwaya-Kusar, Shani/Bayo",FC/068/BO,BORNO SOUTH,SD/024/BO,BORNO
1849,KURBA,05,KWAYA KUSAR,18,KWAYA KUSAR,SC/208/BO,"Biu/Kwaya-Kusar, Shani/Bayo",FC/068/BO,BORNO SOUTH,SD/024/BO,BORNO
1850,KWAYA KUSAR,06,KWAYA KUSAR,18,KWAYA KUSAR,SC/208/BO,"Biu/Kwaya-Kusar, Shani/Bayo",FC/068/BO,BORNO SOUTH,SD/024/BO,BORNO
1851,PETA,07,KWAYA KUSAR,18,KWAYA KUSAR,SC/208/BO,"Biu/Kwaya-Kusar, Shani/Bayo",FC/068/BO,BORNO SOUTH,SD/024/BO,BORNO
1852,WADA,08,KWAYA KUSAR,18,KWAYA KUSAR,SC/208/BO,"Biu/Kwaya-Kusar, Shani/Bayo",FC/068/BO,BORNO SOUTH,SD/024/BO,BORNO
1853,WAWA,09,KWAYA KUSAR,18,KWAYA KUSAR,SC/208/BO,"Biu/Kwaya-Kusar, Shani/Bayo",FC/068/BO,BORNO SOUTH,SD/024/BO,BORNO
1854,YIMIRTHLALANG,10,KWAYA KUSAR,18,KWAYA KUSAR,SC/208/BO,"Biu/Kwaya-Kusar, Shani/Bayo",FC/068/BO,BORNO SOUTH,SD/024/BO,BORNO
1855,ABBARI,01,MAFA,19,MAFA,SC/209/BO,Dikwa/Mafa/Konduga,FC/069/BO,BORNO CENTRAL,SD/023/BO,BORNO
1856,ANADUA,02,MAFA,19,MAFA,SC/209/BO,Dikwa/Mafa/Konduga,FC/069/BO,BORNO CENTRAL,SD/023/BO,BORNO
1857,GAWA,03,MAFA,19,MAFA,SC/209/BO,Dikwa/Mafa/Konduga,FC/069/BO,BORNO CENTRAL,SD/023/BO,BORNO
1858,KOSHEBE,04,MAFA,19,MAFA,SC/209/BO,Dikwa/Mafa/Konduga,FC/069/BO,BORNO CENTRAL,SD/023/BO,BORNO
1859,LAJE,05,MAFA,19,MAFA,SC/209/BO,Dikwa/Mafa/Konduga,FC/069/BO,BORNO CENTRAL,SD/023/BO,BORNO
1860,LAWANTI,06,MAFA,19,MAFA,SC/209/BO,Dikwa/Mafa/Konduga,FC/069/BO,BORNO CENTRAL,SD/023/BO,BORNO
1861,LOSKURI,07,MAFA,19,MAFA,SC/209/BO,Dikwa/Mafa/Konduga,FC/069/BO,BORNO CENTRAL,SD/023/BO,BORNO
1862,MA’AFA,08,MAFA,19,MAFA,SC/209/BO,Dikwa/Mafa/Konduga,FC/069/BO,BORNO CENTRAL,SD/023/BO,BORNO
1863,MAFA,09,MAFA,19,MAFA,SC/209/BO,Dikwa/Mafa/Konduga,FC/069/BO,BORNO CENTRAL,SD/023/BO,BORNO
1864,MASU,10,MAFA,19,MAFA,SC/209/BO,Dikwa/Mafa/Konduga,FC/069/BO,BORNO CENTRAL,SD/023/BO,BORNO
1865,MAJIGINE,11,MAFA,19,MAFA,SC/209/BO,Dikwa/Mafa/Konduga,FC/069/BO,BORNO CENTRAL,SD/023/BO,BORNO
1866,TAMSU-NGAMDUA,12,MAFA,19,MAFA,SC/209/BO,Dikwa/Mafa/Konduga,FC/069/BO,BORNO CENTRAL,SD/023/BO,BORNO
1867,ARDORAM,01,MAGUMERI,20,MAGUMERI,SC/210/BO,Kaga/Gubio/Magumeri,FC/071/BO,BORNO NORTH,SD/022/BO,BORNO
1868,AYI/YASKU,02,MAGUMERI,20,MAGUMERI,SC/210/BO,Kaga/Gubio/Magumeri,FC/071/BO,BORNO NORTH,SD/022/BO,BORNO
1869,BORNO YESU,03,MAGUMERI,20,MAGUMERI,SC/210/BO,Kaga/Gubio/Magumeri,FC/071/BO,BORNO NORTH,SD/022/BO,BORNO
1870,FURRAM,04,MAGUMERI,20,MAGUMERI,SC/210/BO,Kaga/Gubio/Magumeri,FC/071/BO,BORNO NORTH,SD/022/BO,BORNO
1871,GAJIGANNA I,05,MAGUMERI,20,MAGUMERI,SC/210/BO,Kaga/Gubio/Magumeri,FC/071/BO,BORNO NORTH,SD/022/BO,BORNO
1872,GAJIGANNA II,06,MAGUMERI,20,MAGUMERI,SC/210/BO,Kaga/Gubio/Magumeri,FC/071/BO,BORNO NORTH,SD/022/BO,BORNO
1873,YOYO/CHINGOWA,07,MAGUMERI,20,MAGUMERI,SC/210/BO,Kaga/Gubio/Magumeri,FC/071/BO,BORNO NORTH,SD/022/BO,BORNO
1874,KALIZORAM/BANORAM,08,MAGUMERI,20,MAGUMERI,SC/210/BO,Kaga/Gubio/Magumeri,FC/071/BO,BORNO NORTH,SD/022/BO,BORNO
1875,KARERAM,09,MAGUMERI,20,MAGUMERI,SC/210/BO,Kaga/Gubio/Magumeri,FC/071/BO,BORNO NORTH,SD/022/BO,BORNO
1876,KUBTI,10,MAGUMERI,20,MAGUMERI,SC/210/BO,Kaga/Gubio/Magumeri,FC/071/BO,BORNO NORTH,SD/022/BO,BORNO
1877,MAGUMERI,11,MAGUMERI,20,MAGUMERI,SC/210/BO,Kaga/Gubio/Magumeri,FC/071/BO,BORNO NORTH,SD/022/BO,BORNO
1878,NGAMMA,12,MAGUMERI,20,MAGUMERI,SC/210/BO,Kaga/Gubio/Magumeri,FC/071/BO,BORNO NORTH,SD/022/BO,BORNO
1879,NGUBALA,13,MAGUMERI,20,MAGUMERI,SC/210/BO,Kaga/Gubio/Magumeri,FC/071/BO,BORNO NORTH,SD/022/BO,BORNO
1880,BOLORI I,01,MAIDUGURI,21,MAIDUGURI M.C,SC/211/BO,Maiduguri (Metropolitan),FC/074/BO,BORNO CENTRAL,SD/023/BO,BORNO
1881,BOLORI II,02,MAIDUGURI,21,MAIDUGURI M.C,SC/211/BO,Maiduguri (Metropolitan),FC/074/BO,BORNO CENTRAL,SD/023/BO,BORNO
1882,BULABLIN,03,MAIDUGURI,21,MAIDUGURI M.C,SC/211/BO,Maiduguri (Metropolitan),FC/074/BO,BORNO CENTRAL,SD/023/BO,BORNO
1883,FEZZAN,04,MAIDUGURI,21,MAIDUGURI M.C,SC/211/BO,Maiduguri (Metropolitan),FC/074/BO,BORNO CENTRAL,SD/023/BO,BORNO
1884,GAMBORU LIBERTY,05,MAIDUGURI,21,MAIDUGURI M.C,SC/211/BO,Maiduguri (Metropolitan),FC/074/BO,BORNO CENTRAL,SD/023/BO,BORNO
1885,GWANGE I,06,MAIDUGURI,21,MAIDUGURI M.C,SC/211/BO,Maiduguri (Metropolitan),FC/074/BO,BORNO CENTRAL,SD/023/BO,BORNO
1886,GWANGE II,07,MAIDUGURI,21,MAIDUGURI M.C,SC/211/BO,Maiduguri (Metropolitan),FC/074/BO,BORNO CENTRAL,SD/023/BO,BORNO
1887,GWANGE III,08,MAIDUGURI,21,MAIDUGURI M.C,SC/211/BO,Maiduguri (Metropolitan),FC/074/BO,BORNO CENTRAL,SD/023/BO,BORNO
1888,HAUSARI/ZANGO,09,MAIDUGURI,21,MAIDUGURI M.C,SC/211/BO,Maiduguri (Metropolitan),FC/074/BO,BORNO CENTRAL,SD/023/BO,BORNO
1889,LAMISULA/JABBAMARI,10,MAIDUGURI,21,MAIDUGURI M.C,SC/211/BO,Maiduguri (Metropolitan),FC/074/BO,BORNO CENTRAL,SD/023/BO,BORNO
1890,LIMANTI,11,MAIDUGURI,21,MAIDUGURI M.C,SC/211/BO,Maiduguri (Metropolitan),FC/074/BO,BORNO CENTRAL,SD/023/BO,BORNO
1891,MAFONI,12,MAIDUGURI,21,MAIDUGURI M.C,SC/211/BO,Maiduguri (Metropolitan),FC/074/BO,BORNO CENTRAL,SD/023/BO,BORNO
1892,MAISANDARI,13,MAIDUGURI,21,MAIDUGURI M.C,SC/211/BO,Maiduguri (Metropolitan),FC/074/BO,BORNO CENTRAL,SD/023/BO,BORNO
1893,SHEHURI NORTH,14,MAIDUGURI,21,MAIDUGURI M.C,SC/211/BO,Maiduguri (Metropolitan),FC/074/BO,BORNO CENTRAL,SD/023/BO,BORNO
1894,SHEHURI SOUTH,15,MAIDUGURI,21,MAIDUGURI M.C,SC/211/BO,Maiduguri (Metropolitan),FC/074/BO,BORNO CENTRAL,SD/023/BO,BORNO
1895,ALA,01,MARTE,22,MARTE,SC/212/BO,Monguno/Nganzai/Marte,FC/072/BO,BORNO NORTH,SD/022/BO,BORNO
1896,ALLA LAWANTI,02,MARTE,22,MARTE,SC/212/BO,Monguno/Nganzai/Marte,FC/072/BO,BORNO NORTH,SD/022/BO,BORNO
1897,BORSORI,03,MARTE,22,MARTE,SC/212/BO,Monguno/Nganzai/Marte,FC/072/BO,BORNO NORTH,SD/022/BO,BORNO
1898,GUMNA,04,MARTE,22,MARTE,SC/212/BO,Monguno/Nganzai/Marte,FC/072/BO,BORNO NORTH,SD/022/BO,BORNO
1899,KABULAWA,05,MARTE,22,MARTE,SC/212/BO,Monguno/Nganzai/Marte,FC/072/BO,BORNO NORTH,SD/022/BO,BORNO
1900,KIRENOWA,06,MARTE,22,MARTE,SC/212/BO,Monguno/Nganzai/Marte,FC/072/BO,BORNO NORTH,SD/022/BO,BORNO
1901,KULLI,07,MARTE,22,MARTE,SC/212/BO,Monguno/Nganzai/Marte,FC/072/BO,BORNO NORTH,SD/022/BO,BORNO
1902,MARTE,08,MARTE,22,MARTE,SC/212/BO,Monguno/Nganzai/Marte,FC/072/BO,BORNO NORTH,SD/022/BO,BORNO
1903,MAWULLI,09,MARTE,22,MARTE,SC/212/BO,Monguno/Nganzai/Marte,FC/072/BO,BORNO NORTH,SD/022/BO,BORNO
1904,MUSUNE,10,MARTE,22,MARTE,SC/212/BO,Monguno/Nganzai/Marte,FC/072/BO,BORNO NORTH,SD/022/BO,BORNO
1905,NGELEIWA,11,MARTE,22,MARTE,SC/212/BO,Monguno/Nganzai/Marte,FC/072/BO,BORNO NORTH,SD/022/BO,BORNO
1906,NJINE,12,MARTE,22,MARTE,SC/212/BO,Monguno/Nganzai/Marte,FC/072/BO,BORNO NORTH,SD/022/BO,BORNO
1907,ZAGA,13,MARTE,22,MARTE,SC/212/BO,Monguno/Nganzai/Marte,FC/072/BO,BORNO NORTH,SD/022/BO,BORNO
1908,ASAGA,01,MOBBAR,23,MOBBAR,SC/213/BO,Kukawa/Mobbar/Abadam/ Guzamali,FC/073/BO,BORNO NORTH,SD/022/BO,BORNO
1909,BOGUM,02,MOBBAR,23,MOBBAR,SC/213/BO,Kukawa/Mobbar/Abadam/ Guzamali,FC/073/BO,BORNO NORTH,SD/022/BO,BORNO
1910,CHAMBA,03,MOBBAR,23,MOBBAR,SC/213/BO,Kukawa/Mobbar/Abadam/ Guzamali,FC/073/BO,BORNO NORTH,SD/022/BO,BORNO
1911,DAMASAK,04,MOBBAR,23,MOBBAR,SC/213/BO,Kukawa/Mobbar/Abadam/ Guzamali,FC/073/BO,BORNO NORTH,SD/022/BO,BORNO
1912,DUJI,05,MOBBAR,23,MOBBAR,SC/213/BO,Kukawa/Mobbar/Abadam/ Guzamali,FC/073/BO,BORNO NORTH,SD/022/BO,BORNO
1913,CASHAAGAR,06,MOBBAR,23,MOBBAR,SC/213/BO,Kukawa/Mobbar/Abadam/ Guzamali,FC/073/BO,BORNO NORTH,SD/022/BO,BORNO
1914,KARETO,07,MOBBAR,23,MOBBAR,SC/213/BO,Kukawa/Mobbar/Abadam/ Guzamali,FC/073/BO,BORNO NORTH,SD/022/BO,BORNO
1915,LAYI,08,MOBBAR,23,MOBBAR,SC/213/BO,Kukawa/Mobbar/Abadam/ Guzamali,FC/073/BO,BORNO NORTH,SD/022/BO,BORNO
1916,ZANWA UMARTI,09,MOBBAR,23,MOBBAR,SC/213/BO,Kukawa/Mobbar/Abadam/ Guzamali,FC/073/BO,BORNO NORTH,SD/022/BO,BORNO
1917,ZARI,10,MOBBAR,23,MOBBAR,SC/213/BO,Kukawa/Mobbar/Abadam/ Guzamali,FC/073/BO,BORNO NORTH,SD/022/BO,BORNO
1918,DAMAKULLI,01,MONGUNO,24,MONGUNO,SC/214/BO,Monguno/Nganzai/Marte,FC/072/BO,BORNO NORTH,SD/022/BO,BORNO
1919,KAGURAM,02,MONGUNO,24,MONGUNO,SC/214/BO,Monguno/Nganzai/Marte,FC/072/BO,BORNO NORTH,SD/022/BO,BORNO
1920,KUMALIA,03,MONGUNO,24,MONGUNO,SC/214/BO,Monguno/Nganzai/Marte,FC/072/BO,BORNO NORTH,SD/022/BO,BORNO
1921,MAFIO,04,MONGUNO,24,MONGUNO,SC/214/BO,Monguno/Nganzai/Marte,FC/072/BO,BORNO NORTH,SD/022/BO,BORNO
1922,MANDALA,05,MONGUNO,24,MONGUNO,SC/214/BO,Monguno/Nganzai/Marte,FC/072/BO,BORNO NORTH,SD/022/BO,BORNO
1923,MINTAR,06,MONGUNO,24,MONGUNO,SC/214/BO,Monguno/Nganzai/Marte,FC/072/BO,BORNO NORTH,SD/022/BO,BORNO
1924,MONGUNO,07,MONGUNO,24,MONGUNO,SC/214/BO,Monguno/Nganzai/Marte,FC/072/BO,BORNO NORTH,SD/022/BO,BORNO
1925,NGURNO,08,MONGUNO,24,MONGUNO,SC/214/BO,Monguno/Nganzai/Marte,FC/072/BO,BORNO NORTH,SD/022/BO,BORNO
1926,SURE,09,MONGUNO,24,MONGUNO,SC/214/BO,Monguno/Nganzai/Marte,FC/072/BO,BORNO NORTH,SD/022/BO,BORNO
1927,WULO,10,MONGUNO,24,MONGUNO,SC/214/BO,Monguno/Nganzai/Marte,FC/072/BO,BORNO NORTH,SD/022/BO,BORNO
1928,YELE,11,MONGUNO,24,MONGUNO,SC/214/BO,Monguno/Nganzai/Marte,FC/072/BO,BORNO NORTH,SD/022/BO,BORNO
1929,ZULUM,12,MONGUNO,24,MONGUNO,SC/214/BO,Monguno/Nganzai/Marte,FC/072/BO,BORNO NORTH,SD/022/BO,BORNO
1930,DARRAK,01,NGALA,25,NGALA,SC/215/BO,Bama/Ngala/Kala-Balge,FC/067/BO,BORNO CENTRAL,SD/023/BO,BORNO
1931,FUYE,02,NGALA,25,NGALA,SC/215/BO,Bama/Ngala/Kala-Balge,FC/067/BO,BORNO CENTRAL,SD/023/BO,BORNO
1932,GAMBORU (B),03,NGALA,25,NGALA,SC/215/BO,Bama/Ngala/Kala-Balge,FC/067/BO,BORNO CENTRAL,SD/023/BO,BORNO
1933,GAMBORU (C),04,NGALA,25,NGALA,SC/215/BO,Bama/Ngala/Kala-Balge,FC/067/BO,BORNO CENTRAL,SD/023/BO,BORNO
1934,LOGUMANE,05,NGALA,25,NGALA,SC/215/BO,Bama/Ngala/Kala-Balge,FC/067/BO,BORNO CENTRAL,SD/023/BO,BORNO
1935,NDUFU,06,NGALA,25,NGALA,SC/215/BO,Bama/Ngala/Kala-Balge,FC/067/BO,BORNO CENTRAL,SD/023/BO,BORNO
1936,NGALA,07,NGALA,25,NGALA,SC/215/BO,Bama/Ngala/Kala-Balge,FC/067/BO,BORNO CENTRAL,SD/023/BO,BORNO
1937,OLD GAMBORU ‘A’,08,NGALA,25,NGALA,SC/215/BO,Bama/Ngala/Kala-Balge,FC/067/BO,BORNO CENTRAL,SD/023/BO,BORNO
1938,TUNOKALIA,09,NGALA,25,NGALA,SC/215/BO,Bama/Ngala/Kala-Balge,FC/067/BO,BORNO CENTRAL,SD/023/BO,BORNO
1939,WARSHELLE,10,NGALA,25,NGALA,SC/215/BO,Bama/Ngala/Kala-Balge,FC/067/BO,BORNO CENTRAL,SD/023/BO,BORNO
1940,WULGO,11,NGALA,25,NGALA,SC/215/BO,Bama/Ngala/Kala-Balge,FC/067/BO,BORNO CENTRAL,SD/023/BO,BORNO
1941,ALARGE,01,NGANZAI,26,NGANZAI,SC/216/BO,Monguno/Nganzai/Marte,FC/072/BO,BORNO NORTH,SD/022/BO,BORNO
1942,BADU,02,NGANZAI,26,NGANZAI,SC/216/BO,Monguno/Nganzai/Marte,FC/072/BO,BORNO NORTH,SD/022/BO,BORNO
1943,DAMARAM,03,NGANZAI,26,NGANZAI,SC/216/BO,Monguno/Nganzai/Marte,FC/072/BO,BORNO NORTH,SD/022/BO,BORNO
1944,GAJIRAM,04,NGANZAI,26,NGANZAI,SC/216/BO,Monguno/Nganzai/Marte,FC/072/BO,BORNO NORTH,SD/022/BO,BORNO
1945,GADAI,05,NGANZAI,26,NGANZAI,SC/216/BO,Monguno/Nganzai/Marte,FC/072/BO,BORNO NORTH,SD/022/BO,BORNO
1946,JIGALTA,06,NGANZAI,26,NGANZAI,SC/216/BO,Monguno/Nganzai/Marte,FC/072/BO,BORNO NORTH,SD/022/BO,BORNO
1947,DUKA,07,NGANZAI,26,NGANZAI,SC/216/BO,Monguno/Nganzai/Marte,FC/072/BO,BORNO NORTH,SD/022/BO,BORNO
1948,KURNAWA,08,NGANZAI,26,NGANZAI,SC/216/BO,Monguno/Nganzai/Marte,FC/072/BO,BORNO NORTH,SD/022/BO,BORNO
1949,MAIWA,09,NGANZAI,26,NGANZAI,SC/216/BO,Monguno/Nganzai/Marte,FC/072/BO,BORNO NORTH,SD/022/BO,BORNO
1950,MIYE,10,NGANZAI,26,NGANZAI,SC/216/BO,Monguno/Nganzai/Marte,FC/072/BO,BORNO NORTH,SD/022/BO,BORNO
1951,SABSABUWA,11,NGANZAI,26,NGANZAI,SC/216/BO,Monguno/Nganzai/Marte,FC/072/BO,BORNO NORTH,SD/022/BO,BORNO
1952,SUBUNDURE,12,NGANZAI,26,NGANZAI,SC/216/BO,Monguno/Nganzai/Marte,FC/072/BO,BORNO NORTH,SD/022/BO,BORNO
1953,BURGU/BURASHIKA,01,SHANI,27,SHANI,SC/217/BO,"Biu/Kwaya-Kusar, Shani/Bayo",FC/068/BO,BORNO SOUTH,SD/024/BO,BORNO
1954,BUMA,02,SHANI,27,SHANI,SC/217/BO,"Biu/Kwaya-Kusar, Shani/Bayo",FC/068/BO,BORNO SOUTH,SD/024/BO,BORNO
1955,GASI/SALIFAWA,03,SHANI,27,SHANI,SC/217/BO,"Biu/Kwaya-Kusar, Shani/Bayo",FC/068/BO,BORNO SOUTH,SD/024/BO,BORNO
1956,GORA,04,SHANI,27,SHANI,SC/217/BO,"Biu/Kwaya-Kusar, Shani/Bayo",FC/068/BO,BORNO SOUTH,SD/024/BO,BORNO
1957,GWALASHO,05,SHANI,27,SHANI,SC/217/BO,"Biu/Kwaya-Kusar, Shani/Bayo",FC/068/BO,BORNO SOUTH,SD/024/BO,BORNO
1958,GWASKARA,06,SHANI,27,SHANI,SC/217/BO,"Biu/Kwaya-Kusar, Shani/Bayo",FC/068/BO,BORNO SOUTH,SD/024/BO,BORNO
1959,KOMBO,07,SHANI,27,SHANI,SC/217/BO,"Biu/Kwaya-Kusar, Shani/Bayo",FC/068/BO,BORNO SOUTH,SD/024/BO,BORNO
1960,KUBO,08,SHANI,27,SHANI,SC/217/BO,"Biu/Kwaya-Kusar, Shani/Bayo",FC/068/BO,BORNO SOUTH,SD/024/BO,BORNO
1961,KWABA,09,SHANI,27,SHANI,SC/217/BO,"Biu/Kwaya-Kusar, Shani/Bayo",FC/068/BO,BORNO SOUTH,SD/024/BO,BORNO
1962,SHANI,10,SHANI,27,SHANI,SC/217/BO,"Biu/Kwaya-Kusar, Shani/Bayo",FC/068/BO,BORNO SOUTH,SD/024/BO,BORNO
1963,WALAMA,11,SHANI,27,SHANI,SC/217/BO,"Biu/Kwaya-Kusar, Shani/Bayo",FC/068/BO,BORNO SOUTH,SD/024/BO,BORNO
1964,ADAMAWA,01,ABI,01,ABI,SC/218/CR,Yakurr/Abi,FC/076/CR,CROSS RIVER CENTRAL,SD/026/CR,CROSS RIVER
1965,AFAFANYI/IGONIGONI,02,ABI,01,ABI,SC/218/CR,Yakurr/Abi,FC/076/CR,CROSS RIVER CENTRAL,SD/026/CR,CROSS RIVER
1966,EBOM,03,ABI,01,ABI,SC/218/CR,Yakurr/Abi,FC/076/CR,CROSS RIVER CENTRAL,SD/026/CR,CROSS RIVER
1967,EDIBA,04,ABI,01,ABI,SC/218/CR,Yakurr/Abi,FC/076/CR,CROSS RIVER CENTRAL,SD/026/CR,CROSS RIVER
1968,EKUREKU I,05,ABI,01,ABI,SC/218/CR,Yakurr/Abi,FC/076/CR,CROSS RIVER CENTRAL,SD/026/CR,CROSS RIVER
1969,EKUREKU II,06,ABI,01,ABI,SC/218/CR,Yakurr/Abi,FC/076/CR,CROSS RIVER CENTRAL,SD/026/CR,CROSS RIVER
1970,IMABANA I,07,ABI,01,ABI,SC/218/CR,Yakurr/Abi,FC/076/CR,CROSS RIVER CENTRAL,SD/026/CR,CROSS RIVER
1971,IMBABNA II,08,ABI,01,ABI,SC/218/CR,Yakurr/Abi,FC/076/CR,CROSS RIVER CENTRAL,SD/026/CR,CROSS RIVER
1972,ITIGIDI,09,ABI,01,ABI,SC/218/CR,Yakurr/Abi,FC/076/CR,CROSS RIVER CENTRAL,SD/026/CR,CROSS RIVER
1973,USUMUTONG,10,ABI,01,ABI,SC/218/CR,Yakurr/Abi,FC/076/CR,CROSS RIVER CENTRAL,SD/026/CR,CROSS RIVER
1974,AKAMKPA URBAN,01,AKAMKPA,02,AKAMKPA I,SC/219/CR,Akamkpa/Biase,FC/077/CR,CROSS RIVER SOUTH,SD/027/CR,CROSS RIVER
1975,AWI,02,AKAMKPA,02,AKAMKPA I,SC/219/CR,Akamkpa/Biase,FC/077/CR,CROSS RIVER SOUTH,SD/027/CR,CROSS RIVER
1976,EKU,03,AKAMKPA,02,AKAMKPA II,SC/220/CR,Akamkpa/Biase,FC/077/CR,CROSS RIVER SOUTH,SD/027/CR,CROSS RIVER
1977,IKO,04,AKAMKPA,02,AKAMKPA I,SC/219/CR,Akamkpa/Biase,FC/077/CR,CROSS RIVER SOUTH,SD/027/CR,CROSS RIVER
1978,IKPAI,05,AKAMKPA,02,AKAMKPA II,SC/220/CR,Akamkpa/Biase,FC/077/CR,CROSS RIVER SOUTH,SD/027/CR,CROSS RIVER
1979,MBARAKOM,06,AKAMKPA,02,AKAMKPA I,SC/220/CR,Akamkpa/Biase,FC/077/CR,CROSS RIVER SOUTH,SD/027/CR,CROSS RIVER
1980,OBAN,07,AKAMKPA,02,AKAMKPA II,SC/220/CR,Akamkpa/Biase,FC/077/CR,CROSS RIVER SOUTH,SD/027/CR,CROSS RIVER
1981,OJUK NORTH,08,AKAMKPA,02,AKAMKPA II,SC/220/CR,Akamkpa/Biase,FC/077/CR,CROSS RIVER SOUTH,SD/027/CR,CROSS RIVER
1982,OJUK SOUTH,09,AKAMKPA,02,AKAMKPA II,SC/220/CR,Akamkpa/Biase,FC/077/CR,CROSS RIVER SOUTH,SD/027/CR,CROSS RIVER
1983,UYANGA,10,AKAMKPA,02,AKAMKPA I,SC/219/CR,Akamkpa/Biase,FC/077/CR,CROSS RIVER SOUTH,SD/027/CR,CROSS RIVER
1984,ATIMBO EAST,01,AKPABUYO,03,AKPABUYO,SC/221/CR,Calabar South/Akpabuyo/ Bakassi,FC/079/CR,CROSS RIVER SOUTH,SD/027/CR,CROSS RIVER
1985,ATIMBO WEST,02,AKPABUYO,03,AKPABUYO,SC/221/CR,Calabar South/Akpabuyo/ Bakassi,FC/079/CR,CROSS RIVER SOUTH,SD/027/CR,CROSS RIVER
1986,ENEYO,03,AKPABUYO,03,AKPABUYO,SC/221/CR,Calabar South/Akpabuyo/ Bakassi,FC/079/CR,CROSS RIVER SOUTH,SD/027/CR,CROSS RIVER
1987,IDUNDU/ANYANGANSE,04,AKPABUYO,03,AKPABUYO,SC/221/CR,Calabar South/Akpabuyo/ Bakassi,FC/079/CR,CROSS RIVER SOUTH,SD/027/CR,CROSS RIVER
1988,IKANG CENTRAL,05,AKPABUYO,03,AKPABUYO,SC/221/CR,Calabar South/Akpabuyo/ Bakassi,FC/079/CR,CROSS RIVER SOUTH,SD/027/CR,CROSS RIVER
1989,IKANG NORTH,06,AKPABUYO,03,AKPABUYO,SC/221/CR,Calabar South/Akpabuyo/ Bakassi,FC/079/CR,CROSS RIVER SOUTH,SD/027/CR,CROSS RIVER
1990,IKANG SOUTH,07,AKPABUYO,03,AKPABUYO,SC/221/CR,Calabar South/Akpabuyo/ Bakassi,FC/079/CR,CROSS RIVER SOUTH,SD/027/CR,CROSS RIVER
1991,IKOT EDEM ODO,08,AKPABUYO,03,AKPABUYO,SC/221/CR,Calabar South/Akpabuyo/ Bakassi,FC/079/CR,CROSS RIVER SOUTH,SD/027/CR,CROSS RIVER
1992,IKOT EYO,09,AKPABUYO,03,AKPABUYO,SC/221/CR,Calabar South/Akpabuyo/ Bakassi,FC/079/CR,CROSS RIVER SOUTH,SD/027/CR,CROSS RIVER
1993,IKOT NAKANDA,10,AKPABUYO,03,AKPABUYO,SC/221/CR,Calabar South/Akpabuyo/ Bakassi,FC/079/CR,CROSS RIVER SOUTH,SD/027/CR,CROSS RIVER
1994,ABANA,01,BAKASSI,04,BAKASSI,SC/222/CR,,,CROSS RIVER SOUTH,SD/027/CR,CROSS RIVER
1995,AKPANKANYA,02,BAKASSI,04,BAKASSI,SC/222/CR,,,CROSS RIVER SOUTH,SD/027/CR,CROSS RIVER
1996,AKWA,03,BAKASSI,04,BAKASSI,SC/222/CR,,,CROSS RIVER SOUTH,SD/027/CR,CROSS RIVER
1997,AMBAI EKPA,04,BAKASSI,04,BAKASSI,SC/222/CR,,,CROSS RIVER SOUTH,SD/027/CR,CROSS RIVER
1998,AMOTO,05,BAKASSI,04,BAKASSI,SC/222/CR,,,CROSS RIVER SOUTH,SD/027/CR,CROSS RIVER
1999,ARCHIBONG,06,BAKASSI,04,BAKASSI,SC/222/CR,,,CROSS RIVER SOUTH,SD/027/CR,CROSS RIVER
2000,ATAI EMA,07,BAKASSI,04,BAKASSI,SC/222/CR,,,CROSS RIVER SOUTH,SD/027/CR,CROSS RIVER
2001,EFUT INWANG,08,BAKASSI,04,BAKASSI,SC/222/CR,,,CROSS RIVER SOUTH,SD/027/CR,CROSS RIVER
2002,EKPOT ABIA,09,BAKASSI,04,BAKASSI,SC/222/CR,,,CROSS RIVER SOUTH,SD/027/CR,CROSS RIVER
2003,ODIONG,10,BAKASSI,04,BAKASSI,SC/222/CR,,,CROSS RIVER SOUTH,SD/027/CR,CROSS RIVER
2004,ABUOCHICHE,01,BEKWARRA,05,BEKWARRA,SC/226/CR,Obanliku/Obudu/Bekwarra,FC/081/CR,CROSS RIVER NORTH,SD/025/CR,CROSS RIVER
2005,AFRIKE OCHAGBE,02,BEKWARRA,05,BEKWARRA,SC/226/CR,Obanliku/Obudu/Bekwarra,FC/081/CR,CROSS RIVER NORTH,SD/025/CR,CROSS RIVER
2006,AFRIKE OKPECHE,03,BEKWARRA,05,BEKWARRA,SC/226/CR,Obanliku/Obudu/Bekwarra,FC/081/CR,CROSS RIVER NORTH,SD/025/CR,CROSS RIVER
2007,BETEN,04,BEKWARRA,05,BEKWARRA,SC/226/CR,Obanliku/Obudu/Bekwarra,FC/081/CR,CROSS RIVER NORTH,SD/025/CR,CROSS RIVER
2008,GAKEM,05,BEKWARRA,05,BEKWARRA,SC/226/CR,Obanliku/Obudu/Bekwarra,FC/081/CR,CROSS RIVER NORTH,SD/025/CR,CROSS RIVER
2009,IBIARAGIDI,06,BEKWARRA,05,BEKWARRA,SC/226/CR,Obanliku/Obudu/Bekwarra,FC/081/CR,CROSS RIVER NORTH,SD/025/CR,CROSS RIVER
2010,NYANYA,07,BEKWARRA,05,BEKWARRA,SC/226/CR,Obanliku/Obudu/Bekwarra,FC/081/CR,CROSS RIVER NORTH,SD/025/CR,CROSS RIVER
2011,OTUKPURU,08,BEKWARRA,05,BEKWARRA,SC/226/CR,Obanliku/Obudu/Bekwarra,FC/081/CR,CROSS RIVER NORTH,SD/025/CR,CROSS RIVER
2012,UGBORO,09,BEKWARRA,05,BEKWARRA,SC/226/CR,Obanliku/Obudu/Bekwarra,FC/081/CR,CROSS RIVER NORTH,SD/025/CR,CROSS RIVER
2013,UKPAH,10,BEKWARRA,05,BEKWARRA,SC/226/CR,Obanliku/Obudu/Bekwarra,FC/081/CR,CROSS RIVER NORTH,SD/025/CR,CROSS RIVER
2014,ABAYONG,01,BIASE,06,BIASE,SC/223/CR,Akamkpa/Biase,FC/077/CR,CROSS RIVER NORTH,SD/025/CR,CROSS RIVER
2015,ADIM,02,BIASE,06,BIASE,SC/223/CR,Akamkpa/Biase,FC/077/CR,CROSS RIVER NORTH,SD/025/CR,CROSS RIVER
2016,AGWAGUNE/OKURIKE,03,BIASE,06,BIASE,SC/223/CR,Akamkpa/Biase,FC/077/CR,CROSS RIVER NORTH,SD/025/CR,CROSS RIVER
2017,AKPET/ABINI,04,BIASE,06,BIASE,SC/223/CR,Akamkpa/Biase,FC/077/CR,CROSS RIVER NORTH,SD/025/CR,CROSS RIVER
2018,BIAKPAN,05,BIASE,06,BIASE,SC/223/CR,Akamkpa/Biase,FC/077/CR,CROSS RIVER NORTH,SD/025/CR,CROSS RIVER
2019,AHOM,06,BIASE,06,BIASE,SC/223/CR,Akamkpa/Biase,FC/077/CR,CROSS RIVER NORTH,SD/025/CR,CROSS RIVER
2020,EREI NORTH,07,BIASE,06,BIASE,SC/223/CR,Akamkpa/Biase,FC/077/CR,CROSS RIVER NORTH,SD/025/CR,CROSS RIVER
2021,EREI SOUTH,08,BIASE,06,BIASE,SC/223/CR,Akamkpa/Biase,FC/077/CR,CROSS RIVER NORTH,SD/025/CR,CROSS RIVER
2022,IKUN/ETONO,09,BIASE,06,BIASE,SC/223/CR,Akamkpa/Biase,FC/077/CR,CROSS RIVER NORTH,SD/025/CR,CROSS RIVER
2023,UMON NORTH,10,BIASE,06,BIASE,SC/223/CR,Akamkpa/Biase,FC/077/CR,CROSS RIVER NORTH,SD/025/CR,CROSS RIVER
2024,UMON SOUTH,11,BIASE,06,BIASE,SC/223/CR,Akamkpa/Biase,FC/077/CR,CROSS RIVER NORTH,SD/025/CR,CROSS RIVER
2025,ABO,01,BOKI,07,BOKI I,SC/224/CR,Boki/Ikom,FC/078/CR,CROSS RIVER CENTRAL,SD/026/CR,CROSS RIVER
2026,ALANKWU,02,BOKI,07,BOKI I,SC/224/CR,Boki/Ikom,FC/078/CR,CROSS RIVER CENTRAL,SD/026/CR,CROSS RIVER
2027,BEEBO/BUMAJI,03,BOKI,07,BOKI I,SC/224/CR,Boki/Ikom,FC/078/CR,CROSS RIVER CENTRAL,SD/026/CR,CROSS RIVER
2028,BOJE,04,BOKI,07,BOKI I,SC/224/CR,Boki/Ikom,FC/078/CR,CROSS RIVER CENTRAL,SD/026/CR,CROSS RIVER
2029,BUDA,05,BOKI,07,BOKI I,SC/224/CR,Boki/Ikom,FC/078/CR,CROSS RIVER CENTRAL,SD/026/CR,CROSS RIVER
2030,BUENTSEBE,06,BOKI,07,BOKI I,SC/224/CR,Boki/Ikom,FC/078/CR,CROSS RIVER CENTRAL,SD/026/CR,CROSS RIVER
2031,BUNYIA/OKUBUCHI,07,BOKI,07,BOKI II,SC/225/CR,Boki/Ikom,FC/078/CR,CROSS RIVER CENTRAL,SD/026/CR,CROSS RIVER
2032,EKPASHI,08,BOKI,07,BOKI II,SC/225/CR,Boki/Ikom,FC/078/CR,CROSS RIVER CENTRAL,SD/026/CR,CROSS RIVER
2033,KAKWAGOM/BAWOP,09,BOKI,07,BOKI II,SC/225/CR,Boki/Ikom,FC/078/CR,CROSS RIVER CENTRAL,SD/026/CR,CROSS RIVER
2034,OGEP/OSOKOM,10,BOKI,07,BOKI II,SC/225/CR,Boki/Ikom,FC/078/CR,CROSS RIVER CENTRAL,SD/026/CR,CROSS RIVER
2035,OKUM/BORUM/NJUA,11,BOKI,07,BOKI II,SC/225/CR,Boki/Ikom,FC/078/CR,CROSS RIVER CENTRAL,SD/026/CR,CROSS RIVER
2036,I,01,CALABAR MUNICIPALITY,08,CALABAR MUNICIPAL,SC/227/CR,Calabar Municipal/Odukpani,FC/080/CR,CROSS RIVER SOUTH,SD/027/CR,CROSS RIVER
2037,II,02,CALABAR MUNICIPALITY,08,CALABAR MUNICIPAL,SC/227/CR,Calabar Municipal/Odukpani,FC/080/CR,CROSS RIVER SOUTH,SD/027/CR,CROSS RIVER
2038,III,03,CALABAR MUNICIPALITY,08,CALABAR MUNICIPAL,SC/227/CR,Calabar Municipal/Odukpani,FC/080/CR,CROSS RIVER SOUTH,SD/027/CR,CROSS RIVER
2039,IV,04,CALABAR MUNICIPALITY,08,CALABAR MUNICIPAL,SC/227/CR,Calabar Municipal/Odukpani,FC/080/CR,CROSS RIVER SOUTH,SD/027/CR,CROSS RIVER
2040,V,05,CALABAR MUNICIPALITY,08,CALABAR MUNICIPAL,SC/227/CR,Calabar Municipal/Odukpani,FC/080/CR,CROSS RIVER SOUTH,SD/027/CR,CROSS RIVER
2041,VI,06,CALABAR MUNICIPALITY,08,CALABAR MUNICIPAL,SC/227/CR,Calabar Municipal/Odukpani,FC/080/CR,CROSS RIVER SOUTH,SD/027/CR,CROSS RIVER
2042,VII,07,CALABAR MUNICIPALITY,08,CALABAR MUNICIPAL,SC/227/CR,Calabar Municipal/Odukpani,FC/080/CR,CROSS RIVER SOUTH,SD/027/CR,CROSS RIVER
2043,VIII,08,CALABAR MUNICIPALITY,08,CALABAR MUNICIPAL,SC/227/CR,Calabar Municipal/Odukpani,FC/080/CR,CROSS RIVER SOUTH,SD/027/CR,CROSS RIVER
2044,IX,09,CALABAR MUNICIPALITY,08,CALABAR MUNICIPAL,SC/227/CR,Calabar Municipal/Odukpani,FC/080/CR,CROSS RIVER SOUTH,SD/027/CR,CROSS RIVER
2045,X,10,CALABAR MUNICIPALITY,08,CALABAR MUNICIPAL,SC/227/CR,Calabar Municipal/Odukpani,FC/080/CR,CROSS RIVER SOUTH,SD/027/CR,CROSS RIVER
2046,ONE (I),01,CALABAR SOUTH,09,CALABAR SOUTH I,SC/228/CR,Calabar South/Akpabuyo/ Bakassi,FC/079/CR,CROSS RIVER SOUTH,SD/027/CR,CROSS RIVER
2047,TWO (2),02,CALABAR SOUTH,09,CALABAR SOUTH I,SC/228/CR,Calabar South/Akpabuyo/ Bakassi,FC/079/CR,CROSS RIVER SOUTH,SD/027/CR,CROSS RIVER
2048,THREE (3),03,CALABAR SOUTH,09,CALABAR SOUTH I,SC/228/CR,Calabar South/Akpabuyo/ Bakassi,FC/079/CR,CROSS RIVER SOUTH,SD/027/CR,CROSS RIVER
2049,FOUR (4),04,CALABAR SOUTH,09,CALABAR SOUTH I,SC/228/CR,Calabar South/Akpabuyo/ Bakassi,FC/079/CR,CROSS RIVER SOUTH,SD/027/CR,CROSS RIVER
2050,FIVE (5),05,CALABAR SOUTH,09,CALABAR SOUTH I,SC/228/CR,Calabar South/Akpabuyo/ Bakassi,FC/079/CR,CROSS RIVER SOUTH,SD/027/CR,CROSS RIVER
2051,SIX (6),06,CALABAR SOUTH,09,CALABAR SOUTH I,SC/228/CR,Calabar South/Akpabuyo/ Bakassi,FC/079/CR,CROSS RIVER SOUTH,SD/027/CR,CROSS RIVER
2052,SEVEN (7),07,CALABAR SOUTH,09,CALABAR SOUTH I,SC/228/CR,Calabar South/Akpabuyo/ Bakassi,FC/079/CR,CROSS RIVER SOUTH,SD/027/CR,CROSS RIVER
2053,EIGHT (8),08,CALABAR SOUTH,09,CALABAR SOUTH I,SC/228/CR,Calabar South/Akpabuyo/ Bakassi,FC/079/CR,CROSS RIVER SOUTH,SD/027/CR,CROSS RIVER
2054,NINE (9),09,CALABAR SOUTH,09,CALABAR SOUTH I,SC/228/CR,Calabar South/Akpabuyo/ Bakassi,FC/079/CR,CROSS RIVER SOUTH,SD/027/CR,CROSS RIVER
2055,TEN (10),10,CALABAR SOUTH,09,CALABAR SOUTH II,SC/229/CR,Calabar South/Akpabuyo/ Bakassi,FC/079/CR,CROSS RIVER SOUTH,SD/027/CR,CROSS RIVER
2056,ELEVEN (11),11,CALABAR SOUTH,09,CALABAR SOUTH II,SC/229/CR,Calabar South/Akpabuyo/ Bakassi,FC/079/CR,CROSS RIVER SOUTH,SD/027/CR,CROSS RIVER
2057,TWELVE (12),12,CALABAR SOUTH,09,CALABAR SOUTH II,SC/229/CR,Calabar South/Akpabuyo/ Bakassi,FC/079/CR,CROSS RIVER SOUTH,SD/027/CR,CROSS RIVER
2058,ABIA,01,ETUNG,10,ETUNG,SC/230/CR,Obubra/Etung,FC/082/CR,CROSS RIVER CENTRAL,SD/026/CR,CROSS RIVER
2059,ABIJANG,02,ETUNG,10,ETUNG,SC/230/CR,Obubra/Etung,FC/082/CR,CROSS RIVER CENTRAL,SD/026/CR,CROSS RIVER
2060,AGBOKIM,03,ETUNG,10,ETUNG,SC/230/CR,Obubra/Etung,FC/082/CR,CROSS RIVER CENTRAL,SD/026/CR,CROSS RIVER
2061,AJASSOR,04,ETUNG,10,ETUNG,SC/230/CR,Obubra/Etung,FC/082/CR,CROSS RIVER CENTRAL,SD/026/CR,CROSS RIVER
2062,BENDEGHE EKIEM,05,ETUNG,10,ETUNG,SC/230/CR,Obubra/Etung,FC/082/CR,CROSS RIVER CENTRAL,SD/026/CR,CROSS RIVER
2063,EFFRAYA,06,ETUNG,10,ETUNG,SC/230/CR,Obubra/Etung,FC/082/CR,CROSS RIVER CENTRAL,SD/026/CR,CROSS RIVER
2064,ETOMI,07,ETUNG,10,ETUNG,SC/230/CR,Obubra/Etung,FC/082/CR,CROSS RIVER CENTRAL,SD/026/CR,CROSS RIVER
2065,ITAKA,08,ETUNG,10,ETUNG,SC/230/CR,Obubra/Etung,FC/082/CR,CROSS RIVER CENTRAL,SD/026/CR,CROSS RIVER
2066,MKPOT/AYUKABA,09,ETUNG,10,ETUNG,SC/230/CR,Obubra/Etung,FC/082/CR,CROSS RIVER CENTRAL,SD/026/CR,CROSS RIVER
2067,NSOFANG,10,ETUNG,10,ETUNG,SC/230/CR,Obubra/Etung,FC/082/CR,CROSS RIVER CENTRAL,SD/026/CR,CROSS RIVER
2068,ABANYUM,01,IKOM,11,IKOM II,SC/232/CR,Boki/Ikom,FC/078/CR,CROSS RIVER CENTRAL,SD/026/CR,CROSS RIVER
2069,AKPARABONG,02,IKOM,11,IKOM I,SC/231/CR,Boki/Ikom,FC/078/CR,CROSS RIVER CENTRAL,SD/026/CR,CROSS RIVER
2070,IKOM URBAN I,03,IKOM,11,IKOM I,SC/231/CR,Boki/Ikom,FC/078/CR,CROSS RIVER CENTRAL,SD/026/CR,CROSS RIVER
2071,IKOM URBAN II,04,IKOM,11,IKOM I,SC/231/CR,Boki/Ikom,FC/078/CR,CROSS RIVER CENTRAL,SD/026/CR,CROSS RIVER
2072,NDE,05,IKOM,11,IKOM II,SC/232/CR,Boki/Ikom,FC/078/CR,CROSS RIVER CENTRAL,SD/026/CR,CROSS RIVER
2073,NNAM,06,IKOM,11,IKOM II,SC/232/CR,Boki/Ikom,FC/078/CR,CROSS RIVER CENTRAL,SD/026/CR,CROSS RIVER
2074,NTA/NSELLE,07,IKOM,11,IKOM II,SC/232/CR,Boki/Ikom,FC/078/CR,CROSS RIVER CENTRAL,SD/026/CR,CROSS RIVER
2075,OFUTOP I,08,IKOM,11,IKOM I,SC/231/CR,Boki/Ikom,FC/078/CR,CROSS RIVER CENTRAL,SD/026/CR,CROSS RIVER
2076,OFUTOP II,09,IKOM,11,IKOM I,SC/231/CR,Boki/Ikom,FC/078/CR,CROSS RIVER CENTRAL,SD/026/CR,CROSS RIVER
2077,OLULUMO,10,IKOM,11,IKOM I,SC/231/CR,Boki/Ikom,FC/078/CR,CROSS RIVER CENTRAL,SD/026/CR,CROSS RIVER
2078,YALA/NKUM,11,IKOM,11,IKOM I,SC/231/CR,Boki/Ikom,FC/078/CR,CROSS RIVER CENTRAL,SD/026/CR,CROSS RIVER
2079,BASSANG,01,OBANLIKU,12,OBANLEKU,SC/233/CR,Obanliku/Obudu/Bekwarra,FC/081/CR,CROSS RIVER NORTH,SD/025/CR,CROSS RIVER
2080,BEBI,02,OBANLIKU,12,OBANLEKU,SC/233/CR,Obanliku/Obudu/Bekwarra,FC/081/CR,CROSS RIVER NORTH,SD/025/CR,CROSS RIVER
2081,BECHEVE,03,OBANLIKU,12,OBANLEKU,SC/233/CR,Obanliku/Obudu/Bekwarra,FC/081/CR,CROSS RIVER NORTH,SD/025/CR,CROSS RIVER
2082,BENDI I,04,OBANLIKU,12,OBANLEKU,SC/233/CR,Obanliku/Obudu/Bekwarra,FC/081/CR,CROSS RIVER NORTH,SD/025/CR,CROSS RIVER
2083,BENDI II,05,OBANLIKU,12,OBANLEKU,SC/233/CR,Obanliku/Obudu/Bekwarra,FC/081/CR,CROSS RIVER NORTH,SD/025/CR,CROSS RIVER
2084,BISHIRI NORTH,06,OBANLIKU,12,OBANLEKU,SC/233/CR,Obanliku/Obudu/Bekwarra,FC/081/CR,CROSS RIVER NORTH,SD/025/CR,CROSS RIVER
2085,BISHIRI SOUTH,07,OBANLIKU,12,OBANLEKU,SC/233/CR,Obanliku/Obudu/Bekwarra,FC/081/CR,CROSS RIVER NORTH,SD/025/CR,CROSS RIVER
2086,BISU,08,OBANLIKU,12,OBANLEKU,SC/233/CR,Obanliku/Obudu/Bekwarra,FC/081/CR,CROSS RIVER NORTH,SD/025/CR,CROSS RIVER
2087,BUSI,09,OBANLIKU,12,OBANLEKU,SC/233/CR,Obanliku/Obudu/Bekwarra,FC/081/CR,CROSS RIVER NORTH,SD/025/CR,CROSS RIVER
2088,UTANGA,10,OBANLIKU,12,OBANLEKU,SC/233/CR,Obanliku/Obudu/Bekwarra,FC/081/CR,CROSS RIVER NORTH,SD/025/CR,CROSS RIVER
2089,ABABENE,01,OBUBRA,13,OBUBRA II,SC/235/CR,Obubra/Etung,FC/082/CR,CROSS RIVER CENTRAL,SD/026/CR,CROSS RIVER
2090,APIAPUM,02,OBUBRA,13,OBUBRA II,SC/235/CR,Obubra/Etung,FC/082/CR,CROSS RIVER CENTRAL,SD/026/CR,CROSS RIVER
2091,IYAMOYONG,03,OBUBRA,13,OBUBRA II,SC/235/CR,Obubra/Etung,FC/082/CR,CROSS RIVER CENTRAL,SD/026/CR,CROSS RIVER
2092,OBUBRA URBAN,04,OBUBRA,13,OBUBRA I,SC/234/CR,Obubra/Etung,FC/082/CR,CROSS RIVER CENTRAL,SD/026/CR,CROSS RIVER
2093,OCHON,05,OBUBRA,13,OBUBRA II,SC/235/CR,Obubra/Etung,FC/082/CR,CROSS RIVER CENTRAL,SD/026/CR,CROSS RIVER
2094,OFAT,06,OBUBRA,13,OBUBRA II,SC/235/CR,Obubra/Etung,FC/082/CR,CROSS RIVER CENTRAL,SD/026/CR,CROSS RIVER
2095,OFODUA,07,OBUBRA,13,OBUBRA II,SC/235/CR,Obubra/Etung,FC/082/CR,CROSS RIVER CENTRAL,SD/026/CR,CROSS RIVER
2096,OFUMBONGHA/YALA,08,OBUBRA,13,OBUBRA I,SC/234/CR,Obubra/Etung,FC/082/CR,CROSS RIVER CENTRAL,SD/026/CR,CROSS RIVER
2097,OSOPONG I,09,OBUBRA,13,OBUBRA I,SC/234/CR,Obubra/Etung,FC/082/CR,CROSS RIVER CENTRAL,SD/026/CR,CROSS RIVER
2098,OSOPONG II,10,OBUBRA,13,OBUBRA I,SC/234/CR,Obubra/Etung,FC/082/CR,CROSS RIVER CENTRAL,SD/026/CR,CROSS RIVER
2099,OVONUM,11,OBUBRA,13,OBUBRA II,SC/235/CR,Obubra/Etung,FC/082/CR,CROSS RIVER CENTRAL,SD/026/CR,CROSS RIVER
2100,ALEGE/UBANG,01,OBUDU,14,OBUDU,SC/236/CR,Obanliku/Obudu/Bekwarra,FC/081/CR,CROSS RIVER NORTH,SD/025/CR,CROSS RIVER
2101,ANGIABA/BEGIAKA,02,OBUDU,14,OBUDU,SC/236/CR,Obanliku/Obudu/Bekwarra,FC/081/CR,CROSS RIVER NORTH,SD/025/CR,CROSS RIVER
2102,BEGIADING,03,OBUDU,14,OBUDU,SC/236/CR,Obanliku/Obudu/Bekwarra,FC/081/CR,CROSS RIVER NORTH,SD/025/CR,CROSS RIVER
2103,IPONG,04,OBUDU,14,OBUDU,SC/236/CR,Obanliku/Obudu/Bekwarra,FC/081/CR,CROSS RIVER NORTH,SD/025/CR,CROSS RIVER
2104,OBUDU URBAN I,05,OBUDU,14,OBUDU,SC/236/CR,Obanliku/Obudu/Bekwarra,FC/081/CR,CROSS RIVER NORTH,SD/025/CR,CROSS RIVER
2105,UBUDU URBAN II,06,OBUDU,14,OBUDU,SC/236/CR,Obanliku/Obudu/Bekwarra,FC/081/CR,CROSS RIVER NORTH,SD/025/CR,CROSS RIVER
2106,UKPE,07,OBUDU,14,OBUDU,SC/236/CR,Obanliku/Obudu/Bekwarra,FC/081/CR,CROSS RIVER NORTH,SD/025/CR,CROSS RIVER
2107,UTUGWANG CENTRAL,08,OBUDU,14,OBUDU,SC/236/CR,Obanliku/Obudu/Bekwarra,FC/081/CR,CROSS RIVER NORTH,SD/025/CR,CROSS RIVER
2108,UTUGWANG NORTH,09,OBUDU,14,OBUDU,SC/236/CR,Obanliku/Obudu/Bekwarra,FC/081/CR,CROSS RIVER NORTH,SD/025/CR,CROSS RIVER
2109,UTUGWANG SOUTH,10,OBUDU,14,OBUDU,SC/236/CR,Obanliku/Obudu/Bekwarra,FC/081/CR,CROSS RIVER NORTH,SD/025/CR,CROSS RIVER
2110,ADIABO/EFUT,01,ODUKPANI,15,ODUKPANI,SC/237/CR,Calabar Municipal/Odukpani,FC/080/CR,CROSS RIVER SOUTH,SD/027/CR,CROSS RIVER
2111,AKAMKPA,02,ODUKPANI,15,ODUKPANI,SC/237/CR,Calabar Municipal/Odukpani,FC/080/CR,CROSS RIVER SOUTH,SD/027/CR,CROSS RIVER
2112,CREEK TOWN I,03,ODUKPANI,15,ODUKPANI,SC/237/CR,Calabar Municipal/Odukpani,FC/080/CR,CROSS RIVER SOUTH,SD/027/CR,CROSS RIVER
2113,CREEK TOWN II,04,ODUKPANI,15,ODUKPANI,SC/237/CR,Calabar Municipal/Odukpani,FC/080/CR,CROSS RIVER SOUTH,SD/027/CR,CROSS RIVER
2114,EKORI/ANAKU,05,ODUKPANI,15,ODUKPANI,SC/237/CR,Calabar Municipal/Odukpani,FC/080/CR,CROSS RIVER SOUTH,SD/027/CR,CROSS RIVER
2115,ENIONG,06,ODUKPANI,15,ODUKPANI,SC/237/CR,Calabar Municipal/Odukpani,FC/080/CR,CROSS RIVER SOUTH,SD/027/CR,CROSS RIVER
2116,EKI,07,ODUKPANI,15,ODUKPANI,SC/237/CR,Calabar Municipal/Odukpani,FC/080/CR,CROSS RIVER SOUTH,SD/027/CR,CROSS RIVER
2117,OBOMITIAT/MBIABO/EDIONG,08,ODUKPANI,15,ODUKPANI,SC/237/CR,Calabar Municipal/Odukpani,FC/080/CR,CROSS RIVER SOUTH,SD/027/CR,CROSS RIVER
2118,ODOT,09,ODUKPANI,15,ODUKPANI,SC/237/CR,Calabar Municipal/Odukpani,FC/080/CR,CROSS RIVER SOUTH,SD/027/CR,CROSS RIVER
2119,ODUKPANI CENTRAL,10,ODUKPANI,15,ODUKPANI,SC/237/CR,Calabar Municipal/Odukpani,FC/080/CR,CROSS RIVER SOUTH,SD/027/CR,CROSS RIVER
2120,ONIMAN-KIONG,11,ODUKPANI,15,ODUKPANI,SC/237/CR,Calabar Municipal/Odukpani,FC/080/CR,CROSS RIVER SOUTH,SD/027/CR,CROSS RIVER
2121,IKONETO,12,ODUKPANI,15,ODUKPANI,SC/237/CR,Calabar Municipal/Odukpani,FC/080/CR,CROSS RIVER SOUTH,SD/027/CR,CROSS RIVER
2122,ITO/IDERE/UKWA,13,ODUKPANI,15,ODUKPANI,SC/237/CR,Calabar Municipal/Odukpani,FC/080/CR,CROSS RIVER SOUTH,SD/027/CR,CROSS RIVER
2123,EKAJUK I,01,OGOJA,16,OGOJA,SC/238/CR,Ogoja/Yala,FC/083/CR,CROSS RIVER NORTH,SD/025/CR,CROSS RIVER
2124,EKAJUK II,02,OGOJA,16,OGOJA,SC/238/CR,Ogoja/Yala,FC/083/CR,CROSS RIVER NORTH,SD/025/CR,CROSS RIVER
2125,MBUBE EAST I,03,OGOJA,16,OGOJA,SC/238/CR,Ogoja/Yala,FC/083/CR,CROSS RIVER NORTH,SD/025/CR,CROSS RIVER
2126,MBUBE EAST II,04,OGOJA,16,OGOJA,SC/238/CR,Ogoja/Yala,FC/083/CR,CROSS RIVER NORTH,SD/025/CR,CROSS RIVER
2127,MBUBE WEST I,05,OGOJA,16,OGOJA,SC/238/CR,Ogoja/Yala,FC/083/CR,CROSS RIVER NORTH,SD/025/CR,CROSS RIVER
2128,MBUBE WEST II,06,OGOJA,16,OGOJA,SC/238/CR,Ogoja/Yala,FC/083/CR,CROSS RIVER NORTH,SD/025/CR,CROSS RIVER
2129,NKUM IBOR,07,OGOJA,16,OGOJA,SC/238/CR,Ogoja/Yala,FC/083/CR,CROSS RIVER NORTH,SD/025/CR,CROSS RIVER
2130,NKUM IREDE,08,OGOJA,16,OGOJA,SC/238/CR,Ogoja/Yala,FC/083/CR,CROSS RIVER NORTH,SD/025/CR,CROSS RIVER
2131,OGOJA URBAN I,09,OGOJA,16,OGOJA,SC/238/CR,Ogoja/Yala,FC/083/CR,CROSS RIVER NORTH,SD/025/CR,CROSS RIVER
2132,OGOJA URBAN II,10,OGOJA,16,OGOJA,SC/238/CR,Ogoja/Yala,FC/083/CR,CROSS RIVER NORTH,SD/025/CR,CROSS RIVER
2133,AFREKPE/EKPENTI,01,YAKURR,17,YAKURR I,SC/239/CR,Yakurr/Abi,FC/076/CR,CROSS RIVER CENTRAL,SD/026/CR,CROSS RIVER
2134,AJERE,02,YAKURR,17,YAKURR I,SC/239/CR,Yakurr/Abi,FC/076/CR,CROSS RIVER CENTRAL,SD/026/CR,CROSS RIVER
2135,ASSIGA,03,YAKURR,17,YAKURR II,SC/240/CR,Yakurr/Abi,FC/076/CR,CROSS RIVER CENTRAL,SD/026/CR,CROSS RIVER
2136,BIKO BIKO,04,YAKURR,17,YAKURR I,SC/239/CR,Yakurr/Abi,FC/076/CR,CROSS RIVER CENTRAL,SD/026/CR,CROSS RIVER
2137,IDOM,05,YAKURR,17,YAKURR I,SC/239/CR,Yakurr/Abi,FC/076/CR,CROSS RIVER CENTRAL,SD/026/CR,CROSS RIVER
2138,IJIMAN,06,YAKURR,17,YAKURR I,SC/239/CR,Yakurr/Abi,FC/076/CR,CROSS RIVER CENTRAL,SD/026/CR,CROSS RIVER
2139,IJOM,07,YAKURR,17,YAKURR I,SC/239/CR,Yakurr/Abi,FC/076/CR,CROSS RIVER CENTRAL,SD/026/CR,CROSS RIVER
2140,IKPKAPIT,08,YAKURR,17,YAKURR I,SC/239/CR,Yakurr/Abi,FC/076/CR,CROSS RIVER CENTRAL,SD/026/CR,CROSS RIVER
2141,INYIMA,09,YAKURR,17,YAKURR II,SC/240/CR,Yakurr/Abi,FC/076/CR,CROSS RIVER CENTRAL,SD/026/CR,CROSS RIVER
2142,MPKANI/AGOI,10,YAKURR,17,YAKURR II,SC/240/CR,Yakurr/Abi,FC/076/CR,CROSS RIVER CENTRAL,SD/026/CR,CROSS RIVER
2143,ABANAKPAI,11,YAKURR,17,YAKURR II,SC/240/CR,Yakurr/Abi,FC/076/CR,CROSS RIVER CENTRAL,SD/026/CR,CROSS RIVER
2144,NKPOLO/UKPAWEN,12,YAKURR,17,YAKURR II,SC/240/CR,Yakurr/Abi,FC/076/CR,CROSS RIVER CENTRAL,SD/026/CR,CROSS RIVER
2145,NTAN,13,YAKURR,17,YAKURR I,SC/239/CR,Yakurr/Abi,FC/076/CR,CROSS RIVER CENTRAL,SD/026/CR,CROSS RIVER
2146,ECHUMOFANA,01,YALA,18,YALA I,SC/241/CR,Ogoja/Yala,FC/083/CR,CROSS RIVER NORTH,SD/025/CR,CROSS RIVER
2147,GABU,02,YALA,18,YALA I,SC/241/CR,Ogoja/Yala,FC/083/CR,CROSS RIVER NORTH,SD/025/CR,CROSS RIVER
2148,IJIRAGA,03,YALA,18,YALA I,SC/241/CR,Ogoja/Yala,FC/083/CR,CROSS RIVER NORTH,SD/025/CR,CROSS RIVER
2149,NJRIGOM/MFUMA,04,YALA,18,YALA I,SC/241/CR,Ogoja/Yala,FC/083/CR,CROSS RIVER NORTH,SD/025/CR,CROSS RIVER
2150,IKPOMA,05,YALA,18,YALA I,SC/241/CR,Ogoja/Yala,FC/083/CR,CROSS RIVER NORTH,SD/025/CR,CROSS RIVER
2151,OKUKU,06,YALA,18,YALA I,SC/241/CR,Ogoja/Yala,FC/083/CR,CROSS RIVER NORTH,SD/025/CR,CROSS RIVER
2152,WANIHEM,07,YALA,18,YALA I,SC/241/CR,Ogoja/Yala,FC/083/CR,CROSS RIVER NORTH,SD/025/CR,CROSS RIVER
2153,WANIKADE,08,YALA,18,YALA I,SC/241/CR,Ogoja/Yala,FC/083/CR,CROSS RIVER NORTH,SD/025/CR,CROSS RIVER
2154,WANAKOM,09,YALA,18,YALA II,SC/242/CR,Ogoja/Yala,FC/083/CR,CROSS RIVER NORTH,SD/025/CR,CROSS RIVER
2155,YACHE,10,YALA,18,YALA II,SC/242/CR,Ogoja/Yala,FC/083/CR,CROSS RIVER NORTH,SD/025/CR,CROSS RIVER
2156,YAHE,11,YALA,18,YALA II,SC/242/CR,Ogoja/Yala,FC/083/CR,CROSS RIVER NORTH,SD/025/CR,CROSS RIVER
,,12,YALA,18,YALA II,SC/242/CR,Ogoja/Yala,FC/083/CR,CROSS RIVER NORTH,SD/025/CR,
,,13,YALA,18,YALA II,SC/242/CR,Ogoja/Yala,FC/083/CR,CROSS RIVER NORTH,SD/025/CR,
,,14,YALA,18,YALA II,SC/242/CR,Ogoja/Yala,FC/083/CR,CROSS RIVER NORTH,SD/025/CR,
2157,OBIOR,01,ANIOCHA NORTH,01,ANIOCHA NORTH,SC/243/DT,Aniocha North/Aniocha South/ Oshimili North & South,FC/084/DT,DELTA NORTH,SD/029/DT,DELTA
2158,ONICHA-UGBO,02,ANIOCHA NORTH,01,ANIOCHA NORTH,SC/243/DT,Aniocha North/Aniocha South/ Oshimili North & South,FC/084/DT,DELTA NORTH,SD/029/DT,DELTA
2159,OBAMKPA,03,ANIOCHA NORTH,01,ANIOCHA NORTH,SC/243/DT,Aniocha North/Aniocha South/ Oshimili North & South,FC/084/DT,DELTA NORTH,SD/029/DT,DELTA
2160,ONICHA-OLONA,04,ANIOCHA NORTH,01,ANIOCHA NORTH,SC/243/DT,Aniocha North/Aniocha South/ Oshimili North & South,FC/084/DT,DELTA NORTH,SD/029/DT,DELTA
2161,ISSELE-AZAGBA,05,ANIOCHA NORTH,01,ANIOCHA NORTH,SC/243/DT,Aniocha North/Aniocha South/ Oshimili North & South,FC/084/DT,DELTA NORTH,SD/029/DT,DELTA
2162,ISSELE-UKU I,06,ANIOCHA NORTH,01,ANIOCHA NORTH,SC/243/DT,Aniocha North/Aniocha South/ Oshimili North & South,FC/084/DT,DELTA NORTH,SD/029/DT,DELTA
2163,ISSELE-UKU II,07,ANIOCHA NORTH,01,ANIOCHA NORTH,SC/243/DT,Aniocha North/Aniocha South/ Oshimili North & South,FC/084/DT,DELTA NORTH,SD/029/DT,DELTA
2164,IDUMUJE-UNOR,08,ANIOCHA NORTH,01,ANIOCHA NORTH,SC/243/DT,Aniocha North/Aniocha South/ Oshimili North & South,FC/084/DT,DELTA NORTH,SD/029/DT,DELTA
2165,UKWU-NZU,09,ANIOCHA NORTH,01,ANIOCHA NORTH,SC/243/DT,Aniocha North/Aniocha South/ Oshimili North & South,FC/084/DT,DELTA NORTH,SD/029/DT,DELTA
2166,EZI,10,ANIOCHA NORTH,01,ANIOCHA NORTH,SC/243/DT,Aniocha North/Aniocha South/ Oshimili North & South,FC/084/DT,DELTA NORTH,SD/029/DT,DELTA
2167,OGWASHI-UKU VILLAGE,01,ANIOCHA SOUTH,02,ANIOCHA SOUTH,SC/244/DT,Aniocha North/Aniocha South/ Oshimili North & South,FC/084/DT,DELTA NORTH,SD/029/DT,DELTA
2168,OGWASHI-UKU I,02,ANIOCHA SOUTH,02,ANIOCHA SOUTH,SC/244/DT,Aniocha North/Aniocha South/ Oshimili North & South,FC/084/DT,DELTA NORTH,SD/029/DT,DELTA
2169,OGWASHI-UKU II,03,ANIOCHA SOUTH,02,ANIOCHA SOUTH,SC/244/DT,Aniocha North/Aniocha South/ Oshimili North & South,FC/084/DT,DELTA NORTH,SD/029/DT,DELTA
2170,UBULU-KU I,04,ANIOCHA SOUTH,02,ANIOCHA SOUTH,SC/244/DT,Aniocha North/Aniocha South/ Oshimili North & South,FC/084/DT,DELTA NORTH,SD/029/DT,DELTA
2171,UBULU-KU II,05,ANIOCHA SOUTH,02,ANIOCHA SOUTH,SC/244/DT,Aniocha North/Aniocha South/ Oshimili North & South,FC/084/DT,DELTA NORTH,SD/029/DT,DELTA
2172,UBULU-UNOR,06,ANIOCHA SOUTH,02,ANIOCHA SOUTH,SC/244/DT,Aniocha North/Aniocha South/ Oshimili North & South,FC/084/DT,DELTA NORTH,SD/029/DT,DELTA
2173,NSUKWA,07,ANIOCHA SOUTH,02,ANIOCHA SOUTH,SC/244/DT,Aniocha North/Aniocha South/ Oshimili North & South,FC/084/DT,DELTA NORTH,SD/029/DT,DELTA
2174,EJEME,08,ANIOCHA SOUTH,02,ANIOCHA SOUTH,SC/244/DT,Aniocha North/Aniocha South/ Oshimili North & South,FC/084/DT,DELTA NORTH,SD/029/DT,DELTA
2175,ISHEAGU/EWULU,09,ANIOCHA SOUTH,02,ANIOCHA SOUTH,SC/244/DT,Aniocha North/Aniocha South/ Oshimili North & South,FC/084/DT,DELTA NORTH,SD/029/DT,DELTA
2176,ABA-UNOR,10,ANIOCHA SOUTH,02,ANIOCHA SOUTH,SC/244/DT,Aniocha North/Aniocha South/ Oshimili North & South,FC/084/DT,DELTA NORTH,SD/029/DT,DELTA
2177,UBULU OKITI,11,ANIOCHA SOUTH,02,ANIOCHA SOUTH,SC/244/DT,Aniocha North/Aniocha South/ Oshimili North & South,FC/084/DT,DELTA NORTH,SD/029/DT,DELTA
2178,BOMADI,01,BOMADI,03,BOMADI,SC/245/DT,Bomadi/Patani,FC/085/DT,DELTA SOUTH,SD/030/DT,DELTA
2179,KPAKIAMA,02,BOMADI,03,BOMADI,SC/245/DT,Bomadi/Patani,FC/085/DT,DELTA SOUTH,SD/030/DT,DELTA
2180,SYAMA,03,BOMADI,03,BOMADI,SC/245/DT,Bomadi/Patani,FC/085/DT,DELTA SOUTH,SD/030/DT,DELTA
2181,OGRIAGBENE,04,BOMADI,03,BOMADI,SC/245/DT,Bomadi/Patani,FC/085/DT,DELTA SOUTH,SD/030/DT,DELTA
2182,KOLOFIOGBENE/EKEMET AGBENE,05,BOMADI,03,BOMADI,SC/245/DT,Bomadi/Patani,FC/085/DT,DELTA SOUTH,SD/030/DT,DELTA
2183,OGBEINAMA/OKOLOBA,06,BOMADI,03,BOMADI,SC/245/DT,Bomadi/Patani,FC/085/DT,DELTA SOUTH,SD/030/DT,DELTA
2184,AKUGBENE I,07,BOMADI,03,BOMADI,SC/245/DT,Bomadi/Patani,FC/085/DT,DELTA SOUTH,SD/030/DT,DELTA
2185,AKUGBENE II,08,BOMADI,03,BOMADI,SC/245/DT,Bomadi/Patani,FC/085/DT,DELTA SOUTH,SD/030/DT,DELTA
2186,AKUGBENE III,09,BOMADI,03,BOMADI,SC/245/DT,Bomadi/Patani,FC/085/DT,DELTA SOUTH,SD/030/DT,DELTA
2187,OGO-EZE,10,BOMADI,03,BOMADI,SC/245/DT,Bomadi/Patani,FC/085/DT,DELTA SOUTH,SD/030/DT,DELTA
2188,TORUGBENE,01,BURUTU,04,BURUTU ,SC/246/DT,Burutu,FC/091/DT,DELTA SOUTH,SD/030/DT,DELTA
2189,TAMIGBE,02,BURUTU,04,BURUTU ,SC/246/DT,Burutu,FC/091/DT,DELTA SOUTH,SD/030/DT,DELTA
2190,TUOMO,03,BURUTU,04,BURUTU ,SC/246/DT,Burutu,FC/091/DT,DELTA SOUTH,SD/030/DT,DELTA
2191,SEIBIRI,04,BURUTU,04,BURUTU ,SC/246/DT,Burutu,FC/091/DT,DELTA SOUTH,SD/030/DT,DELTA
2192,OJOBO,05,BURUTU,04,BURUTU ,SC/246/DT,Burutu,FC/091/DT,DELTA SOUTH,SD/030/DT,DELTA
2193,BULOU-NDORO,06,BURUTU,04,BURUTU ,SC/246/DT,Burutu,FC/091/DT,DELTA SOUTH,SD/030/DT,DELTA
2194,NGBILEBIRI I,07,BURUTU,04,BURUTU NORTH,SC/247/DT,Burutu,FC/091/DT,DELTA SOUTH,SD/030/DT,DELTA
2195,NGBILEBIRI II,08,BURUTU,04,BURUTU NORTH,SC/247/DT,Burutu,FC/091/DT,DELTA SOUTH,SD/030/DT,DELTA
2196,OGBOLUBIRI,09,BURUTU,04,BURUTU NORTH,SC/247/DT,Burutu,FC/091/DT,DELTA SOUTH,SD/030/DT,DELTA
2197,OBOTEBE,10,BURUTU,04,BURUTU NORTH,SC/247/DT,Burutu,FC/091/DT,DELTA SOUTH,SD/030/DT,DELTA
2198,OGULAGHA,11,BURUTU,04,BURUTU NORTH,SC/247/DT,Burutu,FC/091/DT,DELTA SOUTH,SD/030/DT,DELTA
2199,ABRAKA I,01,ETHIOPE- EAST,05,ETHIOPE EAST,SC/248/DT,Ethiope East/Ethiope West,FC/086/DT,DELTA CENTRAL,SD/028/DT,DELTA
2200,ABRAKA II,02,ETHIOPE- EAST,05,ETHIOPE EAST,SC/248/DT,Ethiope East/Ethiope West,FC/086/DT,DELTA CENTRAL,SD/028/DT,DELTA
2201,ABRAKA III,03,ETHIOPE- EAST,05,ETHIOPE EAST,SC/248/DT,Ethiope East/Ethiope West,FC/086/DT,DELTA CENTRAL,SD/028/DT,DELTA
2202,AGBON I,04,ETHIOPE- EAST,05,ETHIOPE EAST,SC/248/DT,Ethiope East/Ethiope West,FC/086/DT,DELTA CENTRAL,SD/028/DT,DELTA
2203,AGBON II,05,ETHIOPE- EAST,05,ETHIOPE EAST,SC/248/DT,Ethiope East/Ethiope West,FC/086/DT,DELTA CENTRAL,SD/028/DT,DELTA
2204,AGBON III,06,ETHIOPE- EAST,05,ETHIOPE EAST,SC/248/DT,Ethiope East/Ethiope West,FC/086/DT,DELTA CENTRAL,SD/028/DT,DELTA
2205,AGBON IV,07,ETHIOPE- EAST,05,ETHIOPE EAST,SC/248/DT,Ethiope East/Ethiope West,FC/086/DT,DELTA CENTRAL,SD/028/DT,DELTA
2206,AGBON V,08,ETHIOPE- EAST,05,ETHIOPE EAST,SC/248/DT,Ethiope East/Ethiope West,FC/086/DT,DELTA CENTRAL,SD/028/DT,DELTA
2207,AGBON VI,09,ETHIOPE- EAST,05,ETHIOPE EAST,SC/248/DT,Ethiope East/Ethiope West,FC/086/DT,DELTA CENTRAL,SD/028/DT,DELTA
2208,AGBON VII,10,ETHIOPE- EAST,05,ETHIOPE EAST,SC/248/DT,Ethiope East/Ethiope West,FC/086/DT,DELTA CENTRAL,SD/028/DT,DELTA
2209,AGBON VIII,11,ETHIOPE- EAST,05,ETHIOPE EAST,SC/248/DT,Ethiope East/Ethiope West,FC/086/DT,DELTA CENTRAL,SD/028/DT,DELTA
2210,MOSOGAR I,01,ETHIOPE- WEST,06,ETHIOPE WEST,SC/249/DT,Ethiope East/Ethiope West,FC/086/DT,DELTA CENTRAL,SD/028/DT,DELTA
2211,MOSOGAR II,02,ETHIOPE- WEST,06,ETHIOPE WEST,SC/249/DT,Ethiope East/Ethiope West,FC/086/DT,DELTA CENTRAL,SD/028/DT,DELTA
2212,JESSE I,03,ETHIOPE- WEST,06,ETHIOPE WEST,SC/249/DT,Ethiope East/Ethiope West,FC/086/DT,DELTA CENTRAL,SD/028/DT,DELTA
2213,JESSE II,04,ETHIOPE- WEST,06,ETHIOPE WEST,SC/249/DT,Ethiope East/Ethiope West,FC/086/DT,DELTA CENTRAL,SD/028/DT,DELTA
2214,JESSE III,05,ETHIOPE- WEST,06,ETHIOPE WEST,SC/249/DT,Ethiope East/Ethiope West,FC/086/DT,DELTA CENTRAL,SD/028/DT,DELTA
2215,JESSE IV,06,ETHIOPE- WEST,06,ETHIOPE WEST,SC/249/DT,Ethiope East/Ethiope West,FC/086/DT,DELTA CENTRAL,SD/028/DT,DELTA
2216,OGHARA I,07,ETHIOPE- WEST,06,ETHIOPE WEST,SC/249/DT,Ethiope East/Ethiope West,FC/086/DT,DELTA CENTRAL,SD/028/DT,DELTA
2217,OGHARA II,08,ETHIOPE- WEST,06,ETHIOPE WEST,SC/249/DT,Ethiope East/Ethiope West,FC/086/DT,DELTA CENTRAL,SD/028/DT,DELTA
2218,OGHARA III,09,ETHIOPE- WEST,06,ETHIOPE WEST,SC/249/DT,Ethiope East/Ethiope West,FC/086/DT,DELTA CENTRAL,SD/028/DT,DELTA
2219,OGHARA IV,10,ETHIOPE- WEST,06,ETHIOPE WEST,SC/249/DT,Ethiope East/Ethiope West,FC/086/DT,DELTA CENTRAL,SD/028/DT,DELTA
2220,OGHARA V,11,ETHIOPE- WEST,06,ETHIOPE WEST,SC/249/DT,Ethiope East/Ethiope West,FC/086/DT,DELTA CENTRAL,SD/028/DT,DELTA
2221,OWA I,01,IKA NORTH-EAST,07,IKA NORTH EAST,SC/250/DT,Ika North East/Ika South,FC/087/DT,DELTA NORTH,SD/029/DT,DELTA
2222,OWA II,02,IKA NORTH-EAST,07,IKA NORTH EAST,SC/250/DT,Ika North East/Ika South,FC/087/DT,DELTA NORTH,SD/029/DT,DELTA
2223,OWA III,03,IKA NORTH-EAST,07,IKA NORTH EAST,SC/250/DT,Ika North East/Ika South,FC/087/DT,DELTA NORTH,SD/029/DT,DELTA
2224,OWA IV,04,IKA NORTH-EAST,07,IKA NORTH EAST,SC/250/DT,Ika North East/Ika South,FC/087/DT,DELTA NORTH,SD/029/DT,DELTA
2225,OWA V,05,IKA NORTH-EAST,07,IKA NORTH EAST,SC/250/DT,Ika North East/Ika South,FC/087/DT,DELTA NORTH,SD/029/DT,DELTA
2226,OWA VI,06,IKA NORTH-EAST,07,IKA NORTH EAST,SC/250/DT,Ika North East/Ika South,FC/087/DT,DELTA NORTH,SD/029/DT,DELTA
2227,AKUMAZI,07,IKA NORTH-EAST,07,IKA NORTH EAST,SC/250/DT,Ika North East/Ika South,FC/087/DT,DELTA NORTH,SD/029/DT,DELTA
2228,IGBODO,08,IKA NORTH-EAST,07,IKA NORTH EAST,SC/250/DT,Ika North East/Ika South,FC/087/DT,DELTA NORTH,SD/029/DT,DELTA
2229,UTE-OKPU,09,IKA NORTH-EAST,07,IKA NORTH EAST,SC/250/DT,Ika North East/Ika South,FC/087/DT,DELTA NORTH,SD/029/DT,DELTA
2230,IDUMUESAH,10,IKA NORTH-EAST,07,IKA NORTH EAST,SC/250/DT,Ika North East/Ika South,FC/087/DT,DELTA NORTH,SD/029/DT,DELTA
2231,UMUNEDE,11,IKA NORTH-EAST,07,IKA NORTH EAST,SC/250/DT,Ika North East/Ika South,FC/087/DT,DELTA NORTH,SD/029/DT,DELTA
2232,MBIRI,12,IKA NORTH-EAST,07,IKA NORTH EAST,SC/250/DT,Ika North East/Ika South,FC/087/DT,DELTA NORTH,SD/029/DT,DELTA
2233,UTE-OGBEJE,13,IKA NORTH-EAST,07,IKA NORTH EAST,SC/250/DT,Ika North East/Ika South,FC/087/DT,DELTA NORTH,SD/029/DT,DELTA
2234,OTOLOKPO,14,IKA NORTH-EAST,07,IKA NORTH EAST,SC/250/DT,Ika North East/Ika South,FC/087/DT,DELTA NORTH,SD/029/DT,DELTA
2235,AGBOR TOWN I,01,IKA-SOUTH,08,IKA SOUTH,SC/252/DT,Ika North East/Ika South,FC/087/DT,DELTA NORTH,SD/029/DT,DELTA
2236,AGBOR TOWN II,02,IKA-SOUTH,08,IKA SOUTH,SC/252/DT,Ika North East/Ika South,FC/087/DT,DELTA NORTH,SD/029/DT,DELTA
2237,IHUOZOMOR (OZONOGOGO ALISIMIE),03,IKA-SOUTH,08,IKA SOUTH,SC/252/DT,Ika North East/Ika South,FC/087/DT,DELTA NORTH,SD/029/DT,DELTA
2238,IHUIYASE I,04,IKA-SOUTH,08,IKA SOUTH,SC/252/DT,Ika North East/Ika South,FC/087/DT,DELTA NORTH,SD/029/DT,DELTA
2239,EKUKU-AGBOR,05,IKA-SOUTH,08,IKA SOUTH,SC/252/DT,Ika North East/Ika South,FC/087/DT,DELTA NORTH,SD/029/DT,DELTA
2240,IHUIYASE II,06,IKA-SOUTH,08,IKA SOUTH,SC/252/DT,Ika North East/Ika South,FC/087/DT,DELTA NORTH,SD/029/DT,DELTA
2241,BOJI-BOJI I,07,IKA-SOUTH,08,IKA SOUTH,SC/252/DT,Ika North East/Ika South,FC/087/DT,DELTA NORTH,SD/029/DT,DELTA
2242,BOJI-BOJI II,08,IKA-SOUTH,08,IKA SOUTH,SC/252/DT,Ika North East/Ika South,FC/087/DT,DELTA NORTH,SD/029/DT,DELTA
2243,BOJI-BOJI III,09,IKA-SOUTH,08,IKA SOUTH,SC/252/DT,Ika North East/Ika South,FC/087/DT,DELTA NORTH,SD/029/DT,DELTA
2244,ABAVO I,10,IKA-SOUTH,08,IKA SOUTH,SC/252/DT,Ika North East/Ika South,FC/087/DT,DELTA NORTH,SD/029/DT,DELTA
2245,ABAVO II,11,IKA-SOUTH,08,IKA SOUTH,SC/252/DT,Ika North East/Ika South,FC/087/DT,DELTA NORTH,SD/029/DT,DELTA
2246,ABAVO III,12,IKA-SOUTH,08,IKA SOUTH,SC/252/DT,Ika North East/Ika South,FC/087/DT,DELTA NORTH,SD/029/DT,DELTA
2247,IYEDE I,01,ISOKO- NORTH,09,ISOKO NORTH,SC/252/DT,Isoko North/Isoko South,FC/088/DT,DELTA SOUTH,SD/030/DT,DELTA
2248,IYEDE II,02,ISOKO- NORTH,09,ISOKO NORTH,SC/252/DT,Isoko North/Isoko South,FC/088/DT,DELTA SOUTH,SD/030/DT,DELTA
2249,ELLU,03,ISOKO- NORTH,09,ISOKO NORTH,SC/252/DT,Isoko North/Isoko South,FC/088/DT,DELTA SOUTH,SD/030/DT,DELTA
2250,OFAGBE,04,ISOKO- NORTH,09,ISOKO NORTH,SC/252/DT,Isoko North/Isoko South,FC/088/DT,DELTA SOUTH,SD/030/DT,DELTA
2251,ILUELOGBO,05,ISOKO- NORTH,09,ISOKO NORTH,SC/252/DT,Isoko North/Isoko South,FC/088/DT,DELTA SOUTH,SD/030/DT,DELTA
2252,OWHE/AKIEHWE,06,ISOKO- NORTH,09,ISOKO NORTH,SC/252/DT,Isoko North/Isoko South,FC/088/DT,DELTA SOUTH,SD/030/DT,DELTA
2253,EMEVOR,07,ISOKO- NORTH,09,ISOKO NORTH,SC/252/DT,Isoko North/Isoko South,FC/088/DT,DELTA SOUTH,SD/030/DT,DELTA
2254,OKPE-ISOKO,08,ISOKO- NORTH,09,ISOKO NORTH,SC/252/DT,Isoko North/Isoko South,FC/088/DT,DELTA SOUTH,SD/030/DT,DELTA
2255,OZORO I,09,ISOKO- NORTH,09,ISOKO NORTH,SC/252/DT,Isoko North/Isoko South,FC/088/DT,DELTA SOUTH,SD/030/DT,DELTA
2256,OZORO II,10,ISOKO- NORTH,09,ISOKO NORTH,SC/252/DT,Isoko North/Isoko South,FC/088/DT,DELTA SOUTH,SD/030/DT,DELTA
2257,OZORO III,11,ISOKO- NORTH,09,ISOKO NORTH,SC/252/DT,Isoko North/Isoko South,FC/088/DT,DELTA SOUTH,SD/030/DT,DELTA
2258,OYEDE,12,ISOKO- NORTH,09,ISOKO NORTH,SC/252/DT,Isoko North/Isoko South,FC/088/DT,DELTA SOUTH,SD/030/DT,DELTA
2259,OTIBIO,13,ISOKO- NORTH,09,ISOKO NORTH,SC/252/DT,Isoko North/Isoko South,FC/088/DT,DELTA SOUTH,SD/030/DT,DELTA
2260,OLEH I,01,ISOKO- SOUTH,10,ISOKO SOUTH I,SC/253/DT,Isoko North/Isoko South,FC/088/DT,DELTA SOUTH,SD/030/DT,DELTA
2261,OLEH II,02,ISOKO- SOUTH,10,ISOKO SOUTH I,SC/253/DT,Isoko North/Isoko South,FC/088/DT,DELTA SOUTH,SD/030/DT,DELTA
2262,AVIARA,03,ISOKO- SOUTH,10,ISOKO SOUTH II,SC/254/DT,Isoko North/Isoko South,FC/088/DT,DELTA SOUTH,SD/030/DT,DELTA
2263,UZERE,04,ISOKO- SOUTH,10,ISOKO SOUTH II,SC/254/DT,Isoko North/Isoko South,FC/088/DT,DELTA SOUTH,SD/030/DT,DELTA
2264,EMEDE,05,ISOKO- SOUTH,10,ISOKO SOUTH I,SC/253/DT,Isoko North/Isoko South,FC/088/DT,DELTA SOUTH,SD/030/DT,DELTA
2265,OLOMORO,06,ISOKO- SOUTH,10,ISOKO SOUTH II,SC/254/DT,Isoko North/Isoko South,FC/088/DT,DELTA SOUTH,SD/030/DT,DELTA
2266,IGBIDE/OWODOKPOKPO,07,ISOKO- SOUTH,10,ISOKO SOUTH II,SC/254/DT,Isoko North/Isoko South,FC/088/DT,DELTA SOUTH,SD/030/DT,DELTA
2267,EROHWA/UMEH,08,ISOKO- SOUTH,10,ISOKO SOUTH II,SC/254/DT,Isoko North/Isoko South,FC/088/DT,DELTA SOUTH,SD/030/DT,DELTA
2268,ENHWE/OKPOLO,09,ISOKO- SOUTH,10,ISOKO SOUTH II,SC/254/DT,Isoko North/Isoko South,FC/088/DT,DELTA SOUTH,SD/030/DT,DELTA
2269,IRRI I,10,ISOKO- SOUTH,10,ISOKO SOUTH I,SC/253/DT,Isoko North/Isoko South,FC/088/DT,DELTA SOUTH,SD/030/DT,DELTA
2270,IRRI II,11,ISOKO- SOUTH,10,NDOKWA EAST,SC/255/DT,Isoko North/Isoko South,FC/088/DT,DELTA NORTH,SD/029/DT,DELTA
2271,OSSISSA,01,NDOKWA- EAST,11,NDOKWA EAST,SC/255/DT,Nkokwa East/Ndokwa West/ Ukwuani,FC/089/DT,DELTA NORTH,SD/029/DT,DELTA
2272,AFOR/OBIKWELE,02,NDOKWA- EAST,11,NDOKWA EAST,SC/255/DT,Nkokwa East/Ndokwa West/ Ukwuani,FC/089/DT,DELTA NORTH,SD/029/DT,DELTA
2273,ABARRA/INYI/ONUABOH,03,NDOKWA- EAST,11,NDOKWA EAST,SC/255/DT,Nkokwa East/Ndokwa West/ Ukwuani,FC/089/DT,DELTA NORTH,SD/029/DT,DELTA
2274,OKPAI/UTCHI/BENEKU,04,NDOKWA- EAST,11,NDOKWA EAST,SC/255/DT,Nkokwa East/Ndokwa West/ Ukwuani,FC/089/DT,DELTA NORTH,SD/029/DT,DELTA
2275,ABOH/AKARRAI,05,NDOKWA- EAST,11,NDOKWA EAST,SC/255/DT,Nkokwa East/Ndokwa West/ Ukwuani,FC/089/DT,DELTA NORTH,SD/029/DT,DELTA
2276,ONYI/ADIA/OUT/OKU/UMUOLU,06,NDOKWA- EAST,11,NDOKWA EAST,SC/255/DT,Nkokwa East/Ndokwa West/ Ukwuani,FC/089/DT,DELTA NORTH,SD/029/DT,DELTA
2277,ASE,07,NDOKWA- EAST,11,NDOKWA EAST,SC/255/DT,Nkokwa East/Ndokwa West/ Ukwuani,FC/089/DT,DELTA NORTH,SD/029/DT,DELTA
2278,IBEDENI,08,NDOKWA- EAST,11,NDOKWA EAST,SC/255/DT,Nkokwa East/Ndokwa West/ Ukwuani,FC/089/DT,DELTA NORTH,SD/029/DT,DELTA
2279,IBREDE/IGBUKU/ONOGBOKOR,09,NDOKWA- EAST,11,NDOKWA EAST,SC/255/DT,Nkokwa East/Ndokwa West/ Ukwuani,FC/089/DT,DELTA NORTH,SD/029/DT,DELTA
2280,ASHAKA,10,NDOKWA- EAST,11,NDOKWA EAST,SC/255/DT,Nkokwa East/Ndokwa West/ Ukwuani,FC/089/DT,DELTA NORTH,SD/029/DT,DELTA
2281,UTAGBA OGBE,01,NDOKWA- WEST,12,NDOKWA WEST,SC/256/DT,Nkokwa East/Ndokwa West/ Ukwuani,FC/089/DT,DELTA NORTH,SD/029/DT,DELTA
2282,UTAGBA UNO I,02,NDOKWA- WEST,12,NDOKWA WEST,SC/256/DT,Nkokwa East/Ndokwa West/ Ukwuani,FC/089/DT,DELTA NORTH,SD/029/DT,DELTA
2283,UTAGBA UNO II,03,NDOKWA- WEST,12,NDOKWA WEST,SC/256/DT,Nkokwa East/Ndokwa West/ Ukwuani,FC/089/DT,DELTA NORTH,SD/029/DT,DELTA
2284,UTAGBA III,04,NDOKWA- WEST,12,NDOKWA WEST,SC/256/DT,Nkokwa East/Ndokwa West/ Ukwuani,FC/089/DT,DELTA NORTH,SD/029/DT,DELTA
2285,ONICHA-UKWUANI,05,NDOKWA- WEST,12,NDOKWA WEST,SC/256/DT,Nkokwa East/Ndokwa West/ Ukwuani,FC/089/DT,DELTA NORTH,SD/029/DT,DELTA
2286,OGUME I,06,NDOKWA- WEST,12,NDOKWA WEST,SC/256/DT,Nkokwa East/Ndokwa West/ Ukwuani,FC/089/DT,DELTA NORTH,SD/029/DT,DELTA
2287,OGUME II,07,NDOKWA- WEST,12,NDOKWA WEST,SC/256/DT,Nkokwa East/Ndokwa West/ Ukwuani,FC/089/DT,DELTA NORTH,SD/029/DT,DELTA
2288,ABBI I,08,NDOKWA- WEST,12,NDOKWA WEST,SC/256/DT,Nkokwa East/Ndokwa West/ Ukwuani,FC/089/DT,DELTA NORTH,SD/029/DT,DELTA
2289,ABBII,09,NDOKWA- WEST,12,NDOKWA WEST,SC/256/DT,Nkokwa East/Ndokwa West/ Ukwuani,FC/089/DT,DELTA NORTH,SD/029/DT,DELTA
2290,EMU,10,NDOKWA- WEST,12,NDOKWA WEST,SC/256/DT,Nkokwa East/Ndokwa West/ Ukwuani,FC/089/DT,DELTA NORTH,SD/029/DT,DELTA
2291,OREROKPE,01,OKPE,13,OKPE,SC/257/DT,Okpe/Sapele/Uvwie,FC/090/DT,DELTA CENTRAL,SD/028/DT,DELTA
2292,OVIRI-OKPE,02,OKPE,13,OKPE,SC/257/DT,Okpe/Sapele/Uvwie,FC/090/DT,DELTA CENTRAL,SD/028/DT,DELTA
2293,OHA I,03,OKPE,13,OKPE,SC/257/DT,Okpe/Sapele/Uvwie,FC/090/DT,DELTA CENTRAL,SD/028/DT,DELTA
2294,OHA II,04,OKPE,13,OKPE,SC/257/DT,Okpe/Sapele/Uvwie,FC/090/DT,DELTA CENTRAL,SD/028/DT,DELTA
2295,AGBALOKPE,05,OKPE,13,OKPE,SC/257/DT,Okpe/Sapele/Uvwie,FC/090/DT,DELTA CENTRAL,SD/028/DT,DELTA
2296,ARAGBA TOWN,06,OKPE,13,OKPE,SC/257/DT,Okpe/Sapele/Uvwie,FC/090/DT,DELTA CENTRAL,SD/028/DT,DELTA
2297,MEREJE I,07,OKPE,13,OKPE,SC/257/DT,Okpe/Sapele/Uvwie,FC/090/DT,DELTA CENTRAL,SD/028/DT,DELTA
2298,MEREJE II,08,OKPE,13,OKPE,SC/257/DT,Okpe/Sapele/Uvwie,FC/090/DT,DELTA CENTRAL,SD/028/DT,DELTA
2299,MEREJE III,09,OKPE,13,OKPE,SC/257/DT,Okpe/Sapele/Uvwie,FC/090/DT,DELTA CENTRAL,SD/028/DT,DELTA
2300,UGBOTON,10,OKPE,13,OKPE,SC/257/DT,Okpe/Sapele/Uvwie,FC/090/DT,DELTA CENTRAL,SD/028/DT,DELTA
2301,AKWUKWU,01,OSHIMILI- NORTH,14,OSHIMILI NORTH,SC/258/DT,Aniocha North/Aniocha South/ Oshimili North & South,FC/084/DT,DELTA NORTH,SD/029/DT,DELTA
2302,EBU,02,OSHIMILI- NORTH,14,OSHIMILI NORTH,SC/258/DT,Aniocha North/Aniocha South/ Oshimili North & South,FC/084/DT,DELTA NORTH,SD/029/DT,DELTA
2303,ILLAH,03,OSHIMILI- NORTH,14,OSHIMILI NORTH,SC/258/DT,Aniocha North/Aniocha South/ Oshimili North & South,FC/084/DT,DELTA NORTH,SD/029/DT,DELTA
2304,IBUSA I,04,OSHIMILI- NORTH,14,OSHIMILI NORTH,SC/258/DT,Aniocha North/Aniocha South/ Oshimili North & South,FC/084/DT,DELTA NORTH,SD/029/DT,DELTA
2305,IBUSA II,05,OSHIMILI- NORTH,14,OSHIMILI NORTH,SC/258/DT,Aniocha North/Aniocha South/ Oshimili North & South,FC/084/DT,DELTA NORTH,SD/029/DT,DELTA
2306,IBUSA III,06,OSHIMILI- NORTH,14,OSHIMILI NORTH,SC/258/DT,Aniocha North/Aniocha South/ Oshimili North & South,FC/084/DT,DELTA NORTH,SD/029/DT,DELTA
2307,IBUSA IV,07,OSHIMILI- NORTH,14,OSHIMILI NORTH,SC/258/DT,Aniocha North/Aniocha South/ Oshimili North & South,FC/084/DT,DELTA NORTH,SD/029/DT,DELTA
2308,IBUSA V,08,OSHIMILI- NORTH,14,OSHIMILI NORTH,SC/258/DT,Aniocha North/Aniocha South/ Oshimili North & South,FC/084/DT,DELTA NORTH,SD/029/DT,DELTA
2309,OKPANAM,09,OSHIMILI- NORTH,14,OSHIMILI NORTH,SC/258/DT,Aniocha North/Aniocha South/ Oshimili North & South,FC/084/DT,DELTA NORTH,SD/029/DT,DELTA
2310,UKALA,10,OSHIMILI- NORTH,14,OSHIMILI NORTH,SC/258/DT,Aniocha North/Aniocha South/ Oshimili North & South,FC/084/DT,DELTA NORTH,SD/029/DT,DELTA
2311,OGBELE/AKPAKO,01,OSHIMILI- SOUTH,15,OSHIMILI SOUTH,SC/259/DT,Aniocha North/Aniocha South/ Oshimili North & South,FC/084/DT,DELTA NORTH,SD/029/DT,DELTA
2312,ANALA-AMAKOM,02,OSHIMILI- SOUTH,15,OSHIMILI SOUTH,SC/259/DT,Aniocha North/Aniocha South/ Oshimili North & South,FC/084/DT,DELTA NORTH,SD/029/DT,DELTA
2313,OKWE,03,OSHIMILI- SOUTH,15,OSHIMILI SOUTH,SC/259/DT,Aniocha North/Aniocha South/ Oshimili North & South,FC/084/DT,DELTA NORTH,SD/029/DT,DELTA
2314,UMUEZEI,04,OSHIMILI- SOUTH,15,OSHIMILI SOUTH,SC/259/DT,Aniocha North/Aniocha South/ Oshimili North & South,FC/084/DT,DELTA NORTH,SD/029/DT,DELTA
2315,UMUAJI,05,OSHIMILI- SOUTH,15,OSHIMILI SOUTH,SC/259/DT,Aniocha North/Aniocha South/ Oshimili North & South,FC/084/DT,DELTA NORTH,SD/029/DT,DELTA
2316,UMUONAJE,06,OSHIMILI- SOUTH,15,OSHIMILI SOUTH,SC/259/DT,Aniocha North/Aniocha South/ Oshimili North & South,FC/084/DT,DELTA NORTH,SD/029/DT,DELTA
2317,AGU,07,OSHIMILI- SOUTH,15,OSHIMILI SOUTH,SC/259/DT,Aniocha North/Aniocha South/ Oshimili North & South,FC/084/DT,DELTA NORTH,SD/029/DT,DELTA
2318,UGBOMANTA QUARTERS,08,OSHIMILI- SOUTH,15,OSHIMILI SOUTH,SC/259/DT,Aniocha North/Aniocha South/ Oshimili North & South,FC/084/DT,DELTA NORTH,SD/029/DT,DELTA
2319,WEST END,09,OSHIMILI- SOUTH,15,OSHIMILI SOUTH,SC/259/DT,Aniocha North/Aniocha South/ Oshimili North & South,FC/084/DT,DELTA NORTH,SD/029/DT,DELTA
2320,CABLE POINT I,10,OSHIMILI- SOUTH,15,OSHIMILI SOUTH,SC/259/DT,Aniocha North/Aniocha South/ Oshimili North & South,FC/084/DT,DELTA NORTH,SD/029/DT,DELTA
2321,CABLE POINT II,11,OSHIMILI- SOUTH,15,OSHIMILI SOUTH,SC/259/DT,Aniocha North/Aniocha South/ Oshimili North & South,FC/084/DT,DELTA NORTH,SD/029/DT,DELTA
2322,ABARI,01,PATANI,16,PATANI,SC/260/DT,Bomadi/Patani,FC/085/DT,DELTA SOUTH,SD/030/DT,DELTA
2323,PATANI I,02,PATANI,16,PATANI,SC/260/DT,Bomadi/Patani,FC/085/DT,DELTA SOUTH,SD/030/DT,DELTA
2324,PATANI II,03,PATANI,16,PATANI,SC/260/DT,Bomadi/Patani,FC/085/DT,DELTA SOUTH,SD/030/DT,DELTA
2325,PATANI III,04,PATANI,16,PATANI,SC/260/DT,Bomadi/Patani,FC/085/DT,DELTA SOUTH,SD/030/DT,DELTA
2326,TAWARE/KOLOWARE/AVEN,05,PATANI,16,PATANI,SC/260/DT,Bomadi/Patani,FC/085/DT,DELTA SOUTH,SD/030/DT,DELTA
2327,AGOLOMA,06,PATANI,16,PATANI,SC/260/DT,Bomadi/Patani,FC/085/DT,DELTA SOUTH,SD/030/DT,DELTA
2328,TORU-ANGIAMA/TORU APELEBIRI,07,PATANI,16,PATANI,SC/260/DT,Bomadi/Patani,FC/085/DT,DELTA SOUTH,SD/030/DT,DELTA
2329,BOLOU-ANGIAMA,08,PATANI,16,PATANI,SC/260/DT,Bomadi/Patani,FC/085/DT,DELTA SOUTH,SD/030/DT,DELTA
2330,UDUOPHORI,09,PATANI,16,PATANI,SC/260/DT,Bomadi/Patani,FC/085/DT,DELTA SOUTH,SD/030/DT,DELTA
2331,ODORUBU/ADOBU/BOLOU/APELEBI RI,10,PATANI,16,PATANI,SC/260/DT,Bomadi/Patani,FC/085/DT,DELTA SOUTH,SD/030/DT,DELTA
2332,SAPELE URBAN I,01,SAPELE,17,SAPELE,SC/261/DT,Okpe/Sapele/Uvwie,FC/090/DT,DELTA CENTRAL,SD/028/DT,DELTA
2333,SAPELE URBAN II,02,SAPELE,17,SAPELE,SC/261/DT,Okpe/Sapele/Uvwie,FC/090/DT,DELTA CENTRAL,SD/028/DT,DELTA
2334,SAPELE URBAN III,03,SAPELE,17,SAPELE,SC/261/DT,Okpe/Sapele/Uvwie,FC/090/DT,DELTA CENTRAL,SD/028/DT,DELTA
2335,SAPELE URBAN IV,04,SAPELE,17,SAPELE,SC/261/DT,Okpe/Sapele/Uvwie,FC/090/DT,DELTA CENTRAL,SD/028/DT,DELTA
2336,SAPELE URBAN V,05,SAPELE,17,SAPELE,SC/261/DT,Okpe/Sapele/Uvwie,FC/090/DT,DELTA CENTRAL,SD/028/DT,DELTA
2337,SAPELE URBAN VI,06,SAPELE,17,SAPELE,SC/261/DT,Okpe/Sapele/Uvwie,FC/090/DT,DELTA CENTRAL,SD/028/DT,DELTA
2338,SAPELE URBAN VII,07,SAPELE,17,SAPELE,SC/261/DT,Okpe/Sapele/Uvwie,FC/090/DT,DELTA CENTRAL,SD/028/DT,DELTA
2339,SAPELE URBAN VIII,08,SAPELE,17,SAPELE,SC/261/DT,Okpe/Sapele/Uvwie,FC/090/DT,DELTA CENTRAL,SD/028/DT,DELTA
2340,AMUKPE,09,SAPELE,17,SAPELE,SC/261/DT,Okpe/Sapele/Uvwie,FC/090/DT,DELTA CENTRAL,SD/028/DT,DELTA
2341,ELUME,10,SAPELE,17,SAPELE,SC/261/DT,Okpe/Sapele/Uvwie,FC/090/DT,DELTA CENTRAL,SD/028/DT,DELTA
2342,OKOKPORO/UGBORHEN,11,SAPELE,17,SAPELE,SC/261/DT,Okpe/Sapele/Uvwie,FC/090/DT,DELTA CENTRAL,SD/028/DT,DELTA
2343,UDU I,01,UDU,18,UDU,SC/262/DT,"Ughelli North, Ughelli South/Udu",FC/092/DT,DELTA CENTRAL,SD/028/DT,DELTA
2344,UDU II,02,UDU,18,UDU,SC/262/DT,"Ughelli North, Ughelli South/Udu",FC/092/DT,DELTA CENTRAL,SD/028/DT,DELTA
2345,UDU III,03,UDU,18,UDU,SC/262/DT,"Ughelli North, Ughelli South/Udu",FC/092/DT,DELTA CENTRAL,SD/028/DT,DELTA
2346,UDU IV,04,UDU,18,UDU,SC/262/DT,"Ughelli North, Ughelli South/Udu",FC/092/DT,DELTA CENTRAL,SD/028/DT,DELTA
2347,OPETE/ASSAGBA/EDJOHPE,05,UDU,18,UDU,SC/262/DT,"Ughelli North, Ughelli South/Udu",FC/092/DT,DELTA CENTRAL,SD/028/DT,DELTA
2348,EKETE,06,UDU,18,UDU,SC/262/DT,"Ughelli North, Ughelli South/Udu",FC/092/DT,DELTA CENTRAL,SD/028/DT,DELTA
2349,OVWIAN I,07,UDU,18,UDU,SC/262/DT,"Ughelli North, Ughelli South/Udu",FC/092/DT,DELTA CENTRAL,SD/028/DT,DELTA
2350,OVWIAN II,08,UDU,18,UDU,SC/262/DT,"Ughelli North, Ughelli South/Udu",FC/092/DT,DELTA CENTRAL,SD/028/DT,DELTA
2351,ORHUWERUN,09,UDU,18,UDU,SC/262/DT,"Ughelli North, Ughelli South/Udu",FC/092/DT,DELTA CENTRAL,SD/028/DT,DELTA
2352,ALADJA,10,UDU,18,UDU,SC/262/DT,"Ughelli North, Ughelli South/Udu",FC/092/DT,DELTA CENTRAL,SD/028/DT,DELTA
2353,AGBARHA,01,UGHELLI NORTH,19,UGHELLI NORTH I,SC/263/DT,"Ughelli North, Ughelli South/Udu",FC/092/DT,DELTA CENTRAL,SD/028/DT,DELTA
2354,OGOR,02,UGHELLI NORTH,19,UGHELLI NORTH I,SC/263/DT,"Ughelli North, Ughelli South/Udu",FC/092/DT,DELTA CENTRAL,SD/028/DT,DELTA
2355,OROGUN I,03,UGHELLI NORTH,19,UGHELLI NORTH I,SC/263/DT,"Ughelli North, Ughelli South/Udu",FC/092/DT,DELTA CENTRAL,SD/028/DT,DELTA
2356,OROGUN II,04,UGHELLI NORTH,19,UGHELLI NORTH I,SC/263/DT,"Ughelli North, Ughelli South/Udu",FC/092/DT,DELTA CENTRAL,SD/028/DT,DELTA
2357,UGHELLI I,05,UGHELLI NORTH,19,UGHELLI NORTH II,SC/264/DT,"Ughelli North, Ughelli South/Udu",FC/092/DT,DELTA CENTRAL,SD/028/DT,DELTA
2358,UGHELLI II,06,UGHELLI NORTH,19,UGHELLI NORTH II,SC/264/DT,"Ughelli North, Ughelli South/Udu",FC/092/DT,DELTA CENTRAL,SD/028/DT,DELTA
2359,UGHELLI III,07,UGHELLI NORTH,19,UGHELLI NORTH II,SC/264/DT,"Ughelli North, Ughelli South/Udu",FC/092/DT,DELTA CENTRAL,SD/028/DT,DELTA
2360,EVWRENI,08,UGHELLI NORTH,19,UGHELLI NORTH I,SC/263/DT,"Ughelli North, Ughelli South/Udu",FC/092/DT,DELTA CENTRAL,SD/028/DT,DELTA
2361,UWHERU,09,UGHELLI NORTH,19,UGHELLI NORTH II,SC/264/DT,"Ughelli North, Ughelli South/Udu",FC/092/DT,DELTA CENTRAL,SD/028/DT,DELTA
2362,AGBARHO I,10,UGHELLI NORTH,19,UGHELLI NORTH II,SC/264/DT,"Ughelli North, Ughelli South/Udu",FC/092/DT,DELTA CENTRAL,SD/028/DT,DELTA
2363,AGHARHO II,11,UGHELLI NORTH,19,UGHELLI NORTH II,SC/264/DT,"Ughelli North, Ughelli South/Udu",FC/092/DT,DELTA CENTRAL,SD/028/DT,DELTA
2364,EWU I,01,UGHELLI- SOUTH,20,UGHELLI SOUTH,SC/265/DT,"Ughelli North, Ughelli South/Udu",FC/092/DT,DELTA CENTRAL,SD/028/DT,DELTA
2365,EWU II,02,UGHELLI- SOUTH,20,UGHELLI SOUTH,SC/265/DT,"Ughelli North, Ughelli South/Udu",FC/092/DT,DELTA CENTRAL,SD/028/DT,DELTA
2366,EWU III,03,UGHELLI- SOUTH,20,UGHELLI SOUTH,SC/265/DT,"Ughelli North, Ughelli South/Udu",FC/092/DT,DELTA CENTRAL,SD/028/DT,DELTA
2367,OLOMU I,04,UGHELLI- SOUTH,20,UGHELLI SOUTH,SC/265/DT,"Ughelli North, Ughelli South/Udu",FC/092/DT,DELTA CENTRAL,SD/028/DT,DELTA
2368,OLOMU II,05,UGHELLI- SOUTH,20,UGHELLI SOUTH,SC/265/DT,"Ughelli North, Ughelli South/Udu",FC/092/DT,DELTA CENTRAL,SD/028/DT,DELTA
2369,EFFURN-OTOR,06,UGHELLI- SOUTH,20,UGHELLI SOUTH,SC/265/DT,"Ughelli North, Ughelli South/Udu",FC/092/DT,DELTA CENTRAL,SD/028/DT,DELTA
2370,EKAKPAMRE,07,UGHELLI- SOUTH,20,UGHELLI SOUTH,SC/265/DT,"Ughelli North, Ughelli South/Udu",FC/092/DT,DELTA CENTRAL,SD/028/DT,DELTA
2371,JEREMI I,08,UGHELLI- SOUTH,20,UGHELLI SOUTH,SC/265/DT,"Ughelli North, Ughelli South/Udu",FC/092/DT,DELTA CENTRAL,SD/028/DT,DELTA
2372,JEREMI II,09,UGHELLI- SOUTH,20,UGHELLI SOUTH,SC/265/DT,"Ughelli North, Ughelli South/Udu",FC/092/DT,DELTA CENTRAL,SD/028/DT,DELTA
2373,JEREMI III,10,UGHELLI- SOUTH,20,UGHELLI SOUTH,SC/265/DT,"Ughelli North, Ughelli South/Udu",FC/092/DT,DELTA CENTRAL,SD/028/DT,DELTA
2374,JEREMI IV,11,UGHELLI- SOUTH,20,UGHELLI SOUTH,SC/265/DT,"Ughelli North, Ughelli South/Udu",FC/092/DT,DELTA CENTRAL,SD/028/DT,DELTA
2375,UMUTU,01,UKWUANI,21,UKWUANI,SC/266/DT,Nkokwa East/Ndokwa West/ Ukwuani,FC/089/DT,DELTA NORTH,SD/029/DT,DELTA
2376,AKOKU,02,UKWUANI,21,UKWUANI,SC/266/DT,Nkokwa East/Ndokwa West/ Ukwuani,FC/089/DT,DELTA NORTH,SD/029/DT,DELTA
2377,EBEDEI,03,UKWUANI,21,UKWUANI,SC/266/DT,Nkokwa East/Ndokwa West/ Ukwuani,FC/089/DT,DELTA NORTH,SD/029/DT,DELTA
2378,UMUKWATA,04,UKWUANI,21,UKWUANI,SC/266/DT,Nkokwa East/Ndokwa West/ Ukwuani,FC/089/DT,DELTA NORTH,SD/029/DT,DELTA
2379,EZIOKPOR,05,UKWUANI,21,UKWUANI,SC/266/DT,Nkokwa East/Ndokwa West/ Ukwuani,FC/089/DT,DELTA NORTH,SD/029/DT,DELTA
2380,AMAI,06,UKWUANI,21,UKWUANI,SC/266/DT,Nkokwa East/Ndokwa West/ Ukwuani,FC/089/DT,DELTA NORTH,SD/029/DT,DELTA
2381,EZIONUM,07,UKWUANI,21,UKWUANI,SC/266/DT,Nkokwa East/Ndokwa West/ Ukwuani,FC/089/DT,DELTA NORTH,SD/029/DT,DELTA
2382,UMUEBU,08,UKWUANI,21,UKWUANI,SC/266/DT,Nkokwa East/Ndokwa West/ Ukwuani,FC/089/DT,DELTA NORTH,SD/029/DT,DELTA
2383,OBIARUKU I,09,UKWUANI,21,UKWUANI,SC/266/DT,Nkokwa East/Ndokwa West/ Ukwuani,FC/089/DT,DELTA NORTH,SD/029/DT,DELTA
2384,OBIARUKU II,10,UKWUANI,21,UKWUANI,SC/266/DT,Nkokwa East/Ndokwa West/ Ukwuani,FC/089/DT,DELTA NORTH,SD/029/DT,DELTA
2385,EFFURUN I,01,UVWIE,22,UVWIE,SC/267/DT,Okpe/Sapele/Uvwie,FC/090/DT,DELTA CENTRAL,SD/028/DT,DELTA
2386,EFFURUN II,02,UVWIE,22,UVWIE,SC/267/DT,Okpe/Sapele/Uvwie,FC/090/DT,DELTA CENTRAL,SD/028/DT,DELTA
2387,ENERHEN I,03,UVWIE,22,UVWIE,SC/267/DT,Okpe/Sapele/Uvwie,FC/090/DT,DELTA CENTRAL,SD/028/DT,DELTA
2388,ENERHEN II,04,UVWIE,22,UVWIE,SC/267/DT,Okpe/Sapele/Uvwie,FC/090/DT,DELTA CENTRAL,SD/028/DT,DELTA
2389,UGBORIKOKO,05,UVWIE,22,UVWIE,SC/267/DT,Okpe/Sapele/Uvwie,FC/090/DT,DELTA CENTRAL,SD/028/DT,DELTA
2390,UGBOROKE,06,UVWIE,22,UVWIE,SC/267/DT,Okpe/Sapele/Uvwie,FC/090/DT,DELTA CENTRAL,SD/028/DT,DELTA
2391,UGBOMRO/UGBOLOKPOSO,07,UVWIE,22,UVWIE,SC/267/DT,Okpe/Sapele/Uvwie,FC/090/DT,DELTA CENTRAL,SD/028/DT,DELTA
2392,ARMY BARRACKS AREA,08,UVWIE,22,UVWIE,SC/267/DT,Okpe/Sapele/Uvwie,FC/090/DT,DELTA CENTRAL,SD/028/DT,DELTA
2393,EKPAN I,09,UVWIE,22,UVWIE,SC/267/DT,Okpe/Sapele/Uvwie,FC/090/DT,DELTA CENTRAL,SD/028/DT,DELTA
2394,EKPAN II,10,UVWIE,22,UVWIE,SC/267/DT,Okpe/Sapele/Uvwie,FC/090/DT,DELTA CENTRAL,SD/028/DT,DELTA
2395,OGHEYE,01,WARRI- NORTH,23,WARRI NORTH,SC/268/DT,Warri North/Warri South/ Warri South West,FC/093/DT,DELTA SOUTH,SD/030/DT,DELTA
2396,GBOKODA,02,WARRI- NORTH,23,WARRI NORTH,SC/268/DT,Warri North/Warri South/ Warri South West,FC/093/DT,DELTA SOUTH,SD/030/DT,DELTA
2397,EBROHIMI,03,WARRI- NORTH,23,WARRI NORTH,SC/268/DT,Warri North/Warri South/ Warri South West,FC/093/DT,DELTA SOUTH,SD/030/DT,DELTA
2398,EGHORO,04,WARRI- NORTH,23,WARRI NORTH,SC/268/DT,Warri North/Warri South/ Warri South West,FC/093/DT,DELTA SOUTH,SD/030/DT,DELTA
2399,KOKO I,05,WARRI- NORTH,23,WARRI NORTH,SC/268/DT,Warri North/Warri South/ Warri South West,FC/093/DT,DELTA SOUTH,SD/030/DT,DELTA
2400,KOKO II,06,WARRI- NORTH,23,WARRI NORTH,SC/268/DT,Warri North/Warri South/ Warri South West,FC/093/DT,DELTA SOUTH,SD/030/DT,DELTA
2401,OPUAMA (EGBEMA I),07,WARRI- NORTH,23,WARRI NORTH,SC/268/DT,Warri North/Warri South/ Warri South West,FC/093/DT,DELTA SOUTH,SD/030/DT,DELTA
2402,TSEKELEWU (EGBEMA II),08,WARRI- NORTH,23,WARRI NORTH,SC/268/DT,Warri North/Warri South/ Warri South West,FC/093/DT,DELTA SOUTH,SD/030/DT,DELTA
2403,OGBINBIRI (EGBEMA III),09,WARRI- NORTH,23,WARRI NORTH,SC/268/DT,Warri North/Warri South/ Warri South West,FC/093/DT,DELTA SOUTH,SD/030/DT,DELTA
2404,OGBUDUGBUDU (EGBEMA IV),10,WARRI- NORTH,23,WARRI NORTH,SC/268/DT,Warri North/Warri South/ Warri South West,FC/093/DT,DELTA SOUTH,SD/030/DT,DELTA
2405,OBODO/OMADINO,01,WARRI- SOUTH,24,WARRI SOUTH I,SC/269/DT,Warri North/Warri South/ Warri South West,FC/093/DT,DELTA SOUTH,SD/030/DT,DELTA
2406,ODE-ITSEKIRI,02,WARRI- SOUTH,24,WARRI SOUTH I,SC/269/DT,Warri North/Warri South/ Warri South West,FC/093/DT,DELTA SOUTH,SD/030/DT,DELTA
2407,OGUN/EKUREDE-URHOBO,03,WARRI- SOUTH,24,WARRI SOUTH I,SC/269/DT,Warri North/Warri South/ Warri South West,FC/093/DT,DELTA SOUTH,SD/030/DT,DELTA
2408,UGBUWANGUE EKUREDE- ITSEKIRI,04,WARRI- SOUTH,24,WARRI SOUTH I,SC/269/DT,Warri North/Warri South/ Warri South West,FC/093/DT,DELTA SOUTH,SD/030/DT,DELTA
2409,GRA,05,WARRI- SOUTH,24,WARRI SOUTH I,SC/269/DT,Warri North/Warri South/ Warri South West,FC/093/DT,DELTA SOUTH,SD/030/DT,DELTA
2410,BOWEN,06,WARRI- SOUTH,24,WARRI SOUTH I,SC/269/DT,Warri North/Warri South/ Warri South West,FC/093/DT,DELTA SOUTH,SD/030/DT,DELTA
2411,PESSU,07,WARRI- SOUTH,24,WARRI SOUTH II,SC/270/DT,Warri North/Warri South/ Warri South West,FC/093/DT,DELTA SOUTH,SD/030/DT,DELTA
2412,OKERE,08,WARRI- SOUTH,24,WARRI SOUTH II,SC/270/DT,Warri North/Warri South/ Warri South West,FC/093/DT,DELTA SOUTH,SD/030/DT,DELTA
2413,IGBUDU,09,WARRI- SOUTH,24,WARRI SOUTH II,SC/270/DT,Warri North/Warri South/ Warri South West,FC/093/DT,DELTA SOUTH,SD/030/DT,DELTA
2414,EDJEBA,10,WARRI- SOUTH,24,WARRI SOUTH II,SC/270/DT,Warri North/Warri South/ Warri South West,FC/093/DT,DELTA SOUTH,SD/030/DT,DELTA
2415,OKUMAGBA I,11,WARRI- SOUTH,24,WARRI SOUTH II,SC/270/DT,Warri North/Warri South/ Warri South West,FC/093/DT,DELTA SOUTH,SD/030/DT,DELTA
2416,OKUMAGBA II,12,WARRI- SOUTH,24,WARRI SOUTH II,SC/270/DT,Warri North/Warri South/ Warri South West,FC/093/DT,DELTA SOUTH,SD/030/DT,DELTA
2417,OGBE-IJOH,01,WARRI- SOUTH WEST,25,WARRI SOUTH-WEST,SC/271/DT,Warri North/Warri South/ Warri South West,FC/093/DT,DELTA SOUTH,SD/030/DT,DELTA
2418,ISABA,02,WARRI- SOUTH WEST,25,WARRI SOUTH-WEST,SC/271/DT,Warri North/Warri South/ Warri South West,FC/093/DT,DELTA SOUTH,SD/030/DT,DELTA
2419,OPOROZA,03,WARRI- SOUTH WEST,25,WARRI SOUTH-WEST,SC/271/DT,Warri North/Warri South/ Warri South West,FC/093/DT,DELTA SOUTH,SD/030/DT,DELTA
2420,OGBARAMATU,04,WARRI- SOUTH WEST,25,WARRI SOUTH-WEST,SC/271/DT,Warri North/Warri South/ Warri South West,FC/093/DT,DELTA SOUTH,SD/030/DT,DELTA
2421,UGBORODO,05,WARRI- SOUTH WEST,25,WARRI SOUTH-WEST,SC/271/DT,Warri North/Warri South/ Warri South West,FC/093/DT,DELTA SOUTH,SD/030/DT,DELTA
2422,AKPIKPA,06,WARRI- SOUTH WEST,25,WARRI SOUTH-WEST,SC/271/DT,Warri North/Warri South/ Warri South West,FC/093/DT,DELTA SOUTH,SD/030/DT,DELTA
2423,MADANGHO,07,WARRI- SOUTH WEST,25,WARRI SOUTH-WEST,SC/271/DT,Warri North/Warri South/ Warri South West,FC/093/DT,DELTA SOUTH,SD/030/DT,DELTA
2424,ORERE,08,WARRI- SOUTH WEST,25,WARRI SOUTH-WEST,SC/271/DT,Warri North/Warri South/ Warri South West,FC/093/DT,DELTA SOUTH,SD/030/DT,DELTA
2425,AJA-UDAIBO,09,WARRI- SOUTH WEST,25,WARRI SOUTH-WEST,SC/271/DT,Warri North/Warri South/ Warri South West,FC/093/DT,DELTA SOUTH,SD/030/DT,DELTA
2426,OGIDIGBEN,10,WARRI- SOUTH WEST,25,WARRI SOUTH-WEST,SC/271/DT,Warri North/Warri South/ Warri South West,FC/093/DT,DELTA SOUTH,SD/030/DT,DELTA
2427,ABAKPA,01,ABAKALIKI,01,ABAKALIKI NORTH,SC/272/EB,Abakaliki/Izzi,FC/095/EB,EBONYI NORTH,SD/031/EB,EBONYI
2428,AMACHI (NDEGU),02,ABAKALIKI,01,ABAKALIKI SOUTH,SC/273/EB,Abakaliki/Izzi,FC/095/EB,EBONYI NORTH,SD/031/EB,EBONYI
2429,AMACHI (NDEGU),03,ABAKALIKI,01,ABAKALIKI SOUTH,SC/273/EB,Abakaliki/Izzi,FC/095/EB,EBONYI NORTH,SD/031/EB,EBONYI
2430,AMAGU (ENYIGBA),04,ABAKALIKI,01,ABAKALIKI SOUTH,SC/273/EB,Abakaliki/Izzi,FC/095/EB,EBONYI NORTH,SD/031/EB,EBONYI
2431,AMAGU UNUHU,05,ABAKALIKI,01,ABAKALIKI SOUTH,SC/273/EB,Abakaliki/Izzi,FC/095/EB,EBONYI NORTH,SD/031/EB,EBONYI
2432,AZUMINI/ AZUGWU LAYOUT,06,ABAKALIKI,01,ABAKALIKI NORTH,SC/272/EB,Abakaliki/Izzi,FC/095/EB,EBONYI NORTH,SD/031/EB,EBONYI
2433,AZUIYIOKWU LAYOUT,07,ABAKALIKI,01,ABAKALIKI NORTH,SC/272/EB,Abakaliki/Izzi,FC/095/EB,EBONYI NORTH,SD/031/EB,EBONYI
2434,AZUIYIUDENE LAYOUT,08,ABAKALIKI,01,ABAKALIKI NORTH,SC/272/EB,Abakaliki/Izzi,FC/095/EB,EBONYI NORTH,SD/031/EB,EBONYI
2435,EDDA,09,ABAKALIKI,01,ABAKALIKI SOUTH,SC/273/EB,Abakaliki/Izzi,FC/095/EB,EBONYI NORTH,SD/031/EB,EBONYI
2436,IZZI UNUHU,10,ABAKALIKI,01,ABAKALIKI NORTH,SC/272/EB,Abakaliki/Izzi,FC/095/EB,EBONYI NORTH,SD/031/EB,EBONYI
2437,NDIAGU,11,ABAKALIKI,01,ABAKALIKI NORTH,SC/272/EB,Abakaliki/Izzi,FC/095/EB,EBONYI NORTH,SD/031/EB,EBONYI
2438,OKPOITUMO/NDEBOR,12,ABAKALIKI,01,ABAKALIKI SOUTH,SC/273/EB,Abakaliki/Izzi,FC/095/EB,EBONYI NORTH,SD/031/EB,EBONYI
2439,OKPOITUMO NDIEGU,13,ABAKALIKI,01,ABAKALIKI SOUTH,SC/273/EB,Abakaliki/Izzi,FC/095/EB,EBONYI NORTH,SD/031/EB,EBONYI
2440,TIMBER SHED,14,ABAKALIKI,01,ABAKALIKI NORTH,SC/272/EB,Abakaliki/Izzi,FC/095/EB,EBONYI NORTH,SD/031/EB,EBONYI
2441,AMATA-AKPOHA,01,AFIKPO NORTH,02,AFIKPO NORTH EAST,SC/274/EB,Afikpo North/Afikpo South,FC/099/EB,EBONYI SOUTH,SD/033/EB,EBONYI
2442,AMOGU-AKPOHA,02,AFIKPO NORTH,02,AFIKPO NORTH EAST,SC/274/EB,Afikpo North/Afikpo South,FC/099/EB,EBONYI SOUTH,SD/033/EB,EBONYI
2443,EZEKE-AMASIRI,03,AFIKPO NORTH,02,AFIKPO NORTH EAST,SC/274/EB,Afikpo North/Afikpo South,FC/099/EB,EBONYI SOUTH,SD/033/EB,EBONYI
2444,POPERI-AMASIRI,04,AFIKPO NORTH,02,AFIKPO NORTH EAST,SC/274/EB,Afikpo North/Afikpo South,FC/099/EB,EBONYI SOUTH,SD/033/EB,EBONYI
2445,ITIM-AFIKPO,05,AFIKPO NORTH,02,AFIKPO NORTH WEST,SC/275/EB,Afikpo North/Afikpo South,FC/099/EB,EBONYI SOUTH,SD/033/EB,EBONYI
2446,IBII/OZIZA AFIKPO,06,AFIKPO NORTH,02,AFIKPO NORTH EAST,SC/274/EB,Afikpo North/Afikpo South,FC/099/EB,EBONYI SOUTH,SD/033/EB,EBONYI
2447,NKPOGHORO AFIKPO,07,AFIKPO NORTH,02,AFIKPO NORTH WEST,SC/275/EB,Afikpo North/Afikpo South,FC/099/EB,EBONYI SOUTH,SD/033/EB,EBONYI
2448,OHAISU-AFIKPO ‘A’,08,AFIKPO NORTH,02,AFIKPO NORTH WEST,SC/275/EB,Afikpo North/Afikpo South,FC/099/EB,EBONYI SOUTH,SD/033/EB,EBONYI
2449,OHISU-AFIKPO   ‘B’,09,AFIKPO NORTH,02,AFIKPO NORTH WEST,SC/275/EB,Afikpo North/Afikpo South,FC/099/EB,EBONYI SOUTH,SD/033/EB,EBONYI
2450,UGWUEGU-AFIKPO,10,AFIKPO NORTH,02,AFIKPO NORTH WEST,SC/275/EB,Afikpo North/Afikpo South,FC/099/EB,EBONYI SOUTH,SD/033/EB,EBONYI
2451,UNWANA-AFIKPO I,11,AFIKPO NORTH,02,AFIKPO NORTH WEST,SC/275/EB,Afikpo North/Afikpo South,FC/099/EB,EBONYI SOUTH,SD/033/EB,EBONYI
2452,UNWANA-AFIKPO II,12,AFIKPO NORTH,02,AFIKPO NORTH WEST,SC/275/EB,Afikpo North/Afikpo South,FC/099/EB,EBONYI SOUTH,SD/033/EB,EBONYI
2453,AMANGWU EDDA,01,AFIKPO SOUTH,03,AFIKPO SOUTH EAST,SC/276/EB,Afikpo North/Afikpo South,FC/099/EB,EBONYI SOUTH,SD/033/EB,EBONYI
2454,AMEKE EKOLI-EDDA,02,AFIKPO SOUTH,03,AFIKPO SOUTH WEST,SC/277/EB,Afikpo North/Afikpo South,FC/099/EB,EBONYI SOUTH,SD/033/EB,EBONYI
2455,AMIGBO ETITI-EDDA,03,AFIKPO SOUTH,03,AFIKPO SOUTH EAST,SC/276/EB,Afikpo North/Afikpo South,FC/099/EB,EBONYI SOUTH,SD/033/EB,EBONYI
2456,AMIRI EKOLI,04,AFIKPO SOUTH,03,AFIKPO SOUTH WEST,SC/277/EB,Afikpo North/Afikpo South,FC/099/EB,EBONYI SOUTH,SD/033/EB,EBONYI
2457,AMOSO ETITI EDDA,05,AFIKPO SOUTH,03,AFIKPO SOUTH EAST,SC/276/EB,Afikpo North/Afikpo South,FC/099/EB,EBONYI SOUTH,SD/033/EB,EBONYI
2458,EBUNWANA,06,AFIKPO SOUTH,03,AFIKPO SOUTH WEST,SC/277/EB,Afikpo North/Afikpo South,FC/099/EB,EBONYI SOUTH,SD/033/EB,EBONYI
2459,NDIOKE EKOLI-EDDA,07,AFIKPO SOUTH,03,AFIKPO SOUTH WEST,SC/277/EB,Afikpo North/Afikpo South,FC/099/EB,EBONYI SOUTH,SD/033/EB,EBONYI
2460,NGUZU EDDA,08,AFIKPO SOUTH,03,AFIKPO SOUTH WEST,SC/277/EB,Afikpo North/Afikpo South,FC/099/EB,EBONYI SOUTH,SD/033/EB,EBONYI
2461,OGBU-EDA,09,AFIKPO SOUTH,03,AFIKPO SOUTH EAST,SC/276/EB,Afikpo North/Afikpo South,FC/099/EB,EBONYI SOUTH,SD/033/EB,EBONYI
2462,OSO-EDDA,10,AFIKPO SOUTH,03,AFIKPO SOUTH EAST,SC/276/EB,Afikpo North/Afikpo South,FC/099/EB,EBONYI SOUTH,SD/033/EB,EBONYI
2463,OWUTU-EDDA,11,AFIKPO SOUTH,03,AFIKPO SOUTH EAST,SC/276/EB,Afikpo North/Afikpo South,FC/099/EB,EBONYI SOUTH,SD/033/EB,EBONYI
2464,AGALEGU,01,EBONYI,04,EBONYI NORTH WEST,SC/279/EB,Ebonyi/Ohaukwu,FC/094/EB,EBONYI NORTH,SD/031/EB,EBONYI
2465,EGWU DINAGU,02,EBONYI,04,EBONYI NORTH WEST,SC/279/EB,Ebonyi/Ohaukwu,FC/094/EB,EBONYI NORTH,SD/031/EB,EBONYI
2466,KPIRI KPIRI,03,EBONYI,04,EBONYI NORTH EAST,SC/278/EB,Ebonyi/Ohaukwu,FC/094/EB,EBONYI NORTH,SD/031/EB,EBONYI
2467,MBEKE,04,EBONYI,04,EBONYI NORTH WEST,SC/279/EB,Ebonyi/Ohaukwu,FC/094/EB,EBONYI NORTH,SD/031/EB,EBONYI
2468,NDIEBO,05,EBONYI,04,EBONYI NORTH WEST,SC/279/EB,Ebonyi/Ohaukwu,FC/094/EB,EBONYI NORTH,SD/031/EB,EBONYI
2469,NDIEGU,06,EBONYI,04,EBONYI NORTH WEST,SC/279/EB,Ebonyi/Ohaukwu,FC/094/EB,EBONYI NORTH,SD/031/EB,EBONYI
2470,(ECHIABA) I,07,EBONYI,04,EBONYI NORTH EAST,SC/278/EB,Ebonyi/Ohaukwu,FC/094/EB,EBONYI NORTH,SD/031/EB,EBONYI
2471,ENYIBICHIRI I,08,EBONYI,04,EBONYI NORTH EAST,SC/278/EB,Ebonyi/Ohaukwu,FC/094/EB,EBONYI NORTH,SD/031/EB,EBONYI
2472,ENYIBICHIRI II,09,EBONYI,04,EBONYI NORTH EAST,SC/278/EB,Ebonyi/Ohaukwu,FC/094/EB,EBONYI NORTH,SD/031/EB,EBONYI
2473,(ABOFIA),10,EBONYI,04,EBONYI NORTH EAST,SC/278/EB,Ebonyi/Ohaukwu,FC/094/EB,EBONYI NORTH,SD/031/EB,EBONYI
2474,ONUENYIM,11,EBONYI,04,EBONYI NORTH WEST,SC/279/EB,Ebonyi/Ohaukwu,FC/094/EB,EBONYI NORTH,SD/031/EB,EBONYI
2475,(ABAKPA),12,EBONYI,04,EBONYI NORTH EAST,SC/278/EB,Ebonyi/Ohaukwu,FC/094/EB,EBONYI NORTH,SD/031/EB,EBONYI
2476,URBAN (NEW LAYOUT),13,EBONYI,04,EBONYI NORTH EAST,SC/278/EB,Ebonyi/Ohaukwu,FC/094/EB,EBONYI NORTH,SD/031/EB,EBONYI
2477,AMUDA/AMAEWULA,01,EZZA NORTH,05,EZZA NORTH EAST,SC/280/EB,Ezza North/Ishielu,FC/096/EB,EBONYI CENTRAL,SD/032/EB,EBONYI
2478,EKKA,02,EZZA NORTH,05,EZZA NORTH EAST,SC/280/EB,Ezza North/Ishielu,FC/096/EB,EBONYI CENTRAL,SD/032/EB,EBONYI
2479,INYERE,03,EZZA NORTH,05,EZZA NORTH EAST,SC/280/EB,Ezza North/Ishielu,FC/096/EB,EBONYI CENTRAL,SD/032/EB,EBONYI
2480,NDIEGUAZU/UMUOGHARA,04,EZZA NORTH,05,EZZA NORTH WEST,SC/281/EB,Ezza North/Ishielu,FC/096/EB,EBONYI CENTRAL,SD/032/EB,EBONYI
2481,NKOMORO,05,EZZA NORTH,05,EZZA NORTH EAST,SC/280/EB,Ezza North/Ishielu,FC/096/EB,EBONYI CENTRAL,SD/032/EB,EBONYI
2482,OGBOJI,06,EZZA NORTH,05,EZZA NORTH EAST,SC/280/EB,Ezza North/Ishielu,FC/096/EB,EBONYI CENTRAL,SD/032/EB,EBONYI
2483,OSHIEGBE-UMUEZEOKHA,07,EZZA NORTH,05,EZZA NORTH WEST,SC/281/EB,Ezza North/Ishielu,FC/096/EB,EBONYI CENTRAL,SD/032/EB,EBONYI
2484,OMEGE-UMUEZEOKOHA,08,EZZA NORTH,05,EZZA NORTH WEST,SC/281/EB,Ezza North/Ishielu,FC/096/EB,EBONYI CENTRAL,SD/032/EB,EBONYI
2485,OKPOSI-UMUOGHARA,09,EZZA NORTH,05,EZZA NORTH WEST,SC/281/EB,Ezza North/Ishielu,FC/096/EB,EBONYI CENTRAL,SD/032/EB,EBONYI
2486,ORIUZO,10,EZZA NORTH,05,EZZA NORTH EAST,SC/280/EB,Ezza North/Ishielu,FC/096/EB,EBONYI CENTRAL,SD/032/EB,EBONYI
2487,UMUEZEOKA,11,EZZA NORTH,05,EZZA NORTH WEST,SC/281/EB,Ezza North/Ishielu,FC/096/EB,EBONYI CENTRAL,SD/032/EB,EBONYI
2488,AMAEZEKWE,01,EZZA SOUTH,06,EZZA SOUTH,SC/282/EB,Ezza South/Ikwo,FC/097/EB,EBONYI CENTRAL,SD/032/EB,EBONYI
2489,AMAGU/NSOKRA,02,EZZA SOUTH,06,EZZA SOUTH,SC/282/EB,Ezza South/Ikwo,FC/097/EB,EBONYI CENTRAL,SD/032/EB,EBONYI
2490,AMAEKA,03,EZZA SOUTH,06,EZZA SOUTH,SC/282/EB,Ezza South/Ikwo,FC/097/EB,EBONYI CENTRAL,SD/032/EB,EBONYI
2491,AMANA,04,EZZA SOUTH,06,EZZA SOUTH,SC/282/EB,Ezza South/Ikwo,FC/097/EB,EBONYI CENTRAL,SD/032/EB,EBONYI
2492,AMUDO/OKOFFIA,05,EZZA SOUTH,06,EZZA SOUTH,SC/282/EB,Ezza South/Ikwo,FC/097/EB,EBONYI CENTRAL,SD/032/EB,EBONYI
2493,AMUZU,06,EZZA SOUTH,06,EZZA SOUTH,SC/282/EB,Ezza South/Ikwo,FC/097/EB,EBONYI CENTRAL,SD/032/EB,EBONYI
2494,ECHARA,07,EZZA SOUTH,06,EZZA SOUTH,SC/282/EB,Ezza South/Ikwo,FC/097/EB,EBONYI CENTRAL,SD/032/EB,EBONYI
2495,EZZAMA,08,EZZA SOUTH,06,EZZA SOUTH,SC/282/EB,Ezza South/Ikwo,FC/097/EB,EBONYI CENTRAL,SD/032/EB,EBONYI
2496,IKWUATOR/IDEMBIA,09,EZZA SOUTH,06,EZZA SOUTH,SC/282/EB,Ezza South/Ikwo,FC/097/EB,EBONYI CENTRAL,SD/032/EB,EBONYI
2497,ONU EKE (URBAN),10,EZZA SOUTH,06,EZZA SOUTH,SC/282/EB,Ezza South/Ikwo,FC/097/EB,EBONYI CENTRAL,SD/032/EB,EBONYI
2498,UMUNWAGU/IDEMBIA,11,EZZA SOUTH,06,EZZA SOUTH,SC/282/EB,Ezza South/Ikwo,FC/097/EB,EBONYI CENTRAL,SD/032/EB,EBONYI
2499,AMAINYIMA,01,IKWO,07,IKWO SOUTH,SC/284/EB,Ezza South/Ikwo,FC/097/EB,EBONYI CENTRAL,SD/032/EB,EBONYI
2500,ECHIALIKE,02,IKWO,07,IKWO NORTH,SC/283/EB,Ezza South/Ikwo,FC/097/EB,EBONYI CENTRAL,SD/032/EB,EBONYI
2501,EKA AWOKE,03,IKWO,07,IKWO NORTH,SC/283/EB,Ezza South/Ikwo,FC/097/EB,EBONYI CENTRAL,SD/032/EB,EBONYI
2502,EKPANWUDELE,04,IKWO,07,IKWO NORTH,SC/283/EB,Ezza South/Ikwo,FC/097/EB,EBONYI CENTRAL,SD/032/EB,EBONYI
2503,EKPELU,05,IKWO,07,IKWO NORTH,SC/283/EB,Ezza South/Ikwo,FC/097/EB,EBONYI CENTRAL,SD/032/EB,EBONYI
2504,ENYIBICHIRI,06,IKWO,07,IKWO NORTH,SC/283/EB,Ezza South/Ikwo,FC/097/EB,EBONYI CENTRAL,SD/032/EB,EBONYI
2505,ETAM,07,IKWO,07,IKWO SOUTH,SC/284/EB,Ezza South/Ikwo,FC/097/EB,EBONYI CENTRAL,SD/032/EB,EBONYI
2506,IGBUDU,08,IKWO,07,IKWO SOUTH,SC/284/EB,Ezza South/Ikwo,FC/097/EB,EBONYI CENTRAL,SD/032/EB,EBONYI
2507,INYIMAGU,09,IKWO,07,IKWO SOUTH,SC/284/EB,Ezza South/Ikwo,FC/097/EB,EBONYI CENTRAL,SD/032/EB,EBONYI
2508,INYIMAGU,10,IKWO,07,IKWO SOUTH,SC/284/EB,Ezza South/Ikwo,FC/097/EB,EBONYI CENTRAL,SD/032/EB,EBONYI
2509,NDIAGU AMAGU,11,IKWO,07,IKWO SOUTH,SC/284/EB,Ezza South/Ikwo,FC/097/EB,EBONYI CENTRAL,SD/032/EB,EBONYI
2510,NDIAGU AMAGU,12,IKWO,07,IKWO SOUTH,SC/284/EB,Ezza South/Ikwo,FC/097/EB,EBONYI CENTRAL,SD/032/EB,EBONYI
2511,NDIAGU ECHARA,13,IKWO,07,IKWO SOUTH,SC/284/EB,Ezza South/Ikwo,FC/097/EB,EBONYI CENTRAL,SD/032/EB,EBONYI
2512,NDIAGU ECHARA,14,IKWO,07,IKWO NORTH,SC/283/EB,Ezza South/Ikwo,FC/097/EB,EBONYI CENTRAL,SD/032/EB,EBONYI
2513,NDUFU AMAGU,15,IKWO,07,IKWO NORTH,SC/283/EB,Ezza South/Ikwo,FC/097/EB,EBONYI CENTRAL,SD/032/EB,EBONYI
2514,NDUFU AMAGU,16,IKWO,07,IKWO SOUTH,SC/284/EB,Ezza South/Ikwo,FC/097/EB,EBONYI CENTRAL,SD/032/EB,EBONYI
2515,NDUFU AWKE,17,IKWO,07,IKWO SOUTH,SC/284/EB,Ezza South/Ikwo,FC/097/EB,EBONYI CENTRAL,SD/032/EB,EBONYI
2516,NDUFU ECHARA,18,IKWO,07,IKWO NORTH,SC/283/EB,Ezza South/Ikwo,FC/097/EB,EBONYI CENTRAL,SD/032/EB,EBONYI
2517,NOYE ALIKE,19,IKWO,07,IKWO NORTH,SC/283/EB,Ezza South/Ikwo,FC/097/EB,EBONYI CENTRAL,SD/032/EB,EBONYI
,,20,IKWO,07,IKWO NORTH,SC/283/EB,Ezza South/Ikwo,FC/097/EB,EBONYI CENTRAL,SD/032/EB,
2518,AGBA,01,ISHIELU,08,ISHIELU SOUTH,SC/286/EB,Ezza North/Ishielu,FC/096/EB,EBONYI CENTRAL,SD/032/EB,EBONYI
2519,AMAEZU,02,ISHIELU,08,ISHIELU NORTH,SC/285/EB,Ezza North/Ishielu,FC/096/EB,EBONYI CENTRAL,SD/032/EB,EBONYI
2520,AZU INYABA ‘A’,03,ISHIELU,08,ISHIELU SOUTH,SC/286/EB,Ezza North/Ishielu,FC/096/EB,EBONYI CENTRAL,SD/032/EB,EBONYI
2521,AZY UBTABA ‘B’,04,ISHIELU,08,ISHIELU SOUTH,SC/286/EB,Ezza North/Ishielu,FC/096/EB,EBONYI CENTRAL,SD/032/EB,EBONYI
2522,EZILLO I,05,ISHIELU,08,ISHIELU SOUTH,SC/286/EB,Ezza North/Ishielu,FC/096/EB,EBONYI CENTRAL,SD/032/EB,EBONYI
2523,EZILLO II,06,ISHIELU,08,ISHIELU SOUTH,SC/286/EB,Ezza North/Ishielu,FC/096/EB,EBONYI CENTRAL,SD/032/EB,EBONYI
2524,EZZAGU (OGBOJI) I,07,ISHIELU,08,ISHIELU SOUTH,SC/286/EB,Ezza North/Ishielu,FC/096/EB,EBONYI CENTRAL,SD/032/EB,EBONYI
2525,EZZAGU (NKOMORO) II,08,ISHIELU,08,ISHIELU SOUTH,SC/286/EB,Ezza North/Ishielu,FC/096/EB,EBONYI CENTRAL,SD/032/EB,EBONYI
2526,IYIONU,09,ISHIELU,08,ISHIELU NORTH,SC/285/EB,Ezza North/Ishielu,FC/096/EB,EBONYI CENTRAL,SD/032/EB,EBONYI
2527,NKALAGU,10,ISHIELU,08,ISHIELU NORTH,SC/285/EB,Ezza North/Ishielu,FC/096/EB,EBONYI CENTRAL,SD/032/EB,EBONYI
2528,NKALAHA,11,ISHIELU,08,ISHIELU NORTH,SC/285/EB,Ezza North/Ishielu,FC/096/EB,EBONYI CENTRAL,SD/032/EB,EBONYI
2529,NTEZI,12,ISHIELU,08,ISHIELU NORTH,SC/285/EB,Ezza North/Ishielu,FC/096/EB,EBONYI CENTRAL,SD/032/EB,EBONYI
2530,OBEAGU,13,ISHIELU,08,ISHIELU NORTH,SC/285/EB,Ezza North/Ishielu,FC/096/EB,EBONYI CENTRAL,SD/032/EB,EBONYI
2531,OHAFIA,14,ISHIELU,08,ISHIELU SOUTH,SC/286/EB,Ezza North/Ishielu,FC/096/EB,EBONYI CENTRAL,SD/032/EB,EBONYI
2532,OKPOTO,15,ISHIELU,08,ISHIELU SOUTH,SC/286/EB,Ezza North/Ishielu,FC/096/EB,EBONYI CENTRAL,SD/032/EB,EBONYI
2533,UMUHUALI,16,ISHIELU,08,ISHIELU NORTH,SC/285/EB,Ezza North/Ishielu,FC/096/EB,EBONYI CENTRAL,SD/032/EB,EBONYI
2534,AKAEZE UKWU,01,IVO,09,ISHIELU SOUTH,SC/286/EB,Ivo-Ohaozara/Onicha,FC/098/EB,EBONYI SOUTH,SD/033/EB,EBONYI
2535,AMAEZE ISHIAGU,02,IVO,09,ISHIELU SOUTH,SC/286/EB,Ivo-Ohaozara/Onicha,FC/098/EB,EBONYI SOUTH,SD/033/EB,EBONYI
2536,AMAGU,03,IVO,09,ISHIELU SOUTH,SC/286/EB,Ivo-Ohaozara/Onicha,FC/098/EB,EBONYI SOUTH,SD/033/EB,EBONYI
2537,AMONYE,04,IVO,09,ISHIELU SOUTH,SC/286/EB,Ivo-Ohaozara/Onicha,FC/098/EB,EBONYI SOUTH,SD/033/EB,EBONYI
2538,IHENTA/OGIDI,05,IVO,09,ISHIELU SOUTH,SC/286/EB,Ivo-Ohaozara/Onicha,FC/098/EB,EBONYI SOUTH,SD/033/EB,EBONYI
2539,IYIOJI-AKAEZE,06,IVO,09,ISHIELU SOUTH,SC/286/EB,Ivo-Ohaozara/Onicha,FC/098/EB,EBONYI SOUTH,SD/033/EB,EBONYI
2540,NDIOKORO UKWU,07,IVO,09,ISHIELU SOUTH,SC/286/EB,Ivo-Ohaozara/Onicha,FC/098/EB,EBONYI SOUTH,SD/033/EB,EBONYI
2541,NGWONGWO,08,IVO,09,ISHIELU SOUTH,SC/286/EB,Ivo-Ohaozara/Onicha,FC/098/EB,EBONYI SOUTH,SD/033/EB,EBONYI
2542,OBINAGU,09,IVO,09,ISHIELU SOUTH,SC/286/EB,Ivo-Ohaozara/Onicha,FC/098/EB,EBONYI SOUTH,SD/033/EB,EBONYI
2543,OKUE,10,IVO,09,ISHIELU SOUTH,SC/286/EB,Ivo-Ohaozara/Onicha,FC/098/EB,EBONYI SOUTH,SD/033/EB,EBONYI
2544,UMUBOR,11,IVO,09,ISHIELU SOUTH,SC/286/EB,Ivo-Ohaozara/Onicha,FC/098/EB,EBONYI SOUTH,SD/033/EB,EBONYI
2545,AGBAJA MGBO,01,IZZI,10,IZZI WEST,SC/289/EB,Abakaliki/Izzi,FC/095/EB,EBONYI NORTH,SD/031/EB,EBONYI
2546,AGBAJA ANYANWUIGWE,02,IZZI,10,IZZI WEST,SC/289/EB,Abakaliki/Izzi,FC/095/EB,EBONYI NORTH,SD/031/EB,EBONYI
2547,AGBAJA OFFIA ONWE,03,IZZI,10,IZZI WEST,SC/289/EB,Abakaliki/Izzi,FC/095/EB,EBONYI NORTH,SD/031/EB,EBONYI
2548,EZZA INYIMAGU IGBUHU,04,IZZI,10,IZZI WEST,SC/289/EB,Abakaliki/Izzi,FC/095/EB,EBONYI NORTH,SD/031/EB,EBONYI
2549,EZZA INYIMAGU-IGWELED OHA,05,IZZI,10,IZZI WEST,SC/289/EB,Abakaliki/Izzi,FC/095/EB,EBONYI NORTH,SD/031/EB,EBONYI
2550,EZZA INYIMAGU-IZZI OGO,06,IZZI,10,IZZI WEST,SC/289/EB,Abakaliki/Izzi,FC/095/EB,EBONYI NORTH,SD/031/EB,EBONYI
2551,EZZA INYIMAGU-NDIAGU,07,IZZI,10,IZZI WEST,SC/289/EB,Abakaliki/Izzi,FC/095/EB,EBONYI NORTH,SD/031/EB,EBONYI
2552,EGBEAGU NDU OGBU,08,IZZI,10,IZZI EAST,SC/288/EB,Abakaliki/Izzi,FC/095/EB,EBONYI NORTH,SD/031/EB,EBONYI
2553,IGBEAGU II NDI ETTAH,09,IZZI,10,IZZI EAST,SC/288/EB,Abakaliki/Izzi,FC/095/EB,EBONYI NORTH,SD/031/EB,EBONYI
2554,IGEAGU III,10,IZZI,10,IZZI EAST,SC/288/EB,Abakaliki/Izzi,FC/095/EB,EBONYI NORTH,SD/031/EB,EBONYI
2555,MGBALUKWU INYIMAGU I,11,IZZI,10,IZZI EAST,SC/288/EB,Abakaliki/Izzi,FC/095/EB,EBONYI NORTH,SD/031/EB,EBONYI
2556,MGBALUKWU INYIMAGU II,12,IZZI,10,IZZI EAST,SC/288/EB,Abakaliki/Izzi,FC/095/EB,EBONYI NORTH,SD/031/EB,EBONYI
2557,NDIEZE/INYIMAGU,13,IZZI,10,IZZI EAST,SC/288/EB,Abakaliki/Izzi,FC/095/EB,EBONYI NORTH,SD/031/EB,EBONYI
2558,NDIEZE/INYIMAGU/NDIABOISHI AGU,14,IZZI,10,IZZI EAST,SC/288/EB,Abakaliki/Izzi,FC/095/EB,EBONYI NORTH,SD/031/EB,EBONYI
2559,AMAECHI OKPASI,01,OHAOZARA,11,OHAOZARA EAST,SC/290/EB,Ivo-Ohaozara/Onicha,FC/098/EB,EBONYI SOUTH,SD/033/EB,EBONYI
2560,ENE NA EZERAKU,02,OHAOZARA,11,OHAOZARA EAST,SC/290/EB,Ivo-Ohaozara/Onicha,FC/098/EB,EBONYI SOUTH,SD/033/EB,EBONYI
2561,MGBOM OKPOSI,03,OHAOZARA,11,OHAOZARA EAST,SC/290/EB,Ivo-Ohaozara/Onicha,FC/098/EB,EBONYI SOUTH,SD/033/EB,EBONYI
2562,OBIOZARA,04,OHAOZARA,11,OHAOZARA WEST,SC/291/EB,Ivo-Ohaozara/Onicha,FC/098/EB,EBONYI SOUTH,SD/033/EB,EBONYI
2563,OKPOSI ACHARA,05,OHAOZARA,11,OHAOZARA EAST,SC/290/EB,Ivo-Ohaozara/Onicha,FC/098/EB,EBONYI SOUTH,SD/033/EB,EBONYI
2564,OKPOSI OKWU,06,OHAOZARA,11,OHAOZARA EAST,SC/290/EB,Ivo-Ohaozara/Onicha,FC/098/EB,EBONYI SOUTH,SD/033/EB,EBONYI
2565,UGBOGOLO-UGWULANGWU,07,OHAOZARA,11,OHAOZARA EAST,SC/290/EB,Ivo-Ohaozara/Onicha,FC/098/EB,EBONYI SOUTH,SD/033/EB,EBONYI
2566,UHUOTARU-UGWU-LANGWU,08,OHAOZARA,11,OHAOZARA EAST,SC/290/EB,Ivo-Ohaozara/Onicha,FC/098/EB,EBONYI SOUTH,SD/033/EB,EBONYI
2567,UMUCHIMA,09,OHAOZARA,11,OHAOZARA WEST,SC/291/EB,Ivo-Ohaozara/Onicha,FC/098/EB,EBONYI SOUTH,SD/033/EB,EBONYI
2568,UMUNAGA,10,OHAOZARA,11,OHAOZARA WEST,SC/291/EB,Ivo-Ohaozara/Onicha,FC/098/EB,EBONYI SOUTH,SD/033/EB,EBONYI
2569,UMUOBUNA,11,OHAOZARA,11,OHAOZARA WEST,SC/291/EB,Ivo-Ohaozara/Onicha,FC/098/EB,EBONYI SOUTH,SD/033/EB,EBONYI
2570,EFFIUM I,01,OHAUKWU,12,OHAUKWU NORTH,SC/294/EB,Ebonyi/Ohaukwu,FC/094/EB,EBONYI NORTH,SD/031/EB,EBONYI
2571,EFFIUM II,02,OHAUKWU,12,OHAUKWU NORTH,SC/294/EB,Ebonyi/Ohaukwu,FC/094/EB,EBONYI NORTH,SD/031/EB,EBONYI
2572,EZZAMGBO,03,OHAUKWU,12,,,Ebonyi/Ohaukwu,FC/094/EB,EBONYI NORTH,SD/031/EB,EBONYI
2573,ISHI NGBO I,04,OHAUKWU,12,OHAUKWU SOUTH,SC/295/EB,Ebonyi/Ohaukwu,FC/094/EB,EBONYI NORTH,SD/031/EB,EBONYI
2574,ISHI NGBO II,05,OHAUKWU,12,OHAUKWU NORTH,SC/294/EB,Ebonyi/Ohaukwu,FC/094/EB,EBONYI NORTH,SD/031/EB,EBONYI
2575,NGBO,06,OHAUKWU,12,OHAUKWU SOUTH,SC/295/EB,Ebonyi/Ohaukwu,FC/094/EB,EBONYI NORTH,SD/031/EB,EBONYI
2576,OKPOSHI I,07,OHAUKWU,12,OHAUKWU NORTH,SC/294/EB,Ebonyi/Ohaukwu,FC/094/EB,EBONYI NORTH,SD/031/EB,EBONYI
2577,OKPOSHI II,08,OHAUKWU,12,OHAUKWU SOUTH,SC/295/EB,Ebonyi/Ohaukwu,FC/094/EB,EBONYI NORTH,SD/031/EB,EBONYI
2578,UMUAGBARA/AMECHI,09,OHAUKWU,12,OHAUKWU SOUTH,SC/295/EB,Ebonyi/Ohaukwu,FC/094/EB,EBONYI NORTH,SD/031/EB,EBONYI
2579,UMU OGUDU OSHIA,10,OHAUKWU,12,OHAUKWU SOUTH,SC/295/EB,Ebonyi/Ohaukwu,FC/094/EB,EBONYI NORTH,SD/031/EB,EBONYI
2580,UMU OGUDU AKPU I,11,OHAUKWU,12,OHAUKWU SOUTH,SC/295/EB,Ebonyi/Ohaukwu,FC/094/EB,EBONYI NORTH,SD/031/EB,EBONYI
2581,UMU OGUDU AKPU II,12,OHAUKWU,12,OHAUKWU SOUTH,SC/295/EB,Ebonyi/Ohaukwu,FC/094/EB,EBONYI NORTH,SD/031/EB,EBONYI
2582,WIGBEKE I,13,OHAUKWU,12,OHAUKWU NORTH,SC/294/EB,Ebonyi/Ohaukwu,FC/094/EB,EBONYI NORTH,SD/031/EB,EBONYI
2583,WIGBEKE II,14,OHAUKWU,12,OHAUKWU NORTH,SC/294/EB,Ebonyi/Ohaukwu,FC/094/EB,EBONYI NORTH,SD/031/EB,EBONYI
2584,WIGBEKE III,15,OHAUKWU,12,OHAUKWU NORTH,SC/294/EB,Ebonyi/Ohaukwu,FC/094/EB,EBONYI NORTH,SD/031/EB,EBONYI
2585,ABAOMEGA,01,ONICHA,13,ONICHA EAST,SC/292/EB,Ivo-Ohaozara/Onicha,FC/098/EB,EBONYI SOUTH,SD/033/EB,EBONYI
2586,AGABOR-ISU,02,ONICHA,13,ONICHA WEST,SC/293/EB,Ivo-Ohaozara/Onicha,FC/098/EB,EBONYI SOUTH,SD/033/EB,EBONYI
2587,AMANATOR-ISU,03,ONICHA,13,ONICHA WEST,SC/293/EB,Ivo-Ohaozara/Onicha,FC/098/EB,EBONYI SOUTH,SD/033/EB,EBONYI
2588,EBIA OSHIRI,04,ONICHA,13,ONICHA EAST,SC/292/EB,Ivo-Ohaozara/Onicha,FC/098/EB,EBONYI SOUTH,SD/033/EB,EBONYI
2589,ENUAGU-ONUCHA,05,ONICHA,13,ONICHA WEST,SC/293/EB,Ivo-Ohaozara/Onicha,FC/098/EB,EBONYI SOUTH,SD/033/EB,EBONYI
2590,ISINKWO-UKWU,06,ONICHA,13,ONICHA EAST,SC/292/EB,Ivo-Ohaozara/Onicha,FC/098/EB,EBONYI SOUTH,SD/033/EB,EBONYI
2591,ISI-ONICHA,07,ONICHA,13,ONICHA WEST,SC/293/EB,Ivo-Ohaozara/Onicha,FC/098/EB,EBONYI SOUTH,SD/033/EB,EBONYI
2592,OBEAGU-ISU,08,ONICHA,13,ONICHA WEST,SC/293/EB,Ivo-Ohaozara/Onicha,FC/098/EB,EBONYI SOUTH,SD/033/EB,EBONYI
2593,OGUDU UKWO-OSHIRI,09,ONICHA,13,ONICHA EAST,SC/292/EB,Ivo-Ohaozara/Onicha,FC/098/EB,EBONYI SOUTH,SD/033/EB,EBONYI
2594,OKUZU UKUAWU,10,ONICHA,13,ONICHA EAST,SC/292/EB,Ivo-Ohaozara/Onicha,FC/098/EB,EBONYI SOUTH,SD/033/EB,EBONYI
2595,UGWU-OSHIRI,11,ONICHA,13,ONICHA EAST,SC/292/EB,Ivo-Ohaozara/Onicha,FC/098/EB,EBONYI SOUTH,SD/033/EB,EBONYI
2596,UMUDOMI-ONICHA,12,ONICHA,13,ONICHA WEST,SC/293/EB,Ivo-Ohaozara/Onicha,FC/098/EB,EBONYI SOUTH,SD/033/EB,EBONYI
2597,IGARRAI I,01,AKOKO EDO,01,AKOKO EDO II,SC/297/ED,Akoko-Edo,FC/100/ED,EDO NORTH,SD/035/ED,EDO
2598,IGARRAI II,02,AKOKO EDO,01,AKOKO EDO II,SC/297/ED,Akoko-Edo,FC/100/ED,EDO NORTH,SD/035/ED,EDO
2599,IMOGA/LAMPESE/BEKUM A EKPE,03,AKOKO EDO,01,AKOKO EDO I,SC/296/ED,Akoko-Edo,FC/100/ED,EDO NORTH,SD/035/ED,EDO
2600,EBILLO/EKPESE/EKOR/IKI RAN-ILE/IKIRAN OKE,04,AKOKO EDO,01,AKOKO EDO I,SC/296/ED,Akoko-Edo,FC/100/ED,EDO NORTH,SD/035/ED,EDO
2601,MAKEKE/OJAH,05,AKOKO EDO,01,AKOKO EDO I,SC/296/ED,Akoko-Edo,FC/100/ED,EDO NORTH,SD/035/ED,EDO
2602,DANGBALA/OJIRAMI/ANY AWOZA,06,AKOKO EDO,01,,,Akoko-Edo,FC/100/ED,EDO NORTH,SD/035/ED,EDO
2603,OLOMA/OKPE IJAJA/KAKUMA ANYARA,07,AKOKO EDO,01,,,Akoko-Edo,FC/100/ED,EDO NORTH,SD/035/ED,EDO
2604,SOMORIKA/OGBE/SARAR O,08,AKOKO EDO,01,,,Akoko-Edo,FC/100/ED,EDO NORTH,SD/035/ED,EDO
2605,ONUMU/ESHAWA/OGUGU IGBOSHI-AFE/IGBOSHI ELE/AIYEGUNLE,09,AKOKO EDO,01,,,Akoko-Edo,FC/100/ED,EDO NORTH,SD/035/ED,EDO
2606,ENWAN/ATTE/IKPESHI/EG BIGERE,10,AKOKO EDO,01,AKOKO EDO II,SC/297/ED,Akoko-Edo,FC/100/ED,EDO NORTH,SD/035/ED,EDO
2607,UNEME- NEKHUA/AKPAMA/AIYET ORO/EKPEDO/ERHURUN/U NEME OSU,11,AKOKO EDO,01,AKOKO EDO II,SC/297/ED,Akoko-Edo,FC/100/ED,EDO NORTH,SD/035/ED,EDO
2608,OSOSO,12,AKOKO EDO,01,AKOKO EDO II,SC/297/ED,Akoko-Edo,FC/100/ED,EDO NORTH,SD/035/ED,EDO
2609,OTUBU,01,EGOR,02,EGOR,SC/307/ED,Egor/Ikpoba-Okha,FC/104/ED,EDO SOUTH,SD/036/ED,EDO
2610,OLIHA,02,EGOR,02,EGOR,SC/307/ED,Egor/Ikpoba-Okha,FC/104/ED,EDO SOUTH,SD/036/ED,EDO
2611,OGIDA/USE,03,EGOR,02,EGOR,SC/307/ED,Egor/Ikpoba-Okha,FC/104/ED,EDO SOUTH,SD/036/ED,EDO
2612,EGOR,04,EGOR,02,EGOR,SC/307/ED,Egor/Ikpoba-Okha,FC/104/ED,EDO SOUTH,SD/036/ED,EDO
2613,UWELU,05,EGOR,02,EGOR,SC/307/ED,Egor/Ikpoba-Okha,FC/104/ED,EDO SOUTH,SD/036/ED,EDO
2614,EVBAREKE,06,EGOR,02,EGOR,SC/307/ED,Egor/Ikpoba-Okha,FC/104/ED,EDO SOUTH,SD/036/ED,EDO
2615,USELU I,07,EGOR,02,EGOR,SC/307/ED,Egor/Ikpoba-Okha,FC/104/ED,EDO SOUTH,SD/036/ED,EDO
2616,USELU II,08,EGOR,02,EGOR,SC/307/ED,Egor/Ikpoba-Okha,FC/104/ED,EDO SOUTH,SD/036/ED,EDO
2617,OKHORO,09,EGOR,02,EGOR,SC/307/ED,Egor/Ikpoba-Okha,FC/104/ED,EDO SOUTH,SD/036/ED,EDO
2618,UGBOWO,10,EGOR,02,EGOR,SC/307/ED,Egor/Ikpoba-Okha,FC/104/ED,EDO SOUTH,SD/036/ED,EDO
2619,UNEAH,01,ESAN CENTRAL,03,ESAN CENTRAL,SC/298/ED,Esan Central/Esan South/ Igueben,FC/101/ED,EDO CENTRAL,SD/034/ED,EDO
2620,UWESSAN I,02,ESAN CENTRAL,03,ESAN CENTRAL,SC/298/ED,Esan Central/Esan South/ Igueben,FC/101/ED,EDO CENTRAL,SD/034/ED,EDO
2621,UWESSAN II,03,ESAN CENTRAL,03,ESAN CENTRAL,SC/298/ED,Esan Central/Esan South/ Igueben,FC/101/ED,EDO CENTRAL,SD/034/ED,EDO
2622,IKEKATO,04,ESAN CENTRAL,03,ESAN CENTRAL,SC/298/ED,Esan Central/Esan South/ Igueben,FC/101/ED,EDO CENTRAL,SD/034/ED,EDO
2623,OTORUWO I,05,ESAN CENTRAL,03,ESAN CENTRAL,SC/298/ED,Esan Central/Esan South/ Igueben,FC/101/ED,EDO CENTRAL,SD/034/ED,EDO
2624,OTORUWO II,06,ESAN CENTRAL,03,ESAN CENTRAL,SC/298/ED,Esan Central/Esan South/ Igueben,FC/101/ED,EDO CENTRAL,SD/034/ED,EDO
2625,EWU I,07,ESAN CENTRAL,03,ESAN CENTRAL,SC/298/ED,Esan Central/Esan South/ Igueben,FC/101/ED,EDO CENTRAL,SD/034/ED,EDO
2626,EWU II,08,ESAN CENTRAL,03,ESAN CENTRAL,SC/298/ED,Esan Central/Esan South/ Igueben,FC/101/ED,EDO CENTRAL,SD/034/ED,EDO
2627,OPOJI,09,ESAN CENTRAL,03,ESAN CENTRAL,SC/298/ED,Esan Central/Esan South/ Igueben,FC/101/ED,EDO CENTRAL,SD/034/ED,EDO
2628,UGBEGUN,10,ESAN CENTRAL,03,ESAN CENTRAL,SC/298/ED,Esan Central/Esan South/ Igueben,FC/101/ED,EDO CENTRAL,SD/034/ED,EDO
2629,EGBELE,01,ESAN NORTH EAST,04,ESAN NORTH EAST I,SC/300/ED,Esan North East/Esan South East,FC/102/ED,EDO CENTRAL,SD/034/ED,EDO
2630,OBEIDU,02,ESAN NORTH EAST,04,ESAN NORTH EAST I,SC/300/ED,Esan North East/Esan South East,FC/102/ED,EDO CENTRAL,SD/034/ED,EDO
2631,ARUE,03,ESAN NORTH EAST,04,ESAN NORTH EAST I,SC/300/ED,Esan North East/Esan South East,FC/102/ED,EDO CENTRAL,SD/034/ED,EDO
2632,UELEN/OKUGBE,04,ESAN NORTH EAST,04,ESAN NORTH EAST I,SC/300/ED,Esan North East/Esan South East,FC/102/ED,EDO CENTRAL,SD/034/ED,EDO
2633,IDUMU-OKOJIE,05,ESAN NORTH EAST,04,ESAN NORTH EAST I,SC/300/ED,Esan North East/Esan South East,FC/102/ED,EDO CENTRAL,SD/034/ED,EDO
2634,UZEA,06,ESAN NORTH EAST,04,ESAN NORTH EAST II,SC/301/ED,Esan North East/Esan South East,FC/102/ED,EDO CENTRAL,SD/034/ED,EDO
2635,AMEDOKHIAN,07,ESAN NORTH EAST,04,ESAN NORTH EAST II,SC/301/ED,Esan North East/Esan South East,FC/102/ED,EDO CENTRAL,SD/034/ED,EDO
2636,EFANDION,08,ESAN NORTH EAST,04,ESAN NORTH EAST II,SC/301/ED,Esan North East/Esan South East,FC/102/ED,EDO CENTRAL,SD/034/ED,EDO
2637,UWALOR,09,ESAN NORTH EAST,04,ESAN NORTH EAST II,SC/301/ED,Esan North East/Esan South East,FC/102/ED,EDO CENTRAL,SD/034/ED,EDO
2638,EWOYI,10,ESAN NORTH EAST,04,ESAN NORTH EAST II,SC/301/ED,Esan North East/Esan South East,FC/102/ED,EDO CENTRAL,SD/034/ED,EDO
2639,UBIERUMU,11,ESAN NORTH EAST,04,ESAN NORTH EAST II,SC/301/ED,Esan North East/Esan South East,FC/102/ED,EDO CENTRAL,SD/034/ED,EDO
2640,ESOHIMI I,01,ESSAN SOUTH EAST,05,ESSAN SOUTH EAST,SC/302/ED,Esan North East/Esan South East,FC/102/ED,EDO CENTRAL,SD/034/ED,EDO
2641,EWOHIMI II,02,ESSAN SOUTH EAST,05,ESSAN SOUTH EAST,SC/302/ED,,,EDO CENTRAL,SD/034/ED,EDO
2642,EWATTO,03,ESSAN SOUTH EAST,05,ESSAN SOUTH EAST,SC/302/ED,,,EDO CENTRAL,SD/034/ED,EDO
2643,OHORDUA,04,ESSAN SOUTH EAST,05,ESSAN SOUTH EAST,SC/302/ED,,,EDO CENTRAL,SD/034/ED,EDO
2644,EMU,05,ESSAN SOUTH EAST,05,ESSAN SOUTH EAST,SC/302/ED,,,EDO CENTRAL,SD/034/ED,EDO
2645,UBIAJA I,06,ESSAN SOUTH EAST,05,ESSAN SOUTH EAST,SC/302/ED,,,EDO CENTRAL,SD/034/ED,EDO
2646,UBIAJA II,07,ESSAN SOUTH EAST,05,ESSAN SOUTH EAST,SC/302/ED,,,EDO CENTRAL,SD/034/ED,EDO
2647,ILLUSHI I,08,ESSAN SOUTH EAST,05,ESSAN SOUTH EAST,SC/302/ED,,,EDO CENTRAL,SD/034/ED,EDO
2648,ILLUSHI II,09,ESSAN SOUTH EAST,05,ESSAN SOUTH EAST,SC/302/ED,,,EDO CENTRAL,SD/034/ED,EDO
2649,UGBOHA,10,ESSAN SOUTH EAST,05,ESSAN SOUTH EAST,SC/302/ED,,,EDO CENTRAL,SD/034/ED,EDO
2650,ILLEH/EKO-INE,01,ESAN WEST,06,ESAN WEST,SC/299/ED,,,EDO CENTRAL,SD/034/ED,EDO
2651,UJIOGBO,02,ESAN WEST,06,ESAN WEST,SC/299/ED,,,EDO CENTRAL,SD/034/ED,EDO
2652,EGORO/IDOA/UKHUN,03,ESAN WEST,06,ESAN WEST,SC/299/ED,,,EDO CENTRAL,SD/034/ED,EDO
2653,EMAUDO/EGUARE/EKPOM A,04,ESAN WEST,06,ESAN WEST,SC/299/ED,,,EDO CENTRAL,SD/034/ED,EDO
2654,IHUNMUDUM/IDUMEBO/U KE/UJEMEN,05,ESAN WEST,06,ESAN WEST,SC/299/ED,,,EDO CENTRAL,SD/034/ED,EDO
2655,IRUEKPEN,06,ESAN WEST,06,ESAN WEST,SC/299/ED,,,EDO CENTRAL,SD/034/ED,EDO
2656,EMUHI/UKPENU/UJOELEN,07,ESAN WEST,06,ESAN WEST,SC/299/ED,,,EDO CENTRAL,SD/034/ED,EDO
2657,UROHI,08,ESAN WEST,06,ESAN WEST,SC/299/ED,,,EDO CENTRAL,SD/034/ED,EDO
2658,UHIELE,09,ESAN WEST,06,ESAN WEST,SC/299/ED,,,EDO CENTRAL,SD/034/ED,EDO
2659,OGWA,10,ESAN WEST,06,ESAN WEST,SC/299/ED,,,EDO CENTRAL,SD/034/ED,EDO
2660,FUGAR I,01,ETSAKO CENTRAL,07,ETSAKO CENTRAL,SC/303/ED,Etsako East/Etsako West/ Etsako Central ,FC/103/ED,EDO NORTH,SD/035/ED,EDO
2661,FUGAR II,02,ETSAKO CENTRAL,07,ETSAKO CENTRAL,SC/303/ED,Etsako East/Etsako West/ Etsako Central ,FC/103/ED,EDO NORTH,SD/035/ED,EDO
2662,FUGAR III,03,ETSAKO CENTRAL,07,ETSAKO CENTRAL,SC/303/ED,Etsako East/Etsako West/ Etsako Central ,FC/103/ED,EDO NORTH,SD/035/ED,EDO
2663,OGBONA,04,ETSAKO CENTRAL,07,ETSAKO CENTRAL,SC/303/ED,Etsako East/Etsako West/ Etsako Central ,FC/103/ED,EDO NORTH,SD/035/ED,EDO
2664,IRAOKHOR,05,ETSAKO CENTRAL,07,ETSAKO CENTRAL,SC/303/ED,Etsako East/Etsako West/ Etsako Central ,FC/103/ED,EDO NORTH,SD/035/ED,EDO
2665,EKPERI I,06,ETSAKO CENTRAL,07,ETSAKO CENTRAL,SC/303/ED,Etsako East/Etsako West/ Etsako Central ,FC/103/ED,EDO NORTH,SD/035/ED,EDO
2666,EKPERI II,07,ETSAKO CENTRAL,07,ETSAKO CENTRAL,SC/303/ED,Etsako East/Etsako West/ Etsako Central ,FC/103/ED,EDO NORTH,SD/035/ED,EDO
2667,EKPERI III,08,ETSAKO CENTRAL,07,ETSAKO CENTRAL,SC/303/ED,Etsako East/Etsako West/ Etsako Central ,FC/103/ED,EDO NORTH,SD/035/ED,EDO
2668,SOUTH UNEME I,09,ETSAKO CENTRAL,07,ETSAKO CENTRAL,SC/303/ED,Etsako East/Etsako West/ Etsako Central ,FC/103/ED,EDO NORTH,SD/035/ED,EDO
2669,SOUTH UNEME II,10,ETSAKO CENTRAL,07,ETSAKO CENTRAL,SC/303/ED,Etsako East/Etsako West/ Etsako Central ,FC/103/ED,EDO NORTH,SD/035/ED,EDO
2670,AGENEBODE,01,ETSAKO EAST,08,ETSAKO EAST,SC/304/ED,Etsako East/Etsako West/ Etsako Central ,FC/103/ED,EDO NORTH,SD/035/ED,EDO
2671,WANNO I,02,ETSAKO EAST,08,ETSAKO EAST,SC/304/ED,Etsako East/Etsako West/ Etsako Central ,FC/103/ED,EDO NORTH,SD/035/ED,EDO
2672,WANNO II,03,ETSAKO EAST,08,ETSAKO EAST,SC/304/ED,Etsako East/Etsako West/ Etsako Central ,FC/103/ED,EDO NORTH,SD/035/ED,EDO
2673,WEPPA,04,ETSAKO EAST,08,ETSAKO EAST,SC/304/ED,Etsako East/Etsako West/ Etsako Central ,FC/103/ED,EDO NORTH,SD/035/ED,EDO
2674,OKPELLA I,05,ETSAKO EAST,08,ETSAKO EAST,SC/304/ED,Etsako East/Etsako West/ Etsako Central ,FC/103/ED,EDO NORTH,SD/035/ED,EDO
2675,OKPELLA II,06,ETSAKO EAST,08,ETSAKO EAST,SC/304/ED,Etsako East/Etsako West/ Etsako Central ,FC/103/ED,EDO NORTH,SD/035/ED,EDO
2676,OKPELLA III,07,ETSAKO EAST,08,ETSAKO EAST,SC/304/ED,Etsako East/Etsako West/ Etsako Central ,FC/103/ED,EDO NORTH,SD/035/ED,EDO
2677,OKPELLA IV,08,ETSAKO EAST,08,ETSAKO EAST,SC/304/ED,Etsako East/Etsako West/ Etsako Central ,FC/103/ED,EDO NORTH,SD/035/ED,EDO
2678,THREE IBIES,09,ETSAKO EAST,08,ETSAKO EAST,SC/304/ED,Etsako East/Etsako West/ Etsako Central ,FC/103/ED,EDO NORTH,SD/035/ED,EDO
2679,OKPEKPE,10,ETSAKO EAST,08,ETSAKO EAST,SC/304/ED,Etsako East/Etsako West/ Etsako Central ,FC/103/ED,EDO NORTH,SD/035/ED,EDO
2680,AUCHI,01,ETSAKO WEST,09,ETSAKO WEST I,SC/305/ED,Etsako East/Etsako West/ Etsako Central ,FC/103/ED,EDO NORTH,SD/035/ED,EDO
2681,AUCHI I,02,ETSAKO WEST,09,ETSAKO WEST I,SC/305/ED,Etsako East/Etsako West/ Etsako Central ,FC/103/ED,EDO NORTH,SD/035/ED,EDO
2682,AUCHI II,03,ETSAKO WEST,09,ETSAKO WEST I,SC/305/ED,Etsako East/Etsako West/ Etsako Central ,FC/103/ED,EDO NORTH,SD/035/ED,EDO
2683,AUCHI III,04,ETSAKO WEST,09,ETSAKO WEST I,SC/305/ED,Etsako East/Etsako West/ Etsako Central ,FC/103/ED,EDO NORTH,SD/035/ED,EDO
2684,SOUTH IBIE,05,ETSAKO WEST,09,ETSAKO WEST II,SC/306/ED,Etsako East/Etsako West/ Etsako Central ,FC/103/ED,EDO NORTH,SD/035/ED,EDO
2685,JAGBE,06,ETSAKO WEST,09,ETSAKO WEST I,SC/305/ED,Etsako East/Etsako West/ Etsako Central ,FC/103/ED,EDO NORTH,SD/035/ED,EDO
2686,AVIELE,07,ETSAKO WEST,09,ETSAKO WEST I,SC/305/ED,Etsako East/Etsako West/ Etsako Central ,FC/103/ED,EDO NORTH,SD/035/ED,EDO
2687,ANWAIN,08,ETSAKO WEST,09,ETSAKO WEST I,SC/305/ED,Etsako East/Etsako West/ Etsako Central ,FC/103/ED,EDO NORTH,SD/035/ED,EDO
2688,UZAIRUE NORTH WEST,09,ETSAKO WEST,09,ETSAKO WEST II,SC/306/ED,Etsako East/Etsako West/ Etsako Central ,FC/103/ED,EDO NORTH,SD/035/ED,EDO
2689,UZAIRUE NORTH EAST,10,ETSAKO WEST,09,ETSAKO WEST II,SC/306/ED,Etsako East/Etsako West/ Etsako Central ,FC/103/ED,EDO NORTH,SD/035/ED,EDO
2690,UZAIRUE SOUTH WEST,11,ETSAKO WEST,09,ETSAKO WEST II,SC/306/ED,Etsako East/Etsako West/ Etsako Central ,FC/103/ED,EDO NORTH,SD/035/ED,EDO
2691,UZAIRUE SOUTH EAST,12,ETSAKO WEST,09,ETSAKO WEST II,SC/306/ED,Etsako East/Etsako West/ Etsako Central ,FC/103/ED,EDO NORTH,SD/035/ED,EDO
2692,EKEKHEN/NDUMU,01,IGUEBEN,10,IGUEBEN,SC/309/ED,Esan Central/Esan South/ Igueben,FC/101/ED,EDO CENTRAL,SD/034/ED,EDO
2693,ODO/EGBIKI,02,IGUEBEN,10,IGUEBEN,SC/309/ED,Esan Central/Esan South/ Igueben,FC/101/ED,EDO CENTRAL,SD/034/ED,EDO
2694,IDIGUN/IDUMUOKA,03,IGUEBEN,10,IGUEBEN,SC/309/ED,Esan Central/Esan South/ Igueben,FC/101/ED,EDO CENTRAL,SD/034/ED,EDO
2695,AFUDA/IDUMUOKA,04,IGUEBEN,10,IGUEBEN,SC/309/ED,Esan Central/Esan South/ Igueben,FC/101/ED,EDO CENTRAL,SD/034/ED,EDO
2696,UHE/IDMUOGBO/IDUMUE KE,05,IGUEBEN,10,IGUEBEN,SC/309/ED,Esan Central/Esan South/ Igueben,FC/101/ED,EDO CENTRAL,SD/034/ED,EDO
2697,UDO,06,IGUEBEN,10,IGUEBEN,SC/309/ED,Esan Central/Esan South/ Igueben,FC/101/ED,EDO CENTRAL,SD/034/ED,EDO
2698,OWU/OKUTA/EGBELLE,07,IGUEBEN,10,IGUEBEN,SC/309/ED,Esan Central/Esan South/ Igueben,FC/101/ED,EDO CENTRAL,SD/034/ED,EDO
2699,OKALO/OKPUJIE,08,IGUEBEN,10,IGUEBEN,SC/309/ED,Esan Central/Esan South/ Igueben,FC/101/ED,EDO CENTRAL,SD/034/ED,EDO
2700,AMAHOR/UGUN,09,IGUEBEN,10,IGUEBEN,SC/309/ED,Esan Central/Esan South/ Igueben,FC/101/ED,EDO CENTRAL,SD/034/ED,EDO
2701,EWOSSA,10,IGUEBEN,10,IGUEBEN,SC/309/ED,Esan Central/Esan South/ Igueben,FC/101/ED,EDO CENTRAL,SD/034/ED,EDO
2702,EKPON,11,IGUEBEN,10,IGUEBEN,SC/309/ED,Esan Central/Esan South/ Igueben,FC/101/ED,EDO CENTRAL,SD/034/ED,EDO
2703,IWOGBAN/UTEH,01,IKPOBA/OKHA,11,IKPOBA - OKHA,SC/308/ED,Egor/Ikpoba-Okha,FC/104/ED,EDO SOUTH,SD/036/ED,EDO
2704,OREGBENI,02,IKPOBA/OKHA,11,IKPOBA - OKHA,SC/308/ED,Egor/Ikpoba-Okha,FC/104/ED,EDO SOUTH,SD/036/ED,EDO
2705,OGBESON,03,IKPOBA/OKHA,11,IKPOBA - OKHA,SC/308/ED,Egor/Ikpoba-Okha,FC/104/ED,EDO SOUTH,SD/036/ED,EDO
2706,ADUWAWA/EVBO MODU,04,IKPOBA/OKHA,11,IKPOBA - OKHA,SC/308/ED,Egor/Ikpoba-Okha,FC/104/ED,EDO SOUTH,SD/036/ED,EDO
2707,ST. SAVIOUR,05,IKPOBA/OKHA,11,IKPOBA - OKHA,SC/308/ED,Egor/Ikpoba-Okha,FC/104/ED,EDO SOUTH,SD/036/ED,EDO
2708,GORRETTI,06,IKPOBA/OKHA,11,IKPOBA - OKHA,SC/308/ED,Egor/Ikpoba-Okha,FC/104/ED,EDO SOUTH,SD/036/ED,EDO
2709,UGBEKUN,07,IKPOBA/OKHA,11,IKPOBA - OKHA,SC/308/ED,Egor/Ikpoba-Okha,FC/104/ED,EDO SOUTH,SD/036/ED,EDO
2710,IDOGBO,08,IKPOBA/OKHA,11,IKPOBA - OKHA,SC/308/ED,Egor/Ikpoba-Okha,FC/104/ED,EDO SOUTH,SD/036/ED,EDO
2711,OBAYANTOR,09,IKPOBA/OKHA,11,IKPOBA - OKHA,SC/308/ED,Egor/Ikpoba-Okha,FC/104/ED,EDO SOUTH,SD/036/ED,EDO
2712,OLOGBO,10,IKPOBA/OKHA,11,IKPOBA - OKHA,SC/308/ED,Egor/Ikpoba-Okha,FC/104/ED,EDO SOUTH,SD/036/ED,EDO
2713,OGBE,01,OREDO,12,OREDO EAST,SC/310/ED,Oredo,FC/105/ED,EDO SOUTH,SD/036/ED,EDO
2714,GRA/ETETE,02,OREDO,12,OREDO EAST,SC/310/ED,Oredo,FC/105/ED,EDO SOUTH,SD/036/ED,EDO
2715,UZEBU,03,OREDO,12,OREDO EAST,SC/310/ED,Oredo,FC/105/ED,EDO SOUTH,SD/036/ED,EDO
2716,URUBI/EVBIEMWEN/IWEH EN,04,OREDO,12,OREDO EAST,SC/310/ED,Oredo,FC/105/ED,EDO SOUTH,SD/036/ED,EDO
2717,IHOGBE/ISEKHERE/OREO GHENE/IBIWE/ICE ROAD,05,OREDO,12,OREDO EAST,SC/310/ED,Oredo,FC/105/ED,EDO SOUTH,SD/036/ED,EDO
2718,NEW BENIN I,06,OREDO,12,OREDO WEST,SC/311/ED,Oredo,FC/105/ED,EDO SOUTH,SD/036/ED,EDO
2719,NEW BENIN II,07,OREDO,12,OREDO WEST,SC/311/ED,Oredo,FC/105/ED,EDO SOUTH,SD/036/ED,EDO
2720,OKEDO,08,OREDO,12,OREDO WEST,SC/311/ED,Oredo,FC/105/ED,EDO SOUTH,SD/036/ED,EDO
2721,IKPEMA/EGUADASE,09,OREDO,12,OREDO WEST,SC/311/ED,Oredo,FC/105/ED,EDO SOUTH,SD/036/ED,EDO
2722,UNERU/OGBOKA,10,OREDO,12,OREDO WEST,SC/311/ED,Oredo,FC/105/ED,EDO SOUTH,SD/036/ED,EDO
2723,OGBELAKA/NEKPEN- NEKPEN,11,OREDO,12,OREDO WEST,SC/311/ED,Oredo,FC/105/ED,EDO SOUTH,SD/036/ED,EDO
2724,IBIWE/IWEGIE/UGBAGUE,12,OREDO,12,OREDO EAST,SC/310/ED,Oredo,FC/105/ED,EDO SOUTH,SD/036/ED,EDO
2725,AIBIOKULA I,01,ORHIONMWON,13,ORHIONMWON I,SC/312/ED,Orhionmwon/Uhunmwonde,FC/106/ED,EDO SOUTH,SD/036/ED,EDO
2726,AIBIOKULA II,02,ORHIONMWON,13,ORHIONMWON I,SC/312/ED,Orhionmwon/Uhunmwonde,FC/106/ED,EDO SOUTH,SD/036/ED,EDO
2727,UGBEKA,03,ORHIONMWON,13,ORHIONMWON I,SC/312/ED,Orhionmwon/Uhunmwonde,FC/106/ED,EDO SOUTH,SD/036/ED,EDO
2728,IYOBA,04,ORHIONMWON,13,ORHIONMWON I,SC/312/ED,Orhionmwon/Uhunmwonde,FC/106/ED,EDO SOUTH,SD/036/ED,EDO
2729,UGBOKO,05,ORHIONMWON,13,ORHIONMWON II,SC/313/ED,Orhionmwon/Uhunmwonde,FC/106/ED,EDO SOUTH,SD/036/ED,EDO
2730,UKPATO,06,ORHIONMWON,13,ORHIONMWON II,SC/313/ED,Orhionmwon/Uhunmwonde,FC/106/ED,EDO SOUTH,SD/036/ED,EDO
2731,URHONIGBE NORTH,07,ORHIONMWON,13,ORHIONMWON II,SC/313/ED,Orhionmwon/Uhunmwonde,FC/106/ED,EDO SOUTH,SD/036/ED,EDO
2732,URHONIGBE SOUTH,08,ORHIONMWON,13,ORHIONMWON II,SC/313/ED,Orhionmwon/Uhunmwonde,FC/106/ED,EDO SOUTH,SD/036/ED,EDO
2733,UGU,09,ORHIONMWON,13,ORHIONMWON II,SC/313/ED,Orhionmwon/Uhunmwonde,FC/106/ED,EDO SOUTH,SD/036/ED,EDO
2734,EVBOESI,10,ORHIONMWON,13,ORHIONMWON II,SC/313/ED,Orhionmwon/Uhunmwonde,FC/106/ED,EDO SOUTH,SD/036/ED,EDO
2735,IGBANKE EAST,11,ORHIONMWON,13,ORHIONMWON I,SC/312/ED,Orhionmwon/Uhunmwonde,FC/106/ED,EDO SOUTH,SD/036/ED,EDO
2736,IGBANKE WEST,12,ORHIONMWON,13,ORHIONMWON I,SC/312/ED,Orhionmwon/Uhunmwonde,FC/106/ED,EDO SOUTH,SD/036/ED,EDO
2737,OKADA WEST,01,OVIA NORTH EAST,14,OVIA NORTH EAST I,SC/314/ED,Ovia North East/Ovia South West,FC/107/ED,EDO SOUTH,SD/036/ED,EDO
2738,OKADA EAST,02,OVIA NORTH EAST,14,OVIA NORTH EAST I,SC/314/ED,Ovia North East/Ovia South West,FC/107/ED,EDO SOUTH,SD/036/ED,EDO
2739,UHEN,03,OVIA NORTH EAST,14,OVIA NORTH EAST II,SC/315/ED,Ovia North East/Ovia South West,FC/107/ED,EDO SOUTH,SD/036/ED,EDO
2740,ADOLOR,04,OVIA NORTH EAST,14,OVIA NORTH EAST I,SC/314/ED,Ovia North East/Ovia South West,FC/107/ED,EDO SOUTH,SD/036/ED,EDO
2741,OFUNMWEGBE,05,OVIA NORTH EAST,14,OVIA NORTH EAST I,SC/314/ED,Ovia North East/Ovia South West,FC/107/ED,EDO SOUTH,SD/036/ED,EDO
2742,OLUKU,06,OVIA NORTH EAST,14,OVIA NORTH EAST I,SC/314/ED,Ovia North East/Ovia South West,FC/107/ED,EDO SOUTH,SD/036/ED,EDO
2743,UHIERE,07,OVIA NORTH EAST,14,OVIA NORTH EAST II,SC/315/ED,Ovia North East/Ovia South West,FC/107/ED,EDO SOUTH,SD/036/ED,EDO
2744,ISIUWA,08,OVIA NORTH EAST,14,,,Ovia North East/Ovia South West,FC/107/ED,EDO SOUTH,SD/036/ED,EDO
2745,OKOKHUO,09,OVIA NORTH EAST,14,OVIA NORTH EAST II,SC/315/ED,Ovia North East/Ovia South West,FC/107/ED,EDO SOUTH,SD/036/ED,EDO
2746,OGHEDE,10,OVIA NORTH EAST,14,OVIA NORTH EAST II,SC/315/ED,Ovia North East/Ovia South West,FC/107/ED,EDO SOUTH,SD/036/ED,EDO
2747,ODUNA,11,OVIA NORTH EAST,14,OVIA NORTH EAST II,SC/315/ED,Ovia North East/Ovia South West,FC/107/ED,EDO SOUTH,SD/036/ED,EDO
2748,IGUOSHODUN,12,OVIA NORTH EAST,14,OVIA NORTH EAST II,SC/315/ED,Ovia North East/Ovia South West,FC/107/ED,EDO SOUTH,SD/036/ED,EDO
2749,UTOKA,13,OVIA NORTH EAST,14,OVIA NORTH EAST II,SC/315/ED,Ovia North East/Ovia South West,FC/107/ED,EDO SOUTH,SD/036/ED,EDO
2750,IGUOBAZUWA EAST,01,OVIA SOUTH WEST,15,OVIA SOUTH WEST,SC/316/ED,Ovia North East/Ovia South West,FC/107/ED,EDO SOUTH,SD/036/ED,EDO
2751,IGUOBAZUWA WEST,02,OVIA SOUTH WEST,15,OVIA SOUTH WEST,SC/316/ED,Ovia North East/Ovia South West,FC/107/ED,EDO SOUTH,SD/036/ED,EDO
2752,UMAZA,03,OVIA SOUTH WEST,15,OVIA SOUTH WEST,SC/316/ED,Ovia North East/Ovia South West,FC/107/ED,EDO SOUTH,SD/036/ED,EDO
2753,SILUKO,04,OVIA SOUTH WEST,15,OVIA SOUTH WEST,SC/316/ED,Ovia North East/Ovia South West,FC/107/ED,EDO SOUTH,SD/036/ED,EDO
2754,UDO,05,OVIA SOUTH WEST,15,OVIA SOUTH WEST,SC/316/ED,Ovia North East/Ovia South West,FC/107/ED,EDO SOUTH,SD/036/ED,EDO
2755,ORA,06,OVIA SOUTH WEST,15,OVIA SOUTH WEST,SC/316/ED,Ovia North East/Ovia South West,FC/107/ED,EDO SOUTH,SD/036/ED,EDO
2756,USEM,07,OVIA SOUTH WEST,15,OVIA SOUTH WEST,SC/316/ED,Ovia North East/Ovia South West,FC/107/ED,EDO SOUTH,SD/036/ED,EDO
2757,UGBOGUI,08,OVIA SOUTH WEST,15,OVIA SOUTH WEST,SC/316/ED,Ovia North East/Ovia South West,FC/107/ED,EDO SOUTH,SD/036/ED,EDO
2758,OFUNAMA,09,OVIA SOUTH WEST,15,OVIA SOUTH WEST,SC/316/ED,Ovia North East/Ovia South West,FC/107/ED,EDO SOUTH,SD/036/ED,EDO
2759,NIKOROGHA,10,OVIA SOUTH WEST,15,OVIA SOUTH WEST,SC/316/ED,Ovia North East/Ovia South West,FC/107/ED,EDO SOUTH,SD/036/ED,EDO
2760,EMAI I,01,OWAN EAST,16,OWAN EAST,SC/317/ED,Owan East/Owan West,FC/108/ED,EDO NORTH,SD/035/ED,EDO
2761,EMAI II,02,OWAN EAST,16,OWAN EAST,SC/317/ED,Owan East/Owan West,FC/108/ED,EDO NORTH,SD/035/ED,EDO
2762,IHIEVBE I,03,OWAN EAST,16,OWAN EAST,SC/317/ED,Owan East/Owan West,FC/108/ED,EDO NORTH,SD/035/ED,EDO
2763,IHIEVBE II,04,OWAN EAST,16,OWAN EAST,SC/317/ED,Owan East/Owan West,FC/108/ED,EDO NORTH,SD/035/ED,EDO
2764,UOKHA/AKE,05,OWAN EAST,16,OWAN EAST,SC/317/ED,Owan East/Owan West,FC/108/ED,EDO NORTH,SD/035/ED,EDO
2765,IGUE/IKAO,06,OWAN EAST,16,OWAN EAST,SC/317/ED,Owan East/Owan West,FC/108/ED,EDO NORTH,SD/035/ED,EDO
2766,IVBIMION,07,OWAN EAST,16,OWAN EAST,SC/317/ED,Owan East/Owan West,FC/108/ED,EDO NORTH,SD/035/ED,EDO
2767,OTUO I,08,OWAN EAST,16,OWAN EAST,SC/317/ED,Owan East/Owan West,FC/108/ED,EDO NORTH,SD/035/ED,EDO
2768,OTUO II,09,OWAN EAST,16,OWAN EAST,SC/317/ED,Owan East/Owan West,FC/108/ED,EDO NORTH,SD/035/ED,EDO
2769,IVBIADAOBI,10,OWAN EAST,16,OWAN EAST,SC/317/ED,Owan East/Owan West,FC/108/ED,EDO NORTH,SD/035/ED,EDO
2770,WARRAKE,11,OWAN EAST,16,OWAN EAST,SC/317/ED,Owan East/Owan West,FC/108/ED,EDO NORTH,SD/035/ED,EDO
2771,OZALLA,01,OWAN WEST,17,OWAN WEST,SC/318/ED,Owan East/Owan West,FC/108/ED,EDO NORTH,SD/035/ED,EDO
2772,UHONMORA,02,OWAN WEST,17,OWAN WEST,SC/318/ED,Owan East/Owan West,FC/108/ED,EDO NORTH,SD/035/ED,EDO
2773,EME-ORA/OKE,03,OWAN WEST,17,OWAN WEST,SC/318/ED,Owan East/Owan West,FC/108/ED,EDO NORTH,SD/035/ED,EDO
2774,SABONGIDA/ORA/OGBETU RU,04,OWAN WEST,17,OWAN WEST,SC/318/ED,Owan East/Owan West,FC/108/ED,EDO NORTH,SD/035/ED,EDO
2775,AVBIOSI,05,OWAN WEST,17,OWAN WEST,SC/318/ED,Owan East/Owan West,FC/108/ED,EDO NORTH,SD/035/ED,EDO
2776,UKHUSE-OSI,06,OWAN WEST,17,OWAN WEST,SC/318/ED,Owan East/Owan West,FC/108/ED,EDO NORTH,SD/035/ED,EDO
2777,ERUERE,07,OWAN WEST,17,OWAN WEST,SC/318/ED,Owan East/Owan West,FC/108/ED,EDO NORTH,SD/035/ED,EDO
2778,OKPUJE,08,OWAN WEST,17,OWAN WEST,SC/318/ED,Owan East/Owan West,FC/108/ED,EDO NORTH,SD/035/ED,EDO
2779,UZEBBA I,09,OWAN WEST,17,OWAN WEST,SC/318/ED,Owan East/Owan West,FC/108/ED,EDO NORTH,SD/035/ED,EDO
2780,UZEBBA II,10,OWAN WEST,17,OWAN WEST,SC/318/ED,Owan East/Owan West,FC/108/ED,EDO NORTH,SD/035/ED,EDO
2781,SOBE,11,OWAN WEST,17,OWAN WEST,SC/318/ED,Owan East/Owan West,FC/108/ED,EDO NORTH,SD/035/ED,EDO
2782,EHOR,01,UHUNMWODE,18,UHUNMWODE,SC/319/ED,Orhionmwon/Uhunmwonde,FC/106/ED,EDO SOUTH,SD/036/ED,EDO
2783,UHI,02,UHUNMWODE,18,UHUNMWODE,SC/319/ED,Orhionmwon/Uhunmwonde,FC/106/ED,EDO SOUTH,SD/036/ED,EDO
2784,IGIEDUMA,03,UHUNMWODE,18,UHUNMWODE,SC/319/ED,Orhionmwon/Uhunmwonde,FC/106/ED,EDO SOUTH,SD/036/ED,EDO
2785,IRHUE,04,UHUNMWODE,18,UHUNMWODE,SC/319/ED,Orhionmwon/Uhunmwonde,FC/106/ED,EDO SOUTH,SD/036/ED,EDO
2786,UMAGBAE NORTH,05,UHUNMWODE,18,UHUNMWODE,SC/319/ED,Orhionmwon/Uhunmwonde,FC/106/ED,EDO SOUTH,SD/036/ED,EDO
2787,UMAGBAE SOUTH,06,UHUNMWODE,18,UHUNMWODE,SC/319/ED,Orhionmwon/Uhunmwonde,FC/106/ED,EDO SOUTH,SD/036/ED,EDO
2788,ISI NORTH,07,UHUNMWODE,18,UHUNMWODE,SC/319/ED,Orhionmwon/Uhunmwonde,FC/106/ED,EDO SOUTH,SD/036/ED,EDO
2789,ISI SOUTH,08,UHUNMWODE,18,UHUNMWODE,SC/319/ED,Orhionmwon/Uhunmwonde,FC/106/ED,EDO SOUTH,SD/036/ED,EDO
2790,OHUAN,09,UHUNMWODE,18,UHUNMWODE,SC/319/ED,Orhionmwon/Uhunmwonde,FC/106/ED,EDO SOUTH,SD/036/ED,EDO
2791,EGBEDE,10,UHUNMWODE,18,UHUNMWODE,SC/319/ED,Orhionmwon/Uhunmwonde,FC/106/ED,EDO SOUTH,SD/036/ED,EDO
2792,ADO ‘A’ IDOFIN,01,ADO EKITI,01,,,Ado Ekiti/Irepodun/Ifelodun,FC/109/EK,,,EKITI
2793,ADO ‘B’ INISA,02,ADO EKITI,01,,,Ado Ekiti/Irepodun/Ifelodun,FC/109/EK,,,EKITI
2794,ADO ‘C’ IDOLOFIN,03,ADO EKITI,01,,,Ado Ekiti/Irepodun/Ifelodun,FC/109/EK,,,EKITI
2795,ADO ‘D’ IJIGBO,04,ADO EKITI,01,,,Ado Ekiti/Irepodun/Ifelodun,FC/109/EK,,,EKITI
2796,ADO ‘E’ IJOKA/ORERE OWU,05,ADO EKITI,01,,,Ado Ekiti/Irepodun/Ifelodun,FC/109/EK,,,EKITI
2797,ADO ‘F’ OKEYINMI,06,ADO EKITI,01,,,Ado Ekiti/Irepodun/Ifelodun,FC/109/EK,,,EKITI
2798,ADO ‘G’ OKE-ILA,07,ADO EKITI,01,,,Ado Ekiti/Irepodun/Ifelodun,FC/109/EK,,,EKITI
2799,ADO ‘H’ EREGURU,08,ADO EKITI,01,,,Ado Ekiti/Irepodun/Ifelodun,FC/109/EK,,,EKITI
2800,ADO DALLIMORE ‘T’,09,ADO EKITI,01,,,Ado Ekiti/Irepodun/Ifelodun,FC/109/EK,,,EKITI
2801,ADO ‘J’ OKESA,10,ADO EKITI,01,,,Ado Ekiti/Irepodun/Ifelodun,FC/109/EK,,,EKITI
2802,ADO ‘K’ IRONA,11,ADO EKITI,01,,,Ado Ekiti/Irepodun/Ifelodun,FC/109/EK,,,EKITI
2803,ADO ‘L’ IGBEHIN,12,ADO EKITI,01,,,Ado Ekiti/Irepodun/Ifelodun,FC/109/EK,,,EKITI
2804,ADO ‘M’ FARM SETTLEMENT,13,ADO EKITI,01,,,Ado Ekiti/Irepodun/Ifelodun,FC/109/EK,,,EKITI
2805,EFON I,01,EFON,02,,,,,,,EKITI
2806,EFON II,02,EFON,02,,,,,,,EKITI
2807,EFON III,03,EFON,02,,,,,,,EKITI
2808,EFON IV,04,EFON,02,,,,,,,EKITI
2809,EFON V,05,EFON,02,,,,,,,EKITI
2810,EFON VI,06,EFON,02,,,,,,,EKITI
2811,EFON VII,07,EFON,02,,,,,,,EKITI
2812,EFON VIII,08,EFON,02,,,,,,,EKITI
2813,EFON IX,09,EFON,02,,,,,,,EKITI
2814,EFON X,10,EFON,02,,,,,,,EKITI
2815,OMUO-OKE I,01,EKITI EAST,03,,,Emure/Gbonyin/Ekiti East,FC/111/EK,,,EKITI
2816,OMUO-OKE II,02,EKITI EAST,03,,,Emure/Gbonyin/Ekiti East,FC/111/EK,,,EKITI
2817,ARAROMI,03,EKITI EAST,03,,,Emure/Gbonyin/Ekiti East,FC/111/EK,,,EKITI
2818,KOTA I,04,EKITI EAST,03,,,Emure/Gbonyin/Ekiti East,FC/111/EK,,,EKITI
2819,KOTA II,05,EKITI EAST,03,,,Emure/Gbonyin/Ekiti East,FC/111/EK,,,EKITI
2820,IJERO/EDUGBE/EKURUGB E WARD VI,06,EKITI EAST,03,,,Emure/Gbonyin/Ekiti East,FC/111/EK,,,EKITI
2821,IWORO WARD VII,07,EKITI EAST,03,,,Emure/Gbonyin/Ekiti East,FC/111/EK,,,EKITI
2822,ILISA WARD VIII,08,EKITI EAST,03,,,Emure/Gbonyin/Ekiti East,FC/111/EK,,,EKITI
2823,ILUDOFIN WARD/ORUJU,09,EKITI EAST,03,,,Emure/Gbonyin/Ekiti East,FC/111/EK,,,EKITI
2824,ILASA I/EDA-ILE,10,EKITI EAST,03,,,Emure/Gbonyin/Ekiti East,FC/111/EK,,,EKITI
2825,ILASA II/IKUN/ARAROMI,11,EKITI EAST,03,,,Emure/Gbonyin/Ekiti East,FC/111/EK,,,EKITI
2826,ISINBODE,12,EKITI EAST,03,,,Emure/Gbonyin/Ekiti East,FC/111/EK,,,EKITI
2827,ARAMOKO I,01,EKITI WEST,04,,,,,,,EKITI
2828,ARAMOKO II,02,EKITI WEST,04,,,,,,,EKITI
2829,ARAMOKO ERIO III,03,EKITI WEST,04,,,,,,,EKITI
2830,ERIJIYAN I,04,EKITI WEST,04,,,,,,,EKITI
2831,ERIJIYAN II,05,EKITI WEST,04,,,,,,,EKITI
2832,IKOGOSIO,06,EKITI WEST,04,,,,,,,EKITI
2833,IPOLE-ILORO,07,EKITI WEST,04,,,,,,,EKITI
2834,OKEMESI I,08,EKITI WEST,04,,,,,,,EKITI
2835,OKEMESI II,09,EKITI WEST,04,,,,,,,EKITI
2836,OKEMESI III,10,EKITI WEST,04,,,,,,,EKITI
2837,IDO-AJINARE,11,EKITI WEST,04,,,,,,,EKITI
2838,ILAWE I,01,EKITI SOUTH WEST,05,,,Ekiti South West/Ikere/Orun/ Ise,FC/110/EK,,,EKITI
2839,ILAWE II,02,EKITI SOUTH WEST,05,,,Ekiti South West/Ikere/Orun/ Ise,FC/110/EK,,,EKITI
2840,ILAWE III,03,EKITI SOUTH WEST,05,,,Ekiti South West/Ikere/Orun/ Ise,FC/110/EK,,,EKITI
2841,ILAWE IV,04,EKITI SOUTH WEST,05,,,Ekiti South West/Ikere/Orun/ Ise,FC/110/EK,,,EKITI
2842,ILAWE V,05,EKITI SOUTH WEST,05,,,Ekiti South West/Ikere/Orun/ Ise,FC/110/EK,,,EKITI
2843,ILAWE VI,06,EKITI SOUTH WEST,05,,,Ekiti South West/Ikere/Orun/ Ise,FC/110/EK,,,EKITI
2844,ILAWE VII,07,EKITI SOUTH WEST,05,,,Ekiti South West/Ikere/Orun/ Ise,FC/110/EK,,,EKITI
2845,IGBARA ODO I,08,EKITI SOUTH WEST,05,,,Ekiti South West/Ikere/Orun/ Ise,FC/110/EK,,,EKITI
2846,IGBARA ODO II,09,EKITI SOUTH WEST,05,,,Ekiti South West/Ikere/Orun/ Ise,FC/110/EK,,,EKITI
2847,OGOTUN I,10,EKITI SOUTH WEST,05,,,Ekiti South West/Ikere/Orun/ Ise,FC/110/EK,,,EKITI
2848,OGOTUN II,11,EKITI SOUTH WEST,05,,,Ekiti South West/Ikere/Orun/ Ise,FC/110/EK,,,EKITI
2849,ODO-EMURE I,01,EMURE,06,EMURE,SC/330/EK,Emure/Gbonyin/Ekiti East,FC/111/EK,,,EKITI
2850,ODO-EMURE II,02,EMURE,06,EMURE,SC/330/EK,Emure/Gbonyin/Ekiti East,FC/111/EK,,,EKITI
2851,ODO-EMURE III,03,EMURE,06,EMURE,SC/330/EK,Emure/Gbonyin/Ekiti East,FC/111/EK,,,EKITI
2852,ODO-EMURE IV,04,EMURE,06,EMURE,SC/330/EK,Emure/Gbonyin/Ekiti East,FC/111/EK,,,EKITI
2853,ODO-EMURE V,05,EMURE,06,EMURE,SC/330/EK,Emure/Gbonyin/Ekiti East,FC/111/EK,,,EKITI
2854,ODO-EMURE VI,06,EMURE,06,EMURE,SC/330/EK,Emure/Gbonyin/Ekiti East,FC/111/EK,,,EKITI
2855,IDAMUDU I,07,EMURE,06,EMURE,SC/330/EK,Emure/Gbonyin/Ekiti East,FC/111/EK,,,EKITI
2856,IDAMUDU II,08,EMURE,06,EMURE,SC/330/EK,Emure/Gbonyin/Ekiti East,FC/111/EK,,,EKITI
2857,OGBONTIORO I,09,EMURE,06,EMURE,SC/330/EK,Emure/Gbonyin/Ekiti East,FC/111/EK,,,EKITI
2858,OGBONTIORO II,10,EMURE,06,EMURE,SC/330/EK,Emure/Gbonyin/Ekiti East,FC/111/EK,,,EKITI
2859,RGBE/IRO,01,GBOYIN,07,,,Emure/Gbonyin/Ekiti East,FC/111/EK,,,EKITI
2860,ODE I,02,GBOYIN,07,,,Emure/Gbonyin/Ekiti East,FC/111/EK,,,EKITI
2861,ODE II,03,GBOYIN,07,,,Emure/Gbonyin/Ekiti East,FC/111/EK,,,EKITI
2862,ODE III,04,GBOYIN,07,,,Emure/Gbonyin/Ekiti East,FC/111/EK,,,EKITI
2863,IMESI,05,GBOYIN,07,,,Emure/Gbonyin/Ekiti East,FC/111/EK,,,EKITI
2864,AGBADO,06,GBOYIN,07,,,Emure/Gbonyin/Ekiti East,FC/111/EK,,,EKITI
2865,AISEGBA I,07,GBOYIN,07,,,Emure/Gbonyin/Ekiti East,FC/111/EK,,,EKITI
2866,AISEGBA II,08,GBOYIN,07,,,Emure/Gbonyin/Ekiti East,FC/111/EK,,,EKITI
2867,ILUOMOBA,09,GBOYIN,07,,,Emure/Gbonyin/Ekiti East,FC/111/EK,,,EKITI
2868,IJAN,10,GBOYIN,07,,,Emure/Gbonyin/Ekiti East,FC/111/EK,,,EKITI
2869,IDO I,01,IDO/OSI,08,,,"Ido/Osi, Moba/Ilejeme",FC/112/EK,,,EKITI
2870,IDO II,02,IDO/OSI,08,,,"Ido/Osi, Moba/Ilejeme",FC/112/EK,,,EKITI
2871,IFAKI I,03,IDO/OSI,08,,,"Ido/Osi, Moba/Ilejeme",FC/112/EK,,,EKITI
2872,IFAKI II,04,IDO/OSI,08,,,"Ido/Osi, Moba/Ilejeme",FC/112/EK,,,EKITI
2873,ILOGBO,05,IDO/OSI,08,,,"Ido/Osi, Moba/Ilejeme",FC/112/EK,,,EKITI
2874,USI,06,IDO/OSI,08,,,"Ido/Osi, Moba/Ilejeme",FC/112/EK,,,EKITI
2875,OSI,07,IDO/OSI,08,,,"Ido/Osi, Moba/Ilejeme",FC/112/EK,,,EKITI
2876,ORIN/ORA,08,IDO/OSI,08,,,"Ido/Osi, Moba/Ilejeme",FC/112/EK,,,EKITI
2877,IGBOLE/IFISIN/AAYE,09,IDO/OSI,08,,,"Ido/Osi, Moba/Ilejeme",FC/112/EK,,,EKITI
2878,AYETORO I,10,IDO/OSI,08,,,"Ido/Osi, Moba/Ilejeme",FC/112/EK,,,EKITI
2879,AYETORO II,11,IDO/OSI,08,,,"Ido/Osi, Moba/Ilejeme",FC/112/EK,,,EKITI
2880,IJERO WARD ‘A’,01,IJERO,09,,,Ijero/Ekiti West/Efon,FC/113/EK,,,EKITI
2881,IJERO WARD ‘B’,02,IJERO,09,,,Ijero/Ekiti West/Efon,FC/113/EK,,,EKITI
2882,IJERO WARD ‘C’,03,IJERO,09,,,Ijero/Ekiti West/Efon,FC/113/EK,,,EKITI
2883,IJERO WARD ‘D’,04,IJERO,09,,,Ijero/Ekiti West/Efon,FC/113/EK,,,EKITI
2884,IPOTI WARD ‘A’,05,IJERO,09,,,Ijero/Ekiti West/Efon,FC/113/EK,,,EKITI
2885,IPOTI WARD ‘B’,06,IJERO,09,,,Ijero/Ekiti West/Efon,FC/113/EK,,,EKITI
2886,ODO OWA WARD,07,IJERO,09,,,Ijero/Ekiti West/Efon,FC/113/EK,,,EKITI
2887,IKORO WARD ‘A’,08,IJERO,09,,,Ijero/Ekiti West/Efon,FC/113/EK,,,EKITI
2888,ILORO WARD ‘B’,09,IJERO,09,,,Ijero/Ekiti West/Efon,FC/113/EK,,,EKITI
2889,ILORO/IJURIN WARD ‘B’,10,IJERO,09,,,Ijero/Ekiti West/Efon,FC/113/EK,,,EKITI
2890,EKAMARUN WARD,11,IJERO,09,,,Ijero/Ekiti West/Efon,FC/113/EK,,,EKITI
2891,EKAMETA WARD,12,IJERO,09,,,Ijero/Ekiti West/Efon,FC/113/EK,,,EKITI
2892,ATIBA/AAFIN,01,IKERE,10,,,Ekiti South West/Ikere/Orun/ Ise,FC/110/EK,,,EKITI
2893,OKERUKU,02,IKERE,10,,,Ekiti South West/Ikere/Orun/ Ise,FC/110/EK,,,EKITI
2894,UGELE/AROKUN,03,IKERE,10,,,Ekiti South West/Ikere/Orun/ Ise,FC/110/EK,,,EKITI
2895,AGBADO/OYO,04,IKERE,10,,,Ekiti South West/Ikere/Orun/ Ise,FC/110/EK,,,EKITI
2896,OGBONJANA,05,IKERE,10,,,Ekiti South West/Ikere/Orun/ Ise,FC/110/EK,,,EKITI
2897,OKE-OSUN,06,IKERE,10,,,Ekiti South West/Ikere/Orun/ Ise,FC/110/EK,,,EKITI
2898,IDEMO,07,IKERE,10,,,Ekiti South West/Ikere/Orun/ Ise,FC/110/EK,,,EKITI
2899,ILAPETU/IJAO,08,IKERE,10,,,Ekiti South West/Ikere/Orun/ Ise,FC/110/EK,,,EKITI
2900,ARE/ARAROMI,09,IKERE,10,,,Ekiti South West/Ikere/Orun/ Ise,FC/110/EK,,,EKITI
2901,AFAO/KAJOLA/AYETORO,10,IKERE,10,,,Ekiti South West/Ikere/Orun/ Ise,FC/110/EK,,,EKITI
2902,ODOSE,11,IKERE,10,,,Ekiti South West/Ikere/Orun/ Ise,FC/110/EK,,,EKITI
2903,IKOLE WEST I,01,IKOLE,11,,,Ikole/Oye,FC/114/EK,,,EKITI
2904,IKOLE WEST II,02,IKOLE,11,,,Ikole/Oye,FC/114/EK,,,EKITI
2905,IKOLE EAST,03,IKOLE,11,,,Ikole/Oye,FC/114/EK,,,EKITI
2906,IKOLE NORTH,04,IKOLE,11,,,Ikole/Oye,FC/114/EK,,,EKITI
2907,IKOLE SOUTH,05,IKOLE,11,,,Ikole/Oye,FC/114/EK,,,EKITI
2908,ARAROMI/BALORUNDURO,06,IKOLE,11,,,Ikole/Oye,FC/114/EK,,,EKITI
2909,IJESA ISU,07,IKOLE,11,,,Ikole/Oye,FC/114/EK,,,EKITI
2910,ODO AYEDUN I,08,IKOLE,11,,,Ikole/Oye,FC/114/EK,,,EKITI
2911,ODO AYEDUN/AYEBODE,09,IKOLE,11,,,Ikole/Oye,FC/114/EK,,,EKITI
2912,OKE AYEDUN/ESUN,10,IKOLE,11,,,Ikole/Oye,FC/114/EK,,,EKITI
2913,IPA/OKE AKO/IRELE,11,IKOLE,11,,,Ikole/Oye,FC/114/EK,,,EKITI
2914,ITAPAJI/IYEMERO,12,IKOLE,11,,,Ikole/Oye,FC/114/EK,,,EKITI
2915,EWU,01,ILEJEMEJE,12,ILEJEMEJE,SC/338/EK,,,,,EKITI
2916,EDA ONIYO,02,ILEJEMEJE,12,ILEJEMEJE,SC/338/EK,,,,,EKITI
2917,OBADA,03,ILEJEMEJE,12,ILEJEMEJE,SC/338/EK,,,,,EKITI
2918,IYE I,04,ILEJEMEJE,12,ILEJEMEJE,SC/338/EK,,,,,EKITI
2919,IYE II,05,ILEJEMEJE,12,ILEJEMEJE,SC/338/EK,,,,,EKITI
2920,IYE III,06,ILEJEMEJE,12,ILEJEMEJE,SC/338/EK,,,,,EKITI
2921,IJESAMODU,07,ILEJEMEJE,12,ILEJEMEJE,SC/338/EK,,,,,EKITI
2922,ILUDUN I,08,ILEJEMEJE,12,ILEJEMEJE,SC/338/EK,,,,,EKITI
2923,ILUDUN II,09,ILEJEMEJE,12,ILEJEMEJE,SC/338/EK,,,,,EKITI
2924,IPERE,10,ILEJEMEJE,12,ILEJEMEJE,SC/338/EK,,,,,EKITI
2925,AFAO,01,IREPODU/IFELO DUN,13,,,Ado Ekiti/Irepodun/Ifelodun,FC/109/EK,,,EKITI
2926,ARE,02,IREPODU/IFELO DUN,13,,,Ado Ekiti/Irepodun/Ifelodun,FC/109/EK,,,EKITI
2927,AWE,03,IREPODU/IFELO DUN,13,,,Ado Ekiti/Irepodun/Ifelodun,FC/109/EK,,,EKITI
2928,AWO,04,IREPODU/IFELO DUN,13,,,Ado Ekiti/Irepodun/Ifelodun,FC/109/EK,,,EKITI
2929,IGBEMO,05,IREPODU/IFELO DUN,13,,,Ado Ekiti/Irepodun/Ifelodun,FC/109/EK,,,EKITI
2930,IGBEDE I,06,IREPODU/IFELO DUN,13,,,Ado Ekiti/Irepodun/Ifelodun,FC/109/EK,,,EKITI
2931,IGBEDE II,07,IREPODU/IFELO DUN,13,,,Ado Ekiti/Irepodun/Ifelodun,FC/109/EK,,,EKITI
2932,IGBEDE III,08,IREPODU/IFELO DUN,13,,,Ado Ekiti/Irepodun/Ifelodun,FC/109/EK,,,EKITI
2933,IROPORA/ESURE/EYIO,09,IREPODU/IFELO DUN,13,,,Ado Ekiti/Irepodun/Ifelodun,FC/109/EK,,,EKITI
2934,IWOROKO,10,IREPODU/IFELO DUN,13,,,Ado Ekiti/Irepodun/Ifelodun,FC/109/EK,,,EKITI
2935,IYIN I,11,IREPODU/IFELO DUN,13,,,Ado Ekiti/Irepodun/Ifelodun,FC/109/EK,,,EKITI
2936,IYIN II,12,IREPODU/IFELO DUN,13,,,Ado Ekiti/Irepodun/Ifelodun,FC/109/EK,,,EKITI
2937,ODO ISE I,01,ISE/ORUN,14,ISE/ORUN,SC/341/EK,Ekiti South West/Ikere/Orun/ Ise,FC/110/EK,,,EKITI
2938,ODO ISE II,02,ISE/ORUN,14,ISE/ORUN,SC/341/EK,Ekiti South West/Ikere/Orun/ Ise,FC/110/EK,,,EKITI
2939,ODO ISE III,03,ISE/ORUN,14,ISE/ORUN,SC/341/EK,Ekiti South West/Ikere/Orun/ Ise,FC/110/EK,,,EKITI
2940,ERINWA I,04,ISE/ORUN,14,ISE/ORUN,SC/341/EK,Ekiti South West/Ikere/Orun/ Ise,FC/110/EK,,,EKITI
2941,ERINWA II,05,ISE/ORUN,14,ISE/ORUN,SC/341/EK,Ekiti South West/Ikere/Orun/ Ise,FC/110/EK,,,EKITI
2942,ORAYE I,06,ISE/ORUN,14,ISE/ORUN,SC/341/EK,Ekiti South West/Ikere/Orun/ Ise,FC/110/EK,,,EKITI
2943,ORAYE II,07,ISE/ORUN,14,ISE/ORUN,SC/341/EK,Ekiti South West/Ikere/Orun/ Ise,FC/110/EK,,,EKITI
2944,ORAYE III,08,ISE/ORUN,14,ISE/ORUN,SC/341/EK,Ekiti South West/Ikere/Orun/ Ise,FC/110/EK,,,EKITI
2945,ORUN I,09,ISE/ORUN,14,ISE/ORUN,SC/341/EK,Ekiti South West/Ikere/Orun/ Ise,FC/110/EK,,,EKITI
2946,ORUN II,10,ISE/ORUN,14,ISE/ORUN,SC/341/EK,Ekiti South West/Ikere/Orun/ Ise,FC/110/EK,,,EKITI
2947,OTUN I,01,MOBA,15,,,"Ido/Osi, Moba/Ilejeme",FC/112/EK,,,EKITI
2948,OTUN II,02,MOBA,15,,,"Ido/Osi, Moba/Ilejeme",FC/112/EK,,,EKITI
2949,OTUN III,03,MOBA,15,,,"Ido/Osi, Moba/Ilejeme",FC/112/EK,,,EKITI
2950,IGOGO I,04,MOBA,15,,,"Ido/Osi, Moba/Ilejeme",FC/112/EK,,,EKITI
2951,IGOGO II,05,MOBA,15,,,"Ido/Osi, Moba/Ilejeme",FC/112/EK,,,EKITI
2952,ERINMOPE I,06,MOBA,15,,,"Ido/Osi, Moba/Ilejeme",FC/112/EK,,,EKITI
2953,ERINMOPE II,07,MOBA,15,,,"Ido/Osi, Moba/Ilejeme",FC/112/EK,,,EKITI
2954,IKUN I,08,MOBA,15,,,"Ido/Osi, Moba/Ilejeme",FC/112/EK,,,EKITI
2955,IKUN II,09,MOBA,15,,,"Ido/Osi, Moba/Ilejeme",FC/112/EK,,,EKITI
2956,OSUN,10,MOBA,15,,,"Ido/Osi, Moba/Ilejeme",FC/112/EK,,,EKITI
2957,OSAN,11,MOBA,15,,,"Ido/Osi, Moba/Ilejeme",FC/112/EK,,,EKITI
2958,ITAPA/OSUN,01,OYE,16,,,Ikole/Oye,FC/114/EK,,,EKITI
2959,OYE I,02,OYE,16,,,Ikole/Oye,FC/114/EK,,,EKITI
2960,OYE II,03,OYE,16,,,Ikole/Oye,FC/114/EK,,,EKITI
2961,AYEGBAJU,04,OYE,16,,,Ikole/Oye,FC/114/EK,,,EKITI
2962,ILUPEJU I,05,OYE,16,,,Ikole/Oye,FC/114/EK,,,EKITI
2963,ILUPEJU II,06,OYE,16,,,Ikole/Oye,FC/114/EK,,,EKITI
2964,IRE I,07,OYE,16,,,Ikole/Oye,FC/114/EK,,,EKITI
2965,IRE II,08,OYE,16,,,Ikole/Oye,FC/114/EK,,,EKITI
2966,AYEDE NORTH,09,OYE,16,,,Ikole/Oye,FC/114/EK,,,EKITI
2967,AYEDE SOUTH ITAJI,10,OYE,16,,,Ikole/Oye,FC/114/EK,,,EKITI
2968,ISAN/ILAFON/ILEMESO,11,OYE,16,,,Ikole/Oye,FC/114/EK,,,EKITI
2969,OMU OKE/OMU ODO I/IJELUU,12,OYE,16,,,Ikole/Oye,FC/114/EK,,,EKITI
2970,ODUMA I,01,ANINRI,01,ANINIRI,SC/346/EN,Aninri/Awgu/Oji River,FC/115/EN,ENUGU WEST,SD/041/EN,ENUGU
2971,ODUMA II,02,ANINRI,01,ANINIRI,SC/346/EN,Aninri/Awgu/Oji River,FC/115/EN,ENUGU WEST,SD/041/EN,ENUGU
2972,ODUMA III,03,ANINRI,01,ANINIRI,SC/346/EN,Aninri/Awgu/Oji River,FC/115/EN,ENUGU WEST,SD/041/EN,ENUGU
2973,ODUMA IV,04,ANINRI,01,ANINIRI,SC/346/EN,Aninri/Awgu/Oji River,FC/115/EN,ENUGU WEST,SD/041/EN,ENUGU
2974,NNENWE I,05,ANINRI,01,ANINIRI,SC/346/EN,Aninri/Awgu/Oji River,FC/115/EN,ENUGU WEST,SD/041/EN,ENUGU
2975,NNENWE II,06,ANINRI,01,ANINIRI,SC/346/EN,Aninri/Awgu/Oji River,FC/115/EN,ENUGU WEST,SD/041/EN,ENUGU
2976,NNENWE III,07,ANINRI,01,ANINIRI,SC/346/EN,Aninri/Awgu/Oji River,FC/115/EN,ENUGU WEST,SD/041/EN,ENUGU
2977,NDEABO,08,ANINRI,01,ANINIRI,SC/346/EN,Aninri/Awgu/Oji River,FC/115/EN,ENUGU WEST,SD/041/EN,ENUGU
2978,OKPANKU,09,ANINRI,01,ANINIRI,SC/346/EN,Aninri/Awgu/Oji River,FC/115/EN,ENUGU WEST,SD/041/EN,ENUGU
2979,MPU,10,ANINRI,01,ANINIRI,SC/346/EN,Aninri/Awgu/Oji River,FC/115/EN,ENUGU WEST,SD/041/EN,ENUGU
2980,AWGU I,01,AWGU,02,AWGU SOUTH,SC/348/EN,Aninri/Awgu/Oji River,FC/115/EN,ENUGU WEST,SD/041/EN,ENUGU
2981,AWGU II,02,AWGU,02,AWGU SOUTH,SC/348/EN,Aninri/Awgu/Oji River,FC/115/EN,ENUGU WEST,SD/041/EN,ENUGU
2982,MGBOWO,03,AWGU,02,AWGU SOUTH,SC/348/EN,Aninri/Awgu/Oji River,FC/115/EN,ENUGU WEST,SD/041/EN,ENUGU
2983,AGBOGUGU,04,AWGU,02,AWGU NORTH,SC/347/EN,Aninri/Awgu/Oji River,FC/115/EN,ENUGU WEST,SD/041/EN,ENUGU
2984,IHE,05,AWGU,02,AWGU NORTH,SC/347/EN,Aninri/Awgu/Oji River,FC/115/EN,ENUGU WEST,SD/041/EN,ENUGU
2985,OBEAGU,06,AWGU,02,AWGU SOUTH,SC/348/EN,Aninri/Awgu/Oji River,FC/115/EN,ENUGU WEST,SD/041/EN,ENUGU
2986,MGBIDI/MMAKU,07,AWGU,02,AWGU SOUTH,SC/348/EN,Aninri/Awgu/Oji River,FC/115/EN,ENUGU WEST,SD/041/EN,ENUGU
2987,ANIKENANO/UGUEME,08,AWGU,02,AWGU SOUTH,SC/348/EN,Aninri/Awgu/Oji River,FC/115/EN,ENUGU WEST,SD/041/EN,ENUGU
2988,OWELLI/AMOLI/UGBO/ OGUGU,09,AWGU,02,AWGU NORTH,SC/347/EN,Aninri/Awgu/Oji River,FC/115/EN,ENUGU WEST,SD/041/EN,ENUGU
2989,ISIAWA/OGUGU/AGBUD U ITUKU,10,AWGU,02,,,Aninri/Awgu/Oji River,FC/115/EN,,,ENUGU
2990,OGBAKU,11,AWGU,02,,,Aninri/Awgu/Oji River,FC/115/EN,,,ENUGU
2991,ABAKPA I,01,ENUGU-EAST,03,ENUGU EAST II,SC/350/EN,Enugu East/Isi Uzo,FC/116/EN,ENUGU EAST,SD/040/EN,ENUGU
2992,ABAKPA II,02,ENUGU-EAST,03,ENUGU EAST II,SC/350/EN,Enugu East/Isi Uzo,FC/116/EN,ENUGU EAST,SD/040/EN,ENUGU
2993,UMUENWENE,03,ENUGU-EAST,03,ENUGU EAST I,SC/349/EN,Enugu East/Isi Uzo,FC/116/EN,ENUGU EAST,SD/040/EN,ENUGU
2994,AMORJI,04,ENUGU-EAST,03,ENUGU EAST I,SC/349/EN,Enugu East/Isi Uzo,FC/116/EN,ENUGU EAST,SD/040/EN,ENUGU
2995,MBULUIYIUKWU,05,ENUGU-EAST,03,ENUGU EAST I,SC/349/EN,Enugu East/Isi Uzo,FC/116/EN,ENUGU EAST,SD/040/EN,ENUGU
2996,MBULUOWEHE,06,ENUGU-EAST,03,ENUGU EAST I,SC/349/EN,Enugu East/Isi Uzo,FC/116/EN,ENUGU EAST,SD/040/EN,ENUGU
2997,MBULU-NJODO WEST,07,ENUGU-EAST,03,ENUGU EAST I,SC/349/EN,Enugu East/Isi Uzo,FC/116/EN,ENUGU EAST,SD/040/EN,ENUGU
2998,UMUOCHIGBO,08,ENUGU-EAST,03,ENUGU EAST I,SC/349/EN,Enugu East/Isi Uzo,FC/116/EN,ENUGU EAST,SD/040/EN,ENUGU
2999,TRANS EKULU,09,ENUGU-EAST,03,ENUGU EAST II,SC/350/EN,Enugu East/Isi Uzo,FC/116/EN,ENUGU EAST,SD/040/EN,ENUGU
3000,IBAGWA-NIKE/EDEM,10,ENUGU-EAST,03,ENUGU EAST I,SC/349/EN,Enugu East/Isi Uzo,FC/116/EN,ENUGU EAST,SD/040/EN,ENUGU
3001,UGWUGO NIKE,11,ENUGU-EAST,03,ENUGU EAST I,SC/349/EN,Enugu East/Isi Uzo,FC/116/EN,ENUGU EAST,SD/040/EN,ENUGU
3002,MBULU-NJODO EAST,12,ENUGU-EAST,03,,,Enugu East/Isi Uzo,FC/116/EN,,,ENUGU
3003,ASATA TOWNSHIP,01,ENUGU-NORTH,04,ENUGU NORTH,SC/351/EN,Enugu North/Enugu South,FC/117/EN,ENUGU EAST,SD/040/EN,ENUGU
3004,OMUNEVO,02,ENUGU-NORTH,04,ENUGU NORTH,SC/351/EN,Enugu North/Enugu South,FC/117/EN,ENUGU EAST,SD/040/EN,ENUGU
3005,IHEWUZI,03,ENUGU-NORTH,04,ENUGU NORTH,SC/351/EN,Enugu North/Enugu South,FC/117/EN,ENUGU EAST,SD/040/EN,ENUGU
3006,ONU-ASATA,04,ENUGU-NORTH,04,ENUGU NORTH,SC/351/EN,Enugu North/Enugu South,FC/117/EN,ENUGU EAST,SD/040/EN,ENUGU
3007,OGBETTE EAST,05,ENUGU-NORTH,04,ENUGU NORTH,SC/351/EN,Enugu North/Enugu South,FC/117/EN,ENUGU EAST,SD/040/EN,ENUGU
3008,OGBETTE WEST,06,ENUGU-NORTH,04,ENUGU NORTH,SC/351/EN,Enugu North/Enugu South,FC/117/EN,ENUGU EAST,SD/040/EN,ENUGU
3009,GRA,07,ENUGU-NORTH,04,ENUGU NORTH,SC/351/EN,Enugu North/Enugu South,FC/117/EN,ENUGU EAST,SD/040/EN,ENUGU
3010,OGUI NEW LAYOUT,08,ENUGU-NORTH,04,ENUGU NORTH,SC/351/EN,Enugu North/Enugu South,FC/117/EN,ENUGU EAST,SD/040/EN,ENUGU
3011,CHINA TOWN,09,ENUGU-NORTH,04,ENUGU NORTH,SC/351/EN,Enugu North/Enugu South,FC/117/EN,ENUGU EAST,SD/040/EN,ENUGU
3012,NEW HAVEN,10,ENUGU-NORTH,04,ENUGU NORTH,SC/351/EN,Enugu North/Enugu South,FC/117/EN,ENUGU EAST,SD/040/EN,ENUGU
3013,INDEPENDENCE LAYOUT,11,ENUGU-NORTH,04,ENUGU NORTH,SC/351/EN,Enugu North/Enugu South,FC/117/EN,ENUGU EAST,SD/040/EN,ENUGU
3014,UDI SIDING/IVA VALLAY,12,ENUGU-NORTH,04,ENUGU NORTH,SC/351/EN,Enugu North/Enugu South,FC/117/EN,ENUGU EAST,SD/040/EN,ENUGU
3015,OGUI TOWNSHIP,13,ENUGU-NORTH,04,ENUGU NORTH,SC/351/EN,Enugu North/Enugu South,FC/117/EN,ENUGU EAST,SD/040/EN,ENUGU
3016,AMECHI I,01,ENUGU-SOUTH,05,ENUGU SOUTH II,SC/353/EN,Enugu North/Enugu South,FC/117/EN,ENUGU EAST,SD/040/EN,ENUGU
3017,AMECHI II,02,ENUGU-SOUTH,05,ENUGU SOUTH II,SC/353/EN,Enugu North/Enugu South,FC/117/EN,ENUGU EAST,SD/040/EN,ENUGU
3018,OBEAGU I,03,ENUGU-SOUTH,05,ENUGU SOUTH II,SC/353/EN,Enugu North/Enugu South,FC/117/EN,ENUGU EAST,SD/040/EN,ENUGU
3019,UWANI EAST,04,ENUGU-SOUTH,05,ENUGU SOUTH I,SC/352/EN,Enugu North/Enugu South,FC/117/EN,ENUGU EAST,SD/040/EN,ENUGU
3020,UWANI WEST,05,ENUGU-SOUTH,05,ENUGU SOUTH I,SC/352/EN,Enugu North/Enugu South,FC/117/EN,ENUGU EAST,SD/040/EN,ENUGU
3021,ACHARA LAYOUT EAST,06,ENUGU-SOUTH,05,ENUGU SOUTH I,SC/352/EN,Enugu North/Enugu South,FC/117/EN,ENUGU EAST,SD/040/EN,ENUGU
3022,ACHARA LAYOUT WEST,07,ENUGU-SOUTH,05,ENUGU SOUTH I,SC/352/EN,Enugu North/Enugu South,FC/117/EN,ENUGU EAST,SD/040/EN,ENUGU
3023,AWKUNANAW EAST,08,ENUGU-SOUTH,05,ENUGU SOUTH II,SC/353/EN,Enugu North/Enugu South,FC/117/EN,ENUGU EAST,SD/040/EN,ENUGU
3024,AWKUNANAW WEST,09,ENUGU-SOUTH,05,ENUGU SOUTH II,SC/353/EN,Enugu North/Enugu South,FC/117/EN,ENUGU EAST,SD/040/EN,ENUGU
3025,UGWU AJI,10,ENUGU-SOUTH,05,ENUGU SOUTH II,SC/353/EN,Enugu North/Enugu South,FC/117/EN,ENUGU EAST,SD/040/EN,ENUGU
3026,OBEAGU II,11,ENUGU-SOUTH,05,ENUGU SOUTH II,SC/353/EN,Enugu North/Enugu South,FC/117/EN,ENUGU EAST,SD/040/EN,ENUGU
3027,AKWUKE,12,ENUGU-SOUTH,05,ENUGU SOUTH II,SC/353/EN,Enugu North/Enugu South,FC/117/EN,ENUGU EAST,SD/040/EN,ENUGU
3028,MARYLAND,13,ENUGU-SOUTH,05,ENUGU SOUTH II,SC/353/EN,Enugu North/Enugu South,FC/117/EN,ENUGU EAST,SD/040/EN,ENUGU
3029,OLO/AMAGU/UMULIKP A,01,EZEAGU,06,EZEAGU,SC/354/EN,Ezeagu/Udi,FC/118/EN,ENUGU WEST,SD/041/EN,ENUGU
3030,AWHA,02,EZEAGU,06,EZEAGU,SC/354/EN,Ezeagu/Udi,FC/118/EN,ENUGU WEST,SD/041/EN,ENUGU
3031,AGUOBU-OWA I,03,EZEAGU,06,EZEAGU,SC/354/EN,Ezeagu/Udi,FC/118/EN,ENUGU WEST,SD/041/EN,ENUGU
3032,AGUOBU-OWA II,04,EZEAGU,06,EZEAGU,SC/354/EN,Ezeagu/Udi,FC/118/EN,ENUGU WEST,SD/041/EN,ENUGU
3033,UMANA NDIAGU,05,EZEAGU,06,EZEAGU,SC/354/EN,Ezeagu/Udi,FC/118/EN,ENUGU WEST,SD/041/EN,ENUGU
3034,AGBA UMANA,06,EZEAGU,06,EZEAGU,SC/354/EN,Ezeagu/Udi,FC/118/EN,ENUGU WEST,SD/041/EN,ENUGU
3035,UGUOBU (UMUMBA),07,EZEAGU,06,EZEAGU,SC/354/EN,Ezeagu/Udi,FC/118/EN,ENUGU WEST,SD/041/EN,ENUGU
3036,UMUMBA NDIUMO,08,EZEAGU,06,EZEAGU,SC/354/EN,Ezeagu/Udi,FC/118/EN,ENUGU WEST,SD/041/EN,ENUGU
3037,OCHE I,09,EZEAGU,06,EZEAGU,SC/354/EN,Ezeagu/Udi,FC/118/EN,ENUGU WEST,SD/041/EN,ENUGU
3038,OCHE II,10,EZEAGU,06,EZEAGU,SC/354/EN,Ezeagu/Udi,FC/118/EN,ENUGU WEST,SD/041/EN,ENUGU
3039,IMERI OWA I,11,EZEAGU,06,EZEAGU,SC/354/EN,Ezeagu/Udi,FC/118/EN,ENUGU WEST,SD/041/EN,ENUGU
3040,IMERI OWA II,12,EZEAGU,06,EZEAGU,SC/354/EN,Ezeagu/Udi,FC/118/EN,ENUGU WEST,SD/041/EN,ENUGU
3041,MGBAGBU OWA I,13,EZEAGU,06,EZEAGU,SC/354/EN,Ezeagu/Udi,FC/118/EN,ENUGU WEST,SD/041/EN,ENUGU
3042,MGBAGBU OWA II,14,EZEAGU,06,EZEAGU,SC/354/EN,Ezeagu/Udi,FC/118/EN,ENUGU WEST,SD/041/EN,ENUGU
3043,MGBAGBU OWA III,15,EZEAGU,06,EZEAGU,SC/354/EN,Ezeagu/Udi,FC/118/EN,ENUGU WEST,SD/041/EN,ENUGU
3044,IWLLO,16,EZEAGU,06,EZEAGU,SC/354/EN,Ezeagu/Udi,FC/118/EN,ENUGU WEST,SD/041/EN,ENUGU
3045,OBINOFIA,17,EZEAGU,06,EZEAGU,SC/354/EN,Ezeagu/Udi,FC/118/EN,ENUGU WEST,SD/041/EN,ENUGU
3046,OKPOGHO,18,EZEAGU,06,EZEAGU,SC/354/EN,Ezeagu/Udi,FC/118/EN,ENUGU WEST,SD/041/EN,ENUGU
3047,OBEAGU IMAN,19,EZEAGU,06,EZEAGU,SC/354/EN,Ezeagu/Udi,FC/118/EN,ENUGU WEST,SD/041/EN,ENUGU
3048,OLO/AMAGU/UMULOK PA,20,EZEAGU,06,EZEAGU,SC/354/EN,Ezeagu/Udi,FC/118/EN,ENUGU WEST,SD/041/EN,ENUGU
3049,AKU I,01,IGBO ETITI,07,IGBO-ETITI WEST,SC/356/EN,Igbo-Etiti/Uzo-Uwani,FC/119/EN,ENUGU NORTH,SD/042/EN,ENUGU
3050,AKU II,02,IGBO ETITI,07,IGBO-ETITI WEST,SC/356/EN,Igbo-Etiti/Uzo-Uwani,FC/119/EN,ENUGU NORTH,SD/042/EN,ENUGU
3051,AKU III,03,IGBO ETITI,07,IGBO-ETITI WEST,SC/356/EN,Igbo-Etiti/Uzo-Uwani,FC/119/EN,ENUGU NORTH,SD/042/EN,ENUGU
3052,AKU IV,04,IGBO ETITI,07,IGBO-ETITI WEST,SC/356/EN,Igbo-Etiti/Uzo-Uwani,FC/119/EN,ENUGU NORTH,SD/042/EN,ENUGU
3053,AKU V/IDIEME,05,IGBO ETITI,07,IGBO-ETITI WEST,SC/356/EN,Igbo-Etiti/Uzo-Uwani,FC/119/EN,ENUGU NORTH,SD/042/EN,ENUGU
3054,EKWEGBE I,06,IGBO ETITI,07,IGBO-ETITI EAST,SC/355/EN,Igbo-Etiti/Uzo-Uwani,FC/119/EN,ENUGU NORTH,SD/042/EN,ENUGU
3055,EKWEGBE II,07,IGBO ETITI,07,IGBO-ETITI EAST,SC/355/EN,Igbo-Etiti/Uzo-Uwani,FC/119/EN,ENUGU NORTH,SD/042/EN,ENUGU
3056,OHAODO I,08,IGBO ETITI,07,IGBO-ETITI EAST,SC/355/EN,Igbo-Etiti/Uzo-Uwani,FC/119/EN,ENUGU NORTH,SD/042/EN,ENUGU
3057,OHAODO II,09,IGBO ETITI,07,IGBO-ETITI EAST,SC/355/EN,Igbo-Etiti/Uzo-Uwani,FC/119/EN,ENUGU NORTH,SD/042/EN,ENUGU
3058,OZZALLA I,10,IGBO ETITI,07,IGBO-ETITI WEST,SC/356/EN,Igbo-Etiti/Uzo-Uwani,FC/119/EN,ENUGU NORTH,SD/042/EN,ENUGU
3059,OZZALLA II,11,IGBO ETITI,07,IGBO-ETITI WEST,SC/356/EN,Igbo-Etiti/Uzo-Uwani,FC/119/EN,ENUGU NORTH,SD/042/EN,ENUGU
3060,DIOGBE/UMUNKO,12,IGBO ETITI,07,IGBO-ETITI EAST,SC/355/EN,Igbo-Etiti/Uzo-Uwani,FC/119/EN,ENUGU NORTH,SD/042/EN,ENUGU
3061,IKOLI/OHEBE,13,IGBO ETITI,07,IGBO-ETITI WEST,SC/356/EN,Igbo-Etiti/Uzo-Uwani,FC/119/EN,ENUGU NORTH,SD/042/EN,ENUGU
3062,ONYOHOR/OCHIMA/ID OHA,14,IGBO ETITI,07,IGBO-ETITI EAST,SC/355/EN,Igbo-Etiti/Uzo-Uwani,FC/119/EN,ENUGU NORTH,SD/042/EN,ENUGU
3063,EJUONA/UDEME,15,IGBO ETITI,07,IGBO-ETITI WEST,SC/356/EN,Igbo-Etiti/Uzo-Uwani,FC/119/EN,ENUGU NORTH,SD/042/EN,ENUGU
3064,UKEHE I,16,IGBO ETITI,07,IGBO-ETITI EAST,SC/355/EN,Igbo-Etiti/Uzo-Uwani,FC/119/EN,ENUGU NORTH,SD/042/EN,ENUGU
3065,UKEHE II,17,IGBO ETITI,07,IGBO-ETITI EAST,SC/355/EN,Igbo-Etiti/Uzo-Uwani,FC/119/EN,ENUGU NORTH,SD/042/EN,ENUGU
3066,UKEHE III,18,IGBO ETITI,07,IGBO-ETITI EAST,SC/355/EN,Igbo-Etiti/Uzo-Uwani,FC/119/EN,ENUGU NORTH,SD/042/EN,ENUGU
3067,UKEHE IV,19,IGBO ETITI,07,IGBO-ETITI EAST,SC/355/EN,Igbo-Etiti/Uzo-Uwani,FC/119/EN,ENUGU NORTH,SD/042/EN,ENUGU
3068,UKEHE V,20,IGBO ETITI,07,IGBO-ETITI EAST,SC/355/EN,Igbo-Etiti/Uzo-Uwani,FC/119/EN,ENUGU NORTH,SD/042/EN,ENUGU
3069,ESSODO I,01,IGBO-EZE NORTH,08,IGBO-EZE NORTH II,SC/358/EN,Igbo-Eze North/Udenu,FC/120/EN,ENUGU NORTH,SD/042/EN,ENUGU
3070,ESSODO II,02,IGBO-EZE NORTH,08,IGBO-EZE NORTH II,SC/358/EN,Igbo-Eze North/Udenu,FC/120/EN,ENUGU NORTH,SD/042/EN,ENUGU
3071,ESSODO III,03,IGBO-EZE NORTH,08,IGBO-EZE NORTH II,SC/358/EN,Igbo-Eze North/Udenu,FC/120/EN,ENUGU NORTH,SD/042/EN,ENUGU
3072,ETTE I,04,IGBO-EZE NORTH,08,IGBO-EZE NORTH II,SC/358/EN,Igbo-Eze North/Udenu,FC/120/EN,ENUGU NORTH,SD/042/EN,ENUGU
3073,ETTE II,05,IGBO-EZE NORTH,08,IGBO-EZE NORTH II,SC/358/EN,Igbo-Eze North/Udenu,FC/120/EN,ENUGU NORTH,SD/042/EN,ENUGU
3074,ETTE CENTRAL,06,IGBO-EZE NORTH,08,IGBO-EZE NORTH II,SC/358/EN,Igbo-Eze North/Udenu,FC/120/EN,ENUGU NORTH,SD/042/EN,ENUGU
3075,UMUITODO,07,IGBO-EZE NORTH,08,IGBO-EZE NORTH II,SC/358/EN,Igbo-Eze North/Udenu,FC/120/EN,ENUGU NORTH,SD/042/EN,ENUGU
3076,UMUITODO,08,IGBO-EZE NORTH,08,IGBO-EZE NORTH II,SC/358/EN,Igbo-Eze North/Udenu,FC/120/EN,ENUGU NORTH,SD/042/EN,ENUGU
3077,UMUITODO,09,IGBO-EZE NORTH,08,IGBO-EZE NORTH II,SC/358/EN,Igbo-Eze North/Udenu,FC/120/EN,ENUGU NORTH,SD/042/EN,ENUGU
3078,ESSODO,10,IGBO-EZE NORTH,08,IGBO-EZE NORTH II,SC/358/EN,Igbo-Eze North/Udenu,FC/120/EN,ENUGU NORTH,SD/042/EN,ENUGU
3079,UMUOZZI I,11,IGBO-EZE NORTH,08,IGBO-EZE NORTH I,SC/357/EN,Igbo-Eze North/Udenu,FC/120/EN,ENUGU NORTH,SD/042/EN,ENUGU
3080,UMUOZZI II,12,IGBO-EZE NORTH,08,IGBO-EZE NORTH I,SC/357/EN,Igbo-Eze North/Udenu,FC/120/EN,ENUGU NORTH,SD/042/EN,ENUGU
3081,UMUOZZI III,13,IGBO-EZE NORTH,08,IGBO-EZE NORTH I,SC/357/EN,Igbo-Eze North/Udenu,FC/120/EN,ENUGU NORTH,SD/042/EN,ENUGU
3082,UMUOZZI IV,14,IGBO-EZE NORTH,08,IGBO-EZE NORTH I,SC/357/EN,Igbo-Eze North/Udenu,FC/120/EN,ENUGU NORTH,SD/042/EN,ENUGU
3083,UMUOZZI V,15,IGBO-EZE NORTH,08,IGBO-EZE NORTH I,SC/357/EN,Igbo-Eze North/Udenu,FC/120/EN,ENUGU NORTH,SD/042/EN,ENUGU
3084,UMUOZZI VI,16,IGBO-EZE NORTH,08,IGBO-EZE NORTH I,SC/357/EN,Igbo-Eze North/Udenu,FC/120/EN,ENUGU NORTH,SD/042/EN,ENUGU
3085,UMUOZZI VII,17,IGBO-EZE NORTH,08,IGBO-EZE NORTH I,SC/357/EN,Igbo-Eze North/Udenu,FC/120/EN,ENUGU NORTH,SD/042/EN,ENUGU
3086,UMUOZZI VIII,18,IGBO-EZE NORTH,08,IGBO-EZE NORTH I,SC/357/EN,Igbo-Eze North/Udenu,FC/120/EN,ENUGU NORTH,SD/042/EN,ENUGU
3087,UMUOZZI IX,19,IGBO-EZE NORTH,08,IGBO-EZE NORTH I,SC/357/EN,Igbo-Eze North/Udenu,FC/120/EN,ENUGU NORTH,SD/042/EN,ENUGU
3088,UMUOZZI X,20,IGBO-EZE NORTH,08,IGBO-EZE NORTH I,SC/357/EN,Igbo-Eze North/Udenu,FC/120/EN,ENUGU NORTH,SD/042/EN,ENUGU
3089,OLOR AGU,01,IGBO-EZE SOUTH,09,IGBO-EZE SOUTH,SC/359/EN,Nsukka/Igbo-Eze South,FC/122/EN,ENUGU NORTH,SD/042/EN,ENUGU
3090,AMAEBO/HAUSA/YORU BA,02,IGBO-EZE SOUTH,09,IGBO-EZE SOUTH,SC/359/EN,Nsukka/Igbo-Eze South,FC/122/EN,ENUGU NORTH,SD/042/EN,ENUGU
3091,EZEMA WARD,03,IGBO-EZE SOUTH,09,IGBO-EZE SOUTH,SC/359/EN,Nsukka/Igbo-Eze South,FC/122/EN,ENUGU NORTH,SD/042/EN,ENUGU
3092,ECHARA,04,IGBO-EZE SOUTH,09,IGBO-EZE SOUTH,SC/359/EN,Nsukka/Igbo-Eze South,FC/122/EN,ENUGU NORTH,SD/042/EN,ENUGU
3093,IHEAKA (UGO AKOYI WARD),05,IGBO-EZE SOUTH,09,IGBO-EZE SOUTH,SC/359/EN,Nsukka/Igbo-Eze South,FC/122/EN,ENUGU NORTH,SD/042/EN,ENUGU
3094,IHEAKA (LIKKI/AKUTARA WARD),06,IGBO-EZE SOUTH,09,IGBO-EZE SOUTH,SC/359/EN,Nsukka/Igbo-Eze South,FC/122/EN,ENUGU NORTH,SD/042/EN,ENUGU
3095,IHEAKPU EZZINGWU,07,IGBO-EZE SOUTH,09,IGBO-EZE SOUTH,SC/359/EN,Nsukka/Igbo-Eze South,FC/122/EN,ENUGU NORTH,SD/042/EN,ENUGU
3096,IHEAKPU AJUONA OGBUGU,08,IGBO-EZE SOUTH,09,IGBO-EZE SOUTH,SC/359/EN,Nsukka/Igbo-Eze South,FC/122/EN,ENUGU NORTH,SD/042/EN,ENUGU
3097,ITCH UWANI I,09,IGBO-EZE SOUTH,09,IGBO-EZE SOUTH,SC/359/EN,Nsukka/Igbo-Eze South,FC/122/EN,ENUGU NORTH,SD/042/EN,ENUGU
3098,ITCHI UWANI II,10,IGBO-EZE SOUTH,09,IGBO-EZE SOUTH,SC/359/EN,Nsukka/Igbo-Eze South,FC/122/EN,ENUGU NORTH,SD/042/EN,ENUGU
3099,NKALAGU OBUKPA,11,IGBO-EZE SOUTH,09,IGBO-EZE SOUTH,SC/359/EN,Nsukka/Igbo-Eze South,FC/122/EN,ENUGU NORTH,SD/042/EN,ENUGU
3100,OVOKO AJUONA,12,IGBO-EZE SOUTH,09,IGBO-EZE SOUTH,SC/359/EN,Nsukka/Igbo-Eze South,FC/122/EN,ENUGU NORTH,SD/042/EN,ENUGU
3101,OVOKO UMUELO/OVOKOAGU,13,IGBO-EZE SOUTH,09,IGBO-EZE SOUTH,SC/359/EN,Nsukka/Igbo-Eze South,FC/122/EN,ENUGU NORTH,SD/042/EN,ENUGU
3102,OVOKO UMULOLO,14,IGBO-EZE SOUTH,09,IGBO-EZE SOUTH,SC/359/EN,Nsukka/Igbo-Eze South,FC/122/EN,ENUGU NORTH,SD/042/EN,ENUGU
3103,UHUNOWERRE,15,IGBO-EZE SOUTH,09,IGBO-EZE SOUTH,SC/359/EN,Nsukka/Igbo-Eze South,FC/122/EN,ENUGU NORTH,SD/042/EN,ENUGU
3104,UNADU,16,IGBO-EZE SOUTH,09,IGBO-EZE SOUTH,SC/359/EN,Nsukka/Igbo-Eze South,FC/122/EN,ENUGU NORTH,SD/042/EN,ENUGU
3105,IKEM I,01,ISI-UZO,10,ISI-UZO,SC/360/EN,Enugu East/Isi Uzo,FC/116/EN,ENUGU EAST,SD/040/EN,ENUGU
3106,IKEM II,02,ISI-UZO,10,ISI-UZO,SC/360/EN,Enugu East/Isi Uzo,FC/116/EN,ENUGU EAST,SD/040/EN,ENUGU
3107,NEKE I,03,ISI-UZO,10,ISI-UZO,SC/360/EN,Enugu East/Isi Uzo,FC/116/EN,ENUGU EAST,SD/040/EN,ENUGU
3108,NEKE II,04,ISI-UZO,10,ISI-UZO,SC/360/EN,Enugu East/Isi Uzo,FC/116/EN,ENUGU EAST,SD/040/EN,ENUGU
3109,MBU I,05,ISI-UZO,10,ISI-UZO,SC/360/EN,Enugu East/Isi Uzo,FC/116/EN,ENUGU EAST,SD/040/EN,ENUGU
3110,MBU II,06,ISI-UZO,10,ISI-UZO,SC/360/EN,Enugu East/Isi Uzo,FC/116/EN,ENUGU EAST,SD/040/EN,ENUGU
3111,UMUALOR,07,ISI-UZO,10,ISI-UZO,SC/360/EN,Enugu East/Isi Uzo,FC/116/EN,ENUGU EAST,SD/040/EN,ENUGU
3112,EHA-MUFU I,08,ISI-UZO,10,ISI-UZO,SC/360/EN,Enugu East/Isi Uzo,FC/116/EN,ENUGU EAST,SD/040/EN,ENUGU
3113,EHA-MUFU II,09,ISI-UZO,10,ISI-UZO,SC/360/EN,Enugu East/Isi Uzo,FC/116/EN,ENUGU EAST,SD/040/EN,ENUGU
3114,EHA-MUFU III,10,ISI-UZO,10,ISI-UZO,SC/360/EN,Enugu East/Isi Uzo,FC/116/EN,ENUGU EAST,SD/040/EN,ENUGU
3115,EHA-MUFU IV,11,ISI-UZO,10,ISI-UZO,SC/360/EN,Enugu East/Isi Uzo,FC/116/EN,ENUGU EAST,SD/040/EN,ENUGU
3116,AMECHI/IDODO/ORUK U,01,NKANU EAST,11,NKANU EAST,SC/361/EN,Nkanu East/Nkanu West,FC/121/EN,ENUGU EAST,SD/040/EN,ENUGU
3117,AMANKANU/OGBAHU,02,NKANU EAST,11,NKANU EAST,SC/361/EN,Nkanu East/Nkanu West,FC/121/EN,ENUGU EAST,SD/040/EN,ENUGU
3118,AKPAWFU/ISIENU/AMA NGUNZE,03,NKANU EAST,11,NKANU EAST,SC/361/EN,Nkanu East/Nkanu West,FC/121/EN,ENUGU EAST,SD/040/EN,ENUGU
3119,IHUOKPARA,04,NKANU EAST,11,NKANU EAST,SC/361/EN,Nkanu East/Nkanu West,FC/121/EN,ENUGU EAST,SD/040/EN,ENUGU
3120,NARA I,05,NKANU EAST,11,NKANU EAST,SC/361/EN,Nkanu East/Nkanu West,FC/121/EN,ENUGU EAST,SD/040/EN,ENUGU
3121,NARA II,06,NKANU EAST,11,NKANU EAST,SC/361/EN,Nkanu East/Nkanu West,FC/121/EN,ENUGU EAST,SD/040/EN,ENUGU
3122,NKEREFI I,07,NKANU EAST,11,NKANU EAST,SC/361/EN,Nkanu East/Nkanu West,FC/121/EN,ENUGU EAST,SD/040/EN,ENUGU
3123,NKEREFI II,08,NKANU EAST,11,NKANU EAST,SC/361/EN,Nkanu East/Nkanu West,FC/121/EN,ENUGU EAST,SD/040/EN,ENUGU
3124,AMAGUNZE,09,NKANU EAST,11,NKANU EAST,SC/361/EN,Nkanu East/Nkanu West,FC/121/EN,ENUGU EAST,SD/040/EN,ENUGU
3125,UGBAWKA I,10,NKANU EAST,11,NKANU EAST,SC/361/EN,Nkanu East/Nkanu West,FC/121/EN,ENUGU EAST,SD/040/EN,ENUGU
3126,UGBAWKA II,11,NKANU EAST,11,NKANU EAST,SC/361/EN,Nkanu East/Nkanu West,FC/121/EN,ENUGU EAST,SD/040/EN,ENUGU
3127,MOMEH,12,NKANU EAST,11,NKANU EAST,SC/361/EN,Nkanu East/Nkanu West,FC/121/EN,ENUGU EAST,SD/040/EN,ENUGU
3128,MBURUBU,13,NKANU EAST,11,NKANU EAST,SC/361/EN,Nkanu East/Nkanu West,FC/121/EN,ENUGU EAST,SD/040/EN,ENUGU
3129,OWO,14,NKANU EAST,11,NKANU EAST,SC/361/EN,Nkanu East/Nkanu West,FC/121/EN,ENUGU EAST,SD/040/EN,ENUGU
3130,AGBANI,01,NKANU WEST,12,NKANU WEST,SC/362/EN,Nkanu East/Nkanu West,FC/121/EN,ENUGU EAST,SD/040/EN,ENUGU
3131,AMURRI,02,NKANU WEST,12,NKANU WEST,SC/362/EN,Nkanu East/Nkanu West,FC/121/EN,ENUGU EAST,SD/040/EN,ENUGU
3132,AKEGBE-UGWU (OKWUO),03,NKANU WEST,12,NKANU WEST,SC/362/EN,Nkanu East/Nkanu West,FC/121/EN,ENUGU EAST,SD/040/EN,ENUGU
3133,AMODU,04,NKANU WEST,12,NKANU WEST,SC/362/EN,Nkanu East/Nkanu West,FC/121/EN,ENUGU EAST,SD/040/EN,ENUGU
3134,OBUOFFIA,05,NKANU WEST,12,NKANU WEST,SC/362/EN,Nkanu East/Nkanu West,FC/121/EN,ENUGU EAST,SD/040/EN,ENUGU
3135,OBE,06,NKANU WEST,12,NKANU WEST,SC/362/EN,Nkanu East/Nkanu West,FC/121/EN,ENUGU EAST,SD/040/EN,ENUGU
3136,OZALLA,07,NKANU WEST,12,NKANU WEST,SC/362/EN,Nkanu East/Nkanu West,FC/121/EN,ENUGU EAST,SD/040/EN,ENUGU
3137,AKPUGO I,08,NKANU WEST,12,NKANU WEST,SC/362/EN,Nkanu East/Nkanu West,FC/121/EN,ENUGU EAST,SD/040/EN,ENUGU
3138,AKPUGO II,09,NKANU WEST,12,NKANU WEST,SC/362/EN,Nkanu East/Nkanu West,FC/121/EN,ENUGU EAST,SD/040/EN,ENUGU
3139,AKPUGO III,10,NKANU WEST,12,NKANU WEST,SC/362/EN,Nkanu East/Nkanu West,FC/121/EN,ENUGU EAST,SD/040/EN,ENUGU
3140,AKPUGO IV,11,NKANU WEST,12,NKANU WEST,SC/362/EN,Nkanu East/Nkanu West,FC/121/EN,ENUGU EAST,SD/040/EN,ENUGU
3141,UMUEZE,12,NKANU WEST,12,NKANU WEST,SC/362/EN,Nkanu East/Nkanu West,FC/121/EN,ENUGU EAST,SD/040/EN,ENUGU
3142,IBITE AKEGBE UGWU,13,NKANU WEST,12,NKANU WEST,SC/362/EN,Nkanu East/Nkanu West,FC/121/EN,ENUGU EAST,SD/040/EN,ENUGU
3143,UWANI (AKPUGU I),14,NKANU WEST,12,NKANU WEST,SC/362/EN,Nkanu East/Nkanu West,FC/121/EN,ENUGU EAST,SD/040/EN,ENUGU
3144,OGBOZALLA/IDI,01,NSUKKA,13,NSUKKA EAST,SC/363/EN,Nsukka/Igbo-Eze South,FC/122/EN,ENUGU NORTH,SD/042/EN,ENUGU
3145,IBEKU,02,NSUKKA,13,NSUKKA EAST,SC/363/EN,Nsukka/Igbo-Eze South,FC/122/EN,ENUGU NORTH,SD/042/EN,ENUGU
3146,ALOR-UNO,03,NSUKKA,13,NSUKKA WEST,SC/364/EN,Nsukka/Igbo-Eze South,FC/122/EN,ENUGU NORTH,SD/042/EN,ENUGU
3147,EDE-UKWU,04,NSUKKA,13,NSUKKA EAST,SC/363/EN,Nsukka/Igbo-Eze South,FC/122/EN,ENUGU NORTH,SD/042/EN,ENUGU
3148,EDE-NTA,05,NSUKKA,13,NSUKKA EAST,SC/363/EN,Nsukka/Igbo-Eze South,FC/122/EN,ENUGU NORTH,SD/042/EN,ENUGU
3149,EDE-ANI,06,NSUKKA,13,NSUKKA WEST,SC/364/EN,Nsukka/Igbo-Eze South,FC/122/EN,ENUGU NORTH,SD/042/EN,ENUGU
3150,AKPA/OZZI,07,NSUKKA,13,,,Nsukka/Igbo-Eze South,FC/122/EN,ENUGU NORTH,SD/042/EN,ENUGU
3151,AGBEMERE/UMABOR,08,NSUKKA,13,NSUKKA EAST,SC/363/EN,Nsukka/Igbo-Eze South,FC/122/EN,ENUGU NORTH,SD/042/EN,ENUGU
3152,EHA-UNO,09,NSUKKA,13,NSUKKA EAST,SC/363/EN,Nsukka/Igbo-Eze South,FC/122/EN,ENUGU NORTH,SD/042/EN,ENUGU
3153,EHA-NDIAGU,10,NSUKKA,13,NSUKKA EAST,SC/363/EN,Nsukka/Igbo-Eze South,FC/122/EN,ENUGU NORTH,SD/042/EN,ENUGU
3154,IBAGWANI/IBAGWAGA OKPALIGBO,11,NSUKKA,13,NSUKKA WEST,SC/364/EN,Nsukka/Igbo-Eze South,FC/122/EN,ENUGU NORTH,SD/042/EN,ENUGU
3155,EJUONA/UWANI,12,NSUKKA,13,NSUKKA WEST,SC/364/EN,Nsukka/Igbo-Eze South,FC/122/EN,ENUGU NORTH,SD/042/EN,ENUGU
3156,AKALITE,13,NSUKKA,13,,,Nsukka/Igbo-Eze South,FC/122/EN,ENUGU NORTH,SD/042/EN,ENUGU
3157,MKPUNANO,14,NSUKKA,13,,,Nsukka/Igbo-Eze South,FC/122/EN,ENUGU NORTH,SD/042/EN,ENUGU
3158,IHE,15,NSUKKA,13,NSUKKA WEST,SC/364/EN,Nsukka/Igbo-Eze South,FC/122/EN,ENUGU NORTH,SD/042/EN,ENUGU
3159,NNU,16,NSUKKA,13,NSUKKA WEST,SC/364/EN,Nsukka/Igbo-Eze South,FC/122/EN,ENUGU NORTH,SD/042/EN,ENUGU
3160,OWERRE/UMUOYO,17,NSUKKA,13,NSUKKA WEST,SC/364/EN,Nsukka/Igbo-Eze South,FC/122/EN,ENUGU NORTH,SD/042/EN,ENUGU
3161,OBIMO/IKWOKA,18,NSUKKA,13,NSUKKA WEST,SC/364/EN,Nsukka/Igbo-Eze South,FC/122/EN,ENUGU NORTH,SD/042/EN,ENUGU
3162,OKPUJE/OKUTU ANU,19,NSUKKA,13,NSUKKA WEST,SC/364/EN,Nsukka/Igbo-Eze South,FC/122/EN,ENUGU NORTH,SD/042/EN,ENUGU
3163,OBUKPA,20,NSUKKA,13,NSUKKA WEST,SC/364/EN,Nsukka/Igbo-Eze South,FC/122/EN,ENUGU NORTH,SD/042/EN,ENUGU
3164,OJI-RIVER I,01,OJI-RIVER,14,OJI RIVER,SC/365/EN,Aninri/Awgu/Oji River,FC/115/EN,ENUGU WEST,SD/041/EN,ENUGU
3165,OJI-RIVER II,02,OJI-RIVER,14,OJI RIVER,SC/365/EN,Aninri/Awgu/Oji River,FC/115/EN,ENUGU WEST,SD/041/EN,ENUGU
3166,OJI-RIVER III,03,OJI-RIVER,14,OJI RIVER,SC/365/EN,Aninri/Awgu/Oji River,FC/115/EN,ENUGU WEST,SD/041/EN,ENUGU
3167,OJI-RIVER IV,04,OJI-RIVER,14,OJI RIVER,SC/365/EN,Aninri/Awgu/Oji River,FC/115/EN,ENUGU WEST,SD/041/EN,ENUGU
3168,UGWUOBA I,05,OJI-RIVER,14,OJI RIVER,SC/365/EN,Aninri/Awgu/Oji River,FC/115/EN,ENUGU WEST,SD/041/EN,ENUGU
3169,UGWUOBA II,06,OJI-RIVER,14,OJI RIVER,SC/365/EN,Aninri/Awgu/Oji River,FC/115/EN,ENUGU WEST,SD/041/EN,ENUGU
3170,UGWUOBA III,07,OJI-RIVER,14,OJI RIVER,SC/365/EN,Aninri/Awgu/Oji River,FC/115/EN,ENUGU WEST,SD/041/EN,ENUGU
3171,ACHIAGU I,08,OJI-RIVER,14,OJI RIVER,SC/365/EN,Aninri/Awgu/Oji River,FC/115/EN,ENUGU WEST,SD/041/EN,ENUGU
3172,ACHIAGU II,09,OJI-RIVER,14,OJI RIVER,SC/365/EN,Aninri/Awgu/Oji River,FC/115/EN,ENUGU WEST,SD/041/EN,ENUGU
3173,ACHIAGU III,10,OJI-RIVER,14,OJI RIVER,SC/365/EN,Aninri/Awgu/Oji River,FC/115/EN,ENUGU WEST,SD/041/EN,ENUGU
3174,ACHIUNO I,11,OJI-RIVER,14,OJI RIVER,SC/365/EN,Aninri/Awgu/Oji River,FC/115/EN,ENUGU WEST,SD/041/EN,ENUGU
3175,ACHIUNO II,12,OJI-RIVER,14,OJI RIVER,SC/365/EN,Aninri/Awgu/Oji River,FC/115/EN,ENUGU WEST,SD/041/EN,ENUGU
3176,ACHIUNO III,13,OJI-RIVER,14,OJI RIVER,SC/365/EN,Aninri/Awgu/Oji River,FC/115/EN,ENUGU WEST,SD/041/EN,ENUGU
3177,ACHIUNO IV,14,OJI-RIVER,14,OJI RIVER,SC/365/EN,Aninri/Awgu/Oji River,FC/115/EN,ENUGU WEST,SD/041/EN,ENUGU
3178,INYI  1,15,OJI-RIVER,14,OJI RIVER,SC/365/EN,Aninri/Awgu/Oji River,FC/115/EN,ENUGU WEST,SD/041/EN,ENUGU
3179,INYI 11,16,OJI-RIVER,14,OJI RIVER,SC/365/EN,Aninri/Awgu/Oji River,FC/115/EN,ENUGU WEST,SD/041/EN,ENUGU
3180,INYI 111,17,OJI-RIVER,14,OJI RIVER,SC/365/EN,Aninri/Awgu/Oji River,FC/115/EN,ENUGU WEST,SD/041/EN,ENUGU
3181,INYI IV,18,OJI-RIVER,14,OJI RIVER,SC/365/EN,Aninri/Awgu/Oji River,FC/115/EN,ENUGU WEST,SD/041/EN,ENUGU
3182,AWLAW,19,OJI-RIVER,14,OJI RIVER,SC/365/EN,Aninri/Awgu/Oji River,FC/115/EN,ENUGU WEST,SD/041/EN,ENUGU
3183,AKPUGO-EZE,20,OJI-RIVER,14,OJI RIVER,SC/365/EN,Aninri/Awgu/Oji River,FC/115/EN,ENUGU WEST,SD/041/EN,ENUGU
3184,AMALA,01,UDENU,15,UDENU,SC/366/EN,Igbo-Eze North/Udenu,FC/120/EN,ENUGU NORTH,SD/042/EN,ENUGU
3185,EZIMO,02,UDENU,15,UDENU,SC/366/EN,Igbo-Eze North/Udenu,FC/120/EN,ENUGU NORTH,SD/042/EN,ENUGU
3186,IMILIKE,03,UDENU,15,UDENU,SC/366/EN,Igbo-Eze North/Udenu,FC/120/EN,ENUGU NORTH,SD/042/EN,ENUGU
3187,OBOLLO-AFOR,04,UDENU,15,UDENU,SC/366/EN,Igbo-Eze North/Udenu,FC/120/EN,ENUGU NORTH,SD/042/EN,ENUGU
3188,OBOLO-ETITI,05,UDENU,15,UDENU,SC/366/EN,Igbo-Eze North/Udenu,FC/120/EN,ENUGU NORTH,SD/042/EN,ENUGU
3189,OBOLLO-EKE,06,UDENU,15,UDENU,SC/366/EN,Igbo-Eze North/Udenu,FC/120/EN,ENUGU NORTH,SD/042/EN,ENUGU
3190,OGBODU-ABA,07,UDENU,15,UDENU,SC/366/EN,Igbo-Eze North/Udenu,FC/120/EN,ENUGU NORTH,SD/042/EN,ENUGU
3191,ORBA 1,08,UDENU,15,UDENU,SC/366/EN,Igbo-Eze North/Udenu,FC/120/EN,ENUGU NORTH,SD/042/EN,ENUGU
3192,ORBA 11,09,UDENU,15,UDENU,SC/366/EN,Igbo-Eze North/Udenu,FC/120/EN,ENUGU NORTH,SD/042/EN,ENUGU
3193,UDENEDEM,10,UDENU,15,UDENU,SC/366/EN,Igbo-Eze North/Udenu,FC/120/EN,ENUGU NORTH,SD/042/EN,ENUGU
3194,UDI/AGBUDU,01,UDI,16,UDI SOUTH,SC/368/EN,Ezeagu/Udi,FC/118/EN,ENUGU WEST,SD/041/EN,ENUGU
3195,NSUDE,02,UDI,16,UDI SOUTH,SC/368/EN,Ezeagu/Udi,FC/118/EN,ENUGU WEST,SD/041/EN,ENUGU
3196,UMUAGA,03,UDI,16,UDI SOUTH,SC/368/EN,Ezeagu/Udi,FC/118/EN,ENUGU WEST,SD/041/EN,ENUGU
3197,UMUABI,04,UDI,16,UDI SOUTH,SC/368/EN,Ezeagu/Udi,FC/118/EN,ENUGU WEST,SD/041/EN,ENUGU
3198,OBINAGU,05,UDI,16,UDI SOUTH,SC/368/EN,Ezeagu/Udi,FC/118/EN,ENUGU WEST,SD/041/EN,ENUGU
3199,NACHI,06,UDI,16,UDI SOUTH,SC/368/EN,Ezeagu/Udi,FC/118/EN,ENUGU WEST,SD/041/EN,ENUGU
3200,ABIA,07,UDI,16,UDI SOUTH,SC/368/EN,Ezeagu/Udi,FC/118/EN,ENUGU WEST,SD/041/EN,ENUGU
3201,NGWO ASA,08,UDI,16,UDI SOUTH,SC/368/EN,Ezeagu/Udi,FC/118/EN,ENUGU WEST,SD/041/EN,ENUGU
3202,NGWO UNO,09,UDI,16,UDI SOUTH,SC/368/EN,Ezeagu/Udi,FC/118/EN,ENUGU WEST,SD/041/EN,ENUGU
3203,EBE,10,UDI,16,UDI NORTH,SC/367/EN,Ezeagu/Udi,FC/118/EN,ENUGU WEST,SD/041/EN,ENUGU
3204,AWHUM/UKANA,11,UDI,16,UDI NORTH,SC/367/EN,Ezeagu/Udi,FC/118/EN,ENUGU WEST,SD/041/EN,ENUGU
3205,EGEDE/UMUOKA,12,UDI,16,UDI NORTH,SC/367/EN,Ezeagu/Udi,FC/118/EN,ENUGU WEST,SD/041/EN,ENUGU
3206,AKPAWUME/NZE,13,UDI,16,UDI NORTH,SC/367/EN,Ezeagu/Udi,FC/118/EN,ENUGU WEST,SD/041/EN,ENUGU
3207,AFFA/OGHU/IKONO,14,UDI,16,UDI NORTH,SC/367/EN,Ezeagu/Udi,FC/118/EN,ENUGU WEST,SD/041/EN,ENUGU
3208,ABOR,15,UDI,16,UDI NORTH,SC/367/EN,Ezeagu/Udi,FC/118/EN,ENUGU WEST,SD/041/EN,ENUGU
3209,OKPATU,16,UDI,16,UDI NORTH,SC/367/EN,Ezeagu/Udi,FC/118/EN,ENUGU WEST,SD/041/EN,ENUGU
3210,OBIOMA,17,UDI,16,UDI SOUTH,SC/368/EN,Ezeagu/Udi,FC/118/EN,ENUGU WEST,SD/041/EN,ENUGU
3211,UMULUMGBE,18,UDI,16,UDI NORTH,SC/367/EN,Ezeagu/Udi,FC/118/EN,ENUGU WEST,SD/041/EN,ENUGU
3212,EKE,19,UDI,16,UDI NORTH,SC/367/EN,Ezeagu/Udi,FC/118/EN,ENUGU WEST,SD/041/EN,ENUGU
3213,AMOKWE,20,UDI,16,UDI SOUTH,SC/368/EN,Ezeagu/Udi,FC/118/EN,ENUGU WEST,SD/041/EN,ENUGU
3214,IGGA-ASABA,01,UZO-UWANI,17,UZO UWANI,SC/369/EN,Igbo-Etiti/Uzo-Uwani,FC/119/EN,ENUGU NORTH,SD/042/EN,ENUGU
3215,ADABA-NKUME,02,UZO-UWANI,17,UZO UWANI,SC/369/EN,Igbo-Etiti/Uzo-Uwani,FC/119/EN,ENUGU NORTH,SD/042/EN,ENUGU
3216,UMULOKPA,03,UZO-UWANI,17,UZO UWANI,SC/369/EN,Igbo-Etiti/Uzo-Uwani,FC/119/EN,ENUGU NORTH,SD/042/EN,ENUGU
3217,AKPATA,04,UZO-UWANI,17,UZO UWANI,SC/369/EN,Igbo-Etiti/Uzo-Uwani,FC/119/EN,ENUGU NORTH,SD/042/EN,ENUGU
3218,OJO,05,UZO-UWANI,17,UZO UWANI,SC/369/EN,Igbo-Etiti/Uzo-Uwani,FC/119/EN,ENUGU NORTH,SD/042/EN,ENUGU
3219,ADANI,06,UZO-UWANI,17,UZO UWANI,SC/369/EN,Igbo-Etiti/Uzo-Uwani,FC/119/EN,ENUGU NORTH,SD/042/EN,ENUGU
3220,OGURUGU,07,UZO-UWANI,17,UZO UWANI,SC/369/EN,Igbo-Etiti/Uzo-Uwani,FC/119/EN,ENUGU NORTH,SD/042/EN,ENUGU
3221,ABBI,08,UZO-UWANI,17,UZO UWANI,SC/369/EN,Igbo-Etiti/Uzo-Uwani,FC/119/EN,ENUGU NORTH,SD/042/EN,ENUGU
3222,AKPUGO,09,UZO-UWANI,17,UZO UWANI,SC/369/EN,Igbo-Etiti/Uzo-Uwani,FC/119/EN,ENUGU NORTH,SD/042/EN,ENUGU
3223,UVURU,10,UZO-UWANI,17,UZO UWANI,SC/369/EN,Igbo-Etiti/Uzo-Uwani,FC/119/EN,ENUGU NORTH,SD/042/EN,ENUGU
3224,NIMBO 1,11,UZO-UWANI,17,UZO UWANI,SC/369/EN,Igbo-Etiti/Uzo-Uwani,FC/119/EN,ENUGU NORTH,SD/042/EN,ENUGU
3225,NIMBO  11,12,UZO-UWANI,17,UZO UWANI,SC/369/EN,Igbo-Etiti/Uzo-Uwani,FC/119/EN,ENUGU NORTH,SD/042/EN,ENUGU
3226,UGBENE 1,13,UZO-UWANI,17,UZO UWANI,SC/369/EN,Igbo-Etiti/Uzo-Uwani,FC/119/EN,ENUGU NORTH,SD/042/EN,ENUGU
3227,UGBENE  11,14,UZO-UWANI,17,UZO UWANI,SC/369/EN,Igbo-Etiti/Uzo-Uwani,FC/119/EN,ENUGU NORTH,SD/042/EN,ENUGU
3228,NROBO,15,UZO-UWANI,17,UZO UWANI,SC/369/EN,Igbo-Etiti/Uzo-Uwani,FC/119/EN,ENUGU NORTH,SD/042/EN,ENUGU
3229,NKPOLOGU,16,UZO-UWANI,17,UZO UWANI,SC/369/EN,Igbo-Etiti/Uzo-Uwani,FC/119/EN,ENUGU NORTH,SD/042/EN,ENUGU
3230,AKKO,01,AKKO,01,AKKO NORTH,SC/372/GM,Akko,FC/123/GM,GOMBE CENTRAL,SD/043/GM,GOMBE
3231,GARKO,02,AKKO,01,AKKO NORTH,SC/372/GM,Akko,FC/123/GM,GOMBE CENTRAL,SD/043/GM,GOMBE
3232,KALSHINGI,03,AKKO,01,AKKO NORTH,SC/372/GM,Akko,FC/123/GM,GOMBE CENTRAL,SD/043/GM,GOMBE
3233,KASHERE,04,AKKO,01,AKKO WEST,SC/370/GM,Akko,FC/123/GM,GOMBE CENTRAL,SD/043/GM,GOMBE
3234,KUMO CENTRAL,05,AKKO,01,AKKO CENTRAL,SC/371/GM,Akko,FC/123/GM,GOMBE CENTRAL,SD/043/GM,GOMBE
3235,KUMO EAST,06,AKKO,01,AKKO CENTRAL,SC/371/GM,Akko,FC/123/GM,GOMBE CENTRAL,SD/043/GM,GOMBE
3236,KUMO NORTH,07,AKKO,01,AKKO CENTRAL,SC/371/GM,Akko,FC/123/GM,GOMBE CENTRAL,SD/043/GM,GOMBE
3237,KUMO WEST,08,AKKO,01,AKKO CENTRAL,SC/371/GM,Akko,FC/123/GM,GOMBE CENTRAL,SD/043/GM,GOMBE
3238,PINDIGA,09,AKKO,01,AKKO WEST,SC/370/GM,Akko,FC/123/GM,GOMBE CENTRAL,SD/043/GM,GOMBE
3239,TUMU,10,AKKO,01,AKKO WEST,SC/370/GM,Akko,FC/123/GM,GOMBE CENTRAL,SD/043/GM,GOMBE
3240,TUKULMA,11,AKKO,01,AKKO NORTH,SC/372/GM,Akko,FC/123/GM,GOMBE CENTRAL,SD/043/GM,GOMBE
3241,BAMBAM,01,BALANGA,02,BALANGA SOUTH,SC/374/GM,Balanga/Billiri,FC/125/GM,GOMBE SOUTH,SD/044/GM,GOMBE
3242,LUNGUDA,02,BALANGA,02,BALANGA NORTH,SC/373/GM,Balanga/Billiri,FC/125/GM,GOMBE SOUTH,SD/044/GM,GOMBE
3243,DADIYA,03,BALANGA,02,BALANGA SOUTH,SC/374/GM,Balanga/Billiri,FC/125/GM,GOMBE SOUTH,SD/044/GM,GOMBE
3244,GELENGU/BALANGA,04,BALANGA,02,BALANGA NORTH,SC/373/GM,Balanga/Billiri,FC/125/GM,GOMBE SOUTH,SD/044/GM,GOMBE
3245,KINDIYO,05,BALANGA,02,BALANGA SOUTH,SC/374/GM,Balanga/Billiri,FC/125/GM,GOMBE SOUTH,SD/044/GM,GOMBE
3246,KULANI/DEGRI/SIKKAM,06,BALANGA,02,BALANGA NORTH,SC/373/GM,Balanga/Billiri,FC/125/GM,GOMBE SOUTH,SD/044/GM,GOMBE
3247,MWONA,07,BALANGA,02,BALANGA SOUTH,SC/374/GM,Balanga/Billiri,FC/125/GM,GOMBE SOUTH,SD/044/GM,GOMBE
3248,NYUWAR/JESSU,08,BALANGA,02,BALANGA SOUTH,SC/374/GM,Balanga/Billiri,FC/125/GM,GOMBE SOUTH,SD/044/GM,GOMBE
3249,SWA/REF/GASI/W.WAJA,09,BALANGA,02,BALANGA NORTH,SC/373/GM,Balanga/Billiri,FC/125/GM,GOMBE SOUTH,SD/044/GM,GOMBE
3250,TALASEE/DONG/REME,10,BALANGA,02,BALANGA NORTH,SC/373/GM,Balanga/Billiri,FC/125/GM,GOMBE SOUTH,SD/044/GM,GOMBE
3251,BANGANJE NORTH,01,BILLIRI,03,BILLIRI WEST,SC/076GM,Balanga/Billiri,FC/125/GM,GOMBE SOUTH,SD/044/GM,GOMBE
3252,BANGANJE SOUTH,02,BILLIRI,03,BILLIRI WEST,SC/076GM,Balanga/Billiri,FC/125/GM,GOMBE SOUTH,SD/044/GM,GOMBE
3253,BARE,03,BILLIRI,03,BILLIRI EAST,SC/375/GM,Balanga/Billiri,FC/125/GM,GOMBE SOUTH,SD/044/GM,GOMBE
3254,BILLIRI NORTH,04,BILLIRI,03,BILLIRI EAST,SC/375/GM,Balanga/Billiri,FC/125/GM,GOMBE SOUTH,SD/044/GM,GOMBE
3255,BILLIRI SOUTH,05,BILLIRI,03,BILLIRI EAST,SC/375/GM,Balanga/Billiri,FC/125/GM,GOMBE SOUTH,SD/044/GM,GOMBE
3256,KALMAI,06,BILLIRI,03,BILLIRI EAST,SC/375/GM,Balanga/Billiri,FC/125/GM,GOMBE SOUTH,SD/044/GM,GOMBE
3257,TAL,07,BILLIRI,03,BILLIRI WEST,SC/076GM,Balanga/Billiri,FC/125/GM,GOMBE SOUTH,SD/044/GM,GOMBE
3258,TANGLANG,08,BILLIRI,03,BILLIRI WEST,SC/076GM,Balanga/Billiri,FC/125/GM,GOMBE SOUTH,SD/044/GM,GOMBE
3259,TODI,09,BILLIRI,03,BILLIRI WEST,SC/076GM,Balanga/Billiri,FC/125/GM,GOMBE SOUTH,SD/044/GM,GOMBE
3260,TUDU KWAYA,10,BILLIRI,03,BILLIRI WEST,SC/076GM,Balanga/Billiri,FC/125/GM,GOMBE SOUTH,SD/044/GM,GOMBE
3261,GOMBE ABBA,01,DUKKU,04,DUKKU SOUTH,SC/378/GM,Dukku/Nafada,FC/128/GM,GOMBE NORTH,SD/045/GM,GOMBE
3262,HASHIDU,02,DUKKU,04,DUKKU NORTH,SC/377/GM,Dukku/Nafada,FC/128/GM,GOMBE NORTH,SD/045/GM,GOMBE
3263,JAMARI,03,DUKKU,04,DUKKU NORTH,SC/377/GM,Dukku/Nafada,FC/128/GM,GOMBE NORTH,SD/045/GM,GOMBE
3264,KUNDE,04,DUKKU,04,DUKKU SOUTH,SC/378/GM,Dukku/Nafada,FC/128/GM,GOMBE NORTH,SD/045/GM,GOMBE
3265,LAFIYA,05,DUKKU,04,DUKKU NORTH,SC/377/GM,Dukku/Nafada,FC/128/GM,GOMBE NORTH,SD/045/GM,GOMBE
3266,MALALA,06,DUKKU,04,DUKKU NORTH,SC/377/GM,Dukku/Nafada,FC/128/GM,GOMBE NORTH,SD/045/GM,GOMBE
3267,WAZIRI NORTH,07,DUKKU,04,DUKKU SOUTH,SC/378/GM,Dukku/Nafada,FC/128/GM,GOMBE NORTH,SD/045/GM,GOMBE
3268,WAZIRI CENTRAL SOUTH,08,DUKKU,04,DUKKU SOUTH,SC/378/GM,Dukku/Nafada,FC/128/GM,GOMBE NORTH,SD/045/GM,GOMBE
3269,WURO TALE,09,DUKKU,04,DUKKU NORTH,SC/377/GM,Dukku/Nafada,FC/128/GM,GOMBE NORTH,SD/045/GM,GOMBE
3270,ZANGE,10,DUKKU,04,DUKKU SOUTH,SC/378/GM,Dukku/Nafada,FC/128/GM,GOMBE NORTH,SD/045/GM,GOMBE
3271,ZAUNE,11,DUKKU,04,DUKKU NORTH,SC/377/GM,Dukku/Nafada,FC/128/GM,GOMBE NORTH,SD/045/GM,GOMBE
3272,ASHAKA/MAGABA,01,FUNAKAYE,05,FUNAKAYE NORTH,SC/379/GM,Gombe/Kwami/Funakaye,FC/127/GM,GOMBE NORTH,SD/045/GM,GOMBE
3273,BAGE,02,FUNAKAYE,05,FUNAKAYE NORTH,SC/379/GM,Gombe/Kwami/Funakaye,FC/127/GM,GOMBE NORTH,SD/045/GM,GOMBE
3274,BAJOGA WEST,03,FUNAKAYE,05,FUNAKAYE NORTH,SC/379/GM,Gombe/Kwami/Funakaye,FC/127/GM,GOMBE NORTH,SD/045/GM,GOMBE
3275,BAJOBA  EAST,04,FUNAKAYE,05,FUNAKAYE NORTH,SC/379/GM,Gombe/Kwami/Funakaye,FC/127/GM,GOMBE NORTH,SD/045/GM,GOMBE
3276,BODOR/TILDE,05,FUNAKAYE,05,FUNAKAYE SOUTH,SC/380/GM,Gombe/Kwami/Funakaye,FC/127/GM,GOMBE NORTH,SD/045/GM,GOMBE
3277,JILLAHI,06,FUNAKAYE,05,FUNAKAYE SOUTH,SC/380/GM,Gombe/Kwami/Funakaye,FC/127/GM,GOMBE NORTH,SD/045/GM,GOMBE
3278,KUPTO,07,FUNAKAYE,05,FUNAKAYE SOUTH,SC/380/GM,Gombe/Kwami/Funakaye,FC/127/GM,GOMBE NORTH,SD/045/GM,GOMBE
3279,RIBADU,08,FUNAKAYE,05,FUNAKAYE SOUTH,SC/380/GM,Gombe/Kwami/Funakaye,FC/127/GM,GOMBE NORTH,SD/045/GM,GOMBE
3280,TONGO,09,FUNAKAYE,05,FUNAKAYE SOUTH,SC/380/GM,Gombe/Kwami/Funakaye,FC/127/GM,GOMBE NORTH,SD/045/GM,GOMBE
3281,WAWA/WAKKALTU,10,FUNAKAYE,05,FUNAKAYE NORTH,SC/379/GM,Gombe/Kwami/Funakaye,FC/127/GM,GOMBE NORTH,SD/045/GM,GOMBE
3282,AJIYA,01,GOMBE,06,GOMBE NORTH,SC/381/GM,Gombe/Kwami/Funakaye,FC/127/GM,GOMBE NORTH,SD/045/GM,GOMBE
3283,BAJOGA,02,GOMBE,06,GOMBE NORTH,SC/381/GM,Gombe/Kwami/Funakaye,FC/127/GM,GOMBE NORTH,SD/045/GM,GOMBE
3284,BOLARI EAST,03,GOMBE,06,GOMBE SOUTH,SC/382/GM,Gombe/Kwami/Funakaye,FC/127/GM,GOMBE NORTH,SD/045/GM,GOMBE
3285,BOLARI  WEST,04,GOMBE,06,GOMBE SOUTH,SC/382/GM,Gombe/Kwami/Funakaye,FC/127/GM,GOMBE NORTH,SD/045/GM,GOMBE
3286,DAWAKI,05,GOMBE,06,GOMBE NORTH,SC/381/GM,Gombe/Kwami/Funakaye,FC/127/GM,GOMBE NORTH,SD/045/GM,GOMBE
3287,HERWA GANA,06,GOMBE,06,GOMBE NORTH,SC/381/GM,Gombe/Kwami/Funakaye,FC/127/GM,GOMBE NORTH,SD/045/GM,GOMBE
3288,JEKADAFARI,07,GOMBE,06,,,Gombe/Kwami/Funakaye,FC/127/GM,GOMBE NORTH,SD/045/GM,GOMBE
3289,KUMBIYA KUMBIYA,08,GOMBE,06,GOMBE SOUTH,SC/382/GM,Gombe/Kwami/Funakaye,FC/127/GM,GOMBE NORTH,SD/045/GM,GOMBE
3290,NASARAWA,09,GOMBE,06,GOMBE NORTH,SC/381/GM,Gombe/Kwami/Funakaye,FC/127/GM,GOMBE NORTH,SD/045/GM,GOMBE
3291,PANTAMI,10,GOMBE,06,GOMBE SOUTH,SC/382/GM,Gombe/Kwami/Funakaye,FC/127/GM,GOMBE NORTH,SD/045/GM,GOMBE
3292,SHAMAKI,11,GOMBE,06,GOMBE NORTH,SC/381/GM,Gombe/Kwami/Funakaye,FC/127/GM,GOMBE NORTH,SD/045/GM,GOMBE
3293,AWAK,01,KALTUNGO,07,KALTUNGO EAST,SC/384/GM,Kaltungo/Shongom,FC/126/GM,GOMBE SOUTH,SD/044/GM,GOMBE
3294,BULE/KALTIN,02,KALTUNGO,07,KALTUNGO EAST,SC/384/GM,Kaltungo/Shongom,FC/126/GM,GOMBE SOUTH,SD/044/GM,GOMBE
3295,KALTUNGO WEST,03,KALTUNGO,07,KALTUNGO WEST,SC/383/GM,Kaltungo/Shongom,FC/126/GM,GOMBE SOUTH,SD/044/GM,GOMBE
3296,KALTUNGO EAST,04,KALTUNGO,07,KALTUNGO WEST,SC/383/GM,Kaltungo/Shongom,FC/126/GM,GOMBE SOUTH,SD/044/GM,GOMBE
3297,KAMO,05,KALTUNGO,07,KALTUNGO EAST,SC/384/GM,Kaltungo/Shongom,FC/126/GM,GOMBE SOUTH,SD/044/GM,GOMBE
3298,TULA BAULE,06,KALTUNGO,07,KALTUNGO EAST,SC/384/GM,Kaltungo/Shongom,FC/126/GM,GOMBE SOUTH,SD/044/GM,GOMBE
3299,TULA WANGE,07,KALTUNGO,07,KALTUNGO EAST,SC/384/GM,Kaltungo/Shongom,FC/126/GM,GOMBE SOUTH,SD/044/GM,GOMBE
3300,TULA YIRI,08,KALTUNGO,07,KALTUNGO EAST,SC/384/GM,Kaltungo/Shongom,FC/126/GM,GOMBE SOUTH,SD/044/GM,GOMBE
3301,TUNGO,09,KALTUNGO,07,KALTUNGO WEST,SC/383/GM,Kaltungo/Shongom,FC/126/GM,GOMBE SOUTH,SD/044/GM,GOMBE
3302,TURE,10,KALTUNGO,07,KALTUNGO WEST,SC/383/GM,Kaltungo/Shongom,FC/126/GM,GOMBE SOUTH,SD/044/GM,GOMBE
3303,BOJUDE,01,KWAMI,08,KWAMI WEST,SC/393/GM,Gombe/Kwami/Funakaye,FC/127/GM,GOMBE NORTH,SD/045/GM,GOMBE
3304,DABA FULANI,02,KWAMI,08,KWAMI EAST,SC/392/GM,Gombe/Kwami/Funakaye,FC/127/GM,GOMBE NORTH,SD/045/GM,GOMBE
3305,DOHO,03,KWAMI,08,KWAMI EAST,SC/392/GM,Gombe/Kwami/Funakaye,FC/127/GM,GOMBE NORTH,SD/045/GM,GOMBE
3306,DUKUL,04,KWAMI,08,KWAMI EAST,SC/392/GM,Gombe/Kwami/Funakaye,FC/127/GM,GOMBE NORTH,SD/045/GM,GOMBE
3307,GADAM,05,KWAMI,08,KWAMI WEST,SC/393/GM,Gombe/Kwami/Funakaye,FC/127/GM,GOMBE NORTH,SD/045/GM,GOMBE
3308,JURARA,06,KWAMI,08,KWAMI EAST,SC/392/GM,Gombe/Kwami/Funakaye,FC/127/GM,GOMBE NORTH,SD/045/GM,GOMBE
3309,KOMFULATA,07,KWAMI,08,KWAMI WEST,SC/393/GM,Gombe/Kwami/Funakaye,FC/127/GM,GOMBE NORTH,SD/045/GM,GOMBE
3310,KWAMI,08,KWAMI,08,KWAMI WEST,SC/393/GM,Gombe/Kwami/Funakaye,FC/127/GM,GOMBE NORTH,SD/045/GM,GOMBE
3311,MALAM-SIDI,09,KWAMI,08,KWAMI EAST,SC/392/GM,Gombe/Kwami/Funakaye,FC/127/GM,GOMBE NORTH,SD/045/GM,GOMBE
3312,MALLERI,10,KWAMI,08,KWAMI EAST,SC/392/GM,Gombe/Kwami/Funakaye,FC/127/GM,GOMBE NORTH,SD/045/GM,GOMBE
3313,BARWO NASARAWA,01,NAFADA,09,NAFADA NORTH,SC/385/GM,Dukku/Nafada,FC/128/GM,GOMBE NORTH,SD/045/GM,GOMBE
3314,BARWO WINDE,02,NAFADA,09,NAFADA NORTH,SC/385/GM,Dukku/Nafada,FC/128/GM,GOMBE NORTH,SD/045/GM,GOMBE
3315,BIRIN BOLEWA,03,NAFADA,09,NAFADA SOUTH,SC/386/GM,Dukku/Nafada,FC/128/GM,GOMBE NORTH,SD/045/GM,GOMBE
3316,BIRIN FULANI EAST,04,NAFADA,09,NAFADA SOUTH,SC/386/GM,Dukku/Nafada,FC/128/GM,GOMBE NORTH,SD/045/GM,GOMBE
3317,BIRIN FULANI WEST,05,NAFADA,09,NAFADA SOUTH,SC/386/GM,Dukku/Nafada,FC/128/GM,GOMBE NORTH,SD/045/GM,GOMBE
3318,GUDUKKU,06,NAFADA,09,NAFADA NORTH,SC/385/GM,Dukku/Nafada,FC/128/GM,GOMBE NORTH,SD/045/GM,GOMBE
3319,JIGAWA,07,NAFADA,09,NAFADA NORTH,SC/385/GM,Dukku/Nafada,FC/128/GM,GOMBE NORTH,SD/045/GM,GOMBE
3320,NAFADA CENTRAL,08,NAFADA,09,NAFADA NORTH,SC/385/GM,Dukku/Nafada,FC/128/GM,GOMBE NORTH,SD/045/GM,GOMBE
3321,NAFADA EAST,09,NAFADA,09,NAFADA NORTH,SC/385/GM,Dukku/Nafada,FC/128/GM,GOMBE NORTH,SD/045/GM,GOMBE
3322,NAFADA WEST,10,NAFADA,09,NAFADA NORTH,SC/385/GM,Dukku/Nafada,FC/128/GM,GOMBE NORTH,SD/045/GM,GOMBE
3323,BANGUNJI,01,SHONGOM,10,PERO CHONGE,SC/388/GM,Kaltungo/Shongom,FC/126/GM,,,GOMBE
3324,BOH,02,SHONGOM,10,SHONGOM,SC/387/GM,Kaltungo/Shongom,FC/126/GM,GOMBE SOUTH,SD/044/GM,GOMBE
3325,BURAK,03,SHONGOM,10,PERO CHONGE,SC/388/GM,Kaltungo/Shongom,FC/126/GM,,,GOMBE
3326,FILIYA,04,SHONGOM,10,PERO CHONGE,SC/388/GM,Kaltungo/Shongom,FC/126/GM,,,GOMBE
3327,GUNDALE,05,SHONGOM,10,PERO CHONGE,SC/388/GM,Kaltungo/Shongom,FC/126/GM,,,GOMBE
3328,GWANDUM,06,SHONGOM,10,PERO CHONGE,SC/388/GM,Kaltungo/Shongom,FC/126/GM,,,GOMBE
3329,KULISHIM,07,SHONGOM,10,SHONGOM,SC/387/GM,Kaltungo/Shongom,FC/126/GM,GOMBE SOUTH,SD/044/GM,GOMBE
3330,KUSHI,08,SHONGOM,10,PERO CHONGE,SC/388/GM,Kaltungo/Shongom,FC/126/GM,,,GOMBE
3331,LALIPIDO,09,SHONGOM,10,SHONGOM,SC/387/GM,Kaltungo/Shongom,FC/126/GM,GOMBE SOUTH,SD/044/GM,GOMBE
3332,LAPAN,10,SHONGOM,10,SHONGOM,SC/387/GM,Kaltungo/Shongom,FC/126/GM,GOMBE SOUTH,SD/044/GM,GOMBE
3333,DEBA,01,YAMALTU/DEBA,11,DEBA,SC/389/GM,Yamaltu/Deba,FC/124/GM,GOMBE CENTRAL,SD/043/GM,GOMBE
3334,DIFA/LUBO/KINAFA,02,YAMALTU/DEBA,11,YAMALTU WEST,SC/391/GM,Yamaltu/Deba,FC/124/GM,GOMBE CENTRAL,SD/043/GM,GOMBE
3335,GWANI/SHINGA/WADE,03,YAMALTU/DEBA,11,YAMALTU EAST,SC/390/GM,Yamaltu/Deba,FC/124/GM,GOMBE CENTRAL,SD/043/GM,GOMBE
3336,HINNA,04,YAMALTU/DEBA,11,YAMALTU EAST,SC/390/GM,Yamaltu/Deba,FC/124/GM,GOMBE CENTRAL,SD/043/GM,GOMBE
3337,JAGALI NORTH,05,YAMALTU/DEBA,11,YAMALTU EAST,SC/390/GM,Yamaltu/Deba,FC/124/GM,GOMBE CENTRAL,SD/043/GM,GOMBE
3338,JAGALI SOUTH,06,YAMALTU/DEBA,11,YAMALTU EAST,SC/390/GM,Yamaltu/Deba,FC/124/GM,GOMBE CENTRAL,SD/043/GM,GOMBE
3339,KANAWA/WAJARI,07,YAMALTU/DEBA,11,DEBA,SC/389/GM,Yamaltu/Deba,FC/124/GM,GOMBE CENTRAL,SD/043/GM,GOMBE
3340,KURI/LANO/LAMBAM,08,YAMALTU/DEBA,11,DEBA,SC/389/GM,Yamaltu/Deba,FC/124/GM,GOMBE CENTRAL,SD/043/GM,GOMBE
3341,KWADON/LIJI/KURBA,09,YAMALTU/DEBA,11,YAMALTU WEST,SC/391/GM,Yamaltu/Deba,FC/124/GM,GOMBE CENTRAL,SD/043/GM,GOMBE
3342,NONO/KUNUWA/W.BIRD EKA,10,YAMALTU/DEBA,11,DEBA,SC/389/GM,Yamaltu/Deba,FC/124/GM,GOMBE CENTRAL,SD/043/GM,GOMBE
3343,ZAMBUK/KWALI,11,YAMALTU/DEBA,11,YAMALTU WEST,SC/391/GM,Yamaltu/Deba,FC/124/GM,GOMBE CENTRAL,SD/043/GM,GOMBE
3344,ENYIOGUGU,01,ABOH MBAISE,01,ABOH MBAISE,SC/394/IM,Aboh Mbaise/Ngor Okpala,FC/135/IM,IMO EAST,SD/046/IM,IMO
3345,NGURU-AHIATO,02,ABOH MBAISE,01,ABOH MBAISE,SC/394/IM,Aboh Mbaise/Ngor Okpala,FC/135/IM,IMO EAST,SD/046/IM,IMO
3346,NGURU-NWENKWO,03,ABOH MBAISE,01,ABOH MBAISE,SC/394/IM,Aboh Mbaise/Ngor Okpala,FC/135/IM,IMO EAST,SD/046/IM,IMO
3347,NGURU-NWEKE,04,ABOH MBAISE,01,ABOH MBAISE,SC/394/IM,Aboh Mbaise/Ngor Okpala,FC/135/IM,IMO EAST,SD/046/IM,IMO
3348,MBUTU,05,ABOH MBAISE,01,ABOH MBAISE,SC/394/IM,Aboh Mbaise/Ngor Okpala,FC/135/IM,IMO EAST,SD/046/IM,IMO
3349,UVURU I,06,ABOH MBAISE,01,ABOH MBAISE,SC/394/IM,Aboh Mbaise/Ngor Okpala,FC/135/IM,IMO EAST,SD/046/IM,IMO
3350,UVURU II,07,ABOH MBAISE,01,ABOH MBAISE,SC/394/IM,Aboh Mbaise/Ngor Okpala,FC/135/IM,IMO EAST,SD/046/IM,IMO
3351,LORJI,08,ABOH MBAISE,01,ABOH MBAISE,SC/394/IM,Aboh Mbaise/Ngor Okpala,FC/135/IM,IMO EAST,SD/046/IM,IMO
3352,AMUZU,09,ABOH MBAISE,01,ABOH MBAISE,SC/394/IM,Aboh Mbaise/Ngor Okpala,FC/135/IM,IMO EAST,SD/046/IM,IMO
3353,UMUHU,10,ABOH MBAISE,01,ABOH MBAISE,SC/394/IM,Aboh Mbaise/Ngor Okpala,FC/135/IM,IMO EAST,SD/046/IM,IMO
3354,LAGWA,11,ABOH MBAISE,01,ABOH MBAISE,SC/394/IM,Aboh Mbaise/Ngor Okpala,FC/135/IM,IMO EAST,SD/046/IM,IMO
3355,IBEKU,12,ABOH MBAISE,01,ABOH MBAISE,SC/394/IM,Aboh Mbaise/Ngor Okpala,FC/135/IM,IMO EAST,SD/046/IM,IMO
3356,OGBE,01,AHAIAZU MBAISE,02,AHIAZU MBAISE,SC/395/IM,,,IMO EAST,SD/046/IM,IMO
3357,OTULU/AGUNEZE,02,AHAIAZU MBAISE,02,AHIAZU MBAISE,SC/395/IM,,,IMO EAST,SD/046/IM,IMO
3358,ORU-NALUDE,03,AHAIAZU MBAISE,02,AHIAZU MBAISE,SC/395/IM,,,IMO EAST,SD/046/IM,IMO
3359,NNARAMBIA,04,AHAIAZU MBAISE,02,AHIAZU MBAISE,SC/395/IM,,,IMO EAST,SD/046/IM,IMO
3360,OKRIKA/NWENKWO,05,AHAIAZU MBAISE,02,AHIAZU MBAISE,SC/395/IM,,,IMO EAST,SD/046/IM,IMO
3361,AMUZI/IHENWORIE,06,AHAIAZU MBAISE,02,AHIAZU MBAISE,SC/395/IM,,,IMO EAST,SD/046/IM,IMO
3362,OKRIKA/NWEKE,07,AHAIAZU MBAISE,02,AHIAZU MBAISE,SC/395/IM,,,IMO EAST,SD/046/IM,IMO
3363,OBOHIA/EKWEREAZU TOWN,08,AHAIAZU MBAISE,02,AHIAZU MBAISE,SC/395/IM,,,IMO EAST,SD/046/IM,IMO
3364,MPAM,09,AHAIAZU MBAISE,02,AHIAZU MBAISE,SC/395/IM,,,IMO EAST,SD/046/IM,IMO
3365,OPARANADIM,10,AHAIAZU MBAISE,02,AHIAZU MBAISE,SC/395/IM,,,IMO EAST,SD/046/IM,IMO
3366,UMUNUMO/UMUCHIEZE,11,AHAIAZU MBAISE,02,AHIAZU MBAISE,SC/395/IM,,,IMO EAST,SD/046/IM,IMO
3367,OGBOR/UMUEZE,12,AHAIAZU MBAISE,02,AHIAZU MBAISE,SC/395/IM,,,IMO EAST,SD/046/IM,IMO
3368,AGBAJA,01,EHIME MBANO,03,EHIME MBANO,SC/396/IM,Ehime Mbano/Ihite-Uboma/ Obowo,FC/129/IM,IMO NORTH,SD/048/IM,IMO
3369,UMUKABIA,02,EHIME MBANO,03,EHIME MBANO,SC/396/IM,Ehime Mbano/Ihite-Uboma/ Obowo,FC/129/IM,IMO NORTH,SD/048/IM,IMO
3370,NSU ‘A’ IKPA,03,EHIME MBANO,03,EHIME MBANO,SC/396/IM,Ehime Mbano/Ihite-Uboma/ Obowo,FC/129/IM,IMO NORTH,SD/048/IM,IMO
3371,NSU ‘B’ IHITTE,04,EHIME MBANO,03,EHIME MBANO,SC/396/IM,Ehime Mbano/Ihite-Uboma/ Obowo,FC/129/IM,IMO NORTH,SD/048/IM,IMO
3372,NZEREM/IKPEM,05,EHIME MBANO,03,EHIME MBANO,SC/396/IM,Ehime Mbano/Ihite-Uboma/ Obowo,FC/129/IM,IMO NORTH,SD/048/IM,IMO
3373,UMUALUMAKU/UMUIHIM,06,EHIME MBANO,03,EHIME MBANO,SC/396/IM,Ehime Mbano/Ihite-Uboma/ Obowo,FC/129/IM,IMO NORTH,SD/048/IM,IMO
3374,UMUNAKANU,07,EHIME MBANO,03,EHIME MBANO,SC/396/IM,Ehime Mbano/Ihite-Uboma/ Obowo,FC/129/IM,IMO NORTH,SD/048/IM,IMO
3375,UMUNUMO,08,EHIME MBANO,03,EHIME MBANO,SC/396/IM,Ehime Mbano/Ihite-Uboma/ Obowo,FC/129/IM,IMO NORTH,SD/048/IM,IMO
3376,UMUEZEALA,09,EHIME MBANO,03,EHIME MBANO,SC/396/IM,Ehime Mbano/Ihite-Uboma/ Obowo,FC/129/IM,IMO NORTH,SD/048/IM,IMO
3377,UMUEZE I,10,EHIME MBANO,03,EHIME MBANO,SC/396/IM,Ehime Mbano/Ihite-Uboma/ Obowo,FC/129/IM,IMO NORTH,SD/048/IM,IMO
3378,UMUEZE II/UMUELEKE,11,EHIME MBANO,03,EHIME MBANO,SC/396/IM,Ehime Mbano/Ihite-Uboma/ Obowo,FC/129/IM,IMO NORTH,SD/048/IM,IMO
3379,AMUMARA,01,EZINIHITTE MBAISE,04,EZINIHITTE,SC/397/IM,Ahiazu Mbaise/Ezinihitte,FC/136/IM,IMO EAST,SD/046/IM,IMO
3380,ITU,02,EZINIHITTE MBAISE,04,EZINIHITTE,SC/397/IM,Ahiazu Mbaise/Ezinihitte,FC/136/IM,IMO EAST,SD/046/IM,IMO
3381,OKPOFE/EZIAGBOGU,03,EZINIHITTE MBAISE,04,EZINIHITTE,SC/397/IM,Ahiazu Mbaise/Ezinihitte,FC/136/IM,IMO EAST,SD/046/IM,IMO
3382,ONICHA I,04,EZINIHITTE MBAISE,04,EZINIHITTE,SC/397/IM,Ahiazu Mbaise/Ezinihitte,FC/136/IM,IMO EAST,SD/046/IM,IMO
3383,ONICHA II,05,EZINIHITTE MBAISE,04,EZINIHITTE,SC/397/IM,Ahiazu Mbaise/Ezinihitte,FC/136/IM,IMO EAST,SD/046/IM,IMO
3384,ONICHA III,06,EZINIHITTE MBAISE,04,EZINIHITTE,SC/397/IM,Ahiazu Mbaise/Ezinihitte,FC/136/IM,IMO EAST,SD/046/IM,IMO
3385,ONICHA IV,07,EZINIHITTE MBAISE,04,EZINIHITTE,SC/397/IM,Ahiazu Mbaise/Ezinihitte,FC/136/IM,IMO EAST,SD/046/IM,IMO
3386,EZIUDO,08,EZINIHITTE MBAISE,04,EZINIHITTE,SC/397/IM,Ahiazu Mbaise/Ezinihitte,FC/136/IM,IMO EAST,SD/046/IM,IMO
3387,UDO-NA-OBIZI,09,EZINIHITTE MBAISE,04,EZINIHITTE,SC/397/IM,Ahiazu Mbaise/Ezinihitte,FC/136/IM,IMO EAST,SD/046/IM,IMO
3388,IHITTE,10,EZINIHITTE MBAISE,04,EZINIHITTE,SC/397/IM,Ahiazu Mbaise/Ezinihitte,FC/136/IM,IMO EAST,SD/046/IM,IMO
3389,OBOAMA/UMUNAMA,11,EZINIHITTE MBAISE,04,EZINIHITTE,SC/397/IM,Ahiazu Mbaise/Ezinihitte,FC/136/IM,IMO EAST,SD/046/IM,IMO
3390,AKPODIM/IFE/CHOKONEZ E,12,EZINIHITTE MBAISE,04,EZINIHITTE,SC/397/IM,Ahiazu Mbaise/Ezinihitte,FC/136/IM,IMO EAST,SD/046/IM,IMO
3391,AKPULU,01,IDEATO NORTH,05,IDEATO NORTH,SC/398/IM,Ideato North/Ideato South,FC/131/IM,IMO WEST,SD/047/IM,IMO
3392,ISIOKPO,02,IDEATO NORTH,05,IDEATO NORTH,SC/398/IM,Ideato North/Ideato South,FC/131/IM,IMO WEST,SD/047/IM,IMO
3393,UMUOKWARA/UMUEZEAG A,03,IDEATO NORTH,05,IDEATO NORTH,SC/398/IM,Ideato North/Ideato South,FC/131/IM,IMO WEST,SD/047/IM,IMO
3394,AKWU OWERRE,04,IDEATO NORTH,05,IDEATO NORTH,SC/398/IM,Ideato North/Ideato South,FC/131/IM,IMO WEST,SD/047/IM,IMO
3395,UMUOPIA/UMUKEGWU,05,IDEATO NORTH,05,IDEATO NORTH,SC/398/IM,Ideato North/Ideato South,FC/131/IM,IMO WEST,SD/047/IM,IMO
3396,NDI IHEME,06,IDEATO NORTH,05,IDEATO NORTH,SC/398/IM,Ideato North/Ideato South,FC/131/IM,IMO WEST,SD/047/IM,IMO
3397,ARONDIZUOGU,07,IDEATO NORTH,05,IDEATO NORTH,SC/398/IM,Ideato North/Ideato South,FC/131/IM,IMO WEST,SD/047/IM,IMO
3398,IZUOGU I,08,IDEATO NORTH,05,IDEATO NORTH,SC/398/IM,Ideato North/Ideato South,FC/131/IM,IMO WEST,SD/047/IM,IMO
3399,NDIMOKO,09,IDEATO NORTH,05,IDEATO NORTH,SC/398/IM,Ideato North/Ideato South,FC/131/IM,IMO WEST,SD/047/IM,IMO
3400,OSINA,10,IDEATO NORTH,05,IDEATO NORTH,SC/398/IM,Ideato North/Ideato South,FC/131/IM,IMO WEST,SD/047/IM,IMO
3401,UZINA/UMUALOMA,11,IDEATO NORTH,05,IDEATO NORTH,SC/398/IM,Ideato North/Ideato South,FC/131/IM,IMO WEST,SD/047/IM,IMO
3402,EZEMAZU/OZU,12,IDEATO NORTH,05,IDEATO NORTH,SC/398/IM,Ideato North/Ideato South,FC/131/IM,IMO WEST,SD/047/IM,IMO
3403,OZUAKOLI/UMUAGO,13,IDEATO NORTH,05,IDEATO NORTH,SC/398/IM,Ideato North/Ideato South,FC/131/IM,IMO WEST,SD/047/IM,IMO
3404,IZUOGU II,14,IDEATO NORTH,05,IDEATO NORTH,SC/398/IM,Ideato North/Ideato South,FC/131/IM,IMO WEST,SD/047/IM,IMO
3405,AMANATOR/UMUESHI,01,IDEATO SOUTH,06,IDEATO SOUTH,SC/399/IM,Ideato North/Ideato South,FC/131/IM,IMO WEST,SD/047/IM,IMO
3406,DIKENAFAI,02,IDEATO SOUTH,06,IDEATO SOUTH,SC/399/IM,Ideato North/Ideato South,FC/131/IM,IMO WEST,SD/047/IM,IMO
3407,ISIEKENESI I,03,IDEATO SOUTH,06,IDEATO SOUTH,SC/399/IM,Ideato North/Ideato South,FC/131/IM,IMO WEST,SD/047/IM,IMO
3408,ISIEKENESI II,04,IDEATO SOUTH,06,IDEATO SOUTH,SC/399/IM,Ideato North/Ideato South,FC/131/IM,IMO WEST,SD/047/IM,IMO
3409,NTUEKE,05,IDEATO SOUTH,06,IDEATO SOUTH,SC/399/IM,Ideato North/Ideato South,FC/131/IM,IMO WEST,SD/047/IM,IMO
3410,UGBELLE,06,IDEATO SOUTH,06,IDEATO SOUTH,SC/399/IM,Ideato North/Ideato South,FC/131/IM,IMO WEST,SD/047/IM,IMO
3411,OBIOHIA,07,IDEATO SOUTH,06,IDEATO SOUTH,SC/399/IM,Ideato North/Ideato South,FC/131/IM,IMO WEST,SD/047/IM,IMO
3412,OGBOKO I,08,IDEATO SOUTH,06,IDEATO SOUTH,SC/399/IM,Ideato North/Ideato South,FC/131/IM,IMO WEST,SD/047/IM,IMO
3413,OGBOKO II,09,IDEATO SOUTH,06,IDEATO SOUTH,SC/399/IM,Ideato North/Ideato South,FC/131/IM,IMO WEST,SD/047/IM,IMO
3414,UMUAKAM/UMUAGO,10,IDEATO SOUTH,06,IDEATO SOUTH,SC/399/IM,Ideato North/Ideato South,FC/131/IM,IMO WEST,SD/047/IM,IMO
3415,UMUCHIMA,11,IDEATO SOUTH,06,IDEATO SOUTH,SC/399/IM,Ideato North/Ideato South,FC/131/IM,IMO WEST,SD/047/IM,IMO
3416,UMUMAISIAKU,12,IDEATO SOUTH,06,IDEATO SOUTH,SC/399/IM,Ideato North/Ideato South,FC/131/IM,IMO WEST,SD/047/IM,IMO
3417,UMUOBOM,13,IDEATO SOUTH,06,IDEATO SOUTH,SC/399/IM,Ideato North/Ideato South,FC/131/IM,IMO WEST,SD/047/IM,IMO
3418,ABUEKE,01,IHITTE/UBOMA (ISINWEKE),07,IHITE/UBOMA,SC/400/IM,Ehime Mbano/Ihite-Uboma/ Obowo,FC/129/IM,IMO NORTH,SD/048/IM,IMO
3419,AMAKOHIA,02,IHITTE/UBOMA (ISINWEKE),07,IHITE/UBOMA,SC/400/IM,Ehime Mbano/Ihite-Uboma/ Obowo,FC/129/IM,IMO NORTH,SD/048/IM,IMO
3420,AMAINYI,03,IHITTE/UBOMA (ISINWEKE),07,IHITE/UBOMA,SC/400/IM,Ehime Mbano/Ihite-Uboma/ Obowo,FC/129/IM,IMO NORTH,SD/048/IM,IMO
3421,ATONERIM,04,IHITTE/UBOMA (ISINWEKE),07,IHITE/UBOMA,SC/400/IM,Ehime Mbano/Ihite-Uboma/ Obowo,FC/129/IM,IMO NORTH,SD/048/IM,IMO
3422,AWUCHINUMO,05,IHITTE/UBOMA (ISINWEKE),07,IHITE/UBOMA,SC/400/IM,Ehime Mbano/Ihite-Uboma/ Obowo,FC/129/IM,IMO NORTH,SD/048/IM,IMO
3423,DIMNEZE,06,IHITTE/UBOMA (ISINWEKE),07,IHITE/UBOMA,SC/400/IM,Ehime Mbano/Ihite-Uboma/ Obowo,FC/129/IM,IMO NORTH,SD/048/IM,IMO
3424,IKPEREJERE,07,IHITTE/UBOMA (ISINWEKE),07,IHITE/UBOMA,SC/400/IM,Ehime Mbano/Ihite-Uboma/ Obowo,FC/129/IM,IMO NORTH,SD/048/IM,IMO
3425,OKPATA,08,IHITTE/UBOMA (ISINWEKE),07,IHITE/UBOMA,SC/400/IM,Ehime Mbano/Ihite-Uboma/ Obowo,FC/129/IM,IMO NORTH,SD/048/IM,IMO
3426,UMUEZEGWU,09,IHITTE/UBOMA (ISINWEKE),07,IHITE/UBOMA,SC/400/IM,Ehime Mbano/Ihite-Uboma/ Obowo,FC/129/IM,IMO NORTH,SD/048/IM,IMO
3427,UMUIHI,10,IHITTE/UBOMA (ISINWEKE),07,IHITE/UBOMA,SC/400/IM,Ehime Mbano/Ihite-Uboma/ Obowo,FC/129/IM,IMO NORTH,SD/048/IM,IMO
3428,AKABO,01,IKEDURU (IHO),08,IKEDURU,SC/401/IM,Ikeduru/Mbaitoli,FC/137/IM,IMO EAST,SD/046/IM,IMO
3429,AMATTA,02,IKEDURU (IHO),08,IKEDURU,SC/401/IM,Ikeduru/Mbaitoli,FC/137/IM,IMO EAST,SD/046/IM,IMO
3430,IHO,03,IKEDURU (IHO),08,IKEDURU,SC/401/IM,Ikeduru/Mbaitoli,FC/137/IM,IMO EAST,SD/046/IM,IMO
3431,INYISHI/UMUDIM,04,IKEDURU (IHO),08,IKEDURU,SC/401/IM,Ikeduru/Mbaitoli,FC/137/IM,IMO EAST,SD/046/IM,IMO
3432,AMAIMO,05,IKEDURU (IHO),08,IKEDURU,SC/401/IM,Ikeduru/Mbaitoli,FC/137/IM,IMO EAST,SD/046/IM,IMO
3433,AMAKOHIA,06,IKEDURU (IHO),08,IKEDURU,SC/401/IM,Ikeduru/Mbaitoli,FC/137/IM,IMO EAST,SD/046/IM,IMO
3434,AVUVU,07,IKEDURU (IHO),08,IKEDURU,SC/401/IM,Ikeduru/Mbaitoli,FC/137/IM,IMO EAST,SD/046/IM,IMO
3435,ATTA I,08,IKEDURU (IHO),08,IKEDURU,SC/401/IM,Ikeduru/Mbaitoli,FC/137/IM,IMO EAST,SD/046/IM,IMO
3436,ATTA II,09,IKEDURU (IHO),08,IKEDURU,SC/401/IM,Ikeduru/Mbaitoli,FC/137/IM,IMO EAST,SD/046/IM,IMO
3437,UGIRIKE/OKWU/EZIAMA,10,IKEDURU (IHO),08,IKEDURU,SC/401/IM,Ikeduru/Mbaitoli,FC/137/IM,IMO EAST,SD/046/IM,IMO
3438,NGUGO/IKEMBARA,11,IKEDURU (IHO),08,IKEDURU,SC/401/IM,Ikeduru/Mbaitoli,FC/137/IM,IMO EAST,SD/046/IM,IMO
3439,UZOAGBA,12,IKEDURU (IHO),08,IKEDURU,SC/401/IM,Ikeduru/Mbaitoli,FC/137/IM,IMO EAST,SD/046/IM,IMO
3440,AMARAKU,01,ISIALA MBANO (UMUELEMAI),09,ISIALA MBANO,SC/402/IM,Isiala Mbano/Okigwe/Onuimo,FC/130/IM,IMO NORTH,SD/048/IM,IMO
3441,UMUNKWO,02,ISIALA MBANO (UMUELEMAI),09,ISIALA MBANO,SC/402/IM,Isiala Mbano/Okigwe/Onuimo,FC/130/IM,IMO NORTH,SD/048/IM,IMO
3442,OGBOR,03,ISIALA MBANO (UMUELEMAI),09,ISIALA MBANO,SC/402/IM,Isiala Mbano/Okigwe/Onuimo,FC/130/IM,IMO NORTH,SD/048/IM,IMO
3443,IBEME,04,ISIALA MBANO (UMUELEMAI),09,ISIALA MBANO,SC/402/IM,Isiala Mbano/Okigwe/Onuimo,FC/130/IM,IMO NORTH,SD/048/IM,IMO
3444,OSU-OWERRE I,05,ISIALA MBANO (UMUELEMAI),09,ISIALA MBANO,SC/402/IM,Isiala Mbano/Okigwe/Onuimo,FC/130/IM,IMO NORTH,SD/048/IM,IMO
3445,OSU-OWERRE II,06,ISIALA MBANO (UMUELEMAI),09,ISIALA MBANO,SC/402/IM,Isiala Mbano/Okigwe/Onuimo,FC/130/IM,IMO NORTH,SD/048/IM,IMO
3446,OSUAMA/ANARA,07,ISIALA MBANO (UMUELEMAI),09,ISIALA MBANO,SC/402/IM,Isiala Mbano/Okigwe/Onuimo,FC/130/IM,IMO NORTH,SD/048/IM,IMO
3447,UGIRI/OKA,08,ISIALA MBANO (UMUELEMAI),09,ISIALA MBANO,SC/402/IM,Isiala Mbano/Okigwe/Onuimo,FC/130/IM,IMO NORTH,SD/048/IM,IMO
3448,AMAUZARI,09,ISIALA MBANO (UMUELEMAI),09,ISIALA MBANO,SC/402/IM,Isiala Mbano/Okigwe/Onuimo,FC/130/IM,IMO NORTH,SD/048/IM,IMO
3449,OBOLLO,10,ISIALA MBANO (UMUELEMAI),09,ISIALA MBANO,SC/402/IM,Isiala Mbano/Okigwe/Onuimo,FC/130/IM,IMO NORTH,SD/048/IM,IMO
3450,UMUOZU,11,ISIALA MBANO (UMUELEMAI),09,ISIALA MBANO,SC/402/IM,Isiala Mbano/Okigwe/Onuimo,FC/130/IM,IMO NORTH,SD/048/IM,IMO
3451,OSU-ACHARA,12,ISIALA MBANO (UMUELEMAI),09,ISIALA MBANO,SC/402/IM,Isiala Mbano/Okigwe/Onuimo,FC/130/IM,IMO NORTH,SD/048/IM,IMO
3452,AMANDUGBA I,01,ISU (UMUNDUGBA),10,ISU,SC/403/IM,Isu/Njaba/Nkwerre/Nwangele,FC/132/IM,IMO WEST,SD/047/IM,IMO
3453,AMANDUGBA II,02,ISU (UMUNDUGBA),10,ISU,SC/403/IM,Isu/Njaba/Nkwerre/Nwangele,FC/132/IM,IMO WEST,SD/047/IM,IMO
3454,UMUNDUGBA I,03,ISU (UMUNDUGBA),10,ISU,SC/403/IM,Isu/Njaba/Nkwerre/Nwangele,FC/132/IM,IMO WEST,SD/047/IM,IMO
3455,UMUNDUGBA II,04,ISU (UMUNDUGBA),10,ISU,SC/403/IM,Isu/Njaba/Nkwerre/Nwangele,FC/132/IM,IMO WEST,SD/047/IM,IMO
3456,AMURIE OMANZE I,05,ISU (UMUNDUGBA),10,ISU,SC/403/IM,Isu/Njaba/Nkwerre/Nwangele,FC/132/IM,IMO WEST,SD/047/IM,IMO
3457,AMURIE OMANZE II,06,ISU (UMUNDUGBA),10,ISU,SC/403/IM,Isu/Njaba/Nkwerre/Nwangele,FC/132/IM,IMO WEST,SD/047/IM,IMO
3458,EKWE I,07,ISU (UMUNDUGBA),10,ISU,SC/403/IM,Isu/Njaba/Nkwerre/Nwangele,FC/132/IM,IMO WEST,SD/047/IM,IMO
3459,EKWE II,08,ISU (UMUNDUGBA),10,ISU,SC/403/IM,Isu/Njaba/Nkwerre/Nwangele,FC/132/IM,IMO WEST,SD/047/IM,IMO
3460,ISU-NJABA I,09,ISU (UMUNDUGBA),10,ISU,SC/403/IM,Isu/Njaba/Nkwerre/Nwangele,FC/132/IM,IMO WEST,SD/047/IM,IMO
3461,ISU-NJABA II,10,ISU (UMUNDUGBA),10,ISU,SC/403/IM,Isu/Njaba/Nkwerre/Nwangele,FC/132/IM,IMO WEST,SD/047/IM,IMO
3462,ISU-NJABA III,11,ISU (UMUNDUGBA),10,ISU,SC/403/IM,Isu/Njaba/Nkwerre/Nwangele,FC/132/IM,IMO WEST,SD/047/IM,IMO
3463,AFARA/EZIAMA,01,MBAITOLU (NWAORIEUBI),11,MBAITOLI,SC/404/IM,Ikeduru/Mbaitoli,FC/137/IM,IMO EAST,SD/046/IM,IMO
3464,OGBAKU,02,MBAITOLU (NWAORIEUBI),11,MBAITOLI,SC/404/IM,Ikeduru/Mbaitoli,FC/137/IM,IMO EAST,SD/046/IM,IMO
3465,UMUNOHA/AZARA,03,MBAITOLU (NWAORIEUBI),11,MBAITOLI,SC/404/IM,Ikeduru/Mbaitoli,FC/137/IM,IMO EAST,SD/046/IM,IMO
3466,UBOMIRI,04,MBAITOLU (NWAORIEUBI),11,MBAITOLI,SC/404/IM,Ikeduru/Mbaitoli,FC/137/IM,IMO EAST,SD/046/IM,IMO
3467,IFAKALA,05,MBAITOLU (NWAORIEUBI),11,MBAITOLI,SC/404/IM,Ikeduru/Mbaitoli,FC/137/IM,IMO EAST,SD/046/IM,IMO
3468,OGWA I,06,MBAITOLU (NWAORIEUBI),11,MBAITOLI,SC/404/IM,Ikeduru/Mbaitoli,FC/137/IM,IMO EAST,SD/046/IM,IMO
3469,OGWA II,07,MBAITOLU (NWAORIEUBI),11,MBAITOLI,SC/404/IM,Ikeduru/Mbaitoli,FC/137/IM,IMO EAST,SD/046/IM,IMO
3470,ORODO ‘A’,08,MBAITOLU (NWAORIEUBI),11,MBAITOLI,SC/404/IM,Ikeduru/Mbaitoli,FC/137/IM,IMO EAST,SD/046/IM,IMO
3471,ORODO ‘B’,09,MBAITOLU (NWAORIEUBI),11,MBAITOLI,SC/404/IM,Ikeduru/Mbaitoli,FC/137/IM,IMO EAST,SD/046/IM,IMO
3472,UMUNWOHA/UMUAGWU MBIERI,10,MBAITOLU (NWAORIEUBI),11,MBAITOLI,SC/404/IM,Ikeduru/Mbaitoli,FC/137/IM,IMO EAST,SD/046/IM,IMO
3473,AMAIKE MBIERI,11,MBAITOLU (NWAORIEUBI),11,MBAITOLI,SC/404/IM,Ikeduru/Mbaitoli,FC/137/IM,IMO EAST,SD/046/IM,IMO
3474,EZINIHITTE MBIERI,13,MBAITOLU (NWAORIEUBI),11,MBAITOLI,SC/404/IM,Ikeduru/Mbaitoli,FC/137/IM,IMO EAST,SD/046/IM,IMO
3475,AMALA/ALULU/OBURU/O BOKWE/NTU,01,NGOW OKPALA (UMUNEKE),12,NGOR OKPALA,SC/405/IM,Aboh Mbaise/Ngor Okpala,FC/135/IM,IMO EAST,SD/046/IM,IMO
3476,ELELEM/OBIKE,02,NGOW OKPALA (UMUNEKE),12,NGOR OKPALA,SC/405/IM,Aboh Mbaise/Ngor Okpala,FC/135/IM,IMO EAST,SD/046/IM,IMO
3477,OZUZU,03,NGOW OKPALA (UMUNEKE),12,NGOR OKPALA,SC/405/IM,Aboh Mbaise/Ngor Okpala,FC/135/IM,IMO EAST,SD/046/IM,IMO
3478,EZIAMA/OKPALA,04,NGOW OKPALA (UMUNEKE),12,NGOR OKPALA,SC/405/IM,Aboh Mbaise/Ngor Okpala,FC/135/IM,IMO EAST,SD/046/IM,IMO
3479,IMERIENWE,05,NGOW OKPALA (UMUNEKE),12,NGOR OKPALA,SC/405/IM,Aboh Mbaise/Ngor Okpala,FC/135/IM,IMO EAST,SD/046/IM,IMO
3480,NGURU/UMUOWA,06,NGOW OKPALA (UMUNEKE),12,NGOR OKPALA,SC/405/IM,Aboh Mbaise/Ngor Okpala,FC/135/IM,IMO EAST,SD/046/IM,IMO
3481,NGOR/IHITTE/UMUKABI A,07,NGOW OKPALA (UMUNEKE),12,NGOR OKPALA,SC/405/IM,Aboh Mbaise/Ngor Okpala,FC/135/IM,IMO EAST,SD/046/IM,IMO
3482,OHEKELEM/NNORIE,08,NGOW OKPALA (UMUNEKE),12,NGOR OKPALA,SC/405/IM,Aboh Mbaise/Ngor Okpala,FC/135/IM,IMO EAST,SD/046/IM,IMO
3483,UMUHU,09,NGOW OKPALA (UMUNEKE),12,NGOR OKPALA,SC/405/IM,Aboh Mbaise/Ngor Okpala,FC/135/IM,IMO EAST,SD/046/IM,IMO
3484,OBIANGWU,10,NGOW OKPALA (UMUNEKE),12,NGOR OKPALA,SC/405/IM,Aboh Mbaise/Ngor Okpala,FC/135/IM,IMO EAST,SD/046/IM,IMO
3485,LOGARA/UMUOHIAGU,11,NGOW OKPALA (UMUNEKE),12,NGOR OKPALA,SC/405/IM,Aboh Mbaise/Ngor Okpala,FC/135/IM,IMO EAST,SD/046/IM,IMO
3486,ATTA I,01,NJABA (NNENASA),13,NJABA,SC/406/IM,Isu/Njaba/Nkwerre/Nwangele,FC/132/IM,IMO WEST,SD/047/IM,IMO
3487,ATTA II,02,NJABA (NNENASA),13,NJABA,SC/406/IM,Isu/Njaba/Nkwerre/Nwangele,FC/132/IM,IMO WEST,SD/047/IM,IMO
3488,ATTA III,03,NJABA (NNENASA),13,NJABA,SC/406/IM,Isu/Njaba/Nkwerre/Nwangele,FC/132/IM,IMO WEST,SD/047/IM,IMO
3489,AMUCHA I,04,NJABA (NNENASA),13,NJABA,SC/406/IM,Isu/Njaba/Nkwerre/Nwangele,FC/132/IM,IMO WEST,SD/047/IM,IMO
3490,AMUCHA II,05,NJABA (NNENASA),13,NJABA,SC/406/IM,Isu/Njaba/Nkwerre/Nwangele,FC/132/IM,IMO WEST,SD/047/IM,IMO
3491,NKUME,06,NJABA (NNENASA),13,NJABA,SC/406/IM,Isu/Njaba/Nkwerre/Nwangele,FC/132/IM,IMO WEST,SD/047/IM,IMO
3492,OKWUDOR,07,NJABA (NNENASA),13,NJABA,SC/406/IM,Isu/Njaba/Nkwerre/Nwangele,FC/132/IM,IMO WEST,SD/047/IM,IMO
3493,UMUAKA I,08,NJABA (NNENASA),13,NJABA,SC/406/IM,Isu/Njaba/Nkwerre/Nwangele,FC/132/IM,IMO WEST,SD/047/IM,IMO
3494,UMUAKA II,09,NJABA (NNENASA),13,NJABA,SC/406/IM,Isu/Njaba/Nkwerre/Nwangele,FC/132/IM,IMO WEST,SD/047/IM,IMO
3495,UMUAKA III,10,NJABA (NNENASA),13,NJABA,SC/406/IM,Isu/Njaba/Nkwerre/Nwangele,FC/132/IM,IMO WEST,SD/047/IM,IMO
3496,UMUAKA IV,11,NJABA (NNENASA),13,NJABA,SC/406/IM,Isu/Njaba/Nkwerre/Nwangele,FC/132/IM,IMO WEST,SD/047/IM,IMO
3497,AMANO/UMUDURUMBA WARD (AMAIGBO I),01,"NWANGELE (ONUNWANGELE
) AMAIGBO",14,NWANGELE,SC/407/IM,Isu/Njaba/Nkwerre/Nwangele,FC/132/IM,IMO WEST,SD/047/IM,IMO
3498,UMUANU COMMUNITY WARD (AMAIGBO II),02,"NWANGELE (ONUNWANGELE
) AMAIGBO",14,NWANGELE,SC/407/IM,Isu/Njaba/Nkwerre/Nwangele,FC/132/IM,IMO WEST,SD/047/IM,IMO
3499,AMAJU COMMUNITY WARD (AMAIGBO III),03,"NWANGELE (ONUNWANGELE
) AMAIGBO",14,NWANGELE,SC/407/IM,Isu/Njaba/Nkwerre/Nwangele,FC/132/IM,IMO WEST,SD/047/IM,IMO
3500,AMAMNAISI (AMAIGBO IV),04,"NWANGELE (ONUNWANGELE
) AMAIGBO",14,NWANGELE,SC/407/IM,Isu/Njaba/Nkwerre/Nwangele,FC/132/IM,IMO WEST,SD/047/IM,IMO
3501,EZEOBOLO/OFEAHIA/DU RUOHA/UMUKABIA (AMAIGBO WARD V),05,"NWANGELE (ONUNWANGELE
) AMAIGBO",14,NWANGELE,SC/407/IM,Isu/Njaba/Nkwerre/Nwangele,FC/132/IM,IMO WEST,SD/047/IM,IMO
3502,ABBA WARD,06,"NWANGELE (ONUNWANGELE
) AMAIGBO",14,NWANGELE,SC/407/IM,Isu/Njaba/Nkwerre/Nwangele,FC/132/IM,IMO WEST,SD/047/IM,IMO
3503,UMUOZU WARD,07,"NWANGELE (ONUNWANGELE
) AMAIGBO",14,NWANGELE,SC/407/IM,Isu/Njaba/Nkwerre/Nwangele,FC/132/IM,IMO WEST,SD/047/IM,IMO
3504,KARA-NA-ORLU,08,"NWANGELE (ONUNWANGELE
) AMAIGBO",14,NWANGELE,SC/407/IM,Isu/Njaba/Nkwerre/Nwangele,FC/132/IM,IMO WEST,SD/047/IM,IMO
3505,DIM-NA-NUME,09,"NWANGELE (ONUNWANGELE
) AMAIGBO",14,NWANGELE,SC/407/IM,Isu/Njaba/Nkwerre/Nwangele,FC/132/IM,IMO WEST,SD/047/IM,IMO
3506,ABAJAH WARD I,10,"NWANGELE (ONUNWANGELE
) AMAIGBO",14,NWANGELE,SC/407/IM,Isu/Njaba/Nkwerre/Nwangele,FC/132/IM,IMO WEST,SD/047/IM,IMO
3507,ABAJAH WARD II,11,"NWANGELE (ONUNWANGELE
) AMAIGBO",14,NWANGELE,SC/407/IM,Isu/Njaba/Nkwerre/Nwangele,FC/132/IM,IMO WEST,SD/047/IM,IMO
3508,ONUSA,01,NKWERRE,15,NKWERRE,SC/408/IM,Isu/Njaba/Nkwerre/Nwangele,FC/132/IM,IMO WEST,SD/047/IM,IMO
3509,NNANANO (NKWERRE II),02,NKWERRE,15,NKWERRE,SC/408/IM,Isu/Njaba/Nkwerre/Nwangele,FC/132/IM,IMO WEST,SD/047/IM,IMO
3510,UMUKOR (NKWERRE III),03,NKWERRE,15,NKWERRE,SC/408/IM,Isu/Njaba/Nkwerre/Nwangele,FC/132/IM,IMO WEST,SD/047/IM,IMO
3511,NKWERRE IV (UMUNUBO/UMUNACHI),04,NKWERRE,15,NKWERRE,SC/408/IM,Isu/Njaba/Nkwerre/Nwangele,FC/132/IM,IMO WEST,SD/047/IM,IMO
3512,NKWERRE V,05,NKWERRE,15,NKWERRE,SC/408/IM,Isu/Njaba/Nkwerre/Nwangele,FC/132/IM,IMO WEST,SD/047/IM,IMO
3513,OWERRE V,06,NKWERRE,15,NKWERRE,SC/408/IM,Isu/Njaba/Nkwerre/Nwangele,FC/132/IM,IMO WEST,SD/047/IM,IMO
3514,OWERRI NKWORJI I,07,NKWERRE,15,NKWERRE,SC/408/IM,Isu/Njaba/Nkwerre/Nwangele,FC/132/IM,IMO WEST,SD/047/IM,IMO
3515,OWERRI NKWORJI II,08,NKWERRE,15,NKWERRE,SC/408/IM,Isu/Njaba/Nkwerre/Nwangele,FC/132/IM,IMO WEST,SD/047/IM,IMO
3516,UMUDI/UMUWALA,09,NKWERRE,15,NKWERRE,SC/408/IM,Isu/Njaba/Nkwerre/Nwangele,FC/132/IM,IMO WEST,SD/047/IM,IMO
3517,AMAOKPARA,10,NKWERRE,15,NKWERRE,SC/408/IM,Isu/Njaba/Nkwerre/Nwangele,FC/132/IM,IMO WEST,SD/047/IM,IMO
3518,EZIAMA OBAIRE,11,NKWERRE,15,NKWERRE,SC/408/IM,Isu/Njaba/Nkwerre/Nwangele,FC/132/IM,IMO WEST,SD/047/IM,IMO
3519,ALIKE,01,OBOWO (OTOKO),16,OBOWO,SC/409/IM,,,IMO NORTH,SD/048/IM,IMO
3520,AMANZE/UMUNGWA,02,OBOWO (OTOKO),16,OBOWO,SC/409/IM,,,IMO NORTH,SD/048/IM,IMO
3521,AMUZI,03,OBOWO (OTOKO),16,OBOWO,SC/409/IM,,,IMO NORTH,SD/048/IM,IMO
3522,AVUTU,04,OBOWO (OTOKO),16,OBOWO,SC/409/IM,,,IMO NORTH,SD/048/IM,IMO
3523,EHUME,05,OBOWO (OTOKO),16,OBOWO,SC/409/IM,,,IMO NORTH,SD/048/IM,IMO
3524,ODENKUME/UMUOSOCH IE,06,OBOWO (OTOKO),16,OBOWO,SC/409/IM,,,IMO NORTH,SD/048/IM,IMO
3525,OKENALOGHO,07,OBOWO (OTOKO),16,OBOWO,SC/409/IM,,,IMO NORTH,SD/048/IM,IMO
3526,OKWUOHIA,08,OBOWO (OTOKO),16,OBOWO,SC/409/IM,,,IMO NORTH,SD/048/IM,IMO
3527,UMUARIAM/ACHARA,09,OBOWO (OTOKO),16,OBOWO,SC/409/IM,,,IMO NORTH,SD/048/IM,IMO
3528,UMUNACHI,10,OBOWO (OTOKO),16,OBOWO,SC/409/IM,,,IMO NORTH,SD/048/IM,IMO
3529,AWA,01,OGUTA (OGUTA),17,OGUTA,SC/410/IM,Oguta/Ohaji-Egbema/Oru West,FC/133/IM,IMO WEST,SD/047/IM,IMO
3530,EGWE/EGBUOMA,02,OGUTA (OGUTA),17,OGUTA,SC/410/IM,Oguta/Ohaji-Egbema/Oru West,FC/133/IM,IMO WEST,SD/047/IM,IMO
3531,IZOMBE,03,OGUTA (OGUTA),17,OGUTA,SC/410/IM,Oguta/Ohaji-Egbema/Oru West,FC/133/IM,IMO WEST,SD/047/IM,IMO
3532,MBALA/UBA,04,OGUTA (OGUTA),17,OGUTA,SC/410/IM,Oguta/Ohaji-Egbema/Oru West,FC/133/IM,IMO WEST,SD/047/IM,IMO
3533,NDEULOUKWU/UMUOW ERE,05,OGUTA (OGUTA),17,OGUTA,SC/410/IM,Oguta/Ohaji-Egbema/Oru West,FC/133/IM,IMO WEST,SD/047/IM,IMO
3534,OBUDI/ARO,06,OGUTA (OGUTA),17,OGUTA,SC/410/IM,Oguta/Ohaji-Egbema/Oru West,FC/133/IM,IMO WEST,SD/047/IM,IMO
3535,OGUTA ‘A’,07,OGUTA (OGUTA),17,OGUTA,SC/410/IM,Oguta/Ohaji-Egbema/Oru West,FC/133/IM,IMO WEST,SD/047/IM,IMO
3536,OGUTA ‘B’,08,OGUTA (OGUTA),17,OGUTA,SC/410/IM,Oguta/Ohaji-Egbema/Oru West,FC/133/IM,IMO WEST,SD/047/IM,IMO
3537,ORU,09,OGUTA (OGUTA),17,OGUTA,SC/410/IM,Oguta/Ohaji-Egbema/Oru West,FC/133/IM,IMO WEST,SD/047/IM,IMO
3538,OSSEMOTO/ENUIGBO,10,OGUTA (OGUTA),17,OGUTA,SC/410/IM,Oguta/Ohaji-Egbema/Oru West,FC/133/IM,IMO WEST,SD/047/IM,IMO
3539,UWAORIE,11,OGUTA (OGUTA),17,OGUTA,SC/410/IM,Oguta/Ohaji-Egbema/Oru West,FC/133/IM,IMO WEST,SD/047/IM,IMO
3540,ASSA/OBILE,01,OHAJI/EGBEMA (MMAHU EGBEMA),18,OHAJI/EGBEMA,SC/411/IM,Oguta/Ohaji-Egbema/Oru West,FC/133/IM,IMO WEST,SD/047/IM,IMO
3541,AWAR/IKWEREDE,02,OHAJI/EGBEMA (MMAHU EGBEMA),18,OHAJI/EGBEMA,SC/411/IM,Oguta/Ohaji-Egbema/Oru West,FC/133/IM,IMO WEST,SD/047/IM,IMO
3542,EGBEMA ‘A’,03,OHAJI/EGBEMA (MMAHU EGBEMA),18,OHAJI/EGBEMA,SC/411/IM,Oguta/Ohaji-Egbema/Oru West,FC/133/IM,IMO WEST,SD/047/IM,IMO
3543,EGBEMA ‘B’,04,OHAJI/EGBEMA (MMAHU EGBEMA),18,OHAJI/EGBEMA,SC/411/IM,Oguta/Ohaji-Egbema/Oru West,FC/133/IM,IMO WEST,SD/047/IM,IMO
3544,EGBEMA ‘C’,05,OHAJI/EGBEMA (MMAHU EGBEMA),18,OHAJI/EGBEMA,SC/411/IM,Oguta/Ohaji-Egbema/Oru West,FC/133/IM,IMO WEST,SD/047/IM,IMO
3545,EGBEMA ‘D’,06,OHAJI/EGBEMA (MMAHU EGBEMA),18,OHAJI/EGBEMA,SC/411/IM,Oguta/Ohaji-Egbema/Oru West,FC/133/IM,IMO WEST,SD/047/IM,IMO
3546,EKWUATO,07,OHAJI/EGBEMA (MMAHU EGBEMA),18,OHAJI/EGBEMA,SC/411/IM,Oguta/Ohaji-Egbema/Oru West,FC/133/IM,IMO WEST,SD/047/IM,IMO
3547,OBITTI/MGBISHI,08,OHAJI/EGBEMA (MMAHU EGBEMA),18,OHAJI/EGBEMA,SC/411/IM,Oguta/Ohaji-Egbema/Oru West,FC/133/IM,IMO WEST,SD/047/IM,IMO
3548,OHOBA,09,OHAJI/EGBEMA (MMAHU EGBEMA),18,OHAJI/EGBEMA,SC/411/IM,Oguta/Ohaji-Egbema/Oru West,FC/133/IM,IMO WEST,SD/047/IM,IMO
3549,UMUAGWO,10,OHAJI/EGBEMA (MMAHU EGBEMA),18,OHAJI/EGBEMA,SC/411/IM,Oguta/Ohaji-Egbema/Oru West,FC/133/IM,IMO WEST,SD/047/IM,IMO
3550,UMUAPU,11,OHAJI/EGBEMA (MMAHU EGBEMA),18,OHAJI/EGBEMA,SC/411/IM,Oguta/Ohaji-Egbema/Oru West,FC/133/IM,IMO WEST,SD/047/IM,IMO
3551,OKIGWE I,01,OKIGWE (OKIGWE),19,OKIGWE,SC/412/IM,Isiala Mbano/Okigwe/Onuimo,FC/130/IM,IMO NORTH,SD/048/IM,IMO
3552,OKIGWE II,02,OKIGWE (OKIGWE),19,OKIGWE,SC/412/IM,Isiala Mbano/Okigwe/Onuimo,FC/130/IM,IMO NORTH,SD/048/IM,IMO
3553,IHUBE,03,OKIGWE (OKIGWE),19,OKIGWE,SC/412/IM,Isiala Mbano/Okigwe/Onuimo,FC/130/IM,IMO NORTH,SD/048/IM,IMO
3554,AKU,04,OKIGWE (OKIGWE),19,OKIGWE,SC/412/IM,Isiala Mbano/Okigwe/Onuimo,FC/130/IM,IMO NORTH,SD/048/IM,IMO
3555,OGII,05,OKIGWE (OKIGWE),19,OKIGWE,SC/412/IM,Isiala Mbano/Okigwe/Onuimo,FC/130/IM,IMO NORTH,SD/048/IM,IMO
3556,EZINACHI,06,OKIGWE (OKIGWE),19,OKIGWE,SC/412/IM,Isiala Mbano/Okigwe/Onuimo,FC/130/IM,IMO NORTH,SD/048/IM,IMO
3557,UMUALUMUOKE,07,OKIGWE (OKIGWE),19,OKIGWE,SC/412/IM,Isiala Mbano/Okigwe/Onuimo,FC/130/IM,IMO NORTH,SD/048/IM,IMO
3558,AMURO,08,OKIGWE (OKIGWE),19,OKIGWE,SC/412/IM,Isiala Mbano/Okigwe/Onuimo,FC/130/IM,IMO NORTH,SD/048/IM,IMO
3559,NDIMOKO/OFEIMO/IBIN TA/OKANACHI/UMUOWA,09,OKIGWE (OKIGWE),19,OKIGWE,SC/412/IM,Isiala Mbano/Okigwe/Onuimo,FC/130/IM,IMO NORTH,SD/048/IM,IMO
3560,UMULOLO,10,OKIGWE (OKIGWE),19,OKIGWE,SC/412/IM,Isiala Mbano/Okigwe/Onuimo,FC/130/IM,IMO NORTH,SD/048/IM,IMO
3561,AGBOBU COMMUNITY,11,OKIGWE (OKIGWE),19,OKIGWE,SC/412/IM,Isiala Mbano/Okigwe/Onuimo,FC/130/IM,IMO NORTH,SD/048/IM,IMO
3562,EZIAMA,01,ONUIMO,20,ONUIMO,SC/413/IM ,Isiala Mbano/Okigwe/Onuimo,FC/130/IM,IMO NORTH,SD/048/IM,IMO
3563,UMUCHEKE,02,ONUIMO,20,ONUIMO,SC/413/IM ,Isiala Mbano/Okigwe/Onuimo,FC/130/IM,IMO NORTH,SD/048/IM,IMO
3564,OWERRE,03,ONUIMO,20,ONUIMO,SC/413/IM ,Isiala Mbano/Okigwe/Onuimo,FC/130/IM,IMO NORTH,SD/048/IM,IMO
3565,EZELU,04,ONUIMO,20,ONUIMO,SC/413/IM ,Isiala Mbano/Okigwe/Onuimo,FC/130/IM,IMO NORTH,SD/048/IM,IMO
3566,OFEAHIA/UMUANUMEZE,05,ONUIMO,20,ONUIMO,SC/413/IM ,Isiala Mbano/Okigwe/Onuimo,FC/130/IM,IMO NORTH,SD/048/IM,IMO
3567,ABOH/OKOHI,06,ONUIMO,20,ONUIMO,SC/413/IM ,Isiala Mbano/Okigwe/Onuimo,FC/130/IM,IMO NORTH,SD/048/IM,IMO
3568,OZIMO/UMUANUMEZE,07,ONUIMO,20,ONUIMO,SC/413/IM ,Isiala Mbano/Okigwe/Onuimo,FC/130/IM,IMO NORTH,SD/048/IM,IMO
3569,UMUNA,08,ONUIMO,20,ONUIMO,SC/413/IM ,Isiala Mbano/Okigwe/Onuimo,FC/130/IM,IMO NORTH,SD/048/IM,IMO
3570,OKWELLE I,09,ONUIMO,20,ONUIMO,SC/413/IM ,Isiala Mbano/Okigwe/Onuimo,FC/130/IM,IMO NORTH,SD/048/IM,IMO
3571,OKWELLE II,10,ONUIMO,20,ONUIMO,SC/413/IM ,Isiala Mbano/Okigwe/Onuimo,FC/130/IM,IMO NORTH,SD/048/IM,IMO
3572,OHAFOR/OKORO/UMUT ANZE,01,ORLU,21,ORLU,SC/414/IM,Oru East/Orsu/Orlu,FC/134/IM,IMO WEST,SD/047/IM,IMO
3573,OHAEKE/OKPORO,02,ORLU,21,ORLU,SC/414/IM,Oru East/Orsu/Orlu,FC/134/IM,IMO WEST,SD/047/IM,IMO
3574,EBENESE/UMUEZE/NNAC HI/IHIOMA,03,ORLU,21,ORLU,SC/414/IM,Oru East/Orsu/Orlu,FC/134/IM,IMO WEST,SD/047/IM,IMO
3575,OKWUA BALA/IHIOMA,04,ORLU,21,ORLU,SC/414/IM,Oru East/Orsu/Orlu,FC/134/IM,IMO WEST,SD/047/IM,IMO
3576,UMUNA,05,ORLU,21,ORLU,SC/414/IM,Oru East/Orsu/Orlu,FC/134/IM,IMO WEST,SD/047/IM,IMO
3577,UMUDIOKA,06,ORLU,21,ORLU,SC/414/IM,Oru East/Orsu/Orlu,FC/134/IM,IMO WEST,SD/047/IM,IMO
3578,IHITE OWERRE,07,ORLU,21,ORLU,SC/414/IM,Oru East/Orsu/Orlu,FC/134/IM,IMO WEST,SD/047/IM,IMO
3579,AMAIFEKE,08,ORLU,21,ORLU,SC/414/IM,Oru East/Orsu/Orlu,FC/134/IM,IMO WEST,SD/047/IM,IMO
3580,UMUZIKE/UMUOWA,09,ORLU,21,ORLU,SC/414/IM,Oru East/Orsu/Orlu,FC/134/IM,IMO WEST,SD/047/IM,IMO
3581,OWERRI EBEIRI,10,ORLU,21,ORLU,SC/414/IM,Oru East/Orsu/Orlu,FC/134/IM,IMO WEST,SD/047/IM,IMO
3582,EZIACHI/AMIKE,11,ORLU,21,ORLU,SC/414/IM,Oru East/Orsu/Orlu,FC/134/IM,IMO WEST,SD/047/IM,IMO
3583,OGBERURU/OBIBI,12,ORLU,21,ORLU,SC/414/IM,Oru East/Orsu/Orlu,FC/134/IM,IMO WEST,SD/047/IM,IMO
3584,ORLU/MGBEE/ORLU GOVT. STATION,13,ORLU,21,ORLU,SC/414/IM,Oru East/Orsu/Orlu,FC/134/IM,IMO WEST,SD/047/IM,IMO
3585,UMUHU OKABIA,01,ORSU (AWO IDEMILI),22,ORSU,SC/415/IM,Oru East/Orsu/Orlu,FC/134/IM,IMO WEST,SD/047/IM,IMO
3586,EBENATOR,02,ORSU (AWO IDEMILI),22,ORSU,SC/415/IM,Oru East/Orsu/Orlu,FC/134/IM,IMO WEST,SD/047/IM,IMO
3587,OKWUFURUAKU,03,ORSU (AWO IDEMILI),22,ORSU,SC/415/IM,Oru East/Orsu/Orlu,FC/134/IM,IMO WEST,SD/047/IM,IMO
3588,OKWUAMARAIHIE I,04,ORSU (AWO IDEMILI),22,ORSU,SC/415/IM,Oru East/Orsu/Orlu,FC/134/IM,IMO WEST,SD/047/IM,IMO
3589,OKWUAMARAIHIE II,05,ORSU (AWO IDEMILI),22,ORSU,SC/415/IM,Oru East/Orsu/Orlu,FC/134/IM,IMO WEST,SD/047/IM,IMO
3590,OKWUETITI,06,ORSU (AWO IDEMILI),22,ORSU,SC/415/IM,Oru East/Orsu/Orlu,FC/134/IM,IMO WEST,SD/047/IM,IMO
3591,ORSU IHITEUKWA,07,ORSU (AWO IDEMILI),22,ORSU,SC/415/IM,Oru East/Orsu/Orlu,FC/134/IM,IMO WEST,SD/047/IM,IMO
3592,IHITENANSA,08,ORSU (AWO IDEMILI),22,ORSU,SC/415/IM,Oru East/Orsu/Orlu,FC/134/IM,IMO WEST,SD/047/IM,IMO
3593,ASSAH UBIRIELEM,09,ORSU (AWO IDEMILI),22,ORSU,SC/415/IM,Oru East/Orsu/Orlu,FC/134/IM,IMO WEST,SD/047/IM,IMO
3594,EZIAWA,10,ORSU (AWO IDEMILI),22,ORSU,SC/415/IM,Oru East/Orsu/Orlu,FC/134/IM,IMO WEST,SD/047/IM,IMO
3595,AMARURU,11,ORSU (AWO IDEMILI),22,ORSU,SC/415/IM,Oru East/Orsu/Orlu,FC/134/IM,IMO WEST,SD/047/IM,IMO
3596,AWO-OMAMMA I,01,ORU-EAST,23,ORU EAST,SC/416/IM,Oru East/Orsu/Orlu,FC/134/IM,IMO WEST,SD/047/IM,IMO
3597,AWO-OMAMMA II,02,ORU-EAST,23,ORU EAST,SC/416/IM,Oru East/Orsu/Orlu,FC/134/IM,IMO WEST,SD/047/IM,IMO
3598,AWO-OMAMMA III,03,ORU-EAST,23,ORU EAST,SC/416/IM,Oru East/Orsu/Orlu,FC/134/IM,IMO WEST,SD/047/IM,IMO
3599,AWO-OMAMMA IV,04,ORU-EAST,23,ORU EAST,SC/416/IM,Oru East/Orsu/Orlu,FC/134/IM,IMO WEST,SD/047/IM,IMO
3600,AMIRI I,05,ORU-EAST,23,ORU EAST,SC/416/IM,Oru East/Orsu/Orlu,FC/134/IM,IMO WEST,SD/047/IM,IMO
3601,AMIRI II,06,ORU-EAST,23,ORU EAST,SC/416/IM,Oru East/Orsu/Orlu,FC/134/IM,IMO WEST,SD/047/IM,IMO
3602,AKUMA,07,ORU-EAST,23,ORU EAST,SC/416/IM,Oru East/Orsu/Orlu,FC/134/IM,IMO WEST,SD/047/IM,IMO
3603,AMAGU,08,ORU-EAST,23,ORU EAST,SC/416/IM,Oru East/Orsu/Orlu,FC/134/IM,IMO WEST,SD/047/IM,IMO
3604,AKATA,09,ORU-EAST,23,ORU EAST,SC/416/IM,Oru East/Orsu/Orlu,FC/134/IM,IMO WEST,SD/047/IM,IMO
3605,OMUMA,10,ORU-EAST,23,ORU EAST,SC/416/IM,Oru East/Orsu/Orlu,FC/134/IM,IMO WEST,SD/047/IM,IMO
3606,NEMPI/ELEM,01,ORU-WEST (MGBIDI),24,ORU WEST,SC/417/IM,Oguta/Ohaji-Egbema/Oru West,FC/133/IM,IMO WEST,SD/047/IM,IMO
3607,OTULU,02,ORU-WEST (MGBIDI),24,ORU WEST,SC/417/IM,Oguta/Ohaji-Egbema/Oru West,FC/133/IM,IMO WEST,SD/047/IM,IMO
3608,AJI,03,ORU-WEST (MGBIDI),24,ORU WEST,SC/417/IM,Oguta/Ohaji-Egbema/Oru West,FC/133/IM,IMO WEST,SD/047/IM,IMO
3609,IBIASOEGBE,04,ORU-WEST (MGBIDI),24,ORU WEST,SC/417/IM,Oguta/Ohaji-Egbema/Oru West,FC/133/IM,IMO WEST,SD/047/IM,IMO
3610,AMAFUO,05,ORU-WEST (MGBIDI),24,ORU WEST,SC/417/IM,Oguta/Ohaji-Egbema/Oru West,FC/133/IM,IMO WEST,SD/047/IM,IMO
3611,OHAKPU,06,ORU-WEST (MGBIDI),24,ORU WEST,SC/417/IM,Oguta/Ohaji-Egbema/Oru West,FC/133/IM,IMO WEST,SD/047/IM,IMO
3612,OZARA,07,ORU-WEST (MGBIDI),24,ORU WEST,SC/417/IM,Oguta/Ohaji-Egbema/Oru West,FC/133/IM,IMO WEST,SD/047/IM,IMO
3613,UBULU,08,ORU-WEST (MGBIDI),24,ORU WEST,SC/417/IM,Oguta/Ohaji-Egbema/Oru West,FC/133/IM,IMO WEST,SD/047/IM,IMO
3614,MGBIDI I,09,ORU-WEST (MGBIDI),24,ORU WEST,SC/417/IM,Oguta/Ohaji-Egbema/Oru West,FC/133/IM,IMO WEST,SD/047/IM,IMO
3615,MGBIDI II,10,ORU-WEST (MGBIDI),24,ORU WEST,SC/417/IM,Oguta/Ohaji-Egbema/Oru West,FC/133/IM,IMO WEST,SD/047/IM,IMO
3616,ALADINMA I,01,OWERRI-URBAN (OWERRI),25,OWERRI MUNICIPAL,SC/418/IM,Owerri Municipal/Owerri North/Owerri West,FC/138/IM,IMO EAST,SD/046/IM,IMO
3617,ALADINMA II,02,OWERRI-URBAN (OWERRI),25,OWERRI MUNICIPAL,SC/418/IM,Owerri Municipal/Owerri North/Owerri West,FC/138/IM,IMO EAST,SD/046/IM,IMO
3618,IKENEGBU I,03,OWERRI-URBAN (OWERRI),25,OWERRI MUNICIPAL,SC/418/IM,Owerri Municipal/Owerri North/Owerri West,FC/138/IM,IMO EAST,SD/046/IM,IMO
3619,IKENEGBU II,04,OWERRI-URBAN (OWERRI),25,OWERRI MUNICIPAL,SC/418/IM,Owerri Municipal/Owerri North/Owerri West,FC/138/IM,IMO EAST,SD/046/IM,IMO
3620,AZUZI I,05,OWERRI-URBAN (OWERRI),25,OWERRI MUNICIPAL,SC/418/IM,Owerri Municipal/Owerri North/Owerri West,FC/138/IM,IMO EAST,SD/046/IM,IMO
3621,AZUZI II,06,OWERRI-URBAN (OWERRI),25,OWERRI MUNICIPAL,SC/418/IM,Owerri Municipal/Owerri North/Owerri West,FC/138/IM,IMO EAST,SD/046/IM,IMO
3622,AZUZI III,07,OWERRI-URBAN (OWERRI),25,OWERRI MUNICIPAL,SC/418/IM,Owerri Municipal/Owerri North/Owerri West,FC/138/IM,IMO EAST,SD/046/IM,IMO
3623,AZUZI IV,08,OWERRI-URBAN (OWERRI),25,OWERRI MUNICIPAL,SC/418/IM,Owerri Municipal/Owerri North/Owerri West,FC/138/IM,IMO EAST,SD/046/IM,IMO
3624,G.R.A,09,OWERRI-URBAN (OWERRI),25,OWERRI MUNICIPAL,SC/418/IM,Owerri Municipal/Owerri North/Owerri West,FC/138/IM,IMO EAST,SD/046/IM,IMO
3625,NEW OWERRI I,10,OWERRI-URBAN (OWERRI),25,OWERRI MUNICIPAL,SC/418/IM,Owerri Municipal/Owerri North/Owerri West,FC/138/IM,IMO EAST,SD/046/IM,IMO
3626,NEW OWERRI II,11,OWERRI-URBAN (OWERRI),25,OWERRI MUNICIPAL,SC/418/IM,Owerri Municipal/Owerri North/Owerri West,FC/138/IM,IMO EAST,SD/046/IM,IMO
3627,AWAKA/IHITTE OGBADA,01,OWERRI NORTH (ORIE URATTA),26,OWERRI NORTH,SC/419/IM,Owerri Municipal/Owerri North/Owerri West,FC/138/IM,IMO EAST,SD/046/IM,IMO
3628,NAZE,02,OWERRI NORTH (ORIE URATTA),26,OWERRI NORTH,SC/419/IM,Owerri Municipal/Owerri North/Owerri West,FC/138/IM,IMO EAST,SD/046/IM,IMO
3629,EGBU,03,OWERRI NORTH (ORIE URATTA),26,OWERRI NORTH,SC/419/IM,Owerri Municipal/Owerri North/Owerri West,FC/138/IM,IMO EAST,SD/046/IM,IMO
3630,EMMI,04,OWERRI NORTH (ORIE URATTA),26,OWERRI NORTH,SC/419/IM,Owerri Municipal/Owerri North/Owerri West,FC/138/IM,IMO EAST,SD/046/IM,IMO
3631,IEMEKUKU I,05,OWERRI NORTH (ORIE URATTA),26,OWERRI NORTH,SC/419/IM,Owerri Municipal/Owerri North/Owerri West,FC/138/IM,IMO EAST,SD/046/IM,IMO
3632,EMEKUKU II,06,OWERRI NORTH (ORIE URATTA),26,OWERRI NORTH,SC/419/IM,Owerri Municipal/Owerri North/Owerri West,FC/138/IM,IMO EAST,SD/046/IM,IMO
3633,ORJI,07,OWERRI NORTH (ORIE URATTA),26,OWERRI NORTH,SC/419/IM,Owerri Municipal/Owerri North/Owerri West,FC/138/IM,IMO EAST,SD/046/IM,IMO
3634,IHITTE OHA,08,OWERRI NORTH (ORIE URATTA),26,OWERRI NORTH,SC/419/IM,Owerri Municipal/Owerri North/Owerri West,FC/138/IM,IMO EAST,SD/046/IM,IMO
3635,OBIBI-URATTA I,09,OWERRI NORTH (ORIE URATTA),26,OWERRI NORTH,SC/419/IM,Owerri Municipal/Owerri North/Owerri West,FC/138/IM,IMO EAST,SD/046/IM,IMO
3636,OBIBI-URATTA II,10,OWERRI NORTH (ORIE URATTA),26,OWERRI NORTH,SC/419/IM,Owerri Municipal/Owerri North/Owerri West,FC/138/IM,IMO EAST,SD/046/IM,IMO
3637,AGBAKA/OBUBE/ULAKW O,11,OWERRI NORTH (ORIE URATTA),26,OWERRI NORTH,SC/419/IM,Owerri Municipal/Owerri North/Owerri West,FC/138/IM,IMO EAST,SD/046/IM,IMO
3638,OBIBIEZENA,12,OWERRI NORTH (ORIE URATTA),26,OWERRI NORTH,SC/419/IM,Owerri Municipal/Owerri North/Owerri West,FC/138/IM,IMO EAST,SD/046/IM,IMO
3639,AVU/OFOROLA,01,OWERRI WEST (UMUGUMA),27,OWERRI WEST,SC/420/IM,Owerri Municipal/Owerri North/Owerri West,FC/138/IM,IMO EAST,SD/046/IM,IMO
3640,UMUGUMA,02,OWERRI WEST (UMUGUMA),27,OWERRI WEST,SC/420/IM,Owerri Municipal/Owerri North/Owerri West,FC/138/IM,IMO EAST,SD/046/IM,IMO
3641,OKUKU,03,OWERRI WEST (UMUGUMA),27,OWERRI WEST,SC/420/IM,Owerri Municipal/Owerri North/Owerri West,FC/138/IM,IMO EAST,SD/046/IM,IMO
3642,EMEABIAM/OKOLOCHI,04,OWERRI WEST (UMUGUMA),27,OWERRI WEST,SC/420/IM,Owerri Municipal/Owerri North/Owerri West,FC/138/IM,IMO EAST,SD/046/IM,IMO
3643,EZIOBODO,05,OWERRI WEST (UMUGUMA),27,OWERRI WEST,SC/420/IM,Owerri Municipal/Owerri North/Owerri West,FC/138/IM,IMO EAST,SD/046/IM,IMO
3644,IHIAGWA,06,OWERRI WEST (UMUGUMA),27,OWERRI WEST,SC/420/IM,Owerri Municipal/Owerri North/Owerri West,FC/138/IM,IMO EAST,SD/046/IM,IMO
3645,NEKEDE,07,OWERRI WEST (UMUGUMA),27,OWERRI WEST,SC/420/IM,Owerri Municipal/Owerri North/Owerri West,FC/138/IM,IMO EAST,SD/046/IM,IMO
3646,OBINZE,08,OWERRI WEST (UMUGUMA),27,OWERRI WEST,SC/420/IM,Owerri Municipal/Owerri North/Owerri West,FC/138/IM,IMO EAST,SD/046/IM,IMO
3647,AMAKOHIA- UBI/NDEGWU OHI,09,OWERRI WEST (UMUGUMA),27,OWERRI WEST,SC/420/IM,Owerri Municipal/Owerri North/Owerri West,FC/138/IM,IMO EAST,SD/046/IM,IMO
3648,IRETE/OROGWE,10,OWERRI WEST (UMUGUMA),27,OWERRI WEST,SC/420/IM,Owerri Municipal/Owerri North/Owerri West,FC/138/IM,IMO EAST,SD/046/IM,IMO
3649,AUYO,01,AUYO,01,AUYO,SC/421/JG,,,JIGAWA NORTH – EAST,SD/050/JG,JIGAWA
3650,AUYAKAYI,02,AUYO,01,AUYO,SC/421/JG,,,JIGAWA NORTH – EAST,SD/050/JG,JIGAWA
3651,AYAMA,03,AUYO,01,AUYO,SC/421/JG,,,JIGAWA NORTH – EAST,SD/050/JG,JIGAWA
3652,AYAN,04,AUYO,01,AUYO,SC/421/JG,,,JIGAWA NORTH – EAST,SD/050/JG,JIGAWA
3653,GAMAFOI,05,AUYO,01,AUYO,SC/421/JG,,,JIGAWA NORTH – EAST,SD/050/JG,JIGAWA
3654,GAMSARKA,06,AUYO,01,AUYO,SC/421/JG,,,JIGAWA NORTH – EAST,SD/050/JG,JIGAWA
3655,GATAFA,07,AUYO,01,AUYO,SC/421/JG,,,JIGAWA NORTH – EAST,SD/050/JG,JIGAWA
3656,KAFUR,08,AUYO,01,AUYO,SC/421/JG,,,JIGAWA NORTH – EAST,SD/050/JG,JIGAWA
3657,TSIDIR,09,AUYO,01,AUYO,SC/421/JG,,,JIGAWA NORTH – EAST,SD/050/JG,JIGAWA
3658,UNIK,10,AUYO,01,AUYO,SC/421/JG,,,JIGAWA NORTH – EAST,SD/050/JG,JIGAWA
3659,BABURA AREWA,01,BABURA,02,BABURA,SC/422/JG,Babura/Garki,FC/139/JG,JIGAWA NORTH - WEST,SD/051/JG,JIGAWA
3660,BATTALI,02,BABURA,02,BABURA,SC/422/JG,Babura/Garki,FC/139/JG,JIGAWA NORTH - WEST,SD/051/JG,JIGAWA
3661,DORAWA,03,BABURA,02,KANYA,SC/423/JG,Babura/Garki,FC/139/JG,,,JIGAWA
3662,GARU,04,BABURA,02,BABURA,SC/422/JG,Babura/Garki,FC/139/JG,JIGAWA NORTH - WEST,SD/051/JG,JIGAWA
3663,GASAKOLI,05,BABURA,02,KANYA,SC/423/JG,Babura/Garki,FC/139/JG,,,JIGAWA
3664,INSHARUWA,06,BABURA,02,BABURA,SC/422/JG,Babura/Garki,FC/139/JG,JIGAWA NORTH - WEST,SD/051/JG,JIGAWA
3665,JIGAWA,07,BABURA,02,BABURA,SC/422/JG,Babura/Garki,FC/139/JG,JIGAWA NORTH - WEST,SD/051/JG,JIGAWA
3666,KANYA,08,BABURA,02,KANYA,SC/423/JG,Babura/Garki,FC/139/JG,,,JIGAWA
3667,KAZUN-ZUMI,09,BABURA,02,KANYA,SC/423/JG,Babura/Garki,FC/139/JG,,,JIGAWA
3668,KYAMBO,10,BABURA,02,KANYA,SC/423/JG,Babura/Garki,FC/139/JG,,,JIGAWA
3669,TAKWASA,11,BABURA,02,BABURA,SC/422/JG,Babura/Garki,FC/139/JG,JIGAWA NORTH - WEST,SD/051/JG,JIGAWA
3670,B/KUDU,01,BIRNIN-KUDU,03,BIRNIN KUDU,SC/424/JG,Birnin Kudu/Buji,FC/140/JG,JIGAWA SOUTH – WEST,SD/049/JG,JIGAWA
3671,KANTOGA,02,BIRNIN-KUDU,03,BIRNIN KUDU,SC/424/JG,Birnin Kudu/Buji,FC/140/JG,JIGAWA SOUTH – WEST,SD/049/JG,JIGAWA
3672,SURKO,03,BIRNIN-KUDU,03,BIRNIN KUDU,SC/424/JG,Birnin Kudu/Buji,FC/140/JG,JIGAWA SOUTH – WEST,SD/049/JG,JIGAWA
3673,WURNO,04,BIRNIN-KUDU,03,BIRNIN KUDU,SC/424/JG,Birnin Kudu/Buji,FC/140/JG,JIGAWA SOUTH – WEST,SD/049/JG,JIGAWA
3674,LAFIYA,05,BIRNIN-KUDU,03,BIRNIN KUDU,SC/424/JG,Birnin Kudu/Buji,FC/140/JG,JIGAWA SOUTH – WEST,SD/049/JG,JIGAWA
3675,KWANGWARA,06,BIRNIN-KUDU,03,BIRNIN KUDU,SC/424/JG,Birnin Kudu/Buji,FC/140/JG,JIGAWA SOUTH – WEST,SD/049/JG,JIGAWA
3676,SUNDIMINA,07,BIRNIN-KUDU,03,BIRNIN KUDU,SC/424/JG,Birnin Kudu/Buji,FC/140/JG,JIGAWA SOUTH – WEST,SD/049/JG,JIGAWA
3677,KIYAKO,08,BIRNIN-KUDU,03,BIRNIN KUDU,SC/424/JG,Birnin Kudu/Buji,FC/140/JG,JIGAWA SOUTH – WEST,SD/049/JG,JIGAWA
3678,KANGIRE,09,BIRNIN-KUDU,03,BIRNIN KUDU,SC/424/JG,Birnin Kudu/Buji,FC/140/JG,JIGAWA SOUTH – WEST,SD/049/JG,JIGAWA
3679,`YAIWAN DAMAI,10,BIRNIN-KUDU,03,BIRNIN KUDU,SC/424/JG,Birnin Kudu/Buji,FC/140/JG,JIGAWA SOUTH – WEST,SD/049/JG,JIGAWA
3680,UNGUWAR’YA,11,BIRNIN-KUDU,03,BIRNIN KUDU,SC/424/JG,Birnin Kudu/Buji,FC/140/JG,JIGAWA SOUTH – WEST,SD/049/JG,JIGAWA
3681,BIRNIWA,01,BIRNIWA,04,BIRNIWA,SC/425/JG,Birniwa Guri/Kirikasamma,FC/141/JG,JIGAWA NORTH – EAST,SD/050/JG,JIGAWA
3682,DANGWALERI,02,BIRNIWA,04,BIRNIWA,SC/425/JG,Birniwa Guri/Kirikasamma,FC/141/JG,JIGAWA NORTH – EAST,SD/050/JG,JIGAWA
3683,DIGINSA,03,BIRNIWA,04,BIRNIWA,SC/425/JG,Birniwa Guri/Kirikasamma,FC/141/JG,JIGAWA NORTH – EAST,SD/050/JG,JIGAWA
3684,FAGI,04,BIRNIWA,04,BIRNIWA,SC/425/JG,Birniwa Guri/Kirikasamma,FC/141/JG,JIGAWA NORTH – EAST,SD/050/JG,JIGAWA
3685,KACHALLARI,05,BIRNIWA,04,BIRNIWA,SC/425/JG,Birniwa Guri/Kirikasamma,FC/141/JG,JIGAWA NORTH – EAST,SD/050/JG,JIGAWA
3686,KARANKA,06,BIRNIWA,04,BIRNIWA,SC/425/JG,Birniwa Guri/Kirikasamma,FC/141/JG,JIGAWA NORTH – EAST,SD/050/JG,JIGAWA
3687,KAZURA,07,BIRNIWA,04,BIRNIWA,SC/425/JG,Birniwa Guri/Kirikasamma,FC/141/JG,JIGAWA NORTH – EAST,SD/050/JG,JIGAWA
3688,MACHINAMARI,08,BIRNIWA,04,BIRNIWA,SC/425/JG,Birniwa Guri/Kirikasamma,FC/141/JG,JIGAWA NORTH – EAST,SD/050/JG,JIGAWA
3689,MATAMU,09,BIRNIWA,04,BIRNIWA,SC/425/JG,Birniwa Guri/Kirikasamma,FC/141/JG,JIGAWA NORTH – EAST,SD/050/JG,JIGAWA
3690,NGUWA,10,BIRNIWA,04,BIRNIWA,SC/425/JG,Birniwa Guri/Kirikasamma,FC/141/JG,JIGAWA NORTH – EAST,SD/050/JG,JIGAWA
3691,AHOTO,01,BUJI,05,BUJI,SC/426/JG,Birnin Kudu/Buji,FC/140/JG,JIGAWA SOUTH – WEST,SD/049/JG,JIGAWA
3692,BUJI,02,BUJI,05,BUJI,SC/426/JG,Birnin Kudu/Buji,FC/140/JG,JIGAWA SOUTH – WEST,SD/049/JG,JIGAWA
3693,CHURBUN,03,BUJI,05,BUJI,SC/426/JG,Birnin Kudu/Buji,FC/140/JG,JIGAWA SOUTH – WEST,SD/049/JG,JIGAWA
3694,GANTSA,04,BUJI,05,BUJI,SC/426/JG,Birnin Kudu/Buji,FC/140/JG,JIGAWA SOUTH – WEST,SD/049/JG,JIGAWA
3695,FULAGERI,05,BUJI,05,BUJI,SC/426/JG,Birnin Kudu/Buji,FC/140/JG,JIGAWA SOUTH – WEST,SD/049/JG,JIGAWA
3696,KAWAYA,06,BUJI,05,BUJI,SC/426/JG,Birnin Kudu/Buji,FC/140/JG,JIGAWA SOUTH – WEST,SD/049/JG,JIGAWA
3697,KUKUMA,07,BUJI,05,BUJI,SC/426/JG,Birnin Kudu/Buji,FC/140/JG,JIGAWA SOUTH – WEST,SD/049/JG,JIGAWA
3698,K/LELEN KUDU,08,BUJI,05,BUJI,SC/426/JG,Birnin Kudu/Buji,FC/140/JG,JIGAWA SOUTH – WEST,SD/049/JG,JIGAWA
3699,MADABE,09,BUJI,05,BUJI,SC/426/JG,Birnin Kudu/Buji,FC/140/JG,JIGAWA SOUTH – WEST,SD/049/JG,JIGAWA
3700,YAYARIN TUKUR,10,BUJI,05,BUJI,SC/426/JG,Birnin Kudu/Buji,FC/140/JG,JIGAWA SOUTH – WEST,SD/049/JG,JIGAWA
3701,ABAYA,01,DUTSE,06,DUTSE,SC/427/JG,Dutse/Kiyawa,FC/142/JG,JIGAWA SOUTH – WEST,SD/049/JG,JIGAWA
3702,CHAMO,02,DUTSE,06,DUTSE,SC/427/JG,Dutse/Kiyawa,FC/142/JG,JIGAWA SOUTH – WEST,SD/049/JG,JIGAWA
3703,DUNDUBUS,03,DUTSE,06,DUTSE,SC/427/JG,Dutse/Kiyawa,FC/142/JG,JIGAWA SOUTH – WEST,SD/049/JG,JIGAWA
3704,DURU,04,DUTSE,06,DUTSE,SC/427/JG,Dutse/Kiyawa,FC/142/JG,JIGAWA SOUTH – WEST,SD/049/JG,JIGAWA
3705,JIGAWAR TSADA,05,DUTSE,06,DUTSE,SC/427/JG,Dutse/Kiyawa,FC/142/JG,JIGAWA SOUTH – WEST,SD/049/JG,JIGAWA
3706,KACHI,06,DUTSE,06,DUTSE,SC/427/JG,Dutse/Kiyawa,FC/142/JG,JIGAWA SOUTH – WEST,SD/049/JG,JIGAWA
3707,KARNAYA,07,DUTSE,06,DUTSE,SC/427/JG,Dutse/Kiyawa,FC/142/JG,JIGAWA SOUTH – WEST,SD/049/JG,JIGAWA
3708,KUDAI,08,DUTSE,06,DUTSE,SC/427/JG,Dutse/Kiyawa,FC/142/JG,JIGAWA SOUTH – WEST,SD/049/JG,JIGAWA
3709,LIMAWA,09,DUTSE,06,DUTSE,SC/427/JG,Dutse/Kiyawa,FC/142/JG,JIGAWA SOUTH – WEST,SD/049/JG,JIGAWA
3710,MADOBI,10,DUTSE,06,DUTSE,SC/427/JG,Dutse/Kiyawa,FC/142/JG,JIGAWA SOUTH – WEST,SD/049/JG,JIGAWA
3711,SAKWAYA,11,DUTSE,06,DUTSE,SC/427/JG,Dutse/Kiyawa,FC/142/JG,JIGAWA SOUTH – WEST,SD/049/JG,JIGAWA
3712,BUDURU,01,GARKI,07,GARKI,SC/429/JG,Babura/Garki,FC/139/JG,JIGAWA NORTH - WEST,SD/051/JG,JIGAWA
3713,DOKO,02,GARKI,07,GARKI,SC/429/JG,Babura/Garki,FC/139/JG,JIGAWA NORTH - WEST,SD/051/JG,JIGAWA
3714,GARKI,03,GARKI,07,GARKI,SC/429/JG,Babura/Garki,FC/139/JG,JIGAWA NORTH - WEST,SD/051/JG,JIGAWA
3715,GWARZON GARKI,04,GARKI,07,GARKI,SC/429/JG,Babura/Garki,FC/139/JG,JIGAWA NORTH - WEST,SD/051/JG,JIGAWA
3716,JIRIMA,05,GARKI,07,GARKI,SC/429/JG,Babura/Garki,FC/139/JG,JIGAWA NORTH - WEST,SD/051/JG,JIGAWA
3717,KANYA,06,GARKI,07,GARKI,SC/429/JG,Babura/Garki,FC/139/JG,JIGAWA NORTH - WEST,SD/051/JG,JIGAWA
3718,KARGO,07,GARKI,07,GARKI,SC/429/JG,Babura/Garki,FC/139/JG,JIGAWA NORTH - WEST,SD/051/JG,JIGAWA
3719,KORE,08,GARKI,07,GARKI,SC/429/JG,Babura/Garki,FC/139/JG,JIGAWA NORTH - WEST,SD/051/JG,JIGAWA
3720,MUKU,09,GARKI,07,GARKI,SC/429/JG,Babura/Garki,FC/139/JG,JIGAWA NORTH - WEST,SD/051/JG,JIGAWA
3721,RAFIN MARKE,10,GARKI,07,GARKI,SC/429/JG,Babura/Garki,FC/139/JG,JIGAWA NORTH - WEST,SD/051/JG,JIGAWA
3722,SIYORI,11,GARKI,07,GARKI,SC/429/JG,Babura/Garki,FC/139/JG,JIGAWA NORTH - WEST,SD/051/JG,JIGAWA
3723,GAGARAWA GARI,01,GAGARAWA,08,GAGARAWA,SC/428/JG,Gumel/Maigatari/Sule Tankarkar/Gagarawa,FC/144/JG,JIGAWA NORTH - WEST,SD/051/JG,JIGAWA
3724,GAGARAWA TASHA,02,GAGARAWA,08,GAGARAWA,SC/428/JG,Gumel/Maigatari/Sule Tankarkar/Gagarawa,FC/144/JG,JIGAWA NORTH - WEST,SD/051/JG,JIGAWA
3725,GARIN CHIROMA,03,GAGARAWA,08,GAGARAWA,SC/428/JG,Gumel/Maigatari/Sule Tankarkar/Gagarawa,FC/144/JG,JIGAWA NORTH - WEST,SD/051/JG,JIGAWA
3726,KORE BALATU,04,GAGARAWA,08,GAGARAWA,SC/428/JG,Gumel/Maigatari/Sule Tankarkar/Gagarawa,FC/144/JG,JIGAWA NORTH - WEST,SD/051/JG,JIGAWA
3727,MADAKA,05,GAGARAWA,08,GAGARAWA,SC/428/JG,Gumel/Maigatari/Sule Tankarkar/Gagarawa,FC/144/JG,JIGAWA NORTH - WEST,SD/051/JG,JIGAWA
3728,MAI’ADUWA,06,GAGARAWA,08,GAGARAWA,SC/428/JG,Gumel/Maigatari/Sule Tankarkar/Gagarawa,FC/144/JG,JIGAWA NORTH - WEST,SD/051/JG,JIGAWA
3729,MAIKILILI,07,GAGARAWA,08,GAGARAWA,SC/428/JG,Gumel/Maigatari/Sule Tankarkar/Gagarawa,FC/144/JG,JIGAWA NORTH - WEST,SD/051/JG,JIGAWA
3730,MEDU,08,GAGARAWA,08,GAGARAWA,SC/428/JG,Gumel/Maigatari/Sule Tankarkar/Gagarawa,FC/144/JG,JIGAWA NORTH - WEST,SD/051/JG,JIGAWA
3731,YALAWA,09,GAGARAWA,08,GAGARAWA,SC/428/JG,Gumel/Maigatari/Sule Tankarkar/Gagarawa,FC/144/JG,JIGAWA NORTH - WEST,SD/051/JG,JIGAWA
3732,ZARADA,10,GAGARAWA,08,GAGARAWA,SC/428/JG,Gumel/Maigatari/Sule Tankarkar/Gagarawa,FC/144/JG,JIGAWA NORTH - WEST,SD/051/JG,JIGAWA
3733,BAIKARYA,01,GUMEL,09,GUMEL,SC/430/JG,Gumel/Maigatari/Sule Tankarkar/Gagarawa,FC/144/JG,JIGAWA NORTH - WEST,SD/051/JG,JIGAWA
3734,DAN’AMA,02,GUMEL,09,GUMEL,SC/430/JG,Gumel/Maigatari/Sule Tankarkar/Gagarawa,FC/144/JG,JIGAWA NORTH - WEST,SD/051/JG,JIGAWA
3735,DANTAROMA,03,GUMEL,09,GUMEL,SC/430/JG,Gumel/Maigatari/Sule Tankarkar/Gagarawa,FC/144/JG,JIGAWA NORTH - WEST,SD/051/JG,JIGAWA
3736,GALAGAMMA,04,GUMEL,09,GUMEL,SC/430/JG,Gumel/Maigatari/Sule Tankarkar/Gagarawa,FC/144/JG,JIGAWA NORTH - WEST,SD/051/JG,JIGAWA
3737,GARIN GAMBO,05,GUMEL,09,GUMEL,SC/430/JG,Gumel/Maigatari/Sule Tankarkar/Gagarawa,FC/144/JG,JIGAWA NORTH - WEST,SD/051/JG,JIGAWA
3738,GARIN BARKA,06,GUMEL,09,GUMEL,SC/430/JG,Gumel/Maigatari/Sule Tankarkar/Gagarawa,FC/144/JG,JIGAWA NORTH - WEST,SD/051/JG,JIGAWA
3739,GUSAU,07,GUMEL,09,GUMEL,SC/430/JG,Gumel/Maigatari/Sule Tankarkar/Gagarawa,FC/144/JG,JIGAWA NORTH - WEST,SD/051/JG,JIGAWA
3740,HAMMADO,08,GUMEL,09,GUMEL,SC/430/JG,Gumel/Maigatari/Sule Tankarkar/Gagarawa,FC/144/JG,JIGAWA NORTH - WEST,SD/051/JG,JIGAWA
3741,K/AREWA,09,GUMEL,09,GUMEL,SC/430/JG,Gumel/Maigatari/Sule Tankarkar/Gagarawa,FC/144/JG,JIGAWA NORTH - WEST,SD/051/JG,JIGAWA
3742,K/YAMMA,10,GUMEL,09,GUMEL,SC/430/JG,Gumel/Maigatari/Sule Tankarkar/Gagarawa,FC/144/JG,JIGAWA NORTH - WEST,SD/051/JG,JIGAWA
3743,ZANGO,11,GUMEL,09,GUMEL,SC/430/JG,Gumel/Maigatari/Sule Tankarkar/Gagarawa,FC/144/JG,JIGAWA NORTH - WEST,SD/051/JG,JIGAWA
3744,ABUNABO,01,GURI,10,GURI,SC/431/JG,,,JIGAWA NORTH – EAST,SD/050/JG,JIGAWA
3745,ADIYANI,02,GURI,10,GURI,SC/431/JG,,,JIGAWA NORTH – EAST,SD/050/JG,JIGAWA
3746,DAWA,03,GURI,10,GURI,SC/431/JG,,,JIGAWA NORTH – EAST,SD/050/JG,JIGAWA
3747,GARBAGAL,04,GURI,10,GURI,SC/431/JG,,,JIGAWA NORTH – EAST,SD/050/JG,JIGAWA
3748,GURI,05,GURI,10,GURI,SC/431/JG,,,JIGAWA NORTH – EAST,SD/050/JG,JIGAWA
3749,KADIRA,06,GURI,10,GURI,SC/431/JG,,,JIGAWA NORTH – EAST,SD/050/JG,JIGAWA
3750,LAFIYA,07,GURI,10,GURI,SC/431/JG,,,JIGAWA NORTH – EAST,SD/050/JG,JIGAWA
3751,MARGADU,08,GURI,10,GURI,SC/431/JG,,,JIGAWA NORTH – EAST,SD/050/JG,JIGAWA
3752,MATARA BABBA,09,GURI,10,GURI,SC/431/JG,,,JIGAWA NORTH – EAST,SD/050/JG,JIGAWA
3753,MUSARI,10,GURI,10,GURI,SC/431/JG,,,JIGAWA NORTH – EAST,SD/050/JG,JIGAWA
3754,BASIRKA,01,GWARAM,11,FAGAM,SC/433/JG,,,,,JIGAWA
3755,DINGAYA,02,GWARAM,11,GWARAM,SC/432/JG,Gwaram,FC/143/JG,JIGAWA SOUTH – WEST,SD/049/JG,JIGAWA
3756,FAGAM,03,GWARAM,11,FAGAM,SC/433/JG,Gwaram,FC/143/JG,,,JIGAWA
3757,DINGAYA,04,GWARAM,11,GWARAM,SC/432/JG,Gwaram,FC/143/JG,JIGAWA SOUTH – WEST,SD/049/JG,JIGAWA
3758,GWARAM TSOHUWA,05,GWARAM,11,GWARAM,SC/432/JG,Gwaram,FC/143/JG,JIGAWA SOUTH – WEST,SD/049/JG,JIGAWA
3759,KILA,06,GWARAM,11,GWARAM,SC/432/JG,Gwaram,FC/143/JG,JIGAWA SOUTH – WEST,SD/049/JG,JIGAWA
3760,KWANDIKO DUTSE,07,GWARAM,11,FAGAM,SC/433/JG,Gwaram,FC/143/JG,,,JIGAWA
3761,MARUTA,08,GWARAM,11,GWARAM,SC/432/JG,Gwaram,FC/143/JG,JIGAWA SOUTH – WEST,SD/049/JG,JIGAWA
3762,SARA,09,GWARAM,11,GWARAM,SC/432/JG,Gwaram,FC/143/JG,JIGAWA SOUTH – WEST,SD/049/JG,JIGAWA
3763,TSANGARWA,10,GWARAM,11,GWARAM,SC/432/JG,Gwaram,FC/143/JG,JIGAWA SOUTH – WEST,SD/049/JG,JIGAWA
3764,ZANDAN NAGOGO,11,GWARAM,11,GWARAM,SC/432/JG,Gwaram,FC/143/JG,JIGAWA SOUTH – WEST,SD/049/JG,JIGAWA
3765,BUNTUSU,01,GWIWA,12,GWIWA,SC/434/JG,Kazaure/Roni/Gwiwa/Yankwashi,FC/148/JG,JIGAWA NORTH - WEST,SD/051/JG,JIGAWA
3766,DABI,02,GWIWA,12,GWIWA,SC/434/JG,Kazaure/Roni/Gwiwa/Yankwashi,FC/148/JG,JIGAWA NORTH - WEST,SD/051/JG,JIGAWA
3767,DARINA,03,GWIWA,12,GWIWA,SC/434/JG,Kazaure/Roni/Gwiwa/Yankwashi,FC/148/JG,JIGAWA NORTH - WEST,SD/051/JG,JIGAWA
3768,FIRJIN YAMMA,04,GWIWA,12,GWIWA,SC/434/JG,Kazaure/Roni/Gwiwa/Yankwashi,FC/148/JG,JIGAWA NORTH - WEST,SD/051/JG,JIGAWA
3769,GUNTAI,05,GWIWA,12,GWIWA,SC/434/JG,Kazaure/Roni/Gwiwa/Yankwashi,FC/148/JG,JIGAWA NORTH - WEST,SD/051/JG,JIGAWA
3770,GWIWA,06,GWIWA,12,GWIWA,SC/434/JG,Kazaure/Roni/Gwiwa/Yankwashi,FC/148/JG,JIGAWA NORTH - WEST,SD/051/JG,JIGAWA
3771,KORAYAL,07,GWIWA,12,GWIWA,SC/434/JG,Kazaure/Roni/Gwiwa/Yankwashi,FC/148/JG,JIGAWA NORTH - WEST,SD/051/JG,JIGAWA
3772,RORAU,08,GWIWA,12,GWIWA,SC/434/JG,Kazaure/Roni/Gwiwa/Yankwashi,FC/148/JG,JIGAWA NORTH - WEST,SD/051/JG,JIGAWA
3773,SHAFE,09,GWIWA,12,GWIWA,SC/434/JG,Kazaure/Roni/Gwiwa/Yankwashi,FC/148/JG,JIGAWA NORTH - WEST,SD/051/JG,JIGAWA
3774,YOLA,10,GWIWA,12,GWIWA,SC/434/JG,Kazaure/Roni/Gwiwa/Yankwashi,FC/148/JG,JIGAWA NORTH - WEST,SD/051/JG,JIGAWA
3775,TSANGARWA,11,GWIWA,12,GWIWA,SC/434/JG,Kazaure/Roni/Gwiwa/Yankwashi,FC/148/JG,JIGAWA NORTH - WEST,SD/051/JG,JIGAWA
3776,ATAFI,01,HADEJIA,13,HADEJIA,SC/435/JG,Hadejia/Kafin Hausa,FC/145/JG,JIGAWA NORTH – EAST,SD/050/JG,JIGAWA
3777,DUBANTU,02,HADEJIA,13,HADEJIA,SC/435/JG,Hadejia/Kafin Hausa,FC/145/JG,JIGAWA NORTH – EAST,SD/050/JG,JIGAWA
3778,GAGULMARI,03,HADEJIA,13,HADEJIA,SC/435/JG,Hadejia/Kafin Hausa,FC/145/JG,JIGAWA NORTH – EAST,SD/050/JG,JIGAWA
3779,KASUWAR KUDA,04,HADEJIA,13,HADEJIA,SC/435/JG,Hadejia/Kafin Hausa,FC/145/JG,JIGAWA NORTH – EAST,SD/050/JG,JIGAWA
3780,KASUWAR KOFA,05,HADEJIA,13,HADEJIA,SC/435/JG,Hadejia/Kafin Hausa,FC/145/JG,JIGAWA NORTH – EAST,SD/050/JG,JIGAWA
3781,MAJEMA,06,HADEJIA,13,HADEJIA,SC/435/JG,Hadejia/Kafin Hausa,FC/145/JG,JIGAWA NORTH – EAST,SD/050/JG,JIGAWA
3782,MATASARO,07,HADEJIA,13,HADEJIA,SC/435/JG,Hadejia/Kafin Hausa,FC/145/JG,JIGAWA NORTH – EAST,SD/050/JG,JIGAWA
3783,RUMFA,08,HADEJIA,13,HADEJIA,SC/435/JG,Hadejia/Kafin Hausa,FC/145/JG,JIGAWA NORTH – EAST,SD/050/JG,JIGAWA
3784,SABONGARU,09,HADEJIA,13,HADEJIA,SC/435/JG,Hadejia/Kafin Hausa,FC/145/JG,JIGAWA NORTH – EAST,SD/050/JG,JIGAWA
3785,KASUWAR KUDA,10,HADEJIA,13,HADEJIA,SC/435/JG,Hadejia/Kafin Hausa,FC/145/JG,JIGAWA NORTH – EAST,SD/050/JG,JIGAWA
3786,YAYARI,11,HADEJIA,13,HADEJIA,SC/435/JG,Hadejia/Kafin Hausa,FC/145/JG,JIGAWA NORTH – EAST,SD/050/JG,JIGAWA
3787,AUJARA,01,JAHUN,14,JAHUN,SC/436/JG,Jahun/Miga,FC/146/JG,JIGAWA SOUTH – WEST,SD/049/JG,JIGAWA
3788,GANGAWA,02,JAHUN,14,JAHUN,SC/436/JG,Jahun/Miga,FC/146/JG,JIGAWA SOUTH – WEST,SD/049/JG,JIGAWA
3789,GAUZA TAZARA,03,JAHUN,14,JAHUN,SC/436/JG,Jahun/Miga,FC/146/JG,JIGAWA SOUTH – WEST,SD/049/JG,JIGAWA
3790,GUNKAHARBO SABUWA,04,JAHUN,14,JAHUN,SC/436/JG,Jahun/Miga,FC/146/JG,JIGAWA SOUTH – WEST,SD/049/JG,JIGAWA
3791,HARBO SABUWA,05,JAHUN,14,JAHUN,SC/436/JG,Jahun/Miga,FC/146/JG,JIGAWA SOUTH – WEST,SD/049/JG,JIGAWA
3792,HARBO TSOHUWA,06,JAHUN,14,JAHUN,SC/436/JG,Jahun/Miga,FC/146/JG,JIGAWA SOUTH – WEST,SD/049/JG,JIGAWA
3793,IDANDUNA,07,JAHUN,14,JAHUN,SC/436/JG,Jahun/Miga,FC/146/JG,JIGAWA SOUTH – WEST,SD/049/JG,JIGAWA
3794,JABARNA,08,JAHUN,14,JAHUN,SC/436/JG,Jahun/Miga,FC/146/JG,JIGAWA SOUTH – WEST,SD/049/JG,JIGAWA
3795,JAHUN,09,JAHUN,14,JAHUN,SC/436/JG,Jahun/Miga,FC/146/JG,JIGAWA SOUTH – WEST,SD/049/JG,JIGAWA
3796,KALE,10,JAHUN,14,JAHUN,SC/436/JG,Jahun/Miga,FC/146/JG,JIGAWA SOUTH – WEST,SD/049/JG,JIGAWA
3797,KANWA,11,JAHUN,14,JAHUN,SC/436/JG,Jahun/Miga,FC/146/JG,JIGAWA SOUTH – WEST,SD/049/JG,JIGAWA
3798,BULANGU,01,KAFIN-HAUSA,15,BULANGU,SC/438/JG,Hadejia/Kafin Hausa,FC/145/JG,,,JIGAWA
3799,DUMADUMIN TOKA,02,KAFIN-HAUSA,15,K/HAUSA,SC/437/JG,Hadejia/Kafin Hausa,FC/145/JG,JIGAWA NORTH – EAST,SD/050/JG,JIGAWA
3800,GAFAYA,03,KAFIN-HAUSA,15,K/HAUSA,SC/437/JG,Hadejia/Kafin Hausa,FC/145/JG,JIGAWA NORTH – EAST,SD/050/JG,JIGAWA
3801,JABO,04,KAFIN-HAUSA,15,BULANGU,SC/438/JG,Hadejia/Kafin Hausa,FC/145/JG,,,JIGAWA
3802,KAFIN-HAUSA,05,KAFIN-HAUSA,15,K/HAUSA,SC/437/JG,Hadejia/Kafin Hausa,FC/145/JG,JIGAWA NORTH – EAST,SD/050/JG,JIGAWA
3803,KAZALEWA,06,KAFIN-HAUSA,15,K/HAUSA,SC/437/JG,Hadejia/Kafin Hausa,FC/145/JG,JIGAWA NORTH – EAST,SD/050/JG,JIGAWA
3804,MAJAWA,07,KAFIN-HAUSA,15,BULANGU,SC/438/JG,Hadejia/Kafin Hausa,FC/145/JG,,,JIGAWA
3805,MEZAN,08,KAFIN-HAUSA,15,BULANGU,SC/438/JG,Hadejia/Kafin Hausa,FC/145/JG,,,JIGAWA
3806,RUBA,09,KAFIN-HAUSA,15,K/HAUSA,SC/437/JG,Hadejia/Kafin Hausa,FC/145/JG,JIGAWA NORTH – EAST,SD/050/JG,JIGAWA
3807,SARAWA,10,KAFIN-HAUSA,15,K/HAUSA,SC/437/JG,Hadejia/Kafin Hausa,FC/145/JG,JIGAWA NORTH – EAST,SD/050/JG,JIGAWA
3808,ZAGO,11,KAFIN-HAUSA,15,BULANGU,SC/438/JG,Hadejia/Kafin Hausa,FC/145/JG,,,JIGAWA
3809,ARBUS,01,KAUGAMA,16,KAUGAMA,SC/440/JG ,Mallam Madori/Kaugama,FC/147/JG,JIGAWA NORTH – EAST,SD/050/JG,JIGAWA
3810,ASKANDU,02,KAUGAMA,16,KAUGAMA,SC/440/JG ,Mallam Madori/Kaugama,FC/147/JG,JIGAWA NORTH – EAST,SD/050/JG,JIGAWA
3811,DABUWARAN,03,KAUGAMA,16,KAUGAMA,SC/440/JG ,Mallam Madori/Kaugama,FC/147/JG,JIGAWA NORTH – EAST,SD/050/JG,JIGAWA
3812,DAKAIYAWA,04,KAUGAMA,16,KAUGAMA,SC/440/JG ,Mallam Madori/Kaugama,FC/147/JG,JIGAWA NORTH – EAST,SD/050/JG,JIGAWA
3813,HADIN,05,KAUGAMA,16,KAUGAMA,SC/440/JG ,Mallam Madori/Kaugama,FC/147/JG,JIGAWA NORTH – EAST,SD/050/JG,JIGAWA
3814,JA’E,06,KAUGAMA,16,KAUGAMA,SC/440/JG ,Mallam Madori/Kaugama,FC/147/JG,JIGAWA NORTH – EAST,SD/050/JG,JIGAWA
3815,JARKASA,07,KAUGAMA,16,KAUGAMA,SC/440/JG ,Mallam Madori/Kaugama,FC/147/JG,JIGAWA NORTH – EAST,SD/050/JG,JIGAWA
3816,KAUGAMA,08,KAUGAMA,16,KAUGAMA,SC/440/JG ,Mallam Madori/Kaugama,FC/147/JG,JIGAWA NORTH – EAST,SD/050/JG,JIGAWA
3817,ASKANDU,09,KAUGAMA,16,KAUGAMA,SC/440/JG ,Mallam Madori/Kaugama,FC/147/JG,JIGAWA NORTH – EAST,SD/050/JG,JIGAWA
3818,UNGUWAR JIBRIN,10,KAUGAMA,16,KAUGAMA,SC/440/JG ,Mallam Madori/Kaugama,FC/147/JG,JIGAWA NORTH – EAST,SD/050/JG,JIGAWA
3819,YALO,11,KAUGAMA,16,KAUGAMA,SC/440/JG ,Mallam Madori/Kaugama,FC/147/JG,JIGAWA NORTH – EAST,SD/050/JG,JIGAWA
3820,DABA,01,KAZAURE,17,KAZAURE,SC/441/JG,Kazaure/Roni/Gwiwa/Yankwashi,FC/148/JG,JIGAWA NORTH - WEST,SD/051/JG,JIGAWA
3821,DABAZA,02,KAZAURE,17,KAZAURE,SC/441/JG,Kazaure/Roni/Gwiwa/Yankwashi,FC/148/JG,JIGAWA NORTH - WEST,SD/051/JG,JIGAWA
3822,DANDI,03,KAZAURE,17,KAZAURE,SC/441/JG,Kazaure/Roni/Gwiwa/Yankwashi,FC/148/JG,JIGAWA NORTH - WEST,SD/051/JG,JIGAWA
3823,GADA,04,KAZAURE,17,KAZAURE,SC/441/JG,Kazaure/Roni/Gwiwa/Yankwashi,FC/148/JG,JIGAWA NORTH - WEST,SD/051/JG,JIGAWA
3824,KANTI,05,KAZAURE,17,KAZAURE,SC/441/JG,Kazaure/Roni/Gwiwa/Yankwashi,FC/148/JG,JIGAWA NORTH - WEST,SD/051/JG,JIGAWA
3825,MARADAWA,06,KAZAURE,17,KAZAURE,SC/441/JG,Kazaure/Roni/Gwiwa/Yankwashi,FC/148/JG,JIGAWA NORTH - WEST,SD/051/JG,JIGAWA
3826,SABARU,07,KAZAURE,17,KAZAURE,SC/441/JG,Kazaure/Roni/Gwiwa/Yankwashi,FC/148/JG,JIGAWA NORTH - WEST,SD/051/JG,JIGAWA
3827,UNGUWAR AREWA,08,KAZAURE,17,KAZAURE,SC/441/JG,Kazaure/Roni/Gwiwa/Yankwashi,FC/148/JG,JIGAWA NORTH - WEST,SD/051/JG,JIGAWA
3828,UNGUWA GABAS,09,KAZAURE,17,KAZAURE,SC/441/JG,Kazaure/Roni/Gwiwa/Yankwashi,FC/148/JG,JIGAWA NORTH - WEST,SD/051/JG,JIGAWA
3829,UNGUWAR YAMMA,10,KAZAURE,17,KAZAURE,SC/441/JG,Kazaure/Roni/Gwiwa/Yankwashi,FC/148/JG,JIGAWA NORTH - WEST,SD/051/JG,JIGAWA
3830,BATURIYA,01,K/KASAMMA,18,K/KASAMMA,SC/439/JG,Birniwa Guri/Kirikasamma,FC/141/JG,JIGAWA NORTH – EAST,SD/050/JG,JIGAWA
3831,BULUNCHAI,02,K/KASAMMA,18,K/KASAMMA,SC/439/JG,Birniwa Guri/Kirikasamma,FC/141/JG,JIGAWA NORTH – EAST,SD/050/JG,JIGAWA
3832,DOLERI,03,K/KASAMMA,18,K/KASAMMA,SC/439/JG,Birniwa Guri/Kirikasamma,FC/141/JG,JIGAWA NORTH – EAST,SD/050/JG,JIGAWA
3833,FANDUM,04,K/KASAMMA,18,K/KASAMMA,SC/439/JG,Birniwa Guri/Kirikasamma,FC/141/JG,JIGAWA NORTH – EAST,SD/050/JG,JIGAWA
3834,GAYIN,05,K/KASAMMA,18,K/KASAMMA,SC/439/JG,Birniwa Guri/Kirikasamma,FC/141/JG,JIGAWA NORTH – EAST,SD/050/JG,JIGAWA
3835,KIRIKASAMMA,06,K/KASAMMA,18,K/KASAMMA,SC/439/JG,Birniwa Guri/Kirikasamma,FC/141/JG,JIGAWA NORTH – EAST,SD/050/JG,JIGAWA
3836,MADACHI,07,K/KASAMMA,18,K/KASAMMA,SC/439/JG,Birniwa Guri/Kirikasamma,FC/141/JG,JIGAWA NORTH – EAST,SD/050/JG,JIGAWA
3837,MARMA,08,K/KASAMMA,18,K/KASAMMA,SC/439/JG,Birniwa Guri/Kirikasamma,FC/141/JG,JIGAWA NORTH – EAST,SD/050/JG,JIGAWA
3838,TASHEGUWA,09,K/KASAMMA,18,K/KASAMMA,SC/439/JG,Birniwa Guri/Kirikasamma,FC/141/JG,JIGAWA NORTH – EAST,SD/050/JG,JIGAWA
3839,TURABU,10,K/KASAMMA,18,K/KASAMMA,SC/439/JG,Birniwa Guri/Kirikasamma,FC/141/JG,JIGAWA NORTH – EAST,SD/050/JG,JIGAWA
3840,ABALAGO,01,KIYAWA,19,KIYAWA,SC/442/JG,Dutse/Kiyawa,FC/142/JG,JIGAWA SOUTH – WEST,SD/049/JG,JIGAWA
3841,ANDAZA,02,KIYAWA,19,KIYAWA,SC/442/JG,Dutse/Kiyawa,FC/142/JG,JIGAWA SOUTH – WEST,SD/049/JG,JIGAWA
3842,FAKE,03,KIYAWA,19,KIYAWA,SC/442/JG,Dutse/Kiyawa,FC/142/JG,JIGAWA SOUTH – WEST,SD/049/JG,JIGAWA
3843,GARKO,04,KIYAWA,19,KIYAWA,SC/442/JG,Dutse/Kiyawa,FC/142/JG,JIGAWA SOUTH – WEST,SD/049/JG,JIGAWA
3844,GURDUBA,05,KIYAWA,19,KIYAWA,SC/442/JG,Dutse/Kiyawa,FC/142/JG,JIGAWA SOUTH – WEST,SD/049/JG,JIGAWA
3845,KATANGA,06,KIYAWA,19,KIYAWA,SC/442/JG,Dutse/Kiyawa,FC/142/JG,JIGAWA SOUTH – WEST,SD/049/JG,JIGAWA
3846,KATUKA,07,KIYAWA,19,KIYAWA,SC/442/JG,Dutse/Kiyawa,FC/142/JG,JIGAWA SOUTH – WEST,SD/049/JG,JIGAWA
3847,KIYAWA,08,KIYAWA,19,KIYAWA,SC/442/JG,Dutse/Kiyawa,FC/142/JG,JIGAWA SOUTH – WEST,SD/049/JG,JIGAWA
3848,KWANDA,09,KIYAWA,19,KIYAWA,SC/442/JG,Dutse/Kiyawa,FC/142/JG,JIGAWA SOUTH – WEST,SD/049/JG,JIGAWA
3849,MAJE,10,KIYAWA,19,KIYAWA,SC/442/JG,Dutse/Kiyawa,FC/142/JG,JIGAWA SOUTH – WEST,SD/049/JG,JIGAWA
3850,TSURMA,11,KIYAWA,19,KIYAWA,SC/442/JG,Dutse/Kiyawa,FC/142/JG,JIGAWA SOUTH – WEST,SD/049/JG,JIGAWA
3851,BALARABE,01,MAIGATARI,20,MAIGATAR,SC/443/JG,Gumel/Maigatari/Sule Tankarkar/Gagarawa,FC/144/JG,JIGAWA NORTH - WEST,SD/051/JG,JIGAWA
3852,DANKUMBO,02,MAIGATARI,20,MAIGATAR,SC/443/JG,Gumel/Maigatari/Sule Tankarkar/Gagarawa,FC/144/JG,JIGAWA NORTH - WEST,SD/051/JG,JIGAWA
3853,FULATA,03,MAIGATARI,20,MAIGATAR,SC/443/JG,Gumel/Maigatari/Sule Tankarkar/Gagarawa,FC/144/JG,JIGAWA NORTH - WEST,SD/051/JG,JIGAWA
3854,GALADI,04,MAIGATARI,20,MAIGATAR,SC/443/JG,Gumel/Maigatari/Sule Tankarkar/Gagarawa,FC/144/JG,JIGAWA NORTH - WEST,SD/051/JG,JIGAWA
3855,JAJERI,05,MAIGATARI,20,MAIGATAR,SC/443/JG,Gumel/Maigatari/Sule Tankarkar/Gagarawa,FC/144/JG,JIGAWA NORTH - WEST,SD/051/JG,JIGAWA
3856,KUKAYASKU,06,MAIGATARI,20,MAIGATAR,SC/443/JG,Gumel/Maigatari/Sule Tankarkar/Gagarawa,FC/144/JG,JIGAWA NORTH - WEST,SD/051/JG,JIGAWA
3857,MADANA,07,MAIGATARI,20,MAIGATAR,SC/443/JG,Gumel/Maigatari/Sule Tankarkar/Gagarawa,FC/144/JG,JIGAWA NORTH - WEST,SD/051/JG,JIGAWA
3858,MAIGATARI AREWA,08,MAIGATARI,20,MAIGATAR,SC/443/JG,Gumel/Maigatari/Sule Tankarkar/Gagarawa,FC/144/JG,JIGAWA NORTH - WEST,SD/051/JG,JIGAWA
3859,MAIGATARI KUDU,09,MAIGATARI,20,MAIGATAR,SC/443/JG,Gumel/Maigatari/Sule Tankarkar/Gagarawa,FC/144/JG,JIGAWA NORTH - WEST,SD/051/JG,JIGAWA
3860,MATOYA,10,MAIGATARI,20,MAIGATAR,SC/443/JG,Gumel/Maigatari/Sule Tankarkar/Gagarawa,FC/144/JG,JIGAWA NORTH - WEST,SD/051/JG,JIGAWA
3861,TURBUS,11,MAIGATARI,20,MAIGATAR,SC/443/JG,Gumel/Maigatari/Sule Tankarkar/Gagarawa,FC/144/JG,JIGAWA NORTH - WEST,SD/051/JG,JIGAWA
3862,ARKI,01,M/MADORI,21,M/MADORI,SC/444/JG,Mallam Madori/Kaugama,FC/147/JG,JIGAWA NORTH – EAST,SD/050/JG,JIGAWA
3863,DUNARI,02,M/MADORI,21,M/MADORI,SC/444/JG,Mallam Madori/Kaugama,FC/147/JG,JIGAWA NORTH – EAST,SD/050/JG,JIGAWA
3864,FATEKA /AKURYA,03,M/MADORI,21,M/MADORI,SC/444/JG,Mallam Madori/Kaugama,FC/147/JG,JIGAWA NORTH – EAST,SD/050/JG,JIGAWA
3865,GARIN-GABAS,04,M/MADORI,21,M/MADORI,SC/444/JG,Mallam Madori/Kaugama,FC/147/JG,JIGAWA NORTH – EAST,SD/050/JG,JIGAWA
3866,MAIRAKUMI,05,M/MADORI,21,M/MADORI,SC/444/JG,Mallam Madori/Kaugama,FC/147/JG,JIGAWA NORTH – EAST,SD/050/JG,JIGAWA
3867,MAIGATARI KUDU,06,M/MADORI,21,M/MADORI,SC/444/JG,Mallam Madori/Kaugama,FC/147/JG,JIGAWA NORTH – EAST,SD/050/JG,JIGAWA
3868,MALAMMADORI,07,M/MADORI,21,M/MADORI,SC/444/JG,Mallam Madori/Kaugama,FC/147/JG,JIGAWA NORTH – EAST,SD/050/JG,JIGAWA
3869,SHAYYA,08,M/MADORI,21,M/MADORI,SC/444/JG,Mallam Madori/Kaugama,FC/147/JG,JIGAWA NORTH – EAST,SD/050/JG,JIGAWA
3870,TAGIN ARO,09,M/MADORI,21,M/MADORI,SC/444/JG,Mallam Madori/Kaugama,FC/147/JG,JIGAWA NORTH – EAST,SD/050/JG,JIGAWA
3871,TASHENATONIKUTARA,10,M/MADORI,21,M/MADORI,SC/444/JG,Mallam Madori/Kaugama,FC/147/JG,JIGAWA NORTH – EAST,SD/050/JG,JIGAWA
3872,DANGYATIN,01,MIGA,22,MIGA,SC/445/JG,Jahun/Miga,FC/146/JG,JIGAWA SOUTH – WEST,SD/049/JG,JIGAWA
3873,GARBO,02,MIGA,22,MIGA,SC/445/JG,Jahun/Miga,FC/146/JG,JIGAWA SOUTH – WEST,SD/049/JG,JIGAWA
3874,HANTSU,03,MIGA,22,MIGA,SC/445/JG,Jahun/Miga,FC/146/JG,JIGAWA SOUTH – WEST,SD/049/JG,JIGAWA
3875,KONYA,04,MIGA,22,MIGA,SC/445/JG,Jahun/Miga,FC/146/JG,JIGAWA SOUTH – WEST,SD/049/JG,JIGAWA
3876,MIGA,05,MIGA,22,MIGA,SC/445/JG,Jahun/Miga,FC/146/JG,JIGAWA SOUTH – WEST,SD/049/JG,JIGAWA
3877,SABON GARIN TAKANEBU,06,MIGA,22,MIGA,SC/445/JG,Jahun/Miga,FC/146/JG,JIGAWA SOUTH – WEST,SD/049/JG,JIGAWA
3878,SANSANI,07,MIGA,22,MIGA,SC/445/JG,Jahun/Miga,FC/146/JG,JIGAWA SOUTH – WEST,SD/049/JG,JIGAWA
3879,TSAKUWAWA,08,MIGA,22,MIGA,SC/445/JG,Jahun/Miga,FC/146/JG,JIGAWA SOUTH – WEST,SD/049/JG,JIGAWA
3880,YANDUNA,09,MIGA,22,MIGA,SC/445/JG,Jahun/Miga,FC/146/JG,JIGAWA SOUTH – WEST,SD/049/JG,JIGAWA
3881,ZAREKU,10,MIGA,22,MIGA,SC/445/JG,Jahun/Miga,FC/146/JG,JIGAWA SOUTH – WEST,SD/049/JG,JIGAWA
3882,CHAICHAI,01,RINGIM,23,RINGIN,SC/446/JG,Ringim/Taura,FC/149/JG,JIGAWA NORTH - WEST,SD/051/JG,JIGAWA
3883,DABI,02,RINGIM,23,RINGIN,SC/446/JG,Ringim/Taura,FC/149/JG,JIGAWA NORTH - WEST,SD/051/JG,JIGAWA
3884,KAFIN BABUSHE,03,RINGIM,23,RINGIN,SC/446/JG,Ringim/Taura,FC/149/JG,JIGAWA NORTH - WEST,SD/051/JG,JIGAWA
3885,KARSHI,04,RINGIM,23,RINGIN,SC/446/JG,Ringim/Taura,FC/149/JG,JIGAWA NORTH - WEST,SD/051/JG,JIGAWA
3886,KYARAMA,05,RINGIM,23,RINGIN,SC/446/JG,Ringim/Taura,FC/149/JG,JIGAWA NORTH - WEST,SD/051/JG,JIGAWA
3887,RINGIM,06,RINGIM,23,RINGIN,SC/446/JG,Ringim/Taura,FC/149/JG,JIGAWA NORTH - WEST,SD/051/JG,JIGAWA
3888,SANKARA,07,RINGIM,23,RINGIN,SC/446/JG,Ringim/Taura,FC/149/JG,JIGAWA NORTH - WEST,SD/051/JG,JIGAWA
3889,SINTILMAWA,08,RINGIM,23,RINGIN,SC/446/JG,Ringim/Taura,FC/149/JG,JIGAWA NORTH - WEST,SD/051/JG,JIGAWA
3890,TOFA,09,RINGIM,23,RINGIN,SC/446/JG,Ringim/Taura,FC/149/JG,JIGAWA NORTH - WEST,SD/051/JG,JIGAWA
3891,YANDUTSE,10,RINGIM,23,RINGIN,SC/446/JG,Ringim/Taura,FC/149/JG,JIGAWA NORTH - WEST,SD/051/JG,JIGAWA
3892,RONI,01,RONI,24,RONI,SC/447/JG,Kazaure/Roni/Gwiwa/Yankwashi,FC/148/JG,JIGAWA NORTH - WEST,SD/051/JG,JIGAWA
3893,BARAGUMI,02,RONI,24,RONI,SC/447/JG,Kazaure/Roni/Gwiwa/Yankwashi,FC/148/JG,JIGAWA NORTH - WEST,SD/051/JG,JIGAWA
3894,DANSURE,03,RONI,24,RONI,SC/447/JG,Kazaure/Roni/Gwiwa/Yankwashi,FC/148/JG,JIGAWA NORTH - WEST,SD/051/JG,JIGAWA
3895,FARA,04,RONI,24,RONI,SC/447/JG,Kazaure/Roni/Gwiwa/Yankwashi,FC/148/JG,JIGAWA NORTH - WEST,SD/051/JG,JIGAWA
3896,GORA,05,RONI,24,RONI,SC/447/JG,Kazaure/Roni/Gwiwa/Yankwashi,FC/148/JG,JIGAWA NORTH - WEST,SD/051/JG,JIGAWA
3897,KWAITA,06,RONI,24,RONI,SC/447/JG,Kazaure/Roni/Gwiwa/Yankwashi,FC/148/JG,JIGAWA NORTH - WEST,SD/051/JG,JIGAWA
3898,SANKAU,07,RONI,24,RONI,SC/447/JG,Kazaure/Roni/Gwiwa/Yankwashi,FC/148/JG,JIGAWA NORTH - WEST,SD/051/JG,JIGAWA
3899,TUNASYANZAKI,08,RONI,24,RONI,SC/447/JG,Kazaure/Roni/Gwiwa/Yankwashi,FC/148/JG,JIGAWA NORTH - WEST,SD/051/JG,JIGAWA
3900,ALBASU,01,S/TANKARKAR,25,S/TANKARA,SC/448/JG,Gumel/Maigatari/Sule Tankarkar/Gagarawa,FC/144/JG,JIGAWA NORTH - WEST,SD/051/JG,JIGAWA
3901,AMANGA,02,S/TANKARKAR,25,S/TANKARA,SC/448/JG,Gumel/Maigatari/Sule Tankarkar/Gagarawa,FC/144/JG,JIGAWA NORTH - WEST,SD/051/JG,JIGAWA
3902,DANGWANKI,03,S/TANKARKAR,25,S/TANKARA,SC/448/JG,Gumel/Maigatari/Sule Tankarkar/Gagarawa,FC/144/JG,JIGAWA NORTH - WEST,SD/051/JG,JIGAWA
3903,DANLADI,04,S/TANKARKAR,25,S/TANKARA,SC/448/JG,Gumel/Maigatari/Sule Tankarkar/Gagarawa,FC/144/JG,JIGAWA NORTH - WEST,SD/051/JG,JIGAWA
3904,DANZOMO,05,S/TANKARKAR,25,S/TANKARA,SC/448/JG,Gumel/Maigatari/Sule Tankarkar/Gagarawa,FC/144/JG,JIGAWA NORTH - WEST,SD/051/JG,JIGAWA
3905,JEKE,06,S/TANKARKAR,25,S/TANKARA,SC/448/JG,Gumel/Maigatari/Sule Tankarkar/Gagarawa,FC/144/JG,JIGAWA NORTH - WEST,SD/051/JG,JIGAWA
3906,SHABARU,07,S/TANKARKAR,25,S/TANKARA,SC/448/JG,Gumel/Maigatari/Sule Tankarkar/Gagarawa,FC/144/JG,JIGAWA NORTH - WEST,SD/051/JG,JIGAWA
3907,SULE-TANKARKAR,08,S/TANKARKAR,25,S/TANKARA,SC/448/JG,Gumel/Maigatari/Sule Tankarkar/Gagarawa,FC/144/JG,JIGAWA NORTH - WEST,SD/051/JG,JIGAWA
3908,TAKATSABA,09,S/TANKARKAR,25,S/TANKARA,SC/448/JG,Gumel/Maigatari/Sule Tankarkar/Gagarawa,FC/144/JG,JIGAWA NORTH - WEST,SD/051/JG,JIGAWA
3909,YANDAMO,10,S/TANKARKAR,25,S/TANKARA,SC/448/JG,Gumel/Maigatari/Sule Tankarkar/Gagarawa,FC/144/JG,JIGAWA NORTH - WEST,SD/051/JG,JIGAWA
3910,AJAURA,01,TAURA,26,TAURA,SC/449/JG,Ringim/Taura,FC/149/JG,JIGAWA NORTH - WEST,SD/051/JG,JIGAWA
3911,CHIKWAIKWAIWA,02,TAURA,26,TAURA,SC/449/JG,Ringim/Taura,FC/149/JG,JIGAWA NORTH - WEST,SD/051/JG,JIGAWA
3912,CHUKUTO,03,TAURA,26,TAURA,SC/449/JG,Ringim/Taura,FC/149/JG,JIGAWA NORTH - WEST,SD/051/JG,JIGAWA
3913,GUJUNGU,04,TAURA,26,TAURA,SC/449/JG,Ringim/Taura,FC/149/JG,JIGAWA NORTH - WEST,SD/051/JG,JIGAWA
3914,KIRI,05,TAURA,26,TAURA,SC/449/JG,Ringim/Taura,FC/149/JG,JIGAWA NORTH - WEST,SD/051/JG,JIGAWA
3915,KWALAM,06,TAURA,26,TAURA,SC/449/JG,Ringim/Taura,FC/149/JG,JIGAWA NORTH - WEST,SD/051/JG,JIGAWA
3916,MAJE,07,TAURA,26,TAURA,SC/449/JG,Ringim/Taura,FC/149/JG,JIGAWA NORTH - WEST,SD/051/JG,JIGAWA
3917,MAJIYA,08,TAURA,26,TAURA,SC/449/JG,Ringim/Taura,FC/149/JG,JIGAWA NORTH - WEST,SD/051/JG,JIGAWA
3918,SABON GARIN YAYA,09,TAURA,26,TAURA,SC/449/JG,Ringim/Taura,FC/149/JG,JIGAWA NORTH - WEST,SD/051/JG,JIGAWA
3919,TAURA,10,TAURA,26,TAURA,SC/449/JG,Ringim/Taura,FC/149/JG,JIGAWA NORTH - WEST,SD/051/JG,
3920,ACHILAFIYA,01,YANKWASHI,27,YANKWASHI,SC/450/JG,Kazaure/Roni/Gwiwa/Yankwashi,FC/148/JG,JIGAWA NORTH - WEST,SD/051/JG,JIGAWA
3921,BELAS,02,YANKWASHI,27,YANKWASHI,SC/450/JG,Kazaure/Roni/Gwiwa/Yankwashi,FC/148/JG,JIGAWA NORTH - WEST,SD/051/JG,JIGAWA
3922,DAWAN GAWO,03,YANKWASHI,27,YANKWASHI,SC/450/JG,Kazaure/Roni/Gwiwa/Yankwashi,FC/148/JG,JIGAWA NORTH - WEST,SD/051/JG,JIGAWA
3923,GWARTA,04,YANKWASHI,27,YANKWASHI,SC/450/JG,Kazaure/Roni/Gwiwa/Yankwashi,FC/148/JG,JIGAWA NORTH - WEST,SD/051/JG,JIGAWA
3924,GURJIYA,05,YANKWASHI,27,YANKWASHI,SC/450/JG,Kazaure/Roni/Gwiwa/Yankwashi,FC/148/JG,JIGAWA NORTH - WEST,SD/051/JG,JIGAWA
3925,KARKARNA,06,YANKWASHI,27,YANKWASHI,SC/450/JG,Kazaure/Roni/Gwiwa/Yankwashi,FC/148/JG,JIGAWA NORTH - WEST,SD/051/JG,JIGAWA
3926,KUDU,07,YANKWASHI,27,YANKWASHI,SC/450/JG,Kazaure/Roni/Gwiwa/Yankwashi,FC/148/JG,JIGAWA NORTH - WEST,SD/051/JG,JIGAWA
3927,BELAS,08,YANKWASHI,27,YANKWASHI,SC/450/JG,Kazaure/Roni/Gwiwa/Yankwashi,FC/148/JG,JIGAWA NORTH - WEST,SD/051/JG,JIGAWA
3928,BELAS,09,YANKWASHI,27,YANKWASHI,SC/450/JG,Kazaure/Roni/Gwiwa/Yankwashi,FC/148/JG,JIGAWA NORTH - WEST,SD/051/JG,JIGAWA
3929,ZUNGUMBA,10,YANKWASHI,27,YANKWASHI,SC/450/JG,Kazaure/Roni/Gwiwa/Yankwashi,FC/148/JG,JIGAWA NORTH - WEST,SD/051/JG,JIGAWA
3930,MAGAJIN GARI I,01,BIRNIN GWARI,01,,,Birnin Gwari/Giwa,FC/160/KD,,,KADUNA
3931,MAGAJIN GARI II,02,BIRNIN GWARI,01,,,Birnin Gwari/Giwa,FC/160/KD,,,KADUNA
3932,MAGAJIN GARI III,03,BIRNIN GWARI,01,,,Birnin Gwari/Giwa,FC/160/KD,,,KADUNA
3933,GAYAM,04,BIRNIN GWARI,01,,,Birnin Gwari/Giwa,FC/160/KD,,,KADUNA
3934,KUYELLO,05,BIRNIN GWARI,01,,,Birnin Gwari/Giwa,FC/160/KD,,,KADUNA
3935,KAZAGE,06,BIRNIN GWARI,01,,,Birnin Gwari/Giwa,FC/160/KD,,,KADUNA
3936,KAKANGI,07,BIRNIN GWARI,01,,,Birnin Gwari/Giwa,FC/160/KD,,,KADUNA
3937,TABANNI,08,BIRNIN GWARI,01,,,Birnin Gwari/Giwa,FC/160/KD,,,KADUNA
3938,DOGON DAWA,09,BIRNIN GWARI,01,,,Birnin Gwari/Giwa,FC/160/KD,,,KADUNA
3939,KUTEMESHI,10,BIRNIN GWARI,01,,,Birnin Gwari/Giwa,FC/160/KD,,,KADUNA
3940,RANDAGI,11,BIRNIN GWARI,01,,,Chikun/Kajuru,FC/158/KD,,,KADUNA
3941,CHIKUN,01,CHIKUN,02,,,Chikun/Kajuru,FC/158/KD,,,KADUNA
3942,GWAGWADA,02,CHIKUN,02,,,Chikun/Kajuru,FC/158/KD,,,KADUNA
3943,KAKAU,03,CHIKUN,02,,,Chikun/Kajuru,FC/158/KD,,,KADUNA
3944,KUJAMA,04,CHIKUN,02,,,Chikun/Kajuru,FC/158/KD,,,KADUNA
3945,KUNAI,05,CHIKUN,02,,,Chikun/Kajuru,FC/158/KD,,,KADUNA
3946,KURIGA,06,CHIKUN,02,,,Chikun/Kajuru,FC/158/KD,,,KADUNA
3947,NARAYI,07,CHIKUN,02,,,Chikun/Kajuru,FC/158/KD,,,KADUNA
3948,NASSARAWA,08,CHIKUN,02,,,Chikun/Kajuru,FC/158/KD,,,KADUNA
3949,RIDO,09,CHIKUN,02,,,Chikun/Kajuru,FC/158/KD,,,KADUNA
3950,SABON TASHA,10,CHIKUN,02,,,Chikun/Kajuru,FC/158/KD,,,KADUNA
3951,UNG.YELWA,11,CHIKUN,02,,,Chikun/Kajuru,FC/158/KD,,,KADUNA
3952,SABON GARI NASSARAWA/TIRKANIYA,12,CHIKUN,02,,,Chikun/Kajuru,FC/158/KD,,,KADUNA
3953,GIWA,01,GIWA,03,,,Birnin Gwari/Giwa,FC/160/KD,,,KADUNA
3954,KAKANGI,02,GIWA,03,,,Birnin Gwari/Giwa,FC/160/KD,,,KADUNA
3955,GANGARA,03,GIWA,03,,,Birnin Gwari/Giwa,FC/160/KD,,,KADUNA
3956,SHIKA,04,GIWA,03,,,Birnin Gwari/Giwa,FC/160/KD,,,KADUNA
3957,DANMAHAWAYI,05,GIWA,03,,,Birnin Gwari/Giwa,FC/160/KD,,,KADUNA
3958,YAKAWADA,06,GIWA,03,,,Birnin Gwari/Giwa,FC/160/KD,,,KADUNA
3959,IDASU,07,GIWA,03,,,Birnin Gwari/Giwa,FC/160/KD,,,KADUNA
3960,KIDANDAN,08,GIWA,03,,,Birnin Gwari/Giwa,FC/160/KD,,,KADUNA
3961,GALADIMAWA,09,GIWA,03,,,Birnin Gwari/Giwa,FC/160/KD,,,KADUNA
3962,KADAGE,10,GIWA,03,,,Birnin Gwari/Giwa,FC/160/KD,,,KADUNA
3963,PANHAUYA,11,GIWA,03,,,Birnin Gwari/Giwa,FC/160/KD,,,KADUNA
3964,TURUNKU,01,IGABI,04,,,Igabi,FC/153/KD,,,KADUNA
3965,ZANGON-AYA,02,IGABI,04,,,Igabi,FC/153/KD,,,KADUNA
3966,GWARAJI,03,IGABI,04,,,Igabi,FC/153/KD,,,KADUNA
3967,BIRNIN YERO,04,IGABI,04,,,Igabi,FC/153/KD,,,KADUNA
3968,IGABI,05,IGABI,04,,,Igabi,FC/153/KD,,,KADUNA
3969,RIGACHIKUN,06,IGABI,04,,,Igabi,FC/153/KD,,,KADUNA
3970,AFAKA,07,IGABI,04,,,Igabi,FC/153/KD,,,KADUNA
3971,SABON BIRNIN DAJI,08,IGABI,04,,,Igabi,FC/153/KD,,,KADUNA
3972,KERAWA,09,IGABI,04,,,Igabi,FC/153/KD,,,KADUNA
3973,KWARAU,10,IGABI,04,,,Igabi,FC/153/KD,,,KADUNA
3974,GADAN-GAYAN,11,IGABI,04,,,Igabi,FC/153/KD,,,KADUNA
3975,RIGASA,12,IGABI,04,,,Igabi,FC/153/KD,,,KADUNA
3976,IKARA,01,IKARA,05,IKARA,SC/459/KD,Ikara/Kubau,FC/154/KD,KADUNA NORTH,SD/052/KD,KADUNA
3977,JANFALAN,02,IKARA,05,IKARA,SC/459/KD,Ikara/Kubau,FC/154/KD,KADUNA NORTH,SD/052/KD,KADUNA
3978,KURMIN KOGI,03,IKARA,05,IKARA,SC/459/KD,Ikara/Kubau,FC/154/KD,KADUNA NORTH,SD/052/KD,KADUNA
3979,SAULAWA,04,IKARA,05,IKARA,SC/459/KD,Ikara/Kubau,FC/154/KD,KADUNA NORTH,SD/052/KD,KADUNA
3980,PALA,05,IKARA,05,IKARA,SC/459/KD,Ikara/Kubau,FC/154/KD,KADUNA NORTH,SD/052/KD,KADUNA
3981,SAYA-SAYA,06,IKARA,05,IKARA,SC/459/KD,Ikara/Kubau,FC/154/KD,KADUNA NORTH,SD/052/KD,KADUNA
3982,AUCHAN,07,IKARA,05,IKARA,SC/459/KD,Ikara/Kubau,FC/154/KD,KADUNA NORTH,SD/052/KD,KADUNA
3983,RUMI,08,IKARA,05,IKARA,SC/459/KD,Ikara/Kubau,FC/154/KD,KADUNA NORTH,SD/052/KD,KADUNA
3984,PAKI,09,IKARA,05,IKARA,SC/459/KD,Ikara/Kubau,FC/154/KD,KADUNA NORTH,SD/052/KD,KADUNA
3985,KUYA,10,IKARA,05,IKARA,SC/459/KD,Ikara/Kubau,FC/154/KD,KADUNA NORTH,SD/052/KD,KADUNA
3986,DUYYAH,01,JABA,06,JABA,SC/483/KD,Zangon Kataf/Jaba,FC/165/KD,KADUNA SOUTH,SD/054/KD,KADUNA
3987,SAMBAM,02,JABA,06,JABA,SC/483/KD,Zangon Kataf/Jaba,FC/165/KD,KADUNA SOUTH,SD/054/KD,KADUNA
3988,FADA,03,JABA,06,JABA,SC/483/KD,Zangon Kataf/Jaba,FC/165/KD,KADUNA SOUTH,SD/054/KD,KADUNA
3989,SABCHEM,04,JABA,06,JABA,SC/483/KD,Zangon Kataf/Jaba,FC/165/KD,KADUNA SOUTH,SD/054/KD,KADUNA
3990,SABZURO,05,JABA,06,JABA,SC/483/KD,Zangon Kataf/Jaba,FC/165/KD,KADUNA SOUTH,SD/054/KD,KADUNA
3991,DURA/BITARO,06,JABA,06,JABA,SC/483/KD,Zangon Kataf/Jaba,FC/165/KD,KADUNA SOUTH,SD/054/KD,KADUNA
3992,DADDU,07,JABA,06,JABA,SC/483/KD,Zangon Kataf/Jaba,FC/165/KD,KADUNA SOUTH,SD/054/KD,KADUNA
3993,CHORI,08,JABA,06,JABA,SC/483/KD,Zangon Kataf/Jaba,FC/165/KD,KADUNA SOUTH,SD/054/KD,KADUNA
3994,NOK,09,JABA,06,JABA,SC/483/KD,Zangon Kataf/Jaba,FC/165/KD,KADUNA SOUTH,SD/054/KD,KADUNA
3995,FAI,10,JABA,06,JABA,SC/483/KD,Zangon Kataf/Jaba,FC/165/KD,KADUNA SOUTH,SD/054/KD,KADUNA
3996,KAFANCHAN ‘A’,01,JEMA’A’,07,JEMA’A,SC/461/KD,Jema’a/Sanga,FC/159/KD,KADUNA SOUTH,SD/054/KD,KADUNA
3997,KAFANCHAN ‘B’,02,JEMA’A’,07,JEMA’A,SC/461/KD,Jema’a/Sanga,FC/159/KD,KADUNA SOUTH,SD/054/KD,KADUNA
3998,MAIGIZO A,03,JEMA’A’,07,JEMA’A,SC/461/KD,Jema’a/Sanga,FC/159/KD,KADUNA SOUTH,SD/054/KD,KADUNA
3999,KANINKON,04,JEMA’A’,07,JEMA’A,SC/461/KD,Jema’a/Sanga,FC/159/KD,KADUNA SOUTH,SD/054/KD,KADUNA
4000,JAGINDI,05,JEMA’A’,07,JEMA’A,SC/461/KD,Jema’a/Sanga,FC/159/KD,KADUNA SOUTH,SD/054/KD,KADUNA
4001,GODOGODO,06,JEMA’A’,07,JEMA’A,SC/461/KD,Jema’a/Sanga,FC/159/KD,KADUNA SOUTH,SD/054/KD,KADUNA
4002,GIDAN WAYA,07,JEMA’A’,07,JEMA’A,SC/461/KD,Jema’a/Sanga,FC/159/KD,KADUNA SOUTH,SD/054/KD,KADUNA
4003,TARFAN/ATUKU,08,JEMA’A’,07,JEMA’A,SC/461/KD,Jema’a/Sanga,FC/159/KD,KADUNA SOUTH,SD/054/KD,KADUNA
4004,ASSO,09,JEMA’A’,07,JEMA’A,SC/461/KD,Jema’a/Sanga,FC/159/KD,KADUNA SOUTH,SD/054/KD,KADUNA
4005,BEDDE,10,JEMA’A’,07,JEMA’A,SC/461/KD,Jema’a/Sanga,FC/159/KD,KADUNA SOUTH,SD/054/KD,KADUNA
4006,KAGOMA,11,JEMA’A’,07,JEMA’A,SC/461/KD,Jema’a/Sanga,FC/159/KD,KADUNA SOUTH,SD/054/KD,KADUNA
4007,TAKAU ‘B’,12,JEMA’A’,07,JEMA’A,SC/461/KD,Jema’a/Sanga,FC/159/KD,KADUNA SOUTH,SD/054/KD,KADUNA
4008,AGUNU,01,KACHIA,08,KACHIA,SC/463/KD,Kachia/Kagarko,FC/157/KD,KADUNA SOUTH,SD/054/KD,KADUNA
4009,AWON,02,KACHIA,08,KACHIA,SC/463/KD,Kachia/Kagarko,FC/157/KD,KADUNA SOUTH,SD/054/KD,KADUNA
4010,DOKWA,03,KACHIA,08,KACHIA,SC/463/KD,Kachia/Kagarko,FC/157/KD,KADUNA SOUTH,SD/054/KD,KADUNA
4011,GUWEL,04,KACHIA,08,KACHIA,SC/463/KD,Kachia/Kagarko,FC/157/KD,KADUNA SOUTH,SD/054/KD,KADUNA
4012,GIDAN TAGWAI,05,KACHIA,08,KACHIA,SC/463/KD,Kachia/Kagarko,FC/157/KD,KADUNA SOUTH,SD/054/KD,KADUNA
4013,KWATURU,06,KACHIA,08,KACHIA,SC/463/KD,Kachia/Kagarko,FC/157/KD,KADUNA SOUTH,SD/054/KD,KADUNA
4014,ANKWA,07,KACHIA,08,KACHIA,SC/463/KD,Kachia/Kagarko,FC/157/KD,KADUNA SOUTH,SD/054/KD,KADUNA
4015,KATARI,08,KACHIA,08,KACHIA,SC/463/KD,Kachia/Kagarko,FC/157/KD,KADUNA SOUTH,SD/054/KD,KADUNA
4016,BISHINI,09,KACHIA,08,KACHIA,SC/463/KD,Kachia/Kagarko,FC/157/KD,KADUNA SOUTH,SD/054/KD,KADUNA
4017,KACHI URBAN,10,KACHIA,08,KACHIA,SC/463/KD,Kachia/Kagarko,FC/157/KD,KADUNA SOUTH,SD/054/KD,KADUNA
4018,SABON SARKI,11,KACHIA,08,KACHIA,SC/463/KD,Kachia/Kagarko,FC/157/KD,KADUNA SOUTH,SD/054/KD,KADUNA
4019,KURMIN MUSA,12,KACHIA,08,KACHIA,SC/463/KD,Kachia/Kagarko,FC/157/KD,KADUNA SOUTH,SD/054/KD,KADUNA
4020,SHABA,01,KADUN NORTH,09,,,Kaduna North,FC/150/KD,,,KADUNA
4021,UNG. GAJI,02,KADUN NORTH,09,,,Kaduna North,FC/150/KD,,,KADUNA
4022,UNG. LIMAN,03,KADUN NORTH,09,,,Kaduna North,FC/150/KD,,,KADUNA
4023,UNG. MAIBURJI,04,KADUN NORTH,09,,,Kaduna North,FC/150/KD,,,KADUNA
4024,KABALA COSTAIN/DOKI,05,KADUN NORTH,09,,,Kaduna North,FC/150/KD,,,KADUNA
4025,GABASAWA,06,KADUN NORTH,09,,,Kaduna North,FC/150/KD,,,KADUNA
4026,UNG.SARKI,07,KADUN NORTH,09,,,Kaduna North,FC/150/KD,,,KADUNA
4027,BADARAWA,08,KADUN NORTH,09,,,Kaduna North,FC/150/KD,,,KADUNA
4028,UNG. DOSA,09,KADUN NORTH,09,,,Kaduna North,FC/150/KD,,,KADUNA
4029,KAWO,10,KADUN NORTH,09,,,Kaduna North,FC/150/KD,,,KADUNA
4030,HAYIN BANKI,11,KADUN NORTH,09,,,Kaduna North,FC/150/KD,,,KADUNA
4031,UNG. SHANU,12,KADUN NORTH,09,,,Kaduna North,FC/150/KD,,,KADUNA
4032,MAKERA,01,KADUN SOUTH,10,,,Kaduna South,FC/162/KD,,,KADUNA
4033,BARNAWA,02,KADUN SOUTH,10,,,Kaduna South,FC/162/KD,,,KADUNA
4034,KAKURI GWARI,03,KADUN SOUTH,10,,,Kaduna South,FC/162/KD,,,KADUNA
4035,TWLWVISION,04,KADUN SOUTH,10,,,Kaduna South,FC/162/KD,,,KADUNA
4036,KAKURI HAUSA,05,KADUN SOUTH,10,,,Kaduna South,FC/162/KD,,,KADUNA
4037,TUDUN WADA NORTH,06,KADUN SOUTH,10,,,Kaduna South,FC/162/KD,,,KADUNA
4038,TUDUN WADA SOUTH,07,KADUN SOUTH,10,,,Kaduna South,FC/162/KD,,,KADUNA
4039,TUDUN WADA WEST,08,KADUN SOUTH,10,,,Kaduna South,FC/162/KD,,,KADUNA
4040,TUDUN NUPAWA,09,KADUN SOUTH,10,,,Kaduna South,FC/162/KD,,,KADUNA
4041,SABON GARI SOUTH,10,KADUN SOUTH,10,,,Kaduna South,FC/162/KD,,,KADUNA
4042,SABON GARI NORTH,11,KADUN SOUTH,10,,,Kaduna South,FC/162/KD,,,KADUNA
4043,UNGUWAN SANUSI,12,KADUN SOUTH,10,,,Kaduna South,FC/162/KD,,,KADUNA
4044,BADIKO,13,KADUN SOUTH,10,,,Kaduna South,FC/162/KD,,,KADUNA
4045,KAGARKO NORTH,01,KAGARKO,11,KAGARKO,SC/464/KD,Kachia/Kagarko,FC/157/KD,KADUNA SOUTH,SD/054/KD,KADUNA
4046,KAGARKO SOUTH,02,KAGARKO,11,KAGARKO,SC/464/KD,Kachia/Kagarko,FC/157/KD,KADUNA SOUTH,SD/054/KD,KADUNA
4047,KUSHE,03,KAGARKO,11,KAGARKO,SC/464/KD,Kachia/Kagarko,FC/157/KD,KADUNA SOUTH,SD/054/KD,KADUNA
4048,JERE NORTH,04,KAGARKO,11,KAGARKO,SC/464/KD,Kachia/Kagarko,FC/157/KD,KADUNA SOUTH,SD/054/KD,KADUNA
4049,JERE SOUTH,05,KAGARKO,11,KAGARKO,SC/464/KD,Kachia/Kagarko,FC/157/KD,KADUNA SOUTH,SD/054/KD,KADUNA
4050,IDDAH,06,KAGARKO,11,KAGARKO,SC/464/KD,Kachia/Kagarko,FC/157/KD,KADUNA SOUTH,SD/054/KD,KADUNA
4051,ARIBI,07,KAGARKO,11,KAGARKO,SC/464/KD,Kachia/Kagarko,FC/157/KD,KADUNA SOUTH,SD/054/KD,KADUNA
4052,KURMIN JIBRIN,08,KAGARKO,11,KAGARKO,SC/464/KD,Kachia/Kagarko,FC/157/KD,KADUNA SOUTH,SD/054/KD,KADUNA
4053,KATUGAL,09,KAGARKO,11,KAGARKO,SC/464/KD,Kachia/Kagarko,FC/157/KD,KADUNA SOUTH,SD/054/KD,KADUNA
4054,KUKUI,10,KAGARKO,11,KAGARKO,SC/464/KD,Kachia/Kagarko,FC/157/KD,KADUNA SOUTH,SD/054/KD,KADUNA
4055,KAJURU,01,KAJURU,12,KAJURU,SC/453/KD,Chikun/Kajuru,FC/158/KD,KADUNA CENTRAL,SD/053/KD,KADUNA
4056,TANTATU,02,KAJURU,12,KAJURU,SC/453/KD,Chikun/Kajuru,FC/158/KD,KADUNA CENTRAL,SD/053/KD,KADUNA
4057,BUDA,03,KAJURU,12,KAJURU,SC/453/KD,Chikun/Kajuru,FC/158/KD,KADUNA CENTRAL,SD/053/KD,KADUNA
4058,KUFANA,04,KAJURU,12,KAJURU,SC/453/KD,Chikun/Kajuru,FC/158/KD,KADUNA CENTRAL,SD/053/KD,KADUNA
4059,AFOGO,05,KAJURU,12,KAJURU,SC/453/KD,Chikun/Kajuru,FC/158/KD,KADUNA CENTRAL,SD/053/KD,KADUNA
4060,KASUWAN MAGANI,06,KAJURU,12,KAJURU,SC/453/KD,Chikun/Kajuru,FC/158/KD,KADUNA CENTRAL,SD/053/KD,KADUNA
4061,KALLAH,07,KAJURU,12,KAJURU,SC/453/KD,Chikun/Kajuru,FC/158/KD,KADUNA CENTRAL,SD/053/KD,KADUNA
4062,RIMAU,08,KAJURU,12,KAJURU,SC/453/KD,Chikun/Kajuru,FC/158/KD,KADUNA CENTRAL,SD/053/KD,KADUNA
4063,IDON,09,KAJURU,12,KAJURU,SC/453/KD,Chikun/Kajuru,FC/158/KD,KADUNA CENTRAL,SD/053/KD,KADUNA
4064,MARO,10,KAJURU,12,KAJURU,SC/453/KD,Chikun/Kajuru,FC/158/KD,KADUNA CENTRAL,SD/053/KD,KADUNA
4065,FADA,01,KAURA,13,KAURA,SC/484/KD,Kaura,FC/163/KD,KADUNA SOUTH,SD/054/KD,KADUNA
4066,KUKUM,02,KAURA,13,KAURA,SC/484/KD,Kaura,FC/163/KD,KADUNA SOUTH,SD/054/KD,KADUNA
4067,KPAK,03,KAURA,13,KAURA,SC/484/KD,Kaura,FC/163/KD,KADUNA SOUTH,SD/054/KD,KADUNA
4068,AGBAN,04,KAURA,13,KAURA,SC/484/KD,Kaura,FC/163/KD,KADUNA SOUTH,SD/054/KD,KADUNA
4069,KADARKO,05,KAURA,13,KAURA,SC/484/KD,Kaura,FC/163/KD,KADUNA SOUTH,SD/054/KD,KADUNA
4070,MALAGUM,06,KAURA,13,KAURA,SC/484/KD,Kaura,FC/163/KD,KADUNA SOUTH,SD/054/KD,KADUNA
4071,MANCHOK,07,KAURA,13,KAURA,SC/484/KD,Kaura,FC/163/KD,KADUNA SOUTH,SD/054/KD,KADUNA
4072,BONDON,08,KAURA,13,KAURA,SC/484/KD,Kaura,FC/163/KD,KADUNA SOUTH,SD/054/KD,KADUNA
4073,KAURA,09,KAURA,13,KAURA,SC/484/KD,Kaura,FC/163/KD,KADUNA SOUTH,SD/054/KD,KADUNA
4074,ZANKAN,10,KAURA,13,KAURA,SC/484/KD,Kaura,FC/163/KD,KADUNA SOUTH,SD/054/KD,KADUNA
4075,KAURU WEST,01,KAURU,14,,,Kauru,FC/164/KD,,,KADUNA
4076,MAKAMI,02,KAURU,14,,,Kauru,FC/164/KD,,,KADUNA
4077,DAWAKI,03,KAURU,14,,,Kauru,FC/164/KD,,,KADUNA
4078,KWASSAMA,04,KAURU,14,,,Kauru,FC/164/KD,,,KADUNA
4079,BITAL,05,KAURU,14,,,Kauru,FC/164/KD,,,KADUNA
4080,GESHERE,06,KAURU,14,,,Kauru,FC/164/KD,,,KADUNA
4081,DAMA KASUWA,07,KAURU,14,,,Kauru,FC/164/KD,,,KADUNA
4082,BADURUM SAMA,08,KAURU,14,,,Kauru,FC/164/KD,,,KADUNA
4083,KAMARU,09,KAURU,14,,,Kauru,FC/164/KD,,,KADUNA
4084,PARI,10,KAURU,14,,,Kauru,FC/164/KD,,,KADUNA
4085,KAURU EAST,11,KAURU,14,,,Kauru,FC/164/KD,,,KADUNA
4086,KUBAU,01,KUBAU,15,KUBAU,SC/460/KD,Ikara/Kubau,FC/154/KD,KADUNA NORTH,SD/052/KD,KADUNA
4087,DUTSEN WAI,02,KUBAU,15,KUBAU,SC/460/KD,Ikara/Kubau,FC/154/KD,KADUNA NORTH,SD/052/KD,KADUNA
4088,PAMBEGUA,03,KUBAU,15,KUBAU,SC/460/KD,Ikara/Kubau,FC/154/KD,KADUNA NORTH,SD/052/KD,KADUNA
4089,ZUNTU,04,KUBAU,15,KUBAU,SC/460/KD,Ikara/Kubau,FC/154/KD,KADUNA NORTH,SD/052/KD,KADUNA
4090,DAMAU,05,KUBAU,15,KUBAU,SC/460/KD,Ikara/Kubau,FC/154/KD,KADUNA NORTH,SD/052/KD,KADUNA
4091,KARREH,06,KUBAU,15,KUBAU,SC/460/KD,Ikara/Kubau,FC/154/KD,KADUNA NORTH,SD/052/KD,KADUNA
4092,ANCHAU,07,KUBAU,15,KUBAU,SC/460/KD,Ikara/Kubau,FC/154/KD,KADUNA NORTH,SD/052/KD,KADUNA
4093,HASKIYA,08,KUBAU,15,KUBAU,SC/460/KD,Ikara/Kubau,FC/154/KD,KADUNA NORTH,SD/052/KD,KADUNA
4094,KARGI,09,KUBAU,15,KUBAU,SC/460/KD,Ikara/Kubau,FC/154/KD,KADUNA NORTH,SD/052/KD,KADUNA
4095,MAH,10,KUBAU,15,KUBAU,SC/460/KD,Ikara/Kubau,FC/154/KD,KADUNA NORTH,SD/052/KD,KADUNA
4096,ZABI,11,KUBAU,15,KUBAU,SC/460/KD,Ikara/Kubau,FC/154/KD,KADUNA NORTH,SD/052/KD,KADUNA
4097,KUDAN,01,KUDAN,16,KUDAN,SC/473/KD,Makarfi/Kudan,FC/155/KD,,,KADUNA
4098,HUNKUYI,02,KUDAN,16,KUDAN,SC/473/KD,Makarfi/Kudan,FC/155/KD,,,KADUNA
4099,SABON GARIN KUNKUYI,03,KUDAN,16,KUDAN,SC/473/KD,Makarfi/Kudan,FC/155/KD,,,KADUNA
4100,GARU,04,KUDAN,16,KUDAN,SC/473/KD,Makarfi/Kudan,FC/155/KD,,,KADUNA
4101,ZABI,05,KUDAN,16,KUDAN,SC/473/KD,Makarfi/Kudan,FC/155/KD,,,KADUNA
4102,DOKA,06,KUDAN,16,KUDAN,SC/473/KD,Makarfi/Kudan,FC/155/KD,,,KADUNA
4103,LIKORO,07,KUDAN,16,KUDAN,SC/473/KD,Makarfi/Kudan,FC/155/KD,,,KADUNA
4104,TABAN SANI,08,KUDAN,16,KUDAN,SC/473/KD,Makarfi/Kudan,FC/155/KD,,,KADUNA
4105,K/WALI (N),09,KUDAN,16,KUDAN,SC/473/KD,Makarfi/Kudan,FC/155/KD,,,KADUNA
4106,K/WALI (S),10,KUDAN,16,KUDAN,SC/473/KD,Makarfi/Kudan,FC/155/KD,,,KADUNA
4107,SABON   BIRNIN,01,LERE,17,,,Lere,FC/156/KD,,,KADUNA
4108,YAR KASUWA,02,LERE,17,,,Lere,FC/156/KD,,,KADUNA
4109,GARU,03,LERE,17,,,Lere,FC/156/KD,,,KADUNA
4110,KAYARDA,04,LERE,17,,,Lere,FC/156/KD,,,KADUNA
4111,LERE,05,LERE,17,,,Lere,FC/156/KD,,,KADUNA
4112,RAMIN KURA,06,LERE,17,,,Lere,FC/156/KD,,,KADUNA
4113,SAMINAKA,07,LERE,17,,,Lere,FC/156/KD,,,KADUNA
4114,LAZURU,08,LERE,17,,,Lere,FC/156/KD,,,KADUNA
4115,ABADAWA,09,LERE,17,,,Lere,FC/156/KD,,,KADUNA
4116,DAN ALHAJI,10,LERE,17,,,Lere,FC/156/KD,,,KADUNA
4117,GURE/KAHUGU,11,LERE,17,,,Lere,FC/156/KD,,,KADUNA
4118,MAKARFI,01,MAKARFI,18,MAKARFI,SC/474/KD,Makarfi/Kudan,FC/155/KD,KADUNA NORTH,SD/052/KD,KADUNA
4119,TUDUN WADA,02,MAKARFI,18,MAKARFI,SC/474/KD,Makarfi/Kudan,FC/155/KD,KADUNA NORTH,SD/052/KD,KADUNA
4120,GAZARA,03,MAKARFI,18,MAKARFI,SC/474/KD,Makarfi/Kudan,FC/155/KD,KADUNA NORTH,SD/052/KD,KADUNA
4121,DANGUZIRI,04,MAKARFI,18,MAKARFI,SC/474/KD,Makarfi/Kudan,FC/155/KD,KADUNA NORTH,SD/052/KD,KADUNA
4122,GIMI,05,MAKARFI,18,MAKARFI,SC/474/KD,Makarfi/Kudan,FC/155/KD,KADUNA NORTH,SD/052/KD,KADUNA
4123,NASARAWA WANDOYA,06,MAKARFI,18,MAKARFI,SC/474/KD,Makarfi/Kudan,FC/155/KD,KADUNA NORTH,SD/052/KD,KADUNA
4124,MAYERE,07,MAKARFI,18,MAKARFI,SC/474/KD,Makarfi/Kudan,FC/155/KD,KADUNA NORTH,SD/052/KD,KADUNA
4125,GUBUCHI,08,MAKARFI,18,MAKARFI,SC/474/KD,Makarfi/Kudan,FC/155/KD,KADUNA NORTH,SD/052/KD,KADUNA
4126,GWANKI,09,MAKARFI,18,MAKARFI,SC/474/KD,Makarfi/Kudan,FC/155/KD,KADUNA NORTH,SD/052/KD,KADUNA
4127,DAN DAMISA,10,MAKARFI,18,MAKARFI,SC/474/KD,Makarfi/Kudan,FC/155/KD,KADUNA NORTH,SD/052/KD,KADUNA
4128,SAMARU,01,SABON GARI,19,,,Sabon Gari,FC/161/KD,,,KADUNA
4129,JAMA’A,02,SABON GARI,19,,,Sabon Gari,FC/161/KD,,,KADUNA
4130,BOMO,03,SABON GARI,19,,,Sabon Gari,FC/161/KD,,,KADUNA
4131,BASAWA,04,SABON GARI,19,,,Sabon Gari,FC/161/KD,,,KADUNA
4132,CHIKAJI,05,SABON GARI,19,,,Sabon Gari,FC/161/KD,,,KADUNA
4133,MUCHIA,06,SABON GARI,19,,,Sabon Gari,FC/161/KD,,,KADUNA
4134,JUSHIN,07,SABON GARI,19,,,Sabon Gari,FC/161/KD,,,KADUNA
4135,HANWA,08,SABON GARI,19,,,Sabon Gari,FC/161/KD,,,KADUNA
4136,DOGORAWA,09,SABON GARI,19,,,Sabon Gari,FC/161/KD,,,KADUNA
4137,UNGUWAN GABAS,10,SABON GARI,19,,,Sabon Gari,FC/161/KD,,,KADUNA
4138,ZABI,11,SABON GARI,19,,,Sabon Gari,FC/161/KD,,,KADUNA
4139,GWANTU,01,SANGA,20,SANGA,SC/462/KD,Jema’a/Sanga,FC/159/KD,KADUNA SOUTH,SD/054/KD,KADUNA
4140,FADAN KARSHI,02,SANGA,20,SANGA,SC/462/KD,Jema’a/Sanga,FC/159/KD,KADUNA SOUTH,SD/054/KD,KADUNA
4141,AYU,03,SANGA,20,SANGA,SC/462/KD,Jema’a/Sanga,FC/159/KD,KADUNA SOUTH,SD/054/KD,KADUNA
4142,NINZAM NORTH,04,SANGA,20,SANGA,SC/462/KD,Jema’a/Sanga,FC/159/KD,KADUNA SOUTH,SD/054/KD,KADUNA
4143,NINZAM SOUTH,05,SANGA,20,SANGA,SC/462/KD,Jema’a/Sanga,FC/159/KD,KADUNA SOUTH,SD/054/KD,KADUNA
4144,NINZAM  WEST,06,SANGA,20,SANGA,SC/462/KD,Jema’a/Sanga,FC/159/KD,KADUNA SOUTH,SD/054/KD,KADUNA
4145,BOKANA,07,SANGA,20,SANGA,SC/462/KD,Jema’a/Sanga,FC/159/KD,KADUNA SOUTH,SD/054/KD,KADUNA
4146,ABORO,08,SANGA,20,SANGA,SC/462/KD,Jema’a/Sanga,FC/159/KD,KADUNA SOUTH,SD/054/KD,KADUNA
4147,WASA STATION,09,SANGA,20,SANGA,SC/462/KD,Jema’a/Sanga,FC/159/KD,KADUNA SOUTH,SD/054/KD,KADUNA
4148,ARAK,10,SANGA,20,SANGA,SC/462/KD,Jema’a/Sanga,FC/159/KD,KADUNA SOUTH,SD/054/KD,KADUNA
4149,NANDU,11,SANGA,20,SANGA,SC/462/KD,Jema’a/Sanga,FC/159/KD,KADUNA SOUTH,SD/054/KD,KADUNA
4150,MAIGANA,01,SOBA,21,,,Soba,FC/152/KD,,,KADUNA
4151,KINKIBA,02,SOBA,21,,,Soba,FC/152/KD,,,KADUNA
4152,GIMBA,03,SOBA,21,,,Soba,FC/152/KD,,,KADUNA
4153,KWASSALLO,04,SOBA,21,,,Soba,FC/152/KD,,,KADUNA
4154,RICHIFA,05,SOBA,21,,,Soba,FC/152/KD,,,KADUNA
4155,GAMAGIRA,06,SOBA,21,,,Soba,FC/152/KD,,,KADUNA
4156,DANWATA,07,SOBA,21,,,Soba,FC/152/KD,,,KADUNA
4157,TURAWA,08,SOBA,21,,,Soba,FC/152/KD,,,KADUNA
4158,SOBA,09,SOBA,21,,,Soba,FC/152/KD,,,KADUNA
4159,GARU GWANKI,10,SOBA,21,,,Soba,FC/152/KD,,,KADUNA
4160,RAHAMA,11,SOBA,21,,,Soba,FC/152/KD,,,KADUNA
4161,GORA,01,ZAGON KATAF,22,,,Zangon Kataf/Jaba,FC/165/KD,,,KADUNA
4162,ZONZON,02,ZAGON KATAF,22,,,Zangon Kataf/Jaba,FC/165/KD,,,KADUNA
4163,ZAMAN DABO,03,ZAGON KATAF,22,,,Zangon Kataf/Jaba,FC/165/KD,,,KADUNA
4164,UNGUWAN GAIYA,04,ZAGON KATAF,22,,,Zangon Kataf/Jaba,FC/165/KD,,,KADUNA
4165,ZONKWA,05,ZAGON KATAF,22,,,Zangon Kataf/Jaba,FC/165/KD,,,KADUNA
4166,MADAKIYA,06,ZAGON KATAF,22,,,Zangon Kataf/Jaba,FC/165/KD,,,KADUNA
4167,UNGUWAN RIMI,07,ZAGON KATAF,22,,,Zangon Kataf/Jaba,FC/165/KD,,,KADUNA
4168,GIDAN JATAU,08,ZAGON KATAF,22,,,Zangon Kataf/Jaba,FC/165/KD,,,KADUNA
4169,KAMANTON,09,ZAGON KATAF,22,,,Zangon Kataf/Jaba,FC/165/KD,,,KADUNA
4170,KAMARU/IKULU,10,ZAGON KATAF,22,,,Zangon Kataf/Jaba,FC/165/KD,,,KADUNA
4171,ZANGO URBAN,11,ZAGON KATAF,22,,,Zangon Kataf/Jaba,FC/165/KD,,,KADUNA
4172,KWARBAIA,01,ZARIA,23,,,Zangon Kataf/Jaba,FC/165/KD,,,KADUNA
4173,KWARBAI B,02,ZARIA,23,,,Zaria,FC/151/KD,,,KADUNA
4174,ANGUWAN JUMA,03,ZARIA,23,,,Zaria,FC/151/KD,,,KADUNA
4175,LIMANCIN KONA,04,ZARIA,23,,,Zaria,FC/151/KD,,,KADUNA
4176,KAURA,05,ZARIA,23,,,Zaria,FC/151/KD,,,KADUNA
4177,TUDUN WADA,06,ZARIA,23,,,Zaria,FC/151/KD,,,KADUNA
4178,GYALLESU,07,ZARIA,23,,,Zaria,FC/151/KD,,,KADUNA
4179,UNG.FATIKA,08,ZARIA,23,,,Zaria,FC/151/KD,,,KADUNA
4180,TUKUR-TUKUR,09,ZARIA,23,,,Zaria,FC/151/KD,,,KADUNA
4181,DAMBO,10,ZARIA,23,,,Zaria,FC/151/KD,,,KADUNA
4182,WUCICIRI,11,ZARIA,23,,,Zaria,FC/151/KD,,,KADUNA
4183,DUTSEN ABBA,12,ZARIA,23,,,Zaria,FC/151/KD,,,KADUNA
4184,KUFENA B,13,ZARIA,23,,,Zaria,FC/151/KD,,,KADUNA
4185,AJINGI,01,AJINGI,01,AJINGI,SC/499/KN,Alabasu/Gaya/Ajingi,FC/166/KN,KANO SOUTH,SD/057/KN,KANO
4186,BALARE,02,AJINGI,01,AJINGI,SC/499/KN,Alabasu/Gaya/Ajingi,FC/166/KN,KANO SOUTH,SD/057/KN,KANO
4187,CHULA,03,AJINGI,01,AJINGI,SC/499/KN,Alabasu/Gaya/Ajingi,FC/166/KN,KANO SOUTH,SD/057/KN,KANO
4188,DABIN-KANAWA,04,AJINGI,01,AJINGI,SC/499/KN,Alabasu/Gaya/Ajingi,FC/166/KN,KANO SOUTH,SD/057/KN,KANO
4189,DUNDUN,05,AJINGI,01,AJINGI,SC/499/KN,Alabasu/Gaya/Ajingi,FC/166/KN,KANO SOUTH,SD/057/KN,KANO
4190,GAFASA,06,AJINGI,01,AJINGI,SC/499/KN,Alabasu/Gaya/Ajingi,FC/166/KN,KANO SOUTH,SD/057/KN,KANO
4191,GURDUBA,07,AJINGI,01,AJINGI,SC/499/KN,Alabasu/Gaya/Ajingi,FC/166/KN,KANO SOUTH,SD/057/KN,KANO
4192,KUNKUNRAWA,08,AJINGI,01,AJINGI,SC/499/KN,Alabasu/Gaya/Ajingi,FC/166/KN,KANO SOUTH,SD/057/KN,KANO
4193,TORANKE,09,AJINGI,01,AJINGI,SC/499/KN,Alabasu/Gaya/Ajingi,FC/166/KN,KANO SOUTH,SD/057/KN,KANO
4194,UNGUWAR-BAI,10,AJINGI,01,AJINGI,SC/499/KN,Alabasu/Gaya/Ajingi,FC/166/KN,KANO SOUTH,SD/057/KN,KANO
4195,ALBASU CENTRAL,01,ALBASU,02,ALBASU,SC/485/KN,Alabasu/Gaya/Ajingi,FC/166/KN,KANO SOUTH,SD/057/KN,KANO
4196,BATAIYA,02,ALBASU,02,ALBASU,SC/485/KN,Alabasu/Gaya/Ajingi,FC/166/KN,KANO SOUTH,SD/057/KN,KANO
4197,CHAMARANA,03,ALBASU,02,ALBASU,SC/485/KN,Alabasu/Gaya/Ajingi,FC/166/KN,KANO SOUTH,SD/057/KN,KANO
4198,DAHO,04,ALBASU,02,ALBASU,SC/485/KN,Alabasu/Gaya/Ajingi,FC/166/KN,KANO SOUTH,SD/057/KN,KANO
4199,FANDA,05,ALBASU,02,ALBASU,SC/485/KN,Alabasu/Gaya/Ajingi,FC/166/KN,KANO SOUTH,SD/057/KN,KANO
4200,FARAGAI,06,ALBASU,02,ALBASU,SC/485/KN,Alabasu/Gaya/Ajingi,FC/166/KN,KANO SOUTH,SD/057/KN,KANO
4201,GARARAME,07,ALBASU,02,ALBASU,SC/485/KN,Alabasu/Gaya/Ajingi,FC/166/KN,KANO SOUTH,SD/057/KN,KANO
4202,HUNGU,08,ALBASU,02,ALBASU,SC/485/KN,Alabasu/Gaya/Ajingi,FC/166/KN,KANO SOUTH,SD/057/KN,KANO
4203,SAYASAYA,09,ALBASU,02,ALBASU,SC/485/KN,Alabasu/Gaya/Ajingi,FC/166/KN,KANO SOUTH,SD/057/KN,KANO
4204,TSANGAYA,10,ALBASU,02,ALBASU,SC/485/KN,Alabasu/Gaya/Ajingi,FC/166/KN,KANO SOUTH,SD/057/KN,KANO
4205,BAGWAI,01,BAGWAI,03,SHANONO/BAGWAI,SC/486/KN,Shanono/Bagwai,FC/167/KN,KANO NORTH,SD/056/KN,KANO
4206,DANGADA,02,BAGWAI,03,SHANONO/BAGWAI,SC/486/KN,Shanono/Bagwai,FC/167/KN,KANO NORTH,SD/056/KN,KANO
4207,GADANYA,03,BAGWAI,03,SHANONO/BAGWAI,SC/486/KN,Shanono/Bagwai,FC/167/KN,KANO NORTH,SD/056/KN,KANO
4208,GORORI,04,BAGWAI,03,SHANONO/BAGWAI,SC/486/KN,Shanono/Bagwai,FC/167/KN,KANO NORTH,SD/056/KN,KANO
4209,KIYAWA,05,BAGWAI,03,SHANONO/BAGWAI,SC/486/KN,Shanono/Bagwai,FC/167/KN,KANO NORTH,SD/056/KN,KANO
4210,KWAJALI,06,BAGWAI,03,SHANONO/BAGWAI,SC/486/KN,Shanono/Bagwai,FC/167/KN,KANO NORTH,SD/056/KN,KANO
4211,RIMIN DAKO,07,BAGWAI,03,SHANONO/BAGWAI,SC/486/KN,Shanono/Bagwai,FC/167/KN,KANO NORTH,SD/056/KN,KANO
4212,ROMO,08,BAGWAI,03,SHANONO/BAGWAI,SC/486/KN,Shanono/Bagwai,FC/167/KN,KANO NORTH,SD/056/KN,KANO
4213,SARE-SARE,09,BAGWAI,03,SHANONO/BAGWAI,SC/486/KN,Shanono/Bagwai,FC/167/KN,KANO NORTH,SD/056/KN,KANO
4214,WUROBAGGA,10,BAGWAI,03,SHANONO/BAGWAI,SC/486/KN,Shanono/Bagwai,FC/167/KN,KANO NORTH,SD/056/KN,KANO
4215,ANADARIYA,01,BEBEJI,04,BEBEJI,SC/487/KN,Bebeji/Kiru,FC/168/KN,KANO SOUTH,SD/057/KN,KANO
4216,BAGUDA,02,BEBEJI,04,BEBEJI,SC/487/KN,Bebeji/Kiru,FC/168/KN,KANO SOUTH,SD/057/KN,KANO
4217,BEBEJI,03,BEBEJI,04,BEBEJI,SC/487/KN,Bebeji/Kiru,FC/168/KN,KANO SOUTH,SD/057/KN,KANO
4218,DAMAU,04,BEBEJI,04,BEBEJI,SC/487/KN,Bebeji/Kiru,FC/168/KN,KANO SOUTH,SD/057/KN,KANO
4219,DIRMAWA,05,BEBEJI,04,BEBEJI,SC/487/KN,Bebeji/Kiru,FC/168/KN,KANO SOUTH,SD/057/KN,KANO
4220,GARGAI,06,BEBEJI,04,BEBEJI,SC/487/KN,Bebeji/Kiru,FC/168/KN,KANO SOUTH,SD/057/KN,KANO
4221,GWARMAI,07,BEBEJI,04,BEBEJI,SC/487/KN,Bebeji/Kiru,FC/168/KN,KANO SOUTH,SD/057/KN,KANO
4222,KOFA,08,BEBEJI,04,BEBEJI,SC/487/KN,Bebeji/Kiru,FC/168/KN,KANO SOUTH,SD/057/KN,KANO
4223,KUKI,09,BEBEJI,04,BEBEJI,SC/487/KN,Bebeji/Kiru,FC/168/KN,KANO SOUTH,SD/057/KN,KANO
4224,RAHAMA,10,BEBEJI,04,BEBEJI,SC/487/KN,Bebeji/Kiru,FC/168/KN,KANO SOUTH,SD/057/KN,KANO
4225,RANKA,11,BEBEJI,04,BEBEJI,SC/487/KN,Bebeji/Kiru,FC/168/KN,KANO SOUTH,SD/057/KN,KANO
4226,RANTAN,12,BEBEJI,04,BEBEJI,SC/487/KN,Bebeji/Kiru,FC/168/KN,KANO SOUTH,SD/057/KN,KANO
4227,TARIWA,13,BEBEJI,04,BEBEJI,SC/487/KN,Bebeji/Kiru,FC/168/KN,KANO SOUTH,SD/057/KN,KANO
4228,WAK,14,BEBEJI,04,BEBEJI,SC/487/KN,Bebeji/Kiru,FC/168/KN,KANO SOUTH,SD/057/KN,KANO
4229,BADUME,01,BICHI,05,BICHI,SC/488/KN,Bichi,FC/169/KN,KANO NORTH,SD/056/KN,KANO
4230,BICHI,02,BICHI,05,BICHI,SC/488/KN,Bichi,FC/169/KN,KANO NORTH,SD/056/KN,KANO
4231,DANZABUWA,03,BICHI,05,BICHI,SC/488/KN,Bichi,FC/169/KN,KANO NORTH,SD/056/KN,KANO
4232,FAGOLO,04,BICHI,05,BICHI,SC/488/KN,Bichi,FC/169/KN,KANO NORTH,SD/056/KN,KANO
4233,KAU-KAU,05,BICHI,05,BICHI,SC/488/KN,Bichi,FC/169/KN,KANO NORTH,SD/056/KN,KANO
4234,KWAMBARAWA,06,BICHI,05,BICHI,SC/488/KN,Bichi,FC/169/KN,KANO NORTH,SD/056/KN,KANO
4235,KYALLI,07,BICHI,05,BICHI,SC/488/KN,Bichi,FC/169/KN,KANO NORTH,SD/056/KN,KANO
4236,MUNTSIRA,08,BICHI,05,BICHI,SC/488/KN,Bichi,FC/169/KN,KANO NORTH,SD/056/KN,KANO
4237,SAYE,09,BICHI,05,BICHI,SC/488/KN,Bichi,FC/169/KN,KANO NORTH,SD/056/KN,KANO
4238,WAIRE,10,BICHI,05,BICHI,SC/488/KN,Bichi,FC/169/KN,KANO NORTH,SD/056/KN,KANO
4239,YALLAMI,11,BICHI,05,BICHI,SC/488/KN,Bichi,FC/169/KN,KANO NORTH,SD/056/KN,KANO
4240,BARKUM,01,BUNKURE,06,BUNKURE,SC/489/KN,Rano/Bunkure/Kibiya,FC/170/KN,KANO SOUTH,SD/057/KN,KANO
4241,BUNKURE,02,BUNKURE,06,BUNKURE,SC/489/KN,Rano/Bunkure/Kibiya,FC/170/KN,KANO SOUTH,SD/057/KN,KANO
4242,BONO,03,BUNKURE,06,BUNKURE,SC/489/KN,Rano/Bunkure/Kibiya,FC/170/KN,KANO SOUTH,SD/057/KN,KANO
4243,CHIRIN,04,BUNKURE,06,BUNKURE,SC/489/KN,Rano/Bunkure/Kibiya,FC/170/KN,KANO SOUTH,SD/057/KN,KANO
4244,GAFAN,05,BUNKURE,06,BUNKURE,SC/489/KN,Rano/Bunkure/Kibiya,FC/170/KN,KANO SOUTH,SD/057/KN,KANO
4245,GURJIYA,06,BUNKURE,06,BUNKURE,SC/489/KN,Rano/Bunkure/Kibiya,FC/170/KN,KANO SOUTH,SD/057/KN,KANO
4246,GWAMMA,07,BUNKURE,06,BUNKURE,SC/489/KN,Rano/Bunkure/Kibiya,FC/170/KN,KANO SOUTH,SD/057/KN,KANO
4247,KULLUWA,08,BUNKURE,06,BUNKURE,SC/489/KN,Rano/Bunkure/Kibiya,FC/170/KN,KANO SOUTH,SD/057/KN,KANO
4248,KUMURYA,09,BUNKURE,06,BUNKURE,SC/489/KN,Rano/Bunkure/Kibiya,FC/170/KN,KANO SOUTH,SD/057/KN,KANO
4249,SANDA,10,BUNKURE,06,BUNKURE,SC/489/KN,Rano/Bunkure/Kibiya,FC/170/KN,KANO SOUTH,SD/057/KN,KANO
4250,ADAKAWA,01,DALA,07,DALA,SC/490/KN,Dala,FC/171/KN,KANO CENTRAL,SD/055/KN,KANO
4251,BAKIN RUWA,02,DALA,07,DALA,SC/490/KN,Dala,FC/171/KN,KANO CENTRAL,SD/055/KN,KANO
4252,DALA,03,DALA,07,DALA,SC/490/KN,Dala,FC/171/KN,KANO CENTRAL,SD/055/KN,KANO
4253,DOGON NAMA,04,DALA,07,DALA,SC/490/KN,Dala,FC/171/KN,KANO CENTRAL,SD/055/KN,KANO
4254,GOBIRAWA,05,DALA,07,DALA,SC/490/KN,Dala,FC/171/KN,KANO CENTRAL,SD/055/KN,KANO
4255,GWAMMAJA,06,DALA,07,DALA,SC/490/KN,Dala,FC/171/KN,KANO CENTRAL,SD/055/KN,KANO
4256,KABUWAYA,07,DALA,07,DALA,SC/490/KN,Dala,FC/171/KN,KANO CENTRAL,SD/055/KN,KANO
4257,KANTUDU,08,DALA,07,DALA,SC/490/KN,Dala,FC/171/KN,KANO CENTRAL,SD/055/KN,KANO
4258,KOFAR MAZUGAL,09,DALA,07,DALA,SC/490/KN,Dala,FC/171/KN,KANO CENTRAL,SD/055/KN,KANO
4259,KOFAR RUWA,10,DALA,07,DALA,SC/490/KN,Dala,FC/171/KN,KANO CENTRAL,SD/055/KN,KANO
4260,MADIGAWA,11,DALA,07,DALA,SC/490/KN,Dala,FC/171/KN,KANO CENTRAL,SD/055/KN,KANO
4261,YALWA,12,DALA,07,DALA,SC/490/KN,Dala,FC/171/KN,KANO CENTRAL,SD/055/KN,KANO
4262,AJUMAWA,01,DANBATTA,08,DAMBATTA,SC/492/KN,Dambatta/Makoda,FC/173/KN,KANO NORTH,SD/056/KN,KANO
4263,DANBATTA EAST,02,DANBATTA,08,DAMBATTA,SC/492/KN,Dambatta/Makoda,FC/173/KN,KANO NORTH,SD/056/KN,KANO
4264,DANBATTA WEST,03,DANBATTA,08,DAMBATTA,SC/492/KN,Dambatta/Makoda,FC/173/KN,KANO NORTH,SD/056/KN,KANO
4265,FAGWALAWA,04,DANBATTA,08,DAMBATTA,SC/492/KN,Dambatta/Makoda,FC/173/KN,KANO NORTH,SD/056/KN,KANO
4266,GORON MAJE,05,DANBATTA,08,DAMBATTA,SC/492/KN,Dambatta/Makoda,FC/173/KN,KANO NORTH,SD/056/KN,KANO
4267,GWANDA,06,DANBATTA,08,DAMBATTA,SC/492/KN,Dambatta/Makoda,FC/173/KN,KANO NORTH,SD/056/KN,KANO
4268,GWARABJAWA,07,DANBATTA,08,DAMBATTA,SC/492/KN,Dambatta/Makoda,FC/173/KN,KANO NORTH,SD/056/KN,KANO
4269,KORE,08,DANBATTA,08,DAMBATTA,SC/492/KN,Dambatta/Makoda,FC/173/KN,KANO NORTH,SD/056/KN,KANO
4270,SAIDAWA,09,DANBATTA,08,DAMBATTA,SC/492/KN,Dambatta/Makoda,FC/173/KN,KANO NORTH,SD/056/KN,KANO
4271,SANSAN,10,DANBATTA,08,DAMBATTA,SC/492/KN,Dambatta/Makoda,FC/173/KN,KANO NORTH,SD/056/KN,KANO
4272,DABAR KWARI,01,DAWAKIN KUDU,09,DAWAKIN KUDU,SC/494/KN,Dawakin Kudu/Warawa,FC/174/KN,,,KANO
4273,DANBAGINA,02,DAWAKIN KUDU,09,DAWAKIN KUDU,SC/494/KN,Dawakin Kudu/Warawa,FC/174/KN,,,KANO
4274,DAWAKI,03,DAWAKIN KUDU,09,DAWAKIN KUDU,SC/494/KN,Dawakin Kudu/Warawa,FC/174/KN,,,KANO
4275,DAWAKIJI,04,DAWAKIN KUDU,09,DAWAKIN KUDU,SC/494/KN,Dawakin Kudu/Warawa,FC/174/KN,,,KANO
4276,DOSAN,05,DAWAKIN KUDU,09,DAWAKIN KUDU,SC/494/KN,Dawakin Kudu/Warawa,FC/174/KN,,,KANO
4277,GANO,06,DAWAKIN KUDU,09,DAWAKIN KUDU,SC/494/KN,Dawakin Kudu/Warawa,FC/174/KN,,,KANO
4278,GURJIYA,07,DAWAKIN KUDU,09,DAWAKIN KUDU,SC/494/KN,Dawakin Kudu/Warawa,FC/174/KN,,,KANO
4279,JIDO,08,DAWAKIN KUDU,09,DAWAKIN KUDU,SC/494/KN,Dawakin Kudu/Warawa,FC/174/KN,,,KANO
4280,TAMBURAWA,09,DAWAKIN KUDU,09,DAWAKIN KUDU,SC/494/KN,Dawakin Kudu/Warawa,FC/174/KN,,,KANO
4281,TSAKUWA,10,DAWAKIN KUDU,09,DAWAKIN KUDU,SC/494/KN,Dawakin Kudu/Warawa,FC/174/KN,,,KANO
4282,UNG. DUNIYA,11,DAWAKIN KUDU,09,DAWAKIN KUDU,SC/494/KN,Dawakin Kudu/Warawa,FC/174/KN,,,KANO
4283,YANBARAU,12,DAWAKIN KUDU,09,DAWAKIN KUDU,SC/494/KN,Dawakin Kudu/Warawa,FC/174/KN,,,KANO
4284,YANKA TSARI,13,DAWAKIN KUDU,09,DAWAKIN KUDU,SC/494/KN,Dawakin Kudu/Warawa,FC/174/KN,,,KANO
4285,YARGAYA,14,DAWAKIN KUDU,09,DAWAKIN KUDU,SC/494/KN,Dawakin Kudu/Warawa,FC/174/KN,,,KANO
4286,ZOGARAWA,15,DAWAKIN KUDU,09,DAWAKIN KUDU,SC/494/KN,Dawakin Kudu/Warawa,FC/174/KN,,,KANO
4287,DAWAKI EAST,01,DAWAKIN TOFA,10,DAWAKIN TOFA,SC/495/KN,Dawakin Tofa/Tofa/Rimin Gado,FC/175/KN,,,KANO
4288,DAWAKI WEST,02,DAWAKIN TOFA,10,DAWAKIN TOFA,SC/495/KN,Dawakin Tofa/Tofa/Rimin Gado,FC/175/KN,,,KANO
4289,DAWANAU,03,DAWAKIN TOFA,10,DAWAKIN TOFA,SC/495/KN,Dawakin Tofa/Tofa/Rimin Gado,FC/175/KN,,,KANO
4290,DANGUGUWA,04,DAWAKIN TOFA,10,DAWAKIN TOFA,SC/495/KN,Dawakin Tofa/Tofa/Rimin Gado,FC/175/KN,,,KANO
4291,GANDUJE,05,DAWAKIN TOFA,10,DAWAKIN TOFA,SC/495/KN,Dawakin Tofa/Tofa/Rimin Gado,FC/175/KN,,,KANO
4292,GARGARI,06,DAWAKIN TOFA,10,DAWAKIN TOFA,SC/495/KN,Dawakin Tofa/Tofa/Rimin Gado,FC/175/KN,,,KANO
4293,JALLI,07,DAWAKIN TOFA,10,DAWAKIN TOFA,SC/495/KN,Dawakin Tofa/Tofa/Rimin Gado,FC/175/KN,,,KANO
4294,KWA,08,DAWAKIN TOFA,10,DAWAKIN TOFA,SC/495/KN,Dawakin Tofa/Tofa/Rimin Gado,FC/175/KN,,,KANO
4295,MARKE,09,DAWAKIN TOFA,10,DAWAKIN TOFA,SC/495/KN,Dawakin Tofa/Tofa/Rimin Gado,FC/175/KN,,,KANO
4296,TATTARAWA,10,DAWAKIN TOFA,10,DAWAKIN TOFA,SC/495/KN,Dawakin Tofa/Tofa/Rimin Gado,FC/175/KN,,,KANO
4297,TUMFAFI,11,DAWAKIN TOFA,10,DAWAKIN TOFA,SC/495/KN,Dawakin Tofa/Tofa/Rimin Gado,FC/175/KN,,,KANO
4298,DARIYA,01,DOGUWA,11,DOGUWA,SC/496/KN,Doguwa/Tudun Wada,FC/176/KN,,,KANO
4299,DOGON KAWO,02,DOGUWA,11,DOGUWA,SC/496/KN,Doguwa/Tudun Wada,FC/176/KN,,,KANO
4300,DOGUWA,03,DOGUWA,11,DOGUWA,SC/496/KN,Doguwa/Tudun Wada,FC/176/KN,,,KANO
4301,FALGORE,04,DOGUWA,11,DOGUWA,SC/496/KN,Doguwa/Tudun Wada,FC/176/KN,,,KANO
4302,MARAKU,05,DOGUWA,11,DOGUWA,SC/496/KN,Doguwa/Tudun Wada,FC/176/KN,,,KANO
4303,RAGADA,06,DOGUWA,11,DOGUWA,SC/496/KN,Doguwa/Tudun Wada,FC/176/KN,,,KANO
4304,RIRIWAI,07,DOGUWA,11,DOGUWA,SC/496/KN,Doguwa/Tudun Wada,FC/176/KN,,,KANO
4305,TAGWAYE,08,DOGUWA,11,DOGUWA,SC/496/KN,Doguwa/Tudun Wada,FC/176/KN,,,KANO
4306,UNGUWAR NATSOHUWA,09,DOGUWA,11,DOGUWA,SC/496/KN,Doguwa/Tudun Wada,FC/176/KN,,,KANO
4307,ZAINABI,10,DOGUWA,11,DOGUWA,SC/496/KN,Doguwa/Tudun Wada,FC/176/KN,,,KANO
4308,FAGGE A,01,FAGGE,12,FAGGE,SC/513/KN,Fagge,FC/185/KN,KANO CENTRAL,SD/055/KN,KANO
4309,FAGGE B,02,FAGGE,12,FAGGE,SC/513/KN,Fagge,FC/185/KN,KANO CENTRAL,SD/055/KN,KANO
4310,FAGGE C,03,FAGGE,12,FAGGE,SC/513/KN,Fagge,FC/185/KN,KANO CENTRAL,SD/055/KN,KANO
4311,FAGGE D,04,FAGGE,12,FAGGE,SC/513/KN,Fagge,FC/185/KN,KANO CENTRAL,SD/055/KN,KANO
4312,FAGGE E,05,FAGGE,12,FAGGE,SC/513/KN,Fagge,FC/185/KN,KANO CENTRAL,SD/055/KN,KANO
4313,KWACHIRI,06,FAGGE,12,FAGGE,SC/513/KN,Fagge,FC/185/KN,KANO CENTRAL,SD/055/KN,KANO
4314,RIJIYAR LEMO,07,FAGGE,12,FAGGE,SC/513/KN,Fagge,FC/185/KN,KANO CENTRAL,SD/055/KN,KANO
4315,SABON GARI EAST,08,FAGGE,12,FAGGE,SC/513/KN,Fagge,FC/185/KN,KANO CENTRAL,SD/055/KN,KANO
4316,SABON GARI WEST,09,FAGGE,12,FAGGE,SC/513/KN,Fagge,FC/185/KN,KANO CENTRAL,SD/055/KN,KANO
4317,YAMMATA,10,FAGGE,12,FAGGE,SC/513/KN,Fagge,FC/185/KN,KANO CENTRAL,SD/055/KN,KANO
4318,GABASAWA,01,GABASAWA,13,GABASAWA,SC/497/KN,Gezawa/Gabasawa,FC/177/KN,KANO NORTH,SD/056/KN,KANO
4319,GARUN DANGA,02,GABASAWA,13,GABASAWA,SC/497/KN,Gezawa/Gabasawa,FC/177/KN,KANO NORTH,SD/056/KN,KANO
4320,JODA,03,GABASAWA,13,GABASAWA,SC/497/KN,Gezawa/Gabasawa,FC/177/KN,KANO NORTH,SD/056/KN,KANO
4321,KARMAMI,04,GABASAWA,13,GABASAWA,SC/497/KN,Gezawa/Gabasawa,FC/177/KN,KANO NORTH,SD/056/KN,KANO
4322,MEKIYA,05,GABASAWA,13,GABASAWA,SC/497/KN,Gezawa/Gabasawa,FC/177/KN,KANO NORTH,SD/056/KN,KANO
4323,TARAUNI,06,GABASAWA,13,GABASAWA,SC/497/KN,Gezawa/Gabasawa,FC/177/KN,KANO NORTH,SD/056/KN,KANO
4324,YAUTAR AREWA,07,GABASAWA,13,GABASAWA,SC/497/KN,Gezawa/Gabasawa,FC/177/KN,KANO NORTH,SD/056/KN,KANO
4325,YAUTAR KUDU,08,GABASAWA,13,GABASAWA,SC/497/KN,Gezawa/Gabasawa,FC/177/KN,KANO NORTH,SD/056/KN,KANO
4326,YUMBU,09,GABASAWA,13,GABASAWA,SC/497/KN,Gezawa/Gabasawa,FC/177/KN,KANO NORTH,SD/056/KN,KANO
4327,ZAKIRAI,10,GABASAWA,13,GABASAWA,SC/497/KN,Gezawa/Gabasawa,FC/177/KN,KANO NORTH,SD/056/KN,KANO
4328,ZUGACHI,11,GABASAWA,13,GABASAWA,SC/497/KN,Gezawa/Gabasawa,FC/177/KN,KANO NORTH,SD/056/KN,KANO
4329,DAL,01,GARKO,14,GARKO,SC/524/KN,Wudil/Garko,FC/189/KN,KANO SOUTH,SD/057/KN,KANO
4330,GARIN ALI,02,GARKO,14,GARKO,SC/524/KN,Wudil/Garko,FC/189/KN,KANO SOUTH,SD/057/KN,KANO
4331,GARKO,03,GARKO,14,GARKO,SC/524/KN,Wudil/Garko,FC/189/KN,KANO SOUTH,SD/057/KN,KANO
4332,GURJIYA,04,GARKO,14,GARKO,SC/524/KN,Wudil/Garko,FC/189/KN,KANO SOUTH,SD/057/KN,KANO
4333,KAFIN MALAMAI,05,GARKO,14,GARKO,SC/524/KN,Wudil/Garko,FC/189/KN,KANO SOUTH,SD/057/KN,KANO
4334,KATUMARI,06,GARKO,14,GARKO,SC/524/KN,Wudil/Garko,FC/189/KN,KANO SOUTH,SD/057/KN,KANO
4335,KWAS,07,GARKO,14,GARKO,SC/524/KN,Wudil/Garko,FC/189/KN,KANO SOUTH,SD/057/KN,KANO
4336,RABA,08,GARKO,14,GARKO,SC/524/KN,Wudil/Garko,FC/189/KN,KANO SOUTH,SD/057/KN,KANO
4337,SARINA,09,GARKO,14,GARKO,SC/524/KN,Wudil/Garko,FC/189/KN,KANO SOUTH,SD/057/KN,KANO
4338,ZAKARWA,10,GARKO,14,GARKO,SC/524/KN,Wudil/Garko,FC/189/KN,KANO SOUTH,SD/057/KN,KANO
4339,CHIROMAWA,01,GARUN MALAM,15,KURA/GURUN MALLAM,SC/509/KN,Kura/Madobi/Garun Mallam,FC/183/KN,KANO CENTRAL,SD/055/KN,KANO
4340,DORAWAR SALLAU,02,GARUN MALAM,15,KURA/GURUN MALLAM,SC/509/KN,Kura/Madobi/Garun Mallam,FC/183/KN,KANO CENTRAL,SD/055/KN,KANO
4341,FANKURUN,03,GARUN MALAM,15,KURA/GURUN MALLAM,SC/509/KN,Kura/Madobi/Garun Mallam,FC/183/KN,KANO CENTRAL,SD/055/KN,KANO
4342,GARUN BABBA,04,GARUN MALAM,15,KURA/GURUN MALLAM,SC/509/KN,Kura/Madobi/Garun Mallam,FC/183/KN,KANO CENTRAL,SD/055/KN,KANO
4343,GARUN MALAM,05,GARUN MALAM,15,KURA/GURUN MALLAM,SC/509/KN,Kura/Madobi/Garun Mallam,FC/183/KN,KANO CENTRAL,SD/055/KN,KANO
4344,JOBAWA,06,GARUN MALAM,15,KURA/GURUN MALLAM,SC/509/KN,Kura/Madobi/Garun Mallam,FC/183/KN,KANO CENTRAL,SD/055/KN,KANO
4345,KADAWA,07,GARUN MALAM,15,KURA/GURUN MALLAM,SC/509/KN,Kura/Madobi/Garun Mallam,FC/183/KN,KANO CENTRAL,SD/055/KN,KANO
4346,MAKWARO,08,GARUN MALAM,15,KURA/GURUN MALLAM,SC/509/KN,Kura/Madobi/Garun Mallam,FC/183/KN,KANO CENTRAL,SD/055/KN,KANO
4347,YADAKWARI,09,GARUN MALAM,15,KURA/GURUN MALLAM,SC/509/KN,Kura/Madobi/Garun Mallam,FC/183/KN,KANO CENTRAL,SD/055/KN,KANO
4348,YALWAN YADAKWARI,10,GARUN MALAM,15,KURA/GURUN MALLAM,SC/509/KN,Kura/Madobi/Garun Mallam,FC/183/KN,KANO CENTRAL,SD/055/KN,KANO
4349,BALAN,01,GAYA,16,GAYA,SC/498/KN,Alabasu/Gaya/Ajingi,FC/166/KN,KANO SOUTH,SD/057/KN,KANO
4350,GAYA AREWA,02,GAYA,16,GAYA,SC/498/KN,Alabasu/Gaya/Ajingi,FC/166/KN,KANO SOUTH,SD/057/KN,KANO
4351,GAYA KUDU,03,GAYA,16,GAYA,SC/498/KN,Alabasu/Gaya/Ajingi,FC/166/KN,KANO SOUTH,SD/057/KN,KANO
4352,GAMARIA,04,GAYA,16,GAYA,SC/498/KN,Alabasu/Gaya/Ajingi,FC/166/KN,KANO SOUTH,SD/057/KN,KANO
4353,GAMOJI,05,GAYA,16,GAYA,SC/498/KN,Alabasu/Gaya/Ajingi,FC/166/KN,KANO SOUTH,SD/057/KN,KANO
4354,KADEMI,06,GAYA,16,GAYA,SC/498/KN,Alabasu/Gaya/Ajingi,FC/166/KN,KANO SOUTH,SD/057/KN,KANO
4355,KAZURAWA,07,GAYA,16,GAYA,SC/498/KN,Alabasu/Gaya/Ajingi,FC/166/KN,KANO SOUTH,SD/057/KN,KANO
4356,MAIMAKAWA,08,GAYA,16,GAYA,SC/498/KN,Alabasu/Gaya/Ajingi,FC/166/KN,KANO SOUTH,SD/057/KN,KANO
4357,SHAGOGO,09,GAYA,16,GAYA,SC/498/KN,Alabasu/Gaya/Ajingi,FC/166/KN,KANO SOUTH,SD/057/KN,KANO
4358,WUDILAWA,10,GAYA,16,GAYA,SC/498/KN,Alabasu/Gaya/Ajingi,FC/166/KN,KANO SOUTH,SD/057/KN,KANO
4359,BABAWA,01,GEZAWA,17,GEZAWA,SC/500/KN,Gezawa/Gabasawa,FC/177/KN,KANO CENTRAL,SD/055/KN,KANO
4360,GAWO,02,GEZAWA,17,GEZAWA,SC/500/KN,Gezawa/Gabasawa,FC/177/KN,KANO CENTRAL,SD/055/KN,KANO
4361,GEZAWA,03,GEZAWA,17,GEZAWA,SC/500/KN,Gezawa/Gabasawa,FC/177/KN,KANO CENTRAL,SD/055/KN,KANO
4362,JOGANA,04,GEZAWA,17,GEZAWA,SC/500/KN,Gezawa/Gabasawa,FC/177/KN,KANO CENTRAL,SD/055/KN,KANO
4363,KETAWA,05,GEZAWA,17,GEZAWA,SC/500/KN,Gezawa/Gabasawa,FC/177/KN,KANO CENTRAL,SD/055/KN,KANO
4364,MESAR TUDU,06,GEZAWA,17,GEZAWA,SC/500/KN,Gezawa/Gabasawa,FC/177/KN,KANO CENTRAL,SD/055/KN,KANO
4365,SARARIN GEZAWA,07,GEZAWA,17,GEZAWA,SC/500/KN,Gezawa/Gabasawa,FC/177/KN,KANO CENTRAL,SD/055/KN,KANO
4366,TSAMIYA BABBA,08,GEZAWA,17,GEZAWA,SC/500/KN,Gezawa/Gabasawa,FC/177/KN,KANO CENTRAL,SD/055/KN,KANO
4367,TUMBAU,09,GEZAWA,17,GEZAWA,SC/500/KN,Gezawa/Gabasawa,FC/177/KN,KANO CENTRAL,SD/055/KN,KANO
4368,WANGARA,10,GEZAWA,17,GEZAWA,SC/500/KN,Gezawa/Gabasawa,FC/177/KN,KANO CENTRAL,SD/055/KN,KANO
4369,ZANGO,11,GEZAWA,17,GEZAWA,SC/500/KN,Gezawa/Gabasawa,FC/177/KN,KANO CENTRAL,SD/055/KN,KANO
4370,DANDAGO,01,GWALE,18,GWALE,SC/491/KN,Gwale,FC/172/KN,KANO CENTRAL,SD/055/KN,KANO
4371,DISO,02,GWALE,18,GWALE,SC/491/KN,Gwale,FC/172/KN,KANO CENTRAL,SD/055/KN,KANO
4372,DORAYI,03,GWALE,18,GWALE,SC/491/KN,Gwale,FC/172/KN,KANO CENTRAL,SD/055/KN,KANO
4373,GALADANCHI,04,GWALE,18,GWALE,SC/491/KN,Gwale,FC/172/KN,KANO CENTRAL,SD/055/KN,KANO
4374,GORON DUTSE,05,GWALE,18,GWALE,SC/491/KN,Gwale,FC/172/KN,KANO CENTRAL,SD/055/KN,KANO
4375,GWALE,06,GWALE,18,GWALE,SC/491/KN,Gwale,FC/172/KN,KANO CENTRAL,SD/055/KN,KANO
4376,GYARANYA,07,GWALE,18,GWALE,SC/491/KN,Gwale,FC/172/KN,KANO CENTRAL,SD/055/KN,KANO
4377,KUBUGA,08,GWALE,18,GWALE,SC/491/KN,Gwale,FC/172/KN,KANO CENTRAL,SD/055/KN,KANO
4378,MANDAWARI,09,GWALE,18,GWALE,SC/491/KN,Gwale,FC/172/KN,KANO CENTRAL,SD/055/KN,KANO
4379,SANI MAINGAGGE,10,GWALE,18,GWALE,SC/491/KN,Gwale,FC/172/KN,KANO CENTRAL,SD/055/KN,KANO
4380,GEBO,01,GWARZO,19,GWARZO,SC/501/KN,Gwarzo/Ikabo,FC/178/KN,KANO NORTH,SD/056/KN,KANO
4381,GWARZO,02,GWARZO,19,GWARZO,SC/501/KN,Gwarzo/Ikabo,FC/178/KN,KANO NORTH,SD/056/KN,KANO
4382,JAMA’A,03,GWARZO,19,GWARZO,SC/501/KN,Gwarzo/Ikabo,FC/178/KN,KANO NORTH,SD/056/KN,KANO
4383,KARA,04,GWARZO,19,GWARZO,SC/501/KN,Gwarzo/Ikabo,FC/178/KN,KANO NORTH,SD/056/KN,KANO
4384,KUTAMA,05,GWARZO,19,GWARZO,SC/501/KN,Gwarzo/Ikabo,FC/178/KN,KANO NORTH,SD/056/KN,KANO
4385,LAKWAYA,06,GWARZO,19,GWARZO,SC/501/KN,Gwarzo/Ikabo,FC/178/KN,KANO NORTH,SD/056/KN,KANO
4386,MADADI,07,GWARZO,19,GWARZO,SC/501/KN,Gwarzo/Ikabo,FC/178/KN,KANO NORTH,SD/056/KN,KANO
4387,MAINIKA,08,GWARZO,19,GWARZO,SC/501/KN,Gwarzo/Ikabo,FC/178/KN,KANO NORTH,SD/056/KN,KANO
4388,SABON BIRNI,09,GWARZO,19,GWARZO,SC/501/KN,Gwarzo/Ikabo,FC/178/KN,KANO NORTH,SD/056/KN,KANO
4389,UNGUWAR-TUDU,10,GWARZO,19,GWARZO,SC/501/KN,Gwarzo/Ikabo,FC/178/KN,KANO NORTH,SD/056/KN,KANO
4390,DUGABAU,01,KABO,20,KABO,SC/502/KN,Gwarzo/Ikabo,FC/178/KN,KANO NORTH,SD/056/KN,KANO
4391,DURUN,02,KABO,20,KABO,SC/502/KN,Gwarzo/Ikabo,FC/178/KN,KANO NORTH,SD/056/KN,KANO
4392,GAMMO,03,KABO,20,KABO,SC/502/KN,Gwarzo/Ikabo,FC/178/KN,KANO NORTH,SD/056/KN,KANO
4393,GARO,04,KABO,20,KABO,SC/502/KN,Gwarzo/Ikabo,FC/178/KN,KANO NORTH,SD/056/KN,KANO
4394,GODIYA,05,KABO,20,KABO,SC/502/KN,Gwarzo/Ikabo,FC/178/KN,KANO NORTH,SD/056/KN,KANO
4395,GUDE,06,KABO,20,KABO,SC/502/KN,Gwarzo/Ikabo,FC/178/KN,KANO NORTH,SD/056/KN,KANO
4396,HAUWADE,07,KABO,20,KABO,SC/502/KN,Gwarzo/Ikabo,FC/178/KN,KANO NORTH,SD/056/KN,KANO
4397,KABO,08,KABO,20,KABO,SC/502/KN,Gwarzo/Ikabo,FC/178/KN,KANO NORTH,SD/056/KN,KANO
4398,KANWA,09,KABO,20,KABO,SC/502/KN,Gwarzo/Ikabo,FC/178/KN,KANO NORTH,SD/056/KN,KANO
4399,MASANAWA,10,KABO,20,KABO,SC/502/KN,Gwarzo/Ikabo,FC/178/KN,KANO NORTH,SD/056/KN,KANO
4400,CHEDI,01,KANO MUNICIPAL,21,MUNICIPAL,SC/503/KN,Municipal,FC/179/KN,KANO CENTRAL,SD/055/KN,KANO
4401,DAN AGUNDI,02,KANO MUNICIPAL,21,MUNICIPAL,SC/503/KN,Municipal,FC/179/KN,KANO CENTRAL,SD/055/KN,KANO
4402,GANDUN ALBASA,03,KANO MUNICIPAL,21,MUNICIPAL,SC/503/KN,Municipal,FC/179/KN,KANO CENTRAL,SD/055/KN,KANO
4403,JAKARA,04,KANO MUNICIPAL,21,MUNICIPAL,SC/503/KN,Municipal,FC/179/KN,KANO CENTRAL,SD/055/KN,KANO
4404,KANKAROFI,05,KANO MUNICIPAL,21,MUNICIPAL,SC/503/KN,Municipal,FC/179/KN,KANO CENTRAL,SD/055/KN,KANO
4405,SHAHUCHI,06,KANO MUNICIPAL,21,MUNICIPAL,SC/503/KN,Municipal,FC/179/KN,KANO CENTRAL,SD/055/KN,KANO
4406,SHARADA,07,KANO MUNICIPAL,21,MUNICIPAL,SC/503/KN,Municipal,FC/179/KN,KANO CENTRAL,SD/055/KN,KANO
4407,SHESHE,08,KANO MUNICIPAL,21,MUNICIPAL,SC/503/KN,Municipal,FC/179/KN,KANO CENTRAL,SD/055/KN,KANO
4408,TUDUN NUFAWA,09,KANO MUNICIPAL,21,MUNICIPAL,SC/503/KN,Municipal,FC/179/KN,KANO CENTRAL,SD/055/KN,KANO
4409,TUDUN WAZIRCHI,10,KANO MUNICIPAL,21,MUNICIPAL,SC/503/KN,Municipal,FC/179/KN,KANO CENTRAL,SD/055/KN,KANO
4410,YAKASAI,11,KANO MUNICIPAL,21,MUNICIPAL,SC/503/KN,Municipal,FC/179/KN,KANO CENTRAL,SD/055/KN,KANO
4411,ZAITAWA,12,KANO MUNICIPAL,21,MUNICIPAL,SC/503/KN,Municipal,FC/179/KN,KANO CENTRAL,SD/055/KN,KANO
4412,ZANGO,13,KANO MUNICIPAL,21,MUNICIPAL,SC/503/KN,Municipal,FC/179/KN,KANO CENTRAL,SD/055/KN,KANO
4413,DAURA,01,KARAYE,22,KARAYE,SC/505/KN,Karaye/Rogo,FC/181/KN,KANO NORTH,SD/056/KN,KANO
4414,KAFIN DAFGA,02,KARAYE,22,KARAYE,SC/505/KN,Karaye/Rogo,FC/181/KN,KANO NORTH,SD/056/KN,KANO
4415,KARAYE,03,KARAYE,22,KARAYE,SC/505/KN,Karaye/Rogo,FC/181/KN,KANO NORTH,SD/056/KN,KANO
4416,KURUGU,04,KARAYE,22,KARAYE,SC/505/KN,Karaye/Rogo,FC/181/KN,KANO NORTH,SD/056/KN,KANO
4417,KWANYAWA,05,KARAYE,22,KARAYE,SC/505/KN,Karaye/Rogo,FC/181/KN,KANO NORTH,SD/056/KN,KANO
4418,TUDUN-KAYA,06,KARAYE,22,KARAYE,SC/505/KN,Karaye/Rogo,FC/181/KN,KANO NORTH,SD/056/KN,KANO
4419,TURAWA,07,KARAYE,22,KARAYE,SC/505/KN,Karaye/Rogo,FC/181/KN,KANO NORTH,SD/056/KN,KANO
4420,UNGUWAR HAJJI,08,KARAYE,22,KARAYE,SC/505/KN,Karaye/Rogo,FC/181/KN,KANO NORTH,SD/056/KN,KANO
4421,YAMMEDI,09,KARAYE,22,KARAYE,SC/505/KN,Karaye/Rogo,FC/181/KN,KANO NORTH,SD/056/KN,KANO
4422,YOLA,10,KARAYE,22,KARAYE,SC/505/KN,Karaye/Rogo,FC/181/KN,KANO NORTH,SD/056/KN,KANO
4423,DURBA,01,KIBIYA,23,KIBIYA,SC/515/KN,Rano/Bunkure/Kibiya,FC/170/KN,KANO SOUTH,SD/057/KN,KANO
4424,FAMMAR,02,KIBIYA,23,KIBIYA,SC/515/KN,Rano/Bunkure/Kibiya,FC/170/KN,KANO SOUTH,SD/057/KN,KANO
4425,FASSI,03,KIBIYA,23,KIBIYA,SC/515/KN,Rano/Bunkure/Kibiya,FC/170/KN,KANO SOUTH,SD/057/KN,KANO
4426,KADIGAWA,04,KIBIYA,23,KIBIYA,SC/515/KN,Rano/Bunkure/Kibiya,FC/170/KN,KANO SOUTH,SD/057/KN,KANO
4427,KAHU,05,KIBIYA,23,KIBIYA,SC/515/KN,Rano/Bunkure/Kibiya,FC/170/KN,KANO SOUTH,SD/057/KN,KANO
4428,KIBIYA I,06,KIBIYA,23,KIBIYA,SC/515/KN,Rano/Bunkure/Kibiya,FC/170/KN,KANO SOUTH,SD/057/KN,KANO
4429,KIBIYA II,07,KIBIYA,23,KIBIYA,SC/515/KN,Rano/Bunkure/Kibiya,FC/170/KN,KANO SOUTH,SD/057/KN,KANO
4430,NARIYA,08,KIBIYA,23,KIBIYA,SC/515/KN,Rano/Bunkure/Kibiya,FC/170/KN,KANO SOUTH,SD/057/KN,KANO
4431,TARAI,09,KIBIYA,23,KIBIYA,SC/515/KN,Rano/Bunkure/Kibiya,FC/170/KN,KANO SOUTH,SD/057/KN,KANO
4432,UNG/GAI,10,KIBIYA,23,KIBIYA,SC/515/KN,Rano/Bunkure/Kibiya,FC/170/KN,KANO SOUTH,SD/057/KN,KANO
4433,BA’AWA,01,KIRU,24,KIRU,SC/507/KN,Bebeji/Kiru,FC/168/KN,KANO SOUTH,SD/057/KN,KANO
4434,BABAFI,02,KIRU,24,KIRU,SC/507/KN,Bebeji/Kiru,FC/168/KN,KANO SOUTH,SD/057/KN,KANO
4435,BARGONI,03,KIRU,24,KIRU,SC/507/KN,Bebeji/Kiru,FC/168/KN,KANO SOUTH,SD/057/KN,KANO
4436,BAUDA,04,KIRU,24,KIRU,SC/507/KN,Bebeji/Kiru,FC/168/KN,KANO SOUTH,SD/057/KN,KANO
4437,DANGORA,05,KIRU,24,KIRU,SC/507/KN,Bebeji/Kiru,FC/168/KN,KANO SOUTH,SD/057/KN,KANO
4438,DANSOHIYA,06,KIRU,24,KIRU,SC/507/KN,Bebeji/Kiru,FC/168/KN,KANO SOUTH,SD/057/KN,KANO
4439,DASHI,07,KIRU,24,KIRU,SC/507/KN,Bebeji/Kiru,FC/168/KN,KANO SOUTH,SD/057/KN,KANO
4440,GALADIMAWA,08,KIRU,24,KIRU,SC/507/KN,Bebeji/Kiru,FC/168/KN,KANO SOUTH,SD/057/KN,KANO
4441,KIRU,09,KIRU,24,KIRU,SC/507/KN,Bebeji/Kiru,FC/168/KN,KANO SOUTH,SD/057/KN,KANO
4442,KOGO,10,KIRU,24,KIRU,SC/507/KN,Bebeji/Kiru,FC/168/KN,KANO SOUTH,SD/057/KN,KANO
4443,MARAKU,11,KIRU,24,KIRU,SC/507/KN,Bebeji/Kiru,FC/168/KN,KANO SOUTH,SD/057/KN,KANO
4444,TSAUDAWA,12,KIRU,24,KIRU,SC/507/KN,Bebeji/Kiru,FC/168/KN,KANO SOUTH,SD/057/KN,KANO
4445,YAKO,13,KIRU,24,KIRU,SC/507/KN,Bebeji/Kiru,FC/168/KN,KANO SOUTH,SD/057/KN,KANO
4446,YALWA,14,KIRU,24,KIRU,SC/507/KN,Bebeji/Kiru,FC/168/KN,KANO SOUTH,SD/057/KN,KANO
4447,ZUWO,15,KIRU,24,KIRU,SC/507/KN,Bebeji/Kiru,FC/168/KN,KANO SOUTH,SD/057/KN,KANO
4448,CHALLAWA,01,KUMBOTSO,25,KUMBOTSO,SC/508/KN,Kumbotso,FC/182/KN,KANO CENTRAL,SD/055/KN,KANO
4449,CHIRANCHI,02,KUMBOTSO,25,KUMBOTSO,SC/508/KN,Kumbotso,FC/182/KN,KANO CENTRAL,SD/055/KN,KANO
4450,DANBARE,03,KUMBOTSO,25,KUMBOTSO,SC/508/KN,Kumbotso,FC/182/KN,KANO CENTRAL,SD/055/KN,KANO
4451,DANMALIKI,04,KUMBOTSO,25,KUMBOTSO,SC/508/KN,Kumbotso,FC/182/KN,KANO CENTRAL,SD/055/KN,KANO
4452,GURIN GAWA,05,KUMBOTSO,25,KUMBOTSO,SC/508/KN,Kumbotso,FC/182/KN,KANO CENTRAL,SD/055/KN,KANO
4453,KUMBOTSO,06,KUMBOTSO,25,KUMBOTSO,SC/508/KN,Kumbotso,FC/182/KN,KANO CENTRAL,SD/055/KN,KANO
4454,KUREKEN SANI,07,KUMBOTSO,25,KUMBOTSO,SC/508/KN,Kumbotso,FC/182/KN,KANO CENTRAL,SD/055/KN,KANO
4455,MARIRI,08,KUMBOTSO,25,KUMBOTSO,SC/508/KN,Kumbotso,FC/182/KN,KANO CENTRAL,SD/055/KN,KANO
4456,NA’IBAWA,09,KUMBOTSO,25,KUMBOTSO,SC/508/KN,Kumbotso,FC/182/KN,KANO CENTRAL,SD/055/KN,KANO
4457,PANSHEKARA,10,KUMBOTSO,25,KUMBOTSO,SC/508/KN,Kumbotso,FC/182/KN,KANO CENTRAL,SD/055/KN,KANO
4458,UNGUWAR RIMI,11,KUMBOTSO,25,KUMBOTSO,SC/508/KN,Kumbotso,FC/182/KN,KANO CENTRAL,SD/055/KN,KANO
4459,BUMAI,01,KUNCHI,26,TSANYAWA/KUNCHI,SC/519/KN,,,KANO NORTH,SD/056/KN,KANO
4460,GARIN SHEME,02,KUNCHI,26,TSANYAWA/KUNCHI,SC/519/KN,,,KANO NORTH,SD/056/KN,KANO
4461,GWARMAI,03,KUNCHI,26,TSANYAWA/KUNCHI,SC/519/KN,,,KANO NORTH,SD/056/KN,KANO
4462,KASUWAR KUKA,04,KUNCHI,26,TSANYAWA/KUNCHI,SC/519/KN,,,KANO NORTH,SD/056/KN,KANO
4463,KUNCHI,05,KUNCHI,26,TSANYAWA/KUNCHI,SC/519/KN,,,KANO NORTH,SD/056/KN,KANO
4464,MATAM/FADA,06,KUNCHI,26,TSANYAWA/KUNCHI,SC/519/KN,,,KANO NORTH,SD/056/KN,KANO
4465,RIDAWA,07,KUNCHI,26,TSANYAWA/KUNCHI,SC/519/KN,,,KANO NORTH,SD/056/KN,KANO
4466,SHAMAKAWA,08,KUNCHI,26,TSANYAWA/KUNCHI,SC/519/KN,,,KANO NORTH,SD/056/KN,KANO
4467,SHUWAKI,09,KUNCHI,26,TSANYAWA/KUNCHI,SC/519/KN,,,KANO NORTH,SD/056/KN,KANO
4468,YANDADI,10,KUNCHI,26,TSANYAWA/KUNCHI,SC/519/KN,,,KANO NORTH,SD/056/KN,KANO
4469,DALILI,01,KURA,27,KURA/GURUN MALLAM,SC/509/KN,Kura/Madobi/Garun Mallam,FC/183/KN,KANO CENTRAL,SD/055/KN,KANO
4470,DAN HASSAN,02,KURA,27,KURA/GURUN MALLAM,SC/509/KN,Kura/Madobi/Garun Mallam,FC/183/KN,KANO CENTRAL,SD/055/KN,KANO
4471,DUKAWA,03,KURA,27,KURA/GURUN MALLAM,SC/509/KN,Kura/Madobi/Garun Mallam,FC/183/KN,KANO CENTRAL,SD/055/KN,KANO
4472,GUNDUTSE,04,KURA,27,KURA/GURUN MALLAM,SC/509/KN,Kura/Madobi/Garun Mallam,FC/183/KN,KANO CENTRAL,SD/055/KN,KANO
4473,KARFI,05,KURA,27,KURA/GURUN MALLAM,SC/509/KN,Kura/Madobi/Garun Mallam,FC/183/KN,KANO CENTRAL,SD/055/KN,KANO
4474,KOSAWA,06,KURA,27,KURA/GURUN MALLAM,SC/509/KN,Kura/Madobi/Garun Mallam,FC/183/KN,KANO CENTRAL,SD/055/KN,KANO
4475,KURA,07,KURA,27,KURA/GURUN MALLAM,SC/509/KN,Kura/Madobi/Garun Mallam,FC/183/KN,KANO CENTRAL,SD/055/KN,KANO
4476,KURUN SUMAU,08,KURA,27,KURA/GURUN MALLAM,SC/509/KN,Kura/Madobi/Garun Mallam,FC/183/KN,KANO CENTRAL,SD/055/KN,KANO
4477,RIGAR DUKA,09,KURA,27,KURA/GURUN MALLAM,SC/509/KN,Kura/Madobi/Garun Mallam,FC/183/KN,KANO CENTRAL,SD/055/KN,KANO
4478,TANAWA,10,KURA,27,KURA/GURUN MALLAM,SC/509/KN,Kura/Madobi/Garun Mallam,FC/183/KN,KANO CENTRAL,SD/055/KN,KANO
4479,BABBAR RIGA,01,MAKODA,28,MAKODA,SC/493/KN,Dambatta/Makoda,FC/173/KN,KANO NORTH,SD/056/KN,KANO
4480,DURMA,02,MAKODA,28,MAKODA,SC/493/KN,Dambatta/Makoda,FC/173/KN,KANO NORTH,SD/056/KN,KANO
4481,JIBGA,03,MAKODA,28,MAKODA,SC/493/KN,Dambatta/Makoda,FC/173/KN,KANO NORTH,SD/056/KN,KANO
4482,KADANDANI,04,MAKODA,28,MAKODA,SC/493/KN,Dambatta/Makoda,FC/173/KN,KANO NORTH,SD/056/KN,KANO
4483,KOGUNA,05,MAKODA,28,MAKODA,SC/493/KN,Dambatta/Makoda,FC/173/KN,KANO NORTH,SD/056/KN,KANO
4484,KOREN TABO,06,MAKODA,28,MAKODA,SC/493/KN,Dambatta/Makoda,FC/173/KN,KANO NORTH,SD/056/KN,KANO
4485,MAITSIDA,07,MAKODA,28,MAKODA,SC/493/KN,Dambatta/Makoda,FC/173/KN,KANO NORTH,SD/056/KN,KANO
4486,MAKODA,08,MAKODA,28,MAKODA,SC/493/KN,Dambatta/Makoda,FC/173/KN,KANO NORTH,SD/056/KN,KANO
4487,SATAME,09,MAKODA,28,MAKODA,SC/493/KN,Dambatta/Makoda,FC/173/KN,KANO NORTH,SD/056/KN,KANO
4488,TANGAJI,10,MAKODA,28,MAKODA,SC/493/KN,Dambatta/Makoda,FC/173/KN,KANO NORTH,SD/056/KN,KANO
4489,WAILARE,11,MAKODA,28,MAKODA,SC/493/KN,Dambatta/Makoda,FC/173/KN,KANO NORTH,SD/056/KN,KANO
4490,AZORE,01,MINJIBIR,29,MINJIBIR,SC/511/KN,Minjibir/Ungogo,FC/187/KN,KANO CENTRAL,SD/055/KN,KANO
4491,GANDURWAWA,02,MINJIBIR,29,MINJIBIR,SC/511/KN,Minjibir/Ungogo,FC/187/KN,KANO CENTRAL,SD/055/KN,KANO
4492,KANTAMA,03,MINJIBIR,29,MINJIBIR,SC/511/KN,Minjibir/Ungogo,FC/187/KN,KANO CENTRAL,SD/055/KN,KANO
4493,KUNYA,04,MINJIBIR,29,MINJIBIR,SC/511/KN,Minjibir/Ungogo,FC/187/KN,KANO CENTRAL,SD/055/KN,KANO
4494,KURU,05,MINJIBIR,29,MINJIBIR,SC/511/KN,Minjibir/Ungogo,FC/187/KN,KANO CENTRAL,SD/055/KN,KANO
4495,KWARKIY,06,MINJIBIR,29,MINJIBIR,SC/511/KN,Minjibir/Ungogo,FC/187/KN,KANO CENTRAL,SD/055/KN,KANO
4496,MINJIBIR,07,MINJIBIR,29,MINJIBIR,SC/511/KN,Minjibir/Ungogo,FC/187/KN,KANO CENTRAL,SD/055/KN,KANO
4497,SARBI,08,MINJIBIR,29,MINJIBIR,SC/511/KN,Minjibir/Ungogo,FC/187/KN,KANO CENTRAL,SD/055/KN,KANO
4498,TSAKIYA,09,MINJIBIR,29,MINJIBIR,SC/511/KN,Minjibir/Ungogo,FC/187/KN,KANO CENTRAL,SD/055/KN,KANO
4499,TSAKUWA,10,MINJIBIR,29,MINJIBIR,SC/511/KN,Minjibir/Ungogo,FC/187/KN,KANO CENTRAL,SD/055/KN,KANO
4500,WASAI,11,MINJIBIR,29,MINJIBIR,SC/511/KN,Minjibir/Ungogo,FC/187/KN,KANO CENTRAL,SD/055/KN,KANO
4501,BURJI,01,MADOBI,30,MADOBI,SC/510/KN,Kura/Madobi/Garun Mallam,FC/183/KN,KANO CENTRAL,SD/055/KN,KANO
4502,CINKOSO,02,MADOBI,30,MADOBI,SC/510/KN,Kura/Madobi/Garun Mallam,FC/183/KN,KANO CENTRAL,SD/055/KN,KANO
4503,GALINJA,03,MADOBI,30,MADOBI,SC/510/KN,Kura/Madobi/Garun Mallam,FC/183/KN,KANO CENTRAL,SD/055/KN,KANO
4504,GORA,04,MADOBI,30,MADOBI,SC/510/KN,Kura/Madobi/Garun Mallam,FC/183/KN,KANO CENTRAL,SD/055/KN,KANO
4505,KAFIN AGUR,05,MADOBI,30,MADOBI,SC/510/KN,Kura/Madobi/Garun Mallam,FC/183/KN,KANO CENTRAL,SD/055/KN,KANO
4506,KANWA,06,MADOBI,30,MADOBI,SC/510/KN,Kura/Madobi/Garun Mallam,FC/183/KN,KANO CENTRAL,SD/055/KN,KANO
4507,KAURAN MATA,07,MADOBI,30,MADOBI,SC/510/KN,Kura/Madobi/Garun Mallam,FC/183/KN,KANO CENTRAL,SD/055/KN,KANO
4508,KUBARACHI,08,MADOBI,30,MADOBI,SC/510/KN,Kura/Madobi/Garun Mallam,FC/183/KN,KANO CENTRAL,SD/055/KN,KANO
4509,KWANKWASO,09,MADOBI,30,MADOBI,SC/510/KN,Kura/Madobi/Garun Mallam,FC/183/KN,KANO CENTRAL,SD/055/KN,KANO
4510,MADOBI,10,MADOBI,30,MADOBI,SC/510/KN,Kura/Madobi/Garun Mallam,FC/183/KN,KANO CENTRAL,SD/055/KN,KANO
4511,RIKADAWA,11,MADOBI,30,MADOBI,SC/510/KN,Kura/Madobi/Garun Mallam,FC/183/KN,KANO CENTRAL,SD/055/KN,KANO
4512,YAKUN,12,MADOBI,30,MADOBI,SC/510/KN,Kura/Madobi/Garun Mallam,FC/183/KN,KANO CENTRAL,SD/055/KN,KANO
4513,DAKATA,01,NASARAWA,31,NASSARAWA,SC/512/KN,Nassarawa,FC/184/KN,KANO CENTRAL,SD/055/KN,KANO
4514,GAMA,02,NASARAWA,31,NASSARAWA,SC/512/KN,Nassarawa,FC/184/KN,KANO CENTRAL,SD/055/KN,KANO
4515,GAWUNA,03,NASARAWA,31,NASSARAWA,SC/512/KN,Nassarawa,FC/184/KN,KANO CENTRAL,SD/055/KN,KANO
4516,GWAGWARWA,04,NASARAWA,31,NASSARAWA,SC/512/KN,Nassarawa,FC/184/KN,KANO CENTRAL,SD/055/KN,KANO
4517,GIGINYU,05,NASARAWA,31,NASSARAWA,SC/512/KN,Nassarawa,FC/184/KN,KANO CENTRAL,SD/055/KN,KANO
4518,HOTORO NORTH,06,NASARAWA,31,NASSARAWA,SC/512/KN,Nassarawa,FC/184/KN,KANO CENTRAL,SD/055/KN,KANO
4519,HOTORO SOUTH,07,NASARAWA,31,NASSARAWA,SC/512/KN,Nassarawa,FC/184/KN,KANO CENTRAL,SD/055/KN,KANO
4520,KAWAJI,08,NASARAWA,31,NASSARAWA,SC/512/KN,Nassarawa,FC/184/KN,KANO CENTRAL,SD/055/KN,KANO
4521,KAURA GOJE,09,NASARAWA,31,NASSARAWA,SC/512/KN,Nassarawa,FC/184/KN,KANO CENTRAL,SD/055/KN,KANO
4522,TUDUN MURTALA,10,NASARAWA,31,NASSARAWA,SC/512/KN,Nassarawa,FC/184/KN,KANO CENTRAL,SD/055/KN,KANO
4523,TUDUN WADA,11,NASARAWA,31,NASSARAWA,SC/512/KN,Nassarawa,FC/184/KN,KANO CENTRAL,SD/055/KN,KANO
4524,DAWAKI,01,RANO,32,RANO,SC/514/KN,Rano/Bunkure/Kibiya,FC/170/KN,KANO SOUTH,SD/057/KN,KANO
4525,LAUSU,02,RANO,32,RANO,SC/514/KN,Rano/Bunkure/Kibiya,FC/170/KN,KANO SOUTH,SD/057/KN,KANO
4526,MADACHI,03,RANO,32,RANO,SC/514/KN,Rano/Bunkure/Kibiya,FC/170/KN,KANO SOUTH,SD/057/KN,KANO
4527,RANO,04,RANO,32,RANO,SC/514/KN,Rano/Bunkure/Kibiya,FC/170/KN,KANO SOUTH,SD/057/KN,KANO
4528,RURUM SABON-GARI,05,RANO,32,RANO,SC/514/KN,Rano/Bunkure/Kibiya,FC/170/KN,KANO SOUTH,SD/057/KN,KANO
4529,RURUM TSOHON-GARI,06,RANO,32,RANO,SC/514/KN,Rano/Bunkure/Kibiya,FC/170/KN,KANO SOUTH,SD/057/KN,KANO
4530,SAJI,07,RANO,32,RANO,SC/514/KN,Rano/Bunkure/Kibiya,FC/170/KN,KANO SOUTH,SD/057/KN,KANO
4531,YALWA,08,RANO,32,RANO,SC/514/KN,Rano/Bunkure/Kibiya,FC/170/KN,KANO SOUTH,SD/057/KN,KANO
4532,ZINYAU,09,RANO,32,RANO,SC/514/KN,Rano/Bunkure/Kibiya,FC/170/KN,KANO SOUTH,SD/057/KN,KANO
4533,ZURGU,10,RANO,32,RANO,SC/514/KN,Rano/Bunkure/Kibiya,FC/170/KN,KANO SOUTH,SD/057/KN,KANO
4534,BUTU-BUTU,01,RIMIN GADO,33,RIMI GADO/TOFA,SC/516/KN,Dawakin Tofa/Tofa/Rimin Gado,FC/175/KN,KANO NORTH,SD/056/KN,KANO
4535,DAWAKIN GULU,02,RIMIN GADO,33,RIMI GADO/TOFA,SC/516/KN,Dawakin Tofa/Tofa/Rimin Gado,FC/175/KN,KANO NORTH,SD/056/KN,KANO
4536,DOKA-DAWA,03,RIMIN GADO,33,RIMI GADO/TOFA,SC/516/KN,Dawakin Tofa/Tofa/Rimin Gado,FC/175/KN,KANO NORTH,SD/056/KN,KANO
4537,DURURAWA,04,RIMIN GADO,33,RIMI GADO/TOFA,SC/516/KN,Dawakin Tofa/Tofa/Rimin Gado,FC/175/KN,KANO NORTH,SD/056/KN,KANO
4538,GULU,05,RIMIN GADO,33,RIMI GADO/TOFA,SC/516/KN,Dawakin Tofa/Tofa/Rimin Gado,FC/175/KN,KANO NORTH,SD/056/KN,KANO
4539,JILI,06,RIMIN GADO,33,RIMI GADO/TOFA,SC/516/KN,Dawakin Tofa/Tofa/Rimin Gado,FC/175/KN,KANO NORTH,SD/056/KN,KANO
4540,KAROFIN YASHI,07,RIMIN GADO,33,RIMI GADO/TOFA,SC/516/KN,Dawakin Tofa/Tofa/Rimin Gado,FC/175/KN,KANO NORTH,SD/056/KN,KANO
4541,RIMIN GADO,08,RIMIN GADO,33,RIMI GADO/TOFA,SC/516/KN,Dawakin Tofa/Tofa/Rimin Gado,FC/175/KN,KANO NORTH,SD/056/KN,KANO
4542,SAKARATSA,09,RIMIN GADO,33,RIMI GADO/TOFA,SC/516/KN,Dawakin Tofa/Tofa/Rimin Gado,FC/175/KN,KANO NORTH,SD/056/KN,KANO
4543,TAMAWA,10,RIMIN GADO,33,RIMI GADO/TOFA,SC/516/KN,Dawakin Tofa/Tofa/Rimin Gado,FC/175/KN,KANO NORTH,SD/056/KN,KANO
4544,YALWAN DANZIYAL,11,RIMIN GADO,33,RIMI GADO/TOFA,SC/516/KN,Dawakin Tofa/Tofa/Rimin Gado,FC/175/KN,KANO NORTH,SD/056/KN,KANO
4545,ZAGON DAN ABDU,12,RIMIN GADO,33,RIMI GADO/TOFA,SC/516/KN,Dawakin Tofa/Tofa/Rimin Gado,FC/175/KN,KANO NORTH,SD/056/KN,KANO
4546,BELI,01,ROGO,34,ROGO,SC/506/KN,Karaye/Rogo,FC/181/KN,KANO SOUTH,SD/057/KN,KANO
4547,FAL GORE,02,ROGO,34,ROGO,SC/506/KN,Karaye/Rogo,FC/181/KN,KANO SOUTH,SD/057/KN,KANO
4548,FULATAN,03,ROGO,34,ROGO,SC/506/KN,Karaye/Rogo,FC/181/KN,KANO SOUTH,SD/057/KN,KANO
4549,GWANGWAN,04,ROGO,34,ROGO,SC/506/KN,Karaye/Rogo,FC/181/KN,KANO SOUTH,SD/057/KN,KANO
4550,JAJAYE,05,ROGO,34,ROGO,SC/506/KN,Karaye/Rogo,FC/181/KN,KANO SOUTH,SD/057/KN,KANO
4551,ROGO RUMA,06,ROGO,34,ROGO,SC/506/KN,Karaye/Rogo,FC/181/KN,KANO SOUTH,SD/057/KN,KANO
4552,ROGO SABON GARI,07,ROGO,34,ROGO,SC/506/KN,Karaye/Rogo,FC/181/KN,KANO SOUTH,SD/057/KN,KANO
4553,RUWAN BAGO,08,ROGO,34,ROGO,SC/506/KN,Karaye/Rogo,FC/181/KN,KANO SOUTH,SD/057/KN,KANO
4554,ZAREWA,09,ROGO,34,ROGO,SC/506/KN,Karaye/Rogo,FC/181/KN,KANO SOUTH,SD/057/KN,KANO
4555,ZOZA,10,ROGO,34,ROGO,SC/506/KN,Karaye/Rogo,FC/181/KN,KANO SOUTH,SD/057/KN,KANO
4556,ALAJAWA,01,SHANONO,35,SHANONO/BAGWAI,SC/486/KN,Shanono/Bagwai,FC/167/KN,KANO NORTH,SD/056/KN,KANO
4557,DUTSEN-BAKOSHI,02,SHANONO,35,SHANONO/BAGWAI,SC/486/KN,Shanono/Bagwai,FC/167/KN,KANO NORTH,SD/056/KN,KANO
4558,FARURUWA,03,SHANONO,35,SHANONO/BAGWAI,SC/486/KN,Shanono/Bagwai,FC/167/KN,KANO NORTH,SD/056/KN,KANO
4559,GORAN-DUTSE,04,SHANONO,35,SHANONO/BAGWAI,SC/486/KN,Shanono/Bagwai,FC/167/KN,KANO NORTH,SD/056/KN,KANO
4560,KADAMU,05,SHANONO,35,SHANONO/BAGWAI,SC/486/KN,Shanono/Bagwai,FC/167/KN,KANO NORTH,SD/056/KN,KANO
4561,KOKIYA,06,SHANONO,35,SHANONO/BAGWAI,SC/486/KN,Shanono/Bagwai,FC/167/KN,KANO NORTH,SD/056/KN,KANO
4562,LENI,07,SHANONO,35,SHANONO/BAGWAI,SC/486/KN,Shanono/Bagwai,FC/167/KN,KANO NORTH,SD/056/KN,KANO
4563,SHAKOGI,08,SHANONO,35,SHANONO/BAGWAI,SC/486/KN,Shanono/Bagwai,FC/167/KN,KANO NORTH,SD/056/KN,KANO
4564,SHANONO,09,SHANONO,35,SHANONO/BAGWAI,SC/486/KN,Shanono/Bagwai,FC/167/KN,KANO NORTH,SD/056/KN,KANO
4565,TSAURE,10,SHANONO,35,SHANONO/BAGWAI,SC/486/KN,Shanono/Bagwai,FC/167/KN,KANO NORTH,SD/056/KN,KANO
4566,GALA,01,SUMAILA,36,SUMAILA,SC/517/KN,Sumaila/Takai,FC/186/KN,KANO SOUTH,SD/057/KN,KANO
4567,GANI,02,SUMAILA,36,SUMAILA,SC/517/KN,Sumaila/Takai,FC/186/KN,KANO SOUTH,SD/057/KN,KANO
4568,GARFA,03,SUMAILA,36,SUMAILA,SC/517/KN,Sumaila/Takai,FC/186/KN,KANO SOUTH,SD/057/KN,KANO
4569,GEDIYA,04,SUMAILA,36,SUMAILA,SC/517/KN,Sumaila/Takai,FC/186/KN,KANO SOUTH,SD/057/KN,KANO
4570,KANAWA,05,SUMAILA,36,SUMAILA,SC/517/KN,Sumaila/Takai,FC/186/KN,KANO SOUTH,SD/057/KN,KANO
4571,MAGAMI,06,SUMAILA,36,SUMAILA,SC/517/KN,Sumaila/Takai,FC/186/KN,KANO SOUTH,SD/057/KN,KANO
4572,MASSU,07,SUMAILA,36,SUMAILA,SC/517/KN,Sumaila/Takai,FC/186/KN,KANO SOUTH,SD/057/KN,KANO
4573,RIMI,08,SUMAILA,36,SUMAILA,SC/517/KN,Sumaila/Takai,FC/186/KN,KANO SOUTH,SD/057/KN,KANO
4574,RUMO,09,SUMAILA,36,SUMAILA,SC/517/KN,Sumaila/Takai,FC/186/KN,KANO SOUTH,SD/057/KN,KANO
4575,SITTI,10,SUMAILA,36,SUMAILA,SC/517/KN,Sumaila/Takai,FC/186/KN,KANO SOUTH,SD/057/KN,KANO
4576,SUMMAILA,11,SUMAILA,36,SUMAILA,SC/517/KN,Sumaila/Takai,FC/186/KN,KANO SOUTH,SD/057/KN,KANO
4577,BAGWARO,01,TAKAI,37,TAKAI,SC/518/KN,Sumaila/Takai,FC/186/KN,KANO SOUTH,SD/057/KN,KANO
4578,DURBUNDE,02,TAKAI,37,TAKAI,SC/518/KN,Sumaila/Takai,FC/186/KN,KANO SOUTH,SD/057/KN,KANO
4579,FAJEWA,03,TAKAI,37,TAKAI,SC/518/KN,Sumaila/Takai,FC/186/KN,KANO SOUTH,SD/057/KN,KANO
4580,FALALI,04,TAKAI,37,TAKAI,SC/518/KN,Sumaila/Takai,FC/186/KN,KANO SOUTH,SD/057/KN,KANO
4581,FARURUWA,05,TAKAI,37,TAKAI,SC/518/KN,Sumaila/Takai,FC/186/KN,KANO SOUTH,SD/057/KN,KANO
4582,KACHAKO,06,TAKAI,37,TAKAI,SC/518/KN,Sumaila/Takai,FC/186/KN,KANO SOUTH,SD/057/KN,KANO
4583,KARFI,07,TAKAI,37,TAKAI,SC/518/KN,Sumaila/Takai,FC/186/KN,KANO SOUTH,SD/057/KN,KANO
4584,KUKA,08,TAKAI,37,TAKAI,SC/518/KN,Sumaila/Takai,FC/186/KN,KANO SOUTH,SD/057/KN,KANO
4585,TAKAI,09,TAKAI,37,TAKAI,SC/518/KN,Sumaila/Takai,FC/186/KN,KANO SOUTH,SD/057/KN,KANO
4586,ZUGA,10,TAKAI,37,TAKAI,SC/518/KN,Sumaila/Takai,FC/186/KN,KANO SOUTH,SD/057/KN,KANO
4587,BABBAN GIJI,01,TARAUNI,38,TARAUNI,SC/504/KN,Tarauni,FC/180/KN,KANO CENTRAL,SD/055/KN,KANO
4588,DARMANAWA,02,TARAUNI,38,TARAUNI,SC/504/KN,Tarauni,FC/180/KN,KANO CENTRAL,SD/055/KN,KANO
4589,DAURAWA,03,TARAUNI,38,TARAUNI,SC/504/KN,Tarauni,FC/180/KN,KANO CENTRAL,SD/055/KN,KANO
4590,GYADI-GYADI AREWA,04,TARAUNI,38,TARAUNI,SC/504/KN,Tarauni,FC/180/KN,KANO CENTRAL,SD/055/KN,KANO
4591,GYADI-GYADI KUDU,05,TARAUNI,38,TARAUNI,SC/504/KN,Tarauni,FC/180/KN,KANO CENTRAL,SD/055/KN,KANO
4592,HOATORO (NNPC),06,TARAUNI,38,TARAUNI,SC/504/KN,Tarauni,FC/180/KN,KANO CENTRAL,SD/055/KN,KANO
4593,KAUYEN ALU,07,TARAUNI,38,TARAUNI,SC/504/KN,Tarauni,FC/180/KN,KANO CENTRAL,SD/055/KN,KANO
4594,TARAUNI,08,TARAUNI,38,TARAUNI,SC/504/KN,Tarauni,FC/180/KN,KANO CENTRAL,SD/055/KN,KANO
4595,UNGOWAR GANO,09,TARAUNI,38,TARAUNI,SC/504/KN,Tarauni,FC/180/KN,KANO CENTRAL,SD/055/KN,KANO
4596,UNGUWA UKU,10,TARAUNI,38,TARAUNI,SC/504/KN,Tarauni,FC/180/KN,KANO CENTRAL,SD/055/KN,KANO
4597,DINDERE,01,TOFA,39,RIMI GADO/TOFA,SC/516/KN,Dawakin Tofa/Tofa/Rimin Gado,FC/175/KN,KANO NORTH,SD/056/KN,KANO
4598,DOKA,02,TOFA,39,RIMI GADO/TOFA,SC/516/KN,Dawakin Tofa/Tofa/Rimin Gado,FC/175/KN,KANO NORTH,SD/056/KN,KANO
4599,GAJIDA,03,TOFA,39,RIMI GADO/TOFA,SC/516/KN,Dawakin Tofa/Tofa/Rimin Gado,FC/175/KN,KANO NORTH,SD/056/KN,KANO
4600,GINSAWA,04,TOFA,39,RIMI GADO/TOFA,SC/516/KN,Dawakin Tofa/Tofa/Rimin Gado,FC/175/KN,KANO NORTH,SD/056/KN,KANO
4601,JAUBEN KUDU,05,TOFA,39,RIMI GADO/TOFA,SC/516/KN,Dawakin Tofa/Tofa/Rimin Gado,FC/175/KN,KANO NORTH,SD/056/KN,KANO
4602,JANGUZA,06,TOFA,39,RIMI GADO/TOFA,SC/516/KN,Dawakin Tofa/Tofa/Rimin Gado,FC/175/KN,KANO NORTH,SD/056/KN,KANO
4603,KWAMI,07,TOFA,39,RIMI GADO/TOFA,SC/516/KN,Dawakin Tofa/Tofa/Rimin Gado,FC/175/KN,KANO NORTH,SD/056/KN,KANO
4604,LAMBU,08,TOFA,39,RIMI GADO/TOFA,SC/516/KN,Dawakin Tofa/Tofa/Rimin Gado,FC/175/KN,KANO NORTH,SD/056/KN,KANO
4605,LANGEL,09,TOFA,39,RIMI GADO/TOFA,SC/516/KN,Dawakin Tofa/Tofa/Rimin Gado,FC/175/KN,KANO NORTH,SD/056/KN,KANO
4606,TOFA,10,TOFA,39,RIMI GADO/TOFA,SC/516/KN,Dawakin Tofa/Tofa/Rimin Gado,FC/175/KN,KANO NORTH,SD/056/KN,KANO
4607,UNGUWAR RIMI,11,TOFA,39,RIMI GADO/TOFA,SC/516/KN,Dawakin Tofa/Tofa/Rimin Gado,FC/175/KN,KANO NORTH,SD/056/KN,KANO
4608,WANGAR,12,TOFA,39,RIMI GADO/TOFA,SC/516/KN,Dawakin Tofa/Tofa/Rimin Gado,FC/175/KN,KANO NORTH,SD/056/KN,KANO
4609,YALWA GARAMA,13,TOFA,39,RIMI GADO/TOFA,SC/516/KN,Dawakin Tofa/Tofa/Rimin Gado,FC/175/KN,KANO NORTH,SD/056/KN,KANO
4610,YANOKO,14,TOFA,39,RIMI GADO/TOFA,SC/516/KN,Dawakin Tofa/Tofa/Rimin Gado,FC/175/KN,KANO NORTH,SD/056/KN,KANO
4611,YARIMAWA,15,TOFA,39,RIMI GADO/TOFA,SC/516/KN,Dawakin Tofa/Tofa/Rimin Gado,FC/175/KN,KANO NORTH,SD/056/KN,KANO
4612,BABURI,01,TUDUN WADA,40,TUDUNWADA,SC/520/KN,Doguwa/Tudun Wada,FC/176/KN,KANO SOUTH,SD/057/KN,KANO
4613,BURUN-BURUM,02,TUDUN WADA,40,TUDUNWADA,SC/520/KN,Doguwa/Tudun Wada,FC/176/KN,KANO SOUTH,SD/057/KN,KANO
4614,DALAWA,03,TUDUN WADA,40,TUDUNWADA,SC/520/KN,Doguwa/Tudun Wada,FC/176/KN,KANO SOUTH,SD/057/KN,KANO
4615,JANDUTSE,04,TUDUN WADA,40,TUDUNWADA,SC/520/KN,Doguwa/Tudun Wada,FC/176/KN,KANO SOUTH,SD/057/KN,KANO
4616,JITA,05,TUDUN WADA,40,TUDUNWADA,SC/520/KN,Doguwa/Tudun Wada,FC/176/KN,KANO SOUTH,SD/057/KN,KANO
4617,KAREFA,06,TUDUN WADA,40,TUDUNWADA,SC/520/KN,Doguwa/Tudun Wada,FC/176/KN,KANO SOUTH,SD/057/KN,KANO
4618,NATA’ALA,07,TUDUN WADA,40,TUDUNWADA,SC/520/KN,Doguwa/Tudun Wada,FC/176/KN,KANO SOUTH,SD/057/KN,KANO
4619,SABON GARI,08,TUDUN WADA,40,TUDUNWADA,SC/520/KN,Doguwa/Tudun Wada,FC/176/KN,KANO SOUTH,SD/057/KN,KANO
4620,SHUWAKI,09,TUDUN WADA,40,TUDUNWADA,SC/520/KN,Doguwa/Tudun Wada,FC/176/KN,KANO SOUTH,SD/057/KN,KANO
4621,TSOHON GARI,10,TUDUN WADA,40,TUDUNWADA,SC/520/KN,Doguwa/Tudun Wada,FC/176/KN,KANO SOUTH,SD/057/KN,KANO
4622,YAR YASA,11,TUDUN WADA,40,TUDUNWADA,SC/520/KN,Doguwa/Tudun Wada,FC/176/KN,KANO SOUTH,SD/057/KN,KANO
4623,DADDARAWA,01,TSANYAWA,41,TSANYAWA/KUNCHI,SC/519/KN,Tsanyawa/Kunchi,FC/188/KN,KANO NORTH,SD/056/KN,KANO
4624,DUNBULUN,02,TSANYAWA,41,TSANYAWA/KUNCHI,SC/519/KN,Tsanyawa/Kunchi,FC/188/KN,KANO NORTH,SD/056/KN,KANO
4625,GOZARKI,03,TSANYAWA,41,TSANYAWA/KUNCHI,SC/519/KN,Tsanyawa/Kunchi,FC/188/KN,KANO NORTH,SD/056/KN,KANO
4626,GURUN,04,TSANYAWA,41,TSANYAWA/KUNCHI,SC/519/KN,Tsanyawa/Kunchi,FC/188/KN,KANO NORTH,SD/056/KN,KANO
4627,KABA GIWA,05,TSANYAWA,41,TSANYAWA/KUNCHI,SC/519/KN,Tsanyawa/Kunchi,FC/188/KN,KANO NORTH,SD/056/KN,KANO
4628,TATSAN,06,TSANYAWA,41,TSANYAWA/KUNCHI,SC/519/KN,Tsanyawa/Kunchi,FC/188/KN,KANO NORTH,SD/056/KN,KANO
4629,TSANYAWA,07,TSANYAWA,41,TSANYAWA/KUNCHI,SC/519/KN,Tsanyawa/Kunchi,FC/188/KN,KANO NORTH,SD/056/KN,KANO
4630,YANGANAU,08,TSANYAWA,41,TSANYAWA/KUNCHI,SC/519/KN,Tsanyawa/Kunchi,FC/188/KN,KANO NORTH,SD/056/KN,KANO
4631,YANKAMAYE,09,TSANYAWA,41,TSANYAWA/KUNCHI,SC/519/KN,Tsanyawa/Kunchi,FC/188/KN,KANO NORTH,SD/056/KN,KANO
4632,ZAROGI,10,TSANYAWA,41,TSANYAWA/KUNCHI,SC/519/KN,Tsanyawa/Kunchi,FC/188/KN,KANO NORTH,SD/056/KN,KANO
4633,BACHIRAWA,01,UNGOGO,42,UNGOGO,SC/521/KN,Minjibir/Ungogo,FC/187/KN,KANO CENTRAL,SD/055/KN,KANO
4634,GAYAWA,02,UNGOGO,42,UNGOGO,SC/521/KN,Minjibir/Ungogo,FC/187/KN,KANO CENTRAL,SD/055/KN,KANO
4635,KADAWA,03,UNGOGO,42,UNGOGO,SC/521/KN,Minjibir/Ungogo,FC/187/KN,KANO CENTRAL,SD/055/KN,KANO
4636,KARO,04,UNGOGO,42,UNGOGO,SC/521/KN,Minjibir/Ungogo,FC/187/KN,KANO CENTRAL,SD/055/KN,KANO
4637,PANISAU,05,UNGOGO,42,UNGOGO,SC/521/KN,Minjibir/Ungogo,FC/187/KN,KANO CENTRAL,SD/055/KN,KANO
4638,RANGAZA,06,UNGOGO,42,UNGOGO,SC/521/KN,Minjibir/Ungogo,FC/187/KN,KANO CENTRAL,SD/055/KN,KANO
4639,RIJIWAR ZAKI,07,UNGOGO,42,UNGOGO,SC/521/KN,Minjibir/Ungogo,FC/187/KN,KANO CENTRAL,SD/055/KN,KANO
4640,TUDUN FULANI,08,UNGOGO,42,UNGOGO,SC/521/KN,Minjibir/Ungogo,FC/187/KN,KANO CENTRAL,SD/055/KN,KANO
4641,UNGOGO,09,UNGOGO,42,UNGOGO,SC/521/KN,Minjibir/Ungogo,FC/187/KN,KANO CENTRAL,SD/055/KN,KANO
4642,YADAKUNYA,10,UNGOGO,42,UNGOGO,SC/521/KN,Minjibir/Ungogo,FC/187/KN,KANO CENTRAL,SD/055/KN,KANO
4643,ZANGO,11,UNGOGO,42,UNGOGO,SC/521/KN,Minjibir/Ungogo,FC/187/KN,KANO CENTRAL,SD/055/KN,KANO
4644,AMARAWA,01,WARAWA,43,WARAWA,SC/522/KN,Dawakin Kudu/Warawa,FC/174/KN,KANO CENTRAL,SD/055/KN,KANO
4645,DALASAN,02,WARAWA,43,WARAWA,SC/522/KN,Dawakin Kudu/Warawa,FC/174/KN,KANO CENTRAL,SD/055/KN,KANO
4646,GARUNDAU,03,WARAWA,43,WARAWA,SC/522/KN,Dawakin Kudu/Warawa,FC/174/KN,KANO CENTRAL,SD/055/KN,KANO
4647,GOGEL,04,WARAWA,43,WARAWA,SC/522/KN,Dawakin Kudu/Warawa,FC/174/KN,KANO CENTRAL,SD/055/KN,KANO
4648,IMAWA,05,WARAWA,43,WARAWA,SC/522/KN,Dawakin Kudu/Warawa,FC/174/KN,KANO CENTRAL,SD/055/KN,KANO
4649,JEMAGU,06,WARAWA,43,WARAWA,SC/522/KN,Dawakin Kudu/Warawa,FC/174/KN,KANO CENTRAL,SD/055/KN,KANO
4650,JIGAWA,07,WARAWA,43,WARAWA,SC/522/KN,Dawakin Kudu/Warawa,FC/174/KN,KANO CENTRAL,SD/055/KN,KANO
4651,JUMAR GALADIMA,08,WARAWA,43,WARAWA,SC/522/KN,Dawakin Kudu/Warawa,FC/174/KN,KANO CENTRAL,SD/055/KN,KANO
4652,KATAR KAWA,09,WARAWA,43,WARAWA,SC/522/KN,Dawakin Kudu/Warawa,FC/174/KN,KANO CENTRAL,SD/055/KN,KANO
4653,MADARIN MATA,10,WARAWA,43,WARAWA,SC/522/KN,Dawakin Kudu/Warawa,FC/174/KN,KANO CENTRAL,SD/055/KN,KANO
4654,TAMBURAWAR GABBAS,11,WARAWA,43,WARAWA,SC/522/KN,Dawakin Kudu/Warawa,FC/174/KN,KANO CENTRAL,SD/055/KN,KANO
4655,TANAGAR,12,WARAWA,43,WARAWA,SC/522/KN,Dawakin Kudu/Warawa,FC/174/KN,KANO CENTRAL,SD/055/KN,KANO
4656,WARAWA,13,WARAWA,43,WARAWA,SC/522/KN,Dawakin Kudu/Warawa,FC/174/KN,KANO CENTRAL,SD/055/KN,KANO
4657,YANDALLA,14,WARAWA,43,WARAWA,SC/522/KN,Dawakin Kudu/Warawa,FC/174/KN,KANO CENTRAL,SD/055/KN,KANO
4658,YANGIZO,15,WARAWA,43,WARAWA,SC/522/KN,Dawakin Kudu/Warawa,FC/174/KN,KANO CENTRAL,SD/055/KN,KANO
4659,ACHIKA,01,WUDIL,44,WUDIL,SC/523/KN,Wudil/Garko,FC/189/KN,KANO SOUTH,SD/057/KN,KANO
4660,DAGAMAWA,02,WUDIL,44,WUDIL,SC/523/KN,Wudil/Garko,FC/189/KN,KANO SOUTH,SD/057/KN,KANO
4661,DANKAZA,03,WUDIL,44,WUDIL,SC/523/KN,Wudil/Garko,FC/189/KN,KANO SOUTH,SD/057/KN,KANO
4662,DARKI,04,WUDIL,44,WUDIL,SC/523/KN,Wudil/Garko,FC/189/KN,KANO SOUTH,SD/057/KN,KANO
4663,INDABO,05,WUDIL,44,WUDIL,SC/523/KN,Wudil/Garko,FC/189/KN,KANO SOUTH,SD/057/KN,KANO
4664,KAUSANI,06,WUDIL,44,WUDIL,SC/523/KN,Wudil/Garko,FC/189/KN,KANO SOUTH,SD/057/KN,KANO
4665,LAJAWA,07,WUDIL,44,WUDIL,SC/523/KN,Wudil/Garko,FC/189/KN,KANO SOUTH,SD/057/KN,KANO
4666,SABON GARI,08,WUDIL,44,WUDIL,SC/523/KN,Wudil/Garko,FC/189/KN,KANO SOUTH,SD/057/KN,KANO
4667,UTAI,09,WUDIL,44,WUDIL,SC/523/KN,Wudil/Garko,FC/189/KN,KANO SOUTH,SD/057/KN,KANO
4668,WUDIL,10,WUDIL,44,WUDIL,SC/523/KN,Wudil/Garko,FC/189/KN,KANO SOUTH,SD/057/KN,KANO
4669,BAKORI ‘A’,01,BAKORI,01,,,Bakori/Danja,FC/190/KT,,,KATSINA
4670,BAKORI ‘A’,02,BAKORI,01,,,Bakori/Danja,FC/190/KT,,,KATSINA
4671,KURAMI/YAMKWANI,03,BAKORI,01,,,Bakori/Danja,FC/190/KT,,,KATSINA
4672,DAWAN MUSA,04,BAKORI,01,,,Bakori/Danja,FC/190/KT,,,KATSINA
4673,TSIGA,05,BAKORI,01,,,Bakori/Danja,FC/190/KT,,,KATSINA
4674,KABOMO,06,BAKORI,01,,,Bakori/Danja,FC/190/KT,,,KATSINA
4675,BARDE/KWANTAKWAR AN,07,BAKORI,01,,,Bakori/Danja,FC/190/KT,,,KATSINA
4676,JARGABA,08,BAKORI,01,,,Bakori/Danja,FC/190/KT,,,KATSINA
4677,KAKUMI,09,BAKORI,01,,,Bakori/Danja,FC/190/KT,,,KATSINA
4678,GUGA,10,BAKORI,01,,,Bakori/Danja,FC/190/KT,,,KATSINA
4679,KANDARAWA,11,BAKORI,01,,,Bakori/Danja,FC/190/KT,,,KATSINA
4680,BATAGARAWA ‘A’,01,BATAGARAWA,02,,,Batagarawa/Charanchi/Rimi,FC/191/KT,,,KATSINA
4681,BATAGARAWA ‘B’,02,BATAGARAWA,02,,,Batagarawa/Charanchi/Rimi,FC/191/KT,,,KATSINA
4682,DANDAGORO,03,BATAGARAWA,02,,,Batagarawa/Charanchi/Rimi,FC/191/KT,,,KATSINA
4683,AJIWA,04,BATAGARAWA,02,,,Batagarawa/Charanchi/Rimi,FC/191/KT,,,KATSINA
4684,TSANNI,05,BATAGARAWA,02,,,Batagarawa/Charanchi/Rimi,FC/191/KT,,,KATSINA
4685,JINO,06,BATAGARAWA,02,,,Batagarawa/Charanchi/Rimi,FC/191/KT,,,KATSINA
4686,BARAWA,07,BATAGARAWA,02,,,Batagarawa/Charanchi/Rimi,FC/191/KT,,,KATSINA
4687,BAKIYAWA,08,BATAGARAWA,02,,,Batagarawa/Charanchi/Rimi,FC/191/KT,,,KATSINA
4688,KAYAUKI,09,BATAGARAWA,02,,,Batagarawa/Charanchi/Rimi,FC/191/KT,,,KATSINA
4689,YARGAMJI,10,BATAGARAWA,02,,,Batagarawa/Charanchi/Rimi,FC/191/KT,,,KATSINA
4690,BATSIARI,01,BATSARI,03,BATSARI,SC/527/KT,Batsari/Safana/Danmusa,FC/192/KT,,,KATSINA
4691,MANAWA,02,BATSARI,03,BATSARI,SC/527/KT,Batsari/Safana/Danmusa,FC/192/KT,,,KATSINA
4692,WAGINI,03,BATSARI,03,BATSARI,SC/527/KT,Batsari/Safana/Danmusa,FC/192/KT,,,KATSINA
4693,ABADAU/KAGARA,04,BATSARI,03,BATSARI,SC/527/KT,Batsari/Safana/Danmusa,FC/192/KT,,,KATSINA
4694,YAUYAU/MALLAMAWA,05,BATSARI,03,BATSARI,SC/527/KT,Batsari/Safana/Danmusa,FC/192/KT,,,KATSINA
4695,KANDAWA,06,BATSARI,03,BATSARI,SC/527/KT,Batsari/Safana/Danmusa,FC/192/KT,,,KATSINA
4696,DAN.ALH/YANGAIYA,07,BATSARI,03,BATSARI,SC/527/KT,Batsari/Safana/Danmusa,FC/192/KT,,,KATSINA
4697,RUMA,08,BATSARI,03,BATSARI,SC/527/KT,Batsari/Safana/Danmusa,FC/192/KT,,,KATSINA
4698,DARINI/MAGAJIABU,09,BATSARI,03,BATSARI,SC/527/KT,Batsari/Safana/Danmusa,FC/192/KT,,,KATSINA
4699,KARARE,10,BATSARI,03,BATSARI,SC/527/KT,Batsari/Safana/Danmusa,FC/192/KT,,,KATSINA
4700,MADOGARA,11,BATSARI,03,BATSARI,SC/527/KT,Batsari/Safana/Danmusa,FC/192/KT,,,KATSINA
4701,YANMAULU,01,BAURE,04,BAURE,SC/528/KT,Zango/Baure,FC/204/KT,,,KATSINA
4702,BABBAN MUTUM,02,BAURE,04,BAURE,SC/528/KT,Zango/Baure,FC/204/KT,,,KATSINA
4703,TARAMNAWA/BARE,03,BAURE,04,BAURE,SC/528/KT,Zango/Baure,FC/204/KT,,,KATSINA
4704,MUDURI,04,BAURE,04,BAURE,SC/528/KT,Zango/Baure,FC/204/KT,,,KATSINA
4705,BAURE,05,BAURE,04,BAURE,SC/528/KT,Zango/Baure,FC/204/KT,,,KATSINA
4706,UNGUWAR RAI,06,BAURE,04,BAURE,SC/528/KT,Zango/Baure,FC/204/KT,,,KATSINA
4707,KAGARA/FASKI,07,BAURE,04,BAURE,SC/528/KT,Zango/Baure,FC/204/KT,,,KATSINA
4708,GARKI,08,BAURE,04,BAURE,SC/528/KT,Zango/Baure,FC/204/KT,,,KATSINA
4709,YANDUNA,09,BAURE,04,BAURE,SC/528/KT,Zango/Baure,FC/204/KT,,,KATSINA
4710,MAI BARA,10,BAURE,04,BAURE,SC/528/KT,Zango/Baure,FC/204/KT,,,KATSINA
4711,HUI,11,BAURE,04,BAURE,SC/528/KT,Zango/Baure,FC/204/KT,,,KATSINA
4712,AGALA,12,BAURE,04,BAURE,SC/528/KT,Zango/Baure,FC/204/KT,,,KATSINA
4713,KAMRI,01,BINDAWA,05,BINDAWA,SC/529/KT,Bindawa/Mani,FC/193/KT,,,KATSINA
4714,BINDAWA,02,BINDAWA,05,BINDAWA,SC/529/KT,Bindawa/Mani,FC/193/KT,,,KATSINA
4715,TAMA/DAYE,03,BINDAWA,05,BINDAWA,SC/529/KT,Bindawa/Mani,FC/193/KT,,,KATSINA
4716,FARU/DALLAJI,04,BINDAWA,05,BINDAWA,SC/529/KT,Bindawa/Mani,FC/193/KT,,,KATSINA
4717,SHIBDAWA,05,BINDAWA,05,BINDAWA,SC/529/KT,Bindawa/Mani,FC/193/KT,,,KATSINA
4718,JIBAWA/R.BADE,06,BINDAWA,05,BINDAWA,SC/529/KT,Bindawa/Mani,FC/193/KT,,,KATSINA
4719,DORO,07,BINDAWA,05,BINDAWA,SC/529/KT,Bindawa/Mani,FC/193/KT,,,KATSINA
4720,BAURE,08,BINDAWA,05,BINDAWA,SC/529/KT,Bindawa/Mani,FC/193/KT,,,KATSINA
4721,YANGORA,09,BINDAWA,05,BINDAWA,SC/529/KT,Bindawa/Mani,FC/193/KT,,,KATSINA
4722,GIREMAWA,10,BINDAWA,05,BINDAWA,SC/529/KT,Bindawa/Mani,FC/193/KT,,,KATSINA
4723,GAIWA,11,BINDAWA,05,BINDAWA,SC/529/KT,Bindawa/Mani,FC/193/KT,,,KATSINA
4724,CHARANCHI,01,CHARANCHI,06,CHARANCHI,SC/530/KT,Batagarawa/Charanchi/Rimi,FC/191/KT,,,KATSINA
4725,SAFANA,02,CHARANCHI,06,CHARANCHI,SC/530/KT,Batagarawa/Charanchi/Rimi,FC/191/KT,,,KATSINA
4726,RADDA,03,CHARANCHI,06,CHARANCHI,SC/530/KT,Batagarawa/Charanchi/Rimi,FC/191/KT,,,KATSINA
4727,MAJEN WAYYA,04,CHARANCHI,06,CHARANCHI,SC/530/KT,Batagarawa/Charanchi/Rimi,FC/191/KT,,,KATSINA
4728,GANUWA,05,CHARANCHI,06,CHARANCHI,SC/530/KT,Batagarawa/Charanchi/Rimi,FC/191/KT,,,KATSINA
4729,TSAKATSA,06,CHARANCHI,06,CHARANCHI,SC/530/KT,Batagarawa/Charanchi/Rimi,FC/191/KT,,,KATSINA
4730,KODA,07,CHARANCHI,06,CHARANCHI,SC/530/KT,Batagarawa/Charanchi/Rimi,FC/191/KT,,,KATSINA
4731,KAURAYE,08,CHARANCHI,06,CHARANCHI,SC/530/KT,Batagarawa/Charanchi/Rimi,FC/191/KT,,,KATSINA
4732,BANYE,09,CHARANCHI,06,CHARANCHI,SC/530/KT,Batagarawa/Charanchi/Rimi,FC/191/KT,,,KATSINA
4733,DOKA,10,CHARANCHI,06,CHARANCHI,SC/530/KT,Batagarawa/Charanchi/Rimi,FC/191/KT,,,KATSINA
4734,MAHUTA ‘A,01,DANDUME,07,DANDUME,SC/531/KT,Funtua/Dandume,FC/197/KT,,,KATSINA
4735,MAHUTA ‘B’,02,DANDUME,07,DANDUME,SC/531/KT,Funtua/Dandume,FC/197/KT,,,KATSINA
4736,MAHUTA ‘C’,03,DANDUME,07,DANDUME,SC/531/KT,Funtua/Dandume,FC/197/KT,,,KATSINA
4737,DANDUME ‘A’,04,DANDUME,07,DANDUME,SC/531/KT,Funtua/Dandume,FC/197/KT,,,KATSINA
4738,DANDUME ‘B’,05,DANDUME,07,DANDUME,SC/531/KT,Funtua/Dandume,FC/197/KT,,,KATSINA
4739,TUMBURKAI ‘A’,06,DANDUME,07,DANDUME,SC/531/KT,Funtua/Dandume,FC/197/KT,,,KATSINA
4740,TUMBURKAI ‘B’,07,DANDUME,07,DANDUME,SC/531/KT,Funtua/Dandume,FC/197/KT,,,KATSINA
4741,DANTAKARI,08,DANDUME,07,DANDUME,SC/531/KT,Funtua/Dandume,FC/197/KT,,,KATSINA
4742,NASARAWA,09,DANDUME,07,DANDUME,SC/531/KT,Funtua/Dandume,FC/197/KT,,,KATSINA
4743,MAGAJI WANDO ‘A’,10,DANDUME,07,DANDUME,SC/531/KT,Funtua/Dandume,FC/197/KT,,,KATSINA
4744,MAGAJI WANDO ‘B’,11,DANDUME,07,DANDUME,SC/531/KT,Funtua/Dandume,FC/197/KT,,,KATSINA
4745,JIBIA,01,DANJA,08,DANJA,SC/532/KT,Bakori/Danja,FC/190/KT,,,KATSINA
4746,TANDAMA,02,DANJA,08,DANJA,SC/532/KT,Bakori/Danja,FC/190/KT,,,KATSINA
4747,DANJA ‘A’,03,DANJA,08,DANJA,SC/532/KT,Bakori/Danja,FC/190/KT,,,KATSINA
4748,DANJI ‘B’,04,DANJA,08,DANJA,SC/532/KT,Bakori/Danja,FC/190/KT,,,KATSINA
4749,TSANGAMAWA,05,DANJA,08,DANJA,SC/532/KT,Bakori/Danja,FC/190/KT,,,KATSINA
4750,DABAI,06,DANJA,08,DANJA,SC/532/KT,Bakori/Danja,FC/190/KT,,,KATSINA
4751,YAKAJI ‘A’,07,DANJA,08,DANJA,SC/532/KT,Bakori/Danja,FC/190/KT,,,KATSINA
4752,YAKAJI ‘B’,08,DANJA,08,DANJA,SC/532/KT,Bakori/Danja,FC/190/KT,,,KATSINA
4753,KAHUTU ‘A’,09,DANJA,08,DANJA,SC/532/KT,Bakori/Danja,FC/190/KT,,,KATSINA
4754,KAHUTU ‘B’,10,DANJA,08,DANJA,SC/532/KT,Bakori/Danja,FC/190/KT,,,KATSINA
4755,MARA,01,DAN MUSA,09,DANMUSA,SC/533/KT,Batsari/Safana/Danmusa,FC/192/KT,,,KATSINA
4756,DAN ALKIMA,02,DAN MUSA,09,DANMUSA,SC/533/KT,Batsari/Safana/Danmusa,FC/192/KT,,,KATSINA
4757,DAN MUSA ‘A’,03,DAN MUSA,09,DANMUSA,SC/533/KT,Batsari/Safana/Danmusa,FC/192/KT,,,KATSINA
4758,DAN MUSA ‘B’,04,DAN MUSA,09,DANMUSA,SC/533/KT,Batsari/Safana/Danmusa,FC/192/KT,,,KATSINA
4759,DAN ALI,05,DAN MUSA,09,DANMUSA,SC/533/KT,Batsari/Safana/Danmusa,FC/192/KT,,,KATSINA
4760,MAI DABINO ‘A’,06,DAN MUSA,09,DANMUSA,SC/533/KT,Batsari/Safana/Danmusa,FC/192/KT,,,KATSINA
4761,MAI DABINO ‘B’,07,DAN MUSA,09,DANMUSA,SC/533/KT,Batsari/Safana/Danmusa,FC/192/KT,,,KATSINA
4762,DANDIRE ‘A’,08,DAN MUSA,09,DANMUSA,SC/533/KT,Batsari/Safana/Danmusa,FC/192/KT,,,KATSINA
4763,DANDIRE ‘B’,09,DAN MUSA,09,DANMUSA,SC/533/KT,Batsari/Safana/Danmusa,FC/192/KT,,,KATSINA
4764,YAN-TUMAKI ‘A’,10,DAN MUSA,09,DANMUSA,SC/533/KT,Batsari/Safana/Danmusa,FC/192/KT,,,KATSINA
4765,YAN-TUMAKI ‘B’,11,DAN MUSA,09,DANMUSA,SC/533/KT,Batsari/Safana/Danmusa,FC/192/KT,,,KATSINA
4766,SARKIN YARA ‘A’,01,DAURA,10,DAURA,SC/534/KT,Daura/Sandamu/Mai’adua,FC/194/KT,,,KATSINA
4767,SARKIN YARA ‘B’,02,DAURA,10,DAURA,SC/534/KT,Daura/Sandamu/Mai’adua,FC/194/KT,,,KATSINA
4768,UBANDAWAKI ‘A’,03,DAURA,10,DAURA,SC/534/KT,Daura/Sandamu/Mai’adua,FC/194/KT,,,KATSINA
4769,UBANDAWAKI ‘B’,04,DAURA,10,DAURA,SC/534/KT,Daura/Sandamu/Mai’adua,FC/194/KT,,,KATSINA
4770,KUSUGU,05,DAURA,10,DAURA,SC/534/KT,Daura/Sandamu/Mai’adua,FC/194/KT,,,KATSINA
4771,MAZOJI ‘A’,06,DAURA,10,DAURA,SC/534/KT,Daura/Sandamu/Mai’adua,FC/194/KT,,,KATSINA
4772,MAZOJI ‘B’,07,DAURA,10,DAURA,SC/534/KT,Daura/Sandamu/Mai’adua,FC/194/KT,,,KATSINA
4773,TUDUN WAD,08,DAURA,10,DAURA,SC/534/KT,Daura/Sandamu/Mai’adua,FC/194/KT,,,KATSINA
4774,SABON GARI,09,DAURA,10,DAURA,SC/534/KT,Daura/Sandamu/Mai’adua,FC/194/KT,,,KATSINA
4775,MADOBI ‘A’,10,DAURA,10,DAURA,SC/534/KT,Daura/Sandamu/Mai’adua,FC/194/KT,,,KATSINA
4776,MADOBI ‘B’,11,DAURA,10,DAURA,SC/534/KT,Daura/Sandamu/Mai’adua,FC/194/KT,,,KATSINA
4777,DAN’AUNAI,01,DUTSI,11,DUTSI,SC/535/KT,Mashi/Dutsi,FC/202/KT,,,KATSINA
4778,RUWAN KAYA ‘A’,02,DUTSI,11,DUTSI,SC/535/KT,Mashi/Dutsi,FC/202/KT,,,KATSINA
4779,RUWAN KAYA ‘B’,03,DUTSI,11,DUTSI,SC/535/KT,Mashi/Dutsi,FC/202/KT,,,KATSINA
4780,DUTSI ‘A’,04,DUTSI,11,DUTSI,SC/535/KT,Mashi/Dutsi,FC/202/KT,,,KATSINA
4781,DUTSI ‘B’,05,DUTSI,11,DUTSI,SC/535/KT,Mashi/Dutsi,FC/202/KT,,,KATSINA
4782,YAMEL ‘A’,06,DUTSI,11,DUTSI,SC/535/KT,Mashi/Dutsi,FC/202/KT,,,KATSINA
4783,YAMEL ‘B’,07,DUTSI,11,DUTSI,SC/535/KT,Mashi/Dutsi,FC/202/KT,,,KATSINA
4784,SIRIKA ‘A’,08,DUTSI,11,DUTSI,SC/535/KT,Mashi/Dutsi,FC/202/KT,,,KATSINA
4785,SIRIKA ‘B’,09,DUTSI,11,DUTSI,SC/535/KT,Mashi/Dutsi,FC/202/KT,,,KATSINA
4786,KAYAWA,10,DUTSI,11,DUTSI,SC/535/KT,Mashi/Dutsi,FC/202/KT,,,KATSINA
4787,DUTSIN-MA ‘A’,01,DUTSIN-MA,12,DUTSIN-MA,SC/536/KT,Dutsin-ma/Kurfi,FC/195/KT,,,KATSINA
4788,DUTSIN-MA ‘B’,02,DUTSIN-MA,12,DUTSIN-MA,SC/536/KT,Dutsin-ma/Kurfi,FC/195/KT,,,KATSINA
4789,SHEMA,03,DUTSIN-MA,12,DUTSIN-MA,SC/536/KT,Dutsin-ma/Kurfi,FC/195/KT,,,KATSINA
4790,KAROFI ‘A’,04,DUTSIN-MA,12,DUTSIN-MA,SC/536/KT,Dutsin-ma/Kurfi,FC/195/KT,,,KATSINA
4791,KAROFI ‘B’,05,DUTSIN-MA,12,DUTSIN-MA,SC/536/KT,Dutsin-ma/Kurfi,FC/195/KT,,,KATSINA
4792,KUKI ‘A’,06,DUTSIN-MA,12,DUTSIN-MA,SC/536/KT,Dutsin-ma/Kurfi,FC/195/KT,,,KATSINA
4793,KUKI ‘B’,07,DUTSIN-MA,12,DUTSIN-MA,SC/536/KT,Dutsin-ma/Kurfi,FC/195/KT,,,KATSINA
4794,KUTAWA,08,DUTSIN-MA,12,DUTSIN-MA,SC/536/KT,Dutsin-ma/Kurfi,FC/195/KT,,,KATSINA
4795,BAGAGADI,09,DUTSIN-MA,12,DUTSIN-MA,SC/536/KT,Dutsin-ma/Kurfi,FC/195/KT,,,KATSINA
4796,MAKERA,10,DUTSIN-MA,12,DUTSIN-MA,SC/536/KT,Dutsin-ma/Kurfi,FC/195/KT,,,KATSINA
4797,DABAWA,11,DUTSIN-MA,12,DUTSIN-MA,SC/536/KT,Dutsin-ma/Kurfi,FC/195/KT,,,KATSINA
4798,YANKARA,01,FASKARI,13,FASKARI,SC/537/KT,Faskari/Kankara/Sabuwa,FC/196/KT,,,KATSINA
4799,SHEMA,02,FASKARI,13,FASKARI,SC/537/KT,Faskari/Kankara/Sabuwa,FC/196/KT,,,KATSINA
4800,MAIRUWA,03,FASKARI,13,FASKARI,SC/537/KT,Faskari/Kankara/Sabuwa,FC/196/KT,,,KATSINA
4801,DAUDAWA,04,FASKARI,13,FASKARI,SC/537/KT,Faskari/Kankara/Sabuwa,FC/196/KT,,,KATSINA
4802,TAFOKI,05,FASKARI,13,FASKARI,SC/537/KT,Faskari/Kankara/Sabuwa,FC/196/KT,,,KATSINA
4803,RUWAN GODIYA,06,FASKARI,13,FASKARI,SC/537/KT,Faskari/Kankara/Sabuwa,FC/196/KT,,,KATSINA
4804,YARMALAMAI,07,FASKARI,13,FASKARI,SC/537/KT,Faskari/Kankara/Sabuwa,FC/196/KT,,,KATSINA
4805,FASKARI,08,FASKARI,13,FASKARI,SC/537/KT,Faskari/Kankara/Sabuwa,FC/196/KT,,,KATSINA
4806,SABONLAYI/GALDIMA,09,FASKARI,13,FASKARI,SC/537/KT,Faskari/Kankara/Sabuwa,FC/196/KT,,,KATSINA
4807,MAIGORA,10,FASKARI,13,FASKARI,SC/537/KT,Faskari/Kankara/Sabuwa,FC/196/KT,,,KATSINA
4808,UNG.DANDUTSE,01,FUNTUA,14,FUNTUA,SC/538/KT,Funtua/Dandume,FC/197/KT,,,KATSINA
4809,SABON GARI,02,FUNTUA,14,FUNTUA,SC/538/KT,Funtua/Dandume,FC/197/KT,,,KATSINA
4810,UNGUWAR RAB’U,03,FUNTUA,14,FUNTUA,SC/538/KT,Funtua/Dandume,FC/197/KT,,,KATSINA
4811,UNGUWAR IBRAHIM,04,FUNTUA,14,FUNTUA,SC/538/KT,Funtua/Dandume,FC/197/KT,,,KATSINA
4812,UNGUWAR MUSA,05,FUNTUA,14,FUNTUA,SC/538/KT,Funtua/Dandume,FC/197/KT,,,KATSINA
4813,DUKKE,06,FUNTUA,14,FUNTUA,SC/538/KT,Funtua/Dandume,FC/197/KT,,,KATSINA
4814,MAKERA,07,FUNTUA,14,FUNTUA,SC/538/KT,Funtua/Dandume,FC/197/KT,,,KATSINA
4815,GOYA,08,FUNTUA,14,FUNTUA,SC/538/KT,Funtua/Dandume,FC/197/KT,,,KATSINA
4816,MAIGAMJI,09,FUNTUA,14,FUNTUA,SC/538/KT,Funtua/Dandume,FC/197/KT,,,KATSINA
4817,MASKA,10,FUNTUA,14,FUNTUA,SC/538/KT,Funtua/Dandume,FC/197/KT,,,KATSINA
4818,TUDUNIYA,11,FUNTUA,14,FUNTUA,SC/538/KT,Funtua/Dandume,FC/197/KT,,,KATSINA
4819,DUGUL,01,INGAWA,15,INGAWA,SC/539/KT,Ingawa/Kankia/Kusada,FC/198/KT,,,KATSINA
4820,YANDOMA,02,INGAWA,15,INGAWA,SC/539/KT,Ingawa/Kankia/Kusada,FC/198/KT,,,KATSINA
4821,INGAWA,03,INGAWA,15,INGAWA,SC/539/KT,Ingawa/Kankia/Kusada,FC/198/KT,,,KATSINA
4822,AGAYAWA,04,INGAWA,15,INGAWA,SC/539/KT,Ingawa/Kankia/Kusada,FC/198/KT,,,KATSINA
4823,JOBE/KANDAWA,05,INGAWA,15,INGAWA,SC/539/KT,Ingawa/Kankia/Kusada,FC/198/KT,,,KATSINA
4824,KURFEJI/YANKAURA,06,INGAWA,15,INGAWA,SC/539/KT,Ingawa/Kankia/Kusada,FC/198/KT,,,KATSINA
4825,MANOMAWA/KAFI,07,INGAWA,15,INGAWA,SC/539/KT,Ingawa/Kankia/Kusada,FC/198/KT,,,KATSINA
4826,BIDORE/YAYA,08,INGAWA,15,INGAWA,SC/539/KT,Ingawa/Kankia/Kusada,FC/198/KT,,,KATSINA
4827,BARERUWA/RURUMA,09,INGAWA,15,INGAWA,SC/539/KT,Ingawa/Kankia/Kusada,FC/198/KT,,,KATSINA
4828,DAUNAKA/BKWARI,10,INGAWA,15,INGAWA,SC/539/KT,Ingawa/Kankia/Kusada,FC/198/KT,,,KATSINA
4829,DARA,11,INGAWA,15,INGAWA,SC/539/KT,Ingawa/Kankia/Kusada,FC/198/KT,,,KATSINA
4830,FARFARU,01,JIBIA,16,JIBIA,SC/540/KT,Jibia/Kaita,FC/199/KT,,,KATSINA
4831,YANGAIYA,02,JIBIA,16,JIBIA,SC/540/KT,Jibia/Kaita,FC/199/KT,,,KATSINA
4832,JIBIA ‘A’,03,JIBIA,16,JIBIA,SC/540/KT,Jibia/Kaita,FC/199/KT,,,KATSINA
4833,JIBIA ‘B’,04,JIBIA,16,JIBIA,SC/540/KT,Jibia/Kaita,FC/199/KT,,,KATSINA
4834,MAZANYA/MAGAMA,05,JIBIA,16,JIBIA,SC/540/KT,Jibia/Kaita,FC/199/KT,,,KATSINA
4835,G/BAURE/MALLAMAWA,06,JIBIA,16,JIBIA,SC/540/KT,Jibia/Kaita,FC/199/KT,,,KATSINA
4836,FARU,07,JIBIA,16,JIBIA,SC/540/KT,Jibia/Kaita,FC/199/KT,,,KATSINA
4837,BUGAJE,08,JIBIA,16,JIBIA,SC/540/KT,Jibia/Kaita,FC/199/KT,,,KATSINA
4838,GANGARA,09,JIBIA,16,JIBIA,SC/540/KT,Jibia/Kaita,FC/199/KT,,,KATSINA
4839,RIKO,10,JIBIA,16,JIBIA,SC/540/KT,Jibia/Kaita,FC/199/KT,,,KATSINA
4840,KUSA,11,JIBIA,16,JIBIA,SC/540/KT,Jibia/Kaita,FC/199/KT,,,KATSINA
4841,YARTALATA/RIGOJI,01,KAFUR,17,KAFUR,SC/541/KT,Malumfashi/Kafur,FC/200/KT,,,KATSINA
4842,DUTSIN KURA/KANYA,02,KAFUR,17,KAFUR,SC/541/KT,Malumfashi/Kafur,FC/200/KT,,,KATSINA
4843,KAFUR,03,KAFUR,17,KAFUR,SC/541/KT,Malumfashi/Kafur,FC/200/KT,,,KATSINA
4844,MASARI,04,KAFUR,17,KAFUR,SC/541/KT,Malumfashi/Kafur,FC/200/KT,,,KATSINA
4845,YARI BORI,05,KAFUR,17,KAFUR,SC/541/KT,Malumfashi/Kafur,FC/200/KT,,,KATSINA
4846,SABUWAR KASA,06,KAFUR,17,KAFUR,SC/541/KT,Malumfashi/Kafur,FC/200/KT,,,KATSINA
4847,GOZAKI,07,KAFUR,17,KAFUR,SC/541/KT,Malumfashi/Kafur,FC/200/KT,,,KATSINA
4848,DANTUTURE,08,KAFUR,17,KAFUR,SC/541/KT,Malumfashi/Kafur,FC/200/KT,,,KATSINA
4849,MAHUTA,09,KAFUR,17,KAFUR,SC/541/KT,Malumfashi/Kafur,FC/200/KT,,,KATSINA
4850,GAMZAGO,10,KAFUR,17,KAFUR,SC/541/KT,Malumfashi/Kafur,FC/200/KT,,,KATSINA
4851,YANDAKI,01,KAITA,18,KAITA,SC/542/KT,Jibia/Kaita,FC/199/KT,,,KATSINA
4852,DANKABA,02,KAITA,18,KAITA,SC/542/KT,Jibia/Kaita,FC/199/KT,,,KATSINA
4853,ABDALLAWA,03,KAITA,18,KAITA,SC/542/KT,Jibia/Kaita,FC/199/KT,,,KATSINA
4854,BA’AWA,04,KAITA,18,KAITA,SC/542/KT,Jibia/Kaita,FC/199/KT,,,KATSINA
4855,GAFIYA,05,KAITA,18,KAITA,SC/542/KT,Jibia/Kaita,FC/199/KT,,,KATSINA
4856,GIRKA,06,KAITA,18,KAITA,SC/542/KT,Jibia/Kaita,FC/199/KT,,,KATSINA
4857,KAITA,07,KAITA,18,KAITA,SC/542/KT,Jibia/Kaita,FC/199/KT,,,KATSINA
4858,YANHOHO,08,KAITA,18,KAITA,SC/542/KT,Jibia/Kaita,FC/199/KT,,,KATSINA
4859,DANKAMA,09,KAITA,18,KAITA,SC/542/KT,Jibia/Kaita,FC/199/KT,,,KATSINA
4860,MATSAI,10,KAITA,18,KAITA,SC/542/KT,Jibia/Kaita,FC/199/KT,,,KATSINA
4861,GATAKAWA S./GARMABAI,01,KANKARA,19,KANKARA,SC/543/KT,Faskari/Kankara/Sabuwa,FC/196/KT,,,KATSINA
4862,ZANGO/ZABARO,02,KANKARA,19,KANKARA,SC/543/KT,Faskari/Kankara/Sabuwa,FC/196/KT,,,KATSINA
4863,PAUWA A&B,03,KANKARA,19,KANKARA,SC/543/KT,Faskari/Kankara/Sabuwa,FC/196/KT,,,KATSINA
4864,KUKASHEKA,04,KANKARA,19,KANKARA,SC/543/KT,Faskari/Kankara/Sabuwa,FC/196/KT,,,KATSINA
4865,HURYA,05,KANKARA,19,KANKARA,SC/543/KT,Faskari/Kankara/Sabuwa,FC/196/KT,,,KATSINA
4866,KANKARA A&B,06,KANKARA,19,KANKARA,SC/543/KT,Faskari/Kankara/Sabuwa,FC/196/KT,,,KATSINA
4867,GARAGI,07,KANKARA,19,KANKARA,SC/543/KT,Faskari/Kankara/Sabuwa,FC/196/KT,,,KATSINA
4868,BURDUGAU,08,KANKARA,19,KANKARA,SC/543/KT,Faskari/Kankara/Sabuwa,FC/196/KT,,,KATSINA
4869,WAWAR KAZA,09,KANKARA,19,KANKARA,SC/543/KT,Faskari/Kankara/Sabuwa,FC/196/KT,,,KATSINA
4870,DAN’MURABU,10,KANKARA,19,KANKARA,SC/543/KT,Faskari/Kankara/Sabuwa,FC/196/KT,,,KATSINA
4871,DAN’MADAKI,11,KANKARA,19,KANKARA,SC/543/KT,Faskari/Kankara/Sabuwa,FC/196/KT,,,KATSINA
4872,GALADIMA ‘A’,01,KANKA,20,KANKIA,SC/544/KT,Ingawa/Kankia/Kusada,FC/198/KT,,,KATSINA
4873,GALADIMA ‘B’,02,KANKA,20,KANKIA,SC/544/KT,Ingawa/Kankia/Kusada,FC/198/KT,,,KATSINA
4874,KAFINSOLI,03,KANKA,20,KANKIA,SC/544/KT,Ingawa/Kankia/Kusada,FC/198/KT,,,KATSINA
4875,TAFASHIYA/NASARAW A,04,KANKA,20,KANKIA,SC/544/KT,Ingawa/Kankia/Kusada,FC/198/KT,,,KATSINA
4876,KUNDURU/GYAZA,05,KANKA,20,KANKIA,SC/544/KT,Ingawa/Kankia/Kusada,FC/198/KT,,,KATSINA
4877,KAFIN DANGI/FAKUWA,06,KANKA,20,KANKIA,SC/544/KT,Ingawa/Kankia/Kusada,FC/198/KT,,,KATSINA
4878,SUKUNTUNI,07,KANKA,20,KANKIA,SC/544/KT,Ingawa/Kankia/Kusada,FC/198/KT,,,KATSINA
4879,RIMAYE,08,KANKA,20,KANKIA,SC/544/KT,Ingawa/Kankia/Kusada,FC/198/KT,,,KATSINA
4880,GACHI,09,KANKA,20,KANKIA,SC/544/KT,Ingawa/Kankia/Kusada,FC/198/KT,,,KATSINA
4881,MAGAM/TSA,10,KANKA,20,KANKIA,SC/544/KT,Ingawa/Kankia/Kusada,FC/198/KT,,,KATSINA
4882,WAKILIN GABAS II,01,KATSINA,21,KATSINA,SC/546/KT,Katsina,FC/201/KT,,,KATSINA
4883,WAKILIN GABAS II,02,KATSINA,21,KATSINA,SC/546/KT,Katsina,FC/201/KT,,,KATSINA
4884,KANGIWA,03,KATSINA,21,KATSINA,SC/546/KT,Katsina,FC/201/KT,,,KATSINA
4885,WAKILIN YAMMA I,04,KATSINA,21,KATSINA,SC/546/KT,Katsina,FC/201/KT,,,KATSINA
4886,WAKILIN YAMMA II,05,KATSINA,21,KATSINA,SC/546/KT,Katsina,FC/201/KT,,,KATSINA
4887,WAKILIN KUDU I,06,KATSINA,21,KATSINA,SC/546/KT,Katsina,FC/201/KT,,,KATSINA
4888,WAKILIN KUDU II,07,KATSINA,21,KATSINA,SC/546/KT,Katsina,FC/201/KT,,,KATSINA
4889,WAKILIN AREWA ‘A’,08,KATSINA,21,KATSINA,SC/546/KT,Katsina,FC/201/KT,,,KATSINA
4890,WAKILIN AREWA ‘B’,09,KATSINA,21,KATSINA,SC/546/KT,Katsina,FC/201/KT,,,KATSINA
4891,SHINKAFI ‘A’,10,KATSINA,21,KATSINA,SC/546/KT,Katsina,FC/201/KT,,,KATSINA
4892,SHINKAFI ‘B’,11,KATSINA,21,KATSINA,SC/546/KT,Katsina,FC/201/KT,,,KATSINA
4893,WAKILIN KUDU III,12,KATSINA,21,KATSINA,SC/546/KT,Katsina,FC/201/KT,,,KATSINA
4894,TSAURI ‘A’,01,KURFI,22,KURFI,SC/547/KT,Dutsin-ma/Kurfi,FC/195/KT,,,KATSINA
4895,TSUARI ‘B’,02,KURFI,22,KURFI,SC/547/KT,Dutsin-ma/Kurfi,FC/195/KT,,,KATSINA
4896,KURFI ‘A’,03,KURFI,22,KURFI,SC/547/KT,Dutsin-ma/Kurfi,FC/195/KT,,,KATSINA
4897,KURFI ‘B’,04,KURFI,22,KURFI,SC/547/KT,Dutsin-ma/Kurfi,FC/195/KT,,,KATSINA
4898,RAWAYUA ‘A’,05,KURFI,22,KURFI,SC/547/KT,Dutsin-ma/Kurfi,FC/195/KT,,,KATSINA
4899,RAWAYUA ‘B’,06,KURFI,22,KURFI,SC/547/KT,Dutsin-ma/Kurfi,FC/195/KT,,,KATSINA
4900,BIRCHI,07,KURFI,22,KURFI,SC/547/KT,Dutsin-ma/Kurfi,FC/195/KT,,,KATSINA
4901,BARKIYA,08,KURFI,22,KURFI,SC/547/KT,Dutsin-ma/Kurfi,FC/195/KT,,,KATSINA
4902,WURMA ‘A’,09,KURFI,22,KURFI,SC/547/KT,Dutsin-ma/Kurfi,FC/195/KT,,,KATSINA
4903,WURMA ‘B’,10,KURFI,22,KURFI,SC/547/KT,Dutsin-ma/Kurfi,FC/195/KT,,,KATSINA
4904,KUDADA,01,KUSADA,23,KUSADA,SC/545/KT,Ingawa/Kankia/Kusada,FC/198/KT,,,KATSINA
4905,DUDUNNI,02,KUSADA,23,KUSADA,SC/545/KT,Ingawa/Kankia/Kusada,FC/198/KT,,,KATSINA
4906,KAIKAI,03,KUSADA,23,KUSADA,SC/545/KT,Ingawa/Kankia/Kusada,FC/198/KT,,,KATSINA
4907,MAWASHI,04,KUSADA,23,KUSADA,SC/545/KT,Ingawa/Kankia/Kusada,FC/198/KT,,,KATSINA
4908,BOKO,05,KUSADA,23,KUSADA,SC/545/KT,Ingawa/Kankia/Kusada,FC/198/KT,,,KATSINA
4909,KOFA,06,KUSADA,23,KUSADA,SC/545/KT,Ingawa/Kankia/Kusada,FC/198/KT,,,KATSINA
4910,BAURANYA ‘A’,07,KUSADA,23,KUSADA,SC/545/KT,Ingawa/Kankia/Kusada,FC/198/KT,,,KATSINA
4911,BAURANYA ‘B’,08,KUSADA,23,KUSADA,SC/545/KT,Ingawa/Kankia/Kusada,FC/198/KT,,,KATSINA
4912,YASHE ‘A’,09,KUSADA,23,KUSADA,SC/545/KT,Ingawa/Kankia/Kusada,FC/198/KT,,,KATSINA
4913,YASHE ‘B’,10,KUSADA,23,KUSADA,SC/545/KT,Ingawa/Kankia/Kusada,FC/198/KT,,,KATSINA
4914,BUMBUM ‘A’,01,MAI’ADUA,24,MAI’ADUA,SC/548/KT,Daura/Sandamu/Mai’adua,FC/194/KT,,,KATSINA
4915,BUMBUM ‘B’,02,MAI’ADUA,24,MAI’ADUA,SC/548/KT,Daura/Sandamu/Mai’adua,FC/194/KT,,,KATSINA
4916,DANYASHE,03,MAI’ADUA,24,MAI’ADUA,SC/548/KT,Daura/Sandamu/Mai’adua,FC/194/KT,,,KATSINA
4917,MAIADIEA ‘A’,04,MAI’ADUA,24,MAI’ADUA,SC/548/KT,Daura/Sandamu/Mai’adua,FC/194/KT,,,KATSINA
4918,MAIADUA ‘B’,05,MAI’ADUA,24,MAI’ADUA,SC/548/KT,Daura/Sandamu/Mai’adua,FC/194/KT,,,KATSINA
4919,MAIADUA ‘C’,06,MAI’ADUA,24,MAI’ADUA,SC/548/KT,Daura/Sandamu/Mai’adua,FC/194/KT,,,KATSINA
4920,MAI KONI ‘A’,07,MAI’ADUA,24,MAI’ADUA,SC/548/KT,Daura/Sandamu/Mai’adua,FC/194/KT,,,KATSINA
4921,MAI KONI ‘B’,08,MAI’ADUA,24,MAI’ADUA,SC/548/KT,Daura/Sandamu/Mai’adua,FC/194/KT,,,KATSINA
4922,NATSALLE,09,MAI’ADUA,24,MAI’ADUA,SC/548/KT,Daura/Sandamu/Mai’adua,FC/194/KT,,,KATSINA
4923,KOZA,10,MAI’ADUA,24,MAI’ADUA,SC/548/KT,Daura/Sandamu/Mai’adua,FC/194/KT,,,KATSINA
4924,MALUMFASHI ‘A’,01,MALUMFASHI,25,,,Malumfashi/Kafur,FC/200/KT,,,KATSINA
4925,MALUMFASHI ‘B’,02,MALUMFASHI,25,,,Malumfashi/Kafur,FC/200/KT,,,KATSINA
4926,YABA,03,MALUMFASHI,25,,,Malumfashi/Kafur,FC/200/KT,,,KATSINA
4927,RUWAN SANYI,04,MALUMFASHI,25,,,Malumfashi/Kafur,FC/200/KT,,,KATSINA
4928,KARFI,05,MALUMFASHI,25,,,Malumfashi/Kafur,FC/200/KT,,,KATSINA
4929,BORIN DAWA,06,MALUMFASHI,25,,,Malumfashi/Kafur,FC/200/KT,,,KATSINA
4930,YARMAMA,07,MALUMFASHI,25,,,Malumfashi/Kafur,FC/200/KT,,,KATSINA
4931,GORARDANSAKA,08,MALUMFASHI,25,,,Malumfashi/Kafur,FC/200/KT,,,KATSINA
4932,DANSARAI,09,MALUMFASHI,25,,,Malumfashi/Kafur,FC/200/KT,,,KATSINA
4933,MAKAURACHI,10,MALUMFASHI,25,,,Malumfashi/Kafur,FC/200/KT,,,KATSINA
4934,DAYI,11,MALUMFASHI,25,,,Malumfashi/Kafur,FC/200/KT,,,KATSINA
4935,NA-ALMA,12,MALUMFASHI,25,,,Malumfashi/Kafur,FC/200/KT,,,KATSINA
4936,BUJAWA/GEWAYAU,01,MANI,26,MANI,SC/550/KT,Bindawa/Mani,FC/193/KT,,,KATSINA
4937,DAWAN/MAKAU,02,MANI,26,MANI,SC/550/KT,Bindawa/Mani,FC/193/KT,,,KATSINA
4938,MANI,03,MANI,26,MANI,SC/550/KT,Bindawa/Mani,FC/193/KT,,,KATSINA
4939,BAGIWA,04,MANI,26,MANI,SC/550/KT,Bindawa/Mani,FC/193/KT,,,KATSINA
4940,TSAGM/TAKUSHEYI,05,MANI,26,MANI,SC/550/KT,Bindawa/Mani,FC/193/KT,,,KATSINA
4941,HAMCHETA,06,MANI,26,MANI,SC/550/KT,Bindawa/Mani,FC/193/KT,,,KATSINA
4942,KWATTA,07,MANI,26,MANI,SC/550/KT,Bindawa/Mani,FC/193/KT,,,KATSINA
4943,MACHIKA,08,MANI,26,MANI,SC/550/KT,Bindawa/Mani,FC/193/KT,,,KATSINA
4944,MUDURU,09,MANI,26,MANI,SC/550/KT,Bindawa/Mani,FC/193/KT,,,KATSINA
4945,MAGAMI,10,MANI,26,MANI,SC/550/KT,Bindawa/Mani,FC/193/KT,,,KATSINA
4946,JANI,11,MANI,26,MANI,SC/550/KT,Bindawa/Mani,FC/193/KT,,,KATSINA
4947,MASHI,01,MASHI,27,MASHI,SC/552/KT,Mashi/Dutsi,FC/202/KT,,,KATSINA
4948,JIGAWA,02,MASHI,27,MASHI,SC/552/KT,Mashi/Dutsi,FC/202/KT,,,KATSINA
4949,S/RIJIYA,03,MASHI,27,MASHI,SC/552/KT,Mashi/Dutsi,FC/202/KT,,,KATSINA
4950,BAMLE,04,MASHI,27,MASHI,SC/552/KT,Mashi/Dutsi,FC/202/KT,,,KATSINA
4951,GALLU,05,MASHI,27,MASHI,SC/552/KT,Mashi/Dutsi,FC/202/KT,,,KATSINA
4952,SONKAYA,06,MASHI,27,MASHI,SC/552/KT,Mashi/Dutsi,FC/202/KT,,,KATSINA
4953,DOGURU ‘A’,07,MASHI,27,MASHI,SC/552/KT,Mashi/Dutsi,FC/202/KT,,,KATSINA
4954,DOGURU ‘B’,08,MASHI,27,MASHI,SC/552/KT,Mashi/Dutsi,FC/202/KT,,,KATSINA
4955,KARAI,09,MASHI,27,MASHI,SC/552/KT,Mashi/Dutsi,FC/202/KT,,,KATSINA
4956,TAMILO ‘A’,10,MASHI,27,MASHI,SC/552/KT,Mashi/Dutsi,FC/202/KT,,,KATSINA
4957,TAMILO ‘B’,11,MASHI,27,MASHI,SC/552/KT,Mashi/Dutsi,FC/202/KT,,,KATSINA
4958,MATAZU ‘A’,01,MATAZU,28,MATAZU,SC/551/KT,Matazu/Musawa,FC/203/KT,,,KATSINA
4959,MATAZU ‘B’,02,MATAZU,28,MATAZU,SC/551/KT,Matazu/Musawa,FC/203/KT,,,KATSINA
4960,MAZOJI ‘A’,03,MATAZU,28,MATAZU,SC/551/KT,Matazu/Musawa,FC/203/KT,,,KATSINA
4961,MAZOJI ‘B’,04,MATAZU,28,MATAZU,SC/551/KT,Matazu/Musawa,FC/203/KT,,,KATSINA
4962,SAYAYA,05,MATAZU,28,MATAZU,SC/551/KT,Matazu/Musawa,FC/203/KT,,,KATSINA
4963,KOGARI,06,MATAZU,28,MATAZU,SC/551/KT,Matazu/Musawa,FC/203/KT,,,KATSINA
4964,GWARJO,07,MATAZU,28,MATAZU,SC/551/KT,Matazu/Musawa,FC/203/KT,,,KATSINA
4965,KARADUWA,08,MATAZU,28,MATAZU,SC/551/KT,Matazu/Musawa,FC/203/KT,,,KATSINA
4966,DISSI,09,MATAZU,28,MATAZU,SC/551/KT,Matazu/Musawa,FC/203/KT,,,KATSINA
4967,RINJIN IDI,10,MATAZU,28,MATAZU,SC/551/KT,Matazu/Musawa,FC/203/KT,,,KATSINA
4968,MUSAWA,01,MUSAWA,29,MUSAWA,SC/553/KT,Matazu/Musawa,FC/203/KT,,,KATSINA
4969,JIKAMSHI,02,MUSAWA,29,MUSAWA,SC/553/KT,Matazu/Musawa,FC/203/KT,,,KATSINA
4970,DANJANKU KARACHI,03,MUSAWA,29,MUSAWA,SC/553/KT,Matazu/Musawa,FC/203/KT,,,KATSINA
4971,KIRA,04,MUSAWA,29,MUSAWA,SC/553/KT,Matazu/Musawa,FC/203/KT,,,KATSINA
4972,YARADAU/TABANNI,05,MUSAWA,29,MUSAWA,SC/553/KT,Matazu/Musawa,FC/203/KT,,,KATSINA
4973,TUGE,06,MUSAWA,29,MUSAWA,SC/553/KT,Matazu/Musawa,FC/203/KT,,,KATSINA
4974,GINGIN,07,MUSAWA,29,MUSAWA,SC/553/KT,Matazu/Musawa,FC/203/KT,,,KATSINA
4975,KURKUJAN ‘A’,08,MUSAWA,29,MUSAWA,SC/553/KT,Matazu/Musawa,FC/203/KT,,,KATSINA
4976,KURKUJAN ‘B’,09,MUSAWA,29,MUSAWA,SC/553/KT,Matazu/Musawa,FC/203/KT,,,KATSINA
4977,DANGANI,10,MUSAWA,29,MUSAWA,SC/553/KT,Matazu/Musawa,FC/203/KT,,,KATSINA
4978,GARU,11,MUSAWA,29,MUSAWA,SC/553/KT,Matazu/Musawa,FC/203/KT,,,KATSINA
4979,RIMI,01,RIMI,30,RIMI,SC/554/KT,Batagarawa/Charanchi/Rimi,FC/191/KT,,,KATSINA
4980,ABUKUR,02,RIMI,30,RIMI,SC/554/KT,Batagarawa/Charanchi/Rimi,FC/191/KT,,,KATSINA
4981,MAJEN GOVIR,03,RIMI,30,RIMI,SC/554/KT,Batagarawa/Charanchi/Rimi,FC/191/KT,,,KATSINA
4982,REMAWA/IYATAWA,04,RIMI,30,RIMI,SC/554/KT,Batagarawa/Charanchi/Rimi,FC/191/KT,,,KATSINA
4983,KADANDANI,05,RIMI,30,RIMI,SC/554/KT,Batagarawa/Charanchi/Rimi,FC/191/KT,,,KATSINA
4984,SABON GARI/ALARAIN,06,RIMI,30,RIMI,SC/554/KT,Batagarawa/Charanchi/Rimi,FC/191/KT,,,KATSINA
4985,TSAGERO,07,RIMI,30,RIMI,SC/554/KT,Batagarawa/Charanchi/Rimi,FC/191/KT,,,KATSINA
4986,FARDAMI,08,RIMI,30,RIMI,SC/554/KT,Batagarawa/Charanchi/Rimi,FC/191/KT,,,KATSINA
4987,MAKURDA,09,RIMI,30,RIMI,SC/554/KT,Batagarawa/Charanchi/Rimi,FC/191/KT,,,KATSINA
4988,MASABO/KURABAU,10,RIMI,30,RIMI,SC/554/KT,Batagarawa/Charanchi/Rimi,FC/191/KT,,,KATSINA
4989,SABUWA ‘A’,01,SABUWA,31,SABUWA,SC/555/KT,Faskari/Kankara/Sabuwa,FC/196/KT,,,KATSINA
4990,SABUWA ‘B’,02,SABUWA,31,SABUWA,SC/555/KT,Faskari/Kankara/Sabuwa,FC/196/KT,,,KATSINA
4991,GAZARI,03,SABUWA,31,SABUWA,SC/555/KT,Faskari/Kankara/Sabuwa,FC/196/KT,,,KATSINA
4992,MAI BAKKO,04,SABUWA,31,SABUWA,SC/555/KT,Faskari/Kankara/Sabuwa,FC/196/KT,,,KATSINA
4993,DAMARI,05,SABUWA,31,SABUWA,SC/555/KT,Faskari/Kankara/Sabuwa,FC/196/KT,,,KATSINA
4994,MACHIKA,06,SABUWA,31,SABUWA,SC/555/KT,Faskari/Kankara/Sabuwa,FC/196/KT,,,KATSINA
4995,DUGUN MA’AZU,07,SABUWA,31,SABUWA,SC/555/KT,Faskari/Kankara/Sabuwa,FC/196/KT,,,KATSINA
4996,GAMJI,08,SABUWA,31,SABUWA,SC/555/KT,Faskari/Kankara/Sabuwa,FC/196/KT,,,KATSINA
4997,RAFIN-IWA,09,SABUWA,31,SABUWA,SC/555/KT,Faskari/Kankara/Sabuwa,FC/196/KT,,,KATSINA
4998,SAYAU,10,SABUWA,31,SABUWA,SC/555/KT,Faskari/Kankara/Sabuwa,FC/196/KT,,,KATSINA
4999,SAFANA,01,SAFANA,32,SAFANA,SC/556/KT,Batsari/Safana/Danmusa,FC/192/KT,,,KATSINA
5000,TSAKIYA,02,SAFANA,32,SAFANA,SC/556/KT,Batsari/Safana/Danmusa,FC/192/KT,,,KATSINA
5001,RUNKA ‘A’,03,SAFANA,32,SAFANA,SC/556/KT,Batsari/Safana/Danmusa,FC/192/KT,,,KATSINA
5002,RUNKA ‘B’,04,SAFANA,32,SAFANA,SC/556/KT,Batsari/Safana/Danmusa,FC/192/KT,,,KATSINA
5003,BABBAN DUHU ‘A’,05,SAFANA,32,SAFANA,SC/556/KT,Batsari/Safana/Danmusa,FC/192/KT,,,KATSINA
5004,BABBAN DUHU ‘B’,06,SAFANA,32,SAFANA,SC/556/KT,Batsari/Safana/Danmusa,FC/192/KT,,,KATSINA
5005,ZAKKA ‘A’,07,SAFANA,32,SAFANA,SC/556/KT,Batsari/Safana/Danmusa,FC/192/KT,,,KATSINA
5006,ZAKKA ‘B’,08,SAFANA,32,SAFANA,SC/556/KT,Batsari/Safana/Danmusa,FC/192/KT,,,KATSINA
5007,BAURE ‘A’,09,SAFANA,32,SAFANA,SC/556/KT,Batsari/Safana/Danmusa,FC/192/KT,,,KATSINA
5008,BAURE ‘B’,10,SAFANA,32,SAFANA,SC/556/KT,Batsari/Safana/Danmusa,FC/192/KT,,,KATSINA
5009,SANDAMU,01,SANDAMU,33,SANDAMU,SC/557/KT,Daura/Sandamu/Mai’adua,FC/194/KT,,,KATSINA
5010,KARKARKU,02,SANDAMU,33,SANDAMU,SC/557/KT,Daura/Sandamu/Mai’adua,FC/194/KT,,,KATSINA
5011,KWASARAWA,03,SANDAMU,33,SANDAMU,SC/557/KT,Daura/Sandamu/Mai’adua,FC/194/KT,,,KATSINA
5012,DANEJI ‘A’,04,SANDAMU,33,SANDAMU,SC/557/KT,Daura/Sandamu/Mai’adua,FC/194/KT,,,KATSINA
5013,DANEJI ‘B’,05,SANDAMU,33,SANDAMU,SC/557/KT,Daura/Sandamu/Mai’adua,FC/194/KT,,,KATSINA
5014,FAGO ‘A’,06,SANDAMU,33,SANDAMU,SC/557/KT,Daura/Sandamu/Mai’adua,FC/194/KT,,,KATSINA
5015,FAGO ‘B’,07,SANDAMU,33,SANDAMU,SC/557/KT,Daura/Sandamu/Mai’adua,FC/194/KT,,,KATSINA
5016,RADE ‘A’,08,SANDAMU,33,SANDAMU,SC/557/KT,Daura/Sandamu/Mai’adua,FC/194/KT,,,KATSINA
5017,RADE ‘B’,09,SANDAMU,33,SANDAMU,SC/557/KT,Daura/Sandamu/Mai’adua,FC/194/KT,,,KATSINA
5018,KATSAYAL,10,SANDAMU,33,SANDAMU,SC/557/KT,Daura/Sandamu/Mai’adua,FC/194/KT,,,KATSINA
5019,KAGARE,11,SANDAMU,33,SANDAMU,SC/557/KT,Daura/Sandamu/Mai’adua,FC/194/KT,,,KATSINA
5020,YARDAJE,01,ZANGO,34,ZANGO,SC/558/KT,Zango/Baure,FC/204/KT,,,KATSINA
5021,KANDA,02,ZANGO,34,ZANGO,SC/558/KT,Zango/Baure,FC/204/KT,,,KATSINA
5022,ZANGO,03,ZANGO,34,ZANGO,SC/558/KT,Zango/Baure,FC/204/KT,,,KATSINA
5023,SARA,04,ZANGO,34,ZANGO,SC/558/KT,Zango/Baure,FC/204/KT,,,KATSINA
5024,DARGAGE,05,ZANGO,34,ZANGO,SC/558/KT,Zango/Baure,FC/204/KT,,,KATSINA
5025,RIGOGO/CIDARI,06,ZANGO,34,ZANGO,SC/558/KT,Zango/Baure,FC/204/KT,,,KATSINA
5026,GARNI,07,ZANGO,34,ZANGO,SC/558/KT,Zango/Baure,FC/204/KT,,,KATSINA
5027,GWAMBA,08,ZANGO,34,ZANGO,SC/558/KT,Zango/Baure,FC/204/KT,,,KATSINA
5028,KAWARIN KUDI,09,ZANGO,34,ZANGO,SC/558/KT,Zango/Baure,FC/204/KT,,,KATSINA
5029,KAWARIN MALAMAI,10,ZANGO,34,ZANGO,SC/558/KT,Zango/Baure,FC/204/KT,,,KATSINA
5030,ALIERO DANGA-LADIMA I,01,ALIERO,01,ALEIRO,SC/559/KB,Aleiro/Gwandu/Jega,FC/209/KB,,,KEBBI
5031,ALIERO DANGA-LADIMA II,02,ALIERO,01,ALEIRO,SC/559/KB,Aleiro/Gwandu/Jega,FC/209/KB,,,KEBBI
5032,ALIERO S/FADA I,03,ALIERO,01,ALEIRO,SC/559/KB,Aleiro/Gwandu/Jega,FC/209/KB,,,KEBBI
5033,ALIERO S/FADA II,04,ALIERO,01,ALEIRO,SC/559/KB,Aleiro/Gwandu/Jega,FC/209/KB,,,KEBBI
5034,DANWARAI,05,ALIERO,01,ALEIRO,SC/559/KB,Aleiro/Gwandu/Jega,FC/209/KB,,,KEBBI
5035,JIGA BIRNI,06,ALIERO,01,ALEIRO,SC/559/KB,Aleiro/Gwandu/Jega,FC/209/KB,,,KEBBI
5036,JIGA MAKERA,07,ALIERO,01,ALEIRO,SC/559/KB,Aleiro/Gwandu/Jega,FC/209/KB,,,KEBBI
5037,KASHIN ZAMA,08,ALIERO,01,ALEIRO,SC/559/KB,Aleiro/Gwandu/Jega,FC/209/KB,,,KEBBI
5038,RAFIN BAUNA,09,ALIERO,01,ALEIRO,SC/559/KB,Aleiro/Gwandu/Jega,FC/209/KB,,,KEBBI
5039,SABIYAL,10,ALIERO,01,ALEIRO,SC/559/KB,Aleiro/Gwandu/Jega,FC/209/KB,,,KEBBI
5040,BIU,01,AREWA,02,AREWA,SC/560/KB,Arewa/Dandi,FC/205/KB,,,KEBBI
5041,CHIBIKE,02,AREWA,02,AREWA,SC/560/KB,Arewa/Dandi,FC/205/KB,,,KEBBI
5042,DAURA/SAKWABE/JARIKU KA,03,AREWA,02,AREWA,SC/560/KB,Arewa/Dandi,FC/205/KB,,,KEBBI
5043,GORUN DIKKO,04,AREWA,02,AREWA,SC/560/KB,Arewa/Dandi,FC/205/KB,,,KEBBI
5044,FALDE,05,AREWA,02,AREWA,SC/560/KB,Arewa/Dandi,FC/205/KB,,,KEBBI
5045,FESKE/JAFFEJI,06,AREWA,02,AREWA,SC/560/KB,Arewa/Dandi,FC/205/KB,,,KEBBI
5046,GUMUNDAI/RAFIN TSAKA,07,AREWA,02,AREWA,SC/560/KB,Arewa/Dandi,FC/205/KB,,,KEBBI
5047,KANGIWA,08,AREWA,02,AREWA,SC/560/KB,Arewa/Dandi,FC/205/KB,,,KEBBI
5048,LAIMA/JANTULU,09,AREWA,02,AREWA,SC/560/KB,Arewa/Dandi,FC/205/KB,,,KEBBI
5049,SARKI/DANTSOHO,10,AREWA,02,AREWA,SC/560/KB,Arewa/Dandi,FC/205/KB,,,KEBBI
5050,YELDU,11,AREWA,02,AREWA,SC/560/KB,Arewa/Dandi,FC/205/KB,,,KEBBI
5051,ALWASA/GOTOMO,01,ARGUNGU,03,ARGUNGU,SC/561KB,Argungu/Augie,FC/206/KB,,,KEBBI
5052,DIKKO,02,ARGUNGU,03,ARGUNGU,SC/561KB,Argungu/Augie,FC/206/KB,,,KEBBI
5053,FELENDE,03,ARGUNGU,03,ARGUNGU,SC/561KB,Argungu/Augie,FC/206/KB,,,KEBBI
5054,GALADIMA,04,ARGUNGU,03,ARGUNGU,SC/561KB,Argungu/Augie,FC/206/KB,,,KEBBI
5055,GULMA,05,ARGUNGU,03,ARGUNGU,SC/561KB,Argungu/Augie,FC/206/KB,,,KEBBI
5056,GWAZANGE/KISAWA/U. GYGA,06,ARGUNGU,03,ARGUNGU,SC/561KB,Argungu/Augie,FC/206/KB,,,KEBBI
5057,KOKANI NORTH,07,ARGUNGU,03,ARGUNGU,SC/561KB,Argungu/Augie,FC/206/KB,,,KEBBI
5058,KOKANI SOUTH,08,ARGUNGU,03,ARGUNGU,SC/561KB,Argungu/Augie,FC/206/KB,,,KEBBI
5059,LAILABA,09,ARGUNGU,03,ARGUNGU,SC/561KB,Argungu/Augie,FC/206/KB,,,KEBBI
5060,SAUWA/KAURAR SANI,10,ARGUNGU,03,ARGUNGU,SC/561KB,Argungu/Augie,FC/206/KB,,,KEBBI
5061,TUNGAR/ZAZZAGAWA/RU MBUKI/SARKAWA,11,ARGUNGU,03,ARGUNGU,SC/561KB,Argungu/Augie,FC/206/KB,,,KEBBI
5062,AUGIE NORTH,01,AUGIE,04,AUGIE,SC/562/KB,Argungu/Augie,FC/206/KB,,,KEBBI
5063,AUGIE SOUTH,02,AUGIE,04,AUGIE,SC/562/KB,Argungu/Augie,FC/206/KB,,,KEBBI
5064,BAGAYE/MERA,03,AUGIE,04,AUGIE,SC/562/KB,Argungu/Augie,FC/206/KB,,,KEBBI
5065,BAYAWA NORTH,04,AUGIE,04,AUGIE,SC/562/KB,Argungu/Augie,FC/206/KB,,,KEBBI
5066,BAYAWA SOUTH,05,AUGIE,04,AUGIE,SC/562/KB,Argungu/Augie,FC/206/KB,,,KEBBI
5067,BIRNIN TUDA/GUDALE,06,AUGIE,04,AUGIE,SC/562/KB,Argungu/Augie,FC/206/KB,,,KEBBI
5068,BUBUCE,07,AUGIE,04,AUGIE,SC/562/KB,Argungu/Augie,FC/206/KB,,,KEBBI
5069,DUNDAYE/KWAIDO/ZAGI/I LLELA,08,AUGIE,04,AUGIE,SC/562/KB,Argungu/Augie,FC/206/KB,,,KEBBI
5070,TGGI/AWADE,09,AUGIE,04,AUGIE,SC/562/KB,Argungu/Augie,FC/206/KB,,,KEBBI
5071,YOLA,10,AUGIE,04,AUGIE,SC/562/KB,Argungu/Augie,FC/206/KB,,,KEBBI
5072,BAGUDO/TUGA,01,BAGUDO,05,,,Bagudo/Suru,FC/207/KB,,,KEBBI
5073,BAHINDI/BOKI-DOMA,02,BAGUDO,05,,,Bagudo/Suru,FC/207/KB,,,KEBBI
5074,BANI/TSAMIYA/KALI,03,BAGUDO,05,,,Bagudo/Suru,FC/207/KB,,,KEBBI
5075,ILLO/SABON/GARI/YANTA LA,04,BAGUDO,05,,,Bagudo/Suru,FC/207/KB,,,KEBBI
5076,KAOJE/GWAMBA,05,BAGUDO,05,,,Bagudo/Suru,FC/207/KB,,,KEBBI
5077,KENDE/KURGU,06,BAGUDO,05,,,Bagudo/Suru,FC/207/KB,,,KEBBI
5078,LAFAGU/GANTE,07,BAGUDO,05,,,Bagudo/Suru,FC/207/KB,,,KEBBI
5079,LOLO/GIRIS,08,BAGUDO,05,,,Bagudo/Suru,FC/207/KB,,,KEBBI
5080,MATSINKA/GEZA,09,BAGUDO,05,,,Bagudo/Suru,FC/207/KB,,,KEBBI
5081,SHARABI/KWANGUWAI,10,BAGUDO,05,,,Bagudo/Suru,FC/207/KB,,,KEBBI
5082,ZAGGA/KWASARA,11,BAGUDO,05,,,Bagudo/Suru,FC/207/KB,,,KEBBI
5083,NASSARAWA I,01,BIRNIN KEBBI,06,,,Bunza/Birnin Kebbi/Kalgo,FC/208/KB,,,KEBBI
5084,NASSARAWA II,02,BIRNIN KEBBI,06,,,Bunza/Birnin Kebbi/Kalgo,FC/208/KB,,,KEBBI
5085,BIRNIN KEBBI MAFARA,03,BIRNIN KEBBI,06,,,Bunza/Birnin Kebbi/Kalgo,FC/208/KB,,,KEBBI
5086,BIRNIN KEBBI DANGALADIMA,04,BIRNIN KEBBI,06,,,Bunza/Birnin Kebbi/Kalgo,FC/208/KB,,,KEBBI
5087,KOLA/TARASA,05,BIRNIN KEBBI,06,,,Bunza/Birnin Kebbi/Kalgo,FC/208/KB,,,KEBBI
5088,MAKERA,06,BIRNIN KEBBI,06,,,Bunza/Birnin Kebbi/Kalgo,FC/208/KB,,,KEBBI
5089,MAURIDA/KARYO/UNG. MIJINAN,07,BIRNIN KEBBI,06,,,Bunza/Birnin Kebbi/Kalgo,FC/208/KB,,,KEBBI
5090,GODONGAJI,08,BIRNIN KEBBI,06,,,Bunza/Birnin Kebbi/Kalgo,FC/208/KB,,,KEBBI
5091,ZAURO,09,BIRNIN KEBBI,06,,,Bunza/Birnin Kebbi/Kalgo,FC/208/KB,,,KEBBI
5092,GAWASU,10,BIRNIN KEBBI,06,,,Bunza/Birnin Kebbi/Kalgo,FC/208/KB,,,KEBBI
5093,KARDI/YAMAMA,11,BIRNIN KEBBI,06,,,Bunza/Birnin Kebbi/Kalgo,FC/208/KB,,,KEBBI
5094,LAGA,12,BIRNIN KEBBI,06,,,Bunza/Birnin Kebbi/Kalgo,FC/208/KB,,,KEBBI
5095,GULUMBE,13,BIRNIN KEBBI,06,,,Bunza/Birnin Kebbi/Kalgo,FC/208/KB,,,KEBBI
5096,AMBURSA,14,BIRNIN KEBBI,06,,,Bunza/Birnin Kebbi/Kalgo,FC/208/KB,,,KEBBI
5097,UJARIYO,15,BIRNIN KEBBI,06,,,Bunza/Birnin Kebbi/Kalgo,FC/208/KB,,,KEBBI
5098,BUNZA MARAFA,01,BUNZA,07,BUNZA,SC/567/KB,,,,,KEBBI
5099,BUNZA DANGALADIMA,02,BUNZA,07,BUNZA,SC/567/KB,,,,,KEBBI
5100,GWADE,03,BUNZA,07,BUNZA,SC/567/KB,,,,,KEBBI
5101,MAIDAHIMI,04,BUNZA,07,BUNZA,SC/567/KB,,,,,KEBBI
5102,RAHA,05,BUNZA,07,BUNZA,SC/567/KB,,,,,KEBBI
5103,SABON BIRNI,06,BUNZA,07,BUNZA,SC/567/KB,,,,,KEBBI
5104,SALWAI,07,BUNZA,07,BUNZA,SC/567/KB,,,,,KEBBI
5105,TILLI/HILEMA,08,BUNZA,07,BUNZA,SC/567/KB,,,,,KEBBI
5106,TUNGA,09,BUNZA,07,BUNZA,SC/567/KB,,,,,KEBBI
5107,ZOGRIMA,10,BUNZA,07,BUNZA,SC/567/KB,,,,,KEBBI
5108,BANI ZUMBU,01,DANDI,08,DANDI,SC/568/KB,Arewa/Dandi,FC/205/KB,,,KEBBI
5109,BUMA,02,DANDI,08,DANDI,SC/568/KB,Arewa/Dandi,FC/205/KB,,,KEBBI
5110,DOLEKAINA,03,DANDI,08,DANDI,SC/568/KB,Arewa/Dandi,FC/205/KB,,,KEBBI
5111,FANA,04,DANDI,08,DANDI,SC/568/KB,Arewa/Dandi,FC/205/KB,,,KEBBI
5112,MAIHAUSAWA,05,DANDI,08,DANDI,SC/568/KB,Arewa/Dandi,FC/205/KB,,,KEBBI
5113,KYANGAKWAI,06,DANDI,08,DANDI,SC/568/KB,Arewa/Dandi,FC/205/KB,,,KEBBI
5114,GEZA,07,DANDI,08,DANDI,SC/568/KB,Arewa/Dandi,FC/205/KB,,,KEBBI
5115,KAMBA/KAMBA,08,DANDI,08,DANDI,SC/568/KB,Arewa/Dandi,FC/205/KB,,,KEBBI
5116,KWAKKWABA,09,DANDI,08,DANDI,SC/568/KB,Arewa/Dandi,FC/205/KB,,,KEBBI
5117,MAIGWAZA,10,DANDI,08,DANDI,SC/568/KB,Arewa/Dandi,FC/205/KB,,,KEBBI
5118,SHIKO,11,DANDI,08,DANDI,SC/568/KB,Arewa/Dandi,FC/205/KB,,,KEBBI
5119,BAJIDA,01,FAKAI,09,FAKAI,SC/569/KB,Fakai/Sakaba/Wasagu/Danko/ Zuru,FC/211/KB,,,KEBBI
5120,BANGU/GARINISA,02,FAKAI,09,FAKAI,SC/569/KB,Fakai/Sakaba/Wasagu/Danko/ Zuru,FC/211/KB,,,KEBBI
5121,BIRNIN UDU,03,FAKAI,09,FAKAI,SC/569/KB,Fakai/Sakaba/Wasagu/Danko/ Zuru,FC/211/KB,,,KEBBI
5122,MAHUTA,04,FAKAI,09,FAKAI,SC/569/KB,Fakai/Sakaba/Wasagu/Danko/ Zuru,FC/211/KB,,,KEBBI
5123,GULBIN KUKA/MAIJARHULA,05,FAKAI,09,FAKAI,SC/569/KB,Fakai/Sakaba/Wasagu/Danko/ Zuru,FC/211/KB,,,KEBBI
5124,INGA(BULU) MAIKENDE,06,FAKAI,09,FAKAI,SC/569/KB,Fakai/Sakaba/Wasagu/Danko/ Zuru,FC/211/KB,,,KEBBI
5125,KANGI,07,FAKAI,09,FAKAI,SC/569/KB,Fakai/Sakaba/Wasagu/Danko/ Zuru,FC/211/KB,,,KEBBI
5126,FAKAI/ZUSSUN,08,FAKAI,09,FAKAI,SC/569/KB,Fakai/Sakaba/Wasagu/Danko/ Zuru,FC/211/KB,,,KEBBI
5127,MARAFA,09,FAKAI,09,FAKAI,SC/569/KB,Fakai/Sakaba/Wasagu/Danko/ Zuru,FC/211/KB,,,KEBBI
5128,PENIN AMANA/PENIN GABA,10,FAKAI,09,FAKAI,SC/569/KB,Fakai/Sakaba/Wasagu/Danko/ Zuru,FC/211/KB,,,KEBBI
5129,CHEBERU/BADA,01,GWANDU,10,GWANDU,SC/570/KB,Aleiro/Gwandu/Jega,FC/209/KB,,,KEBBI
5130,DALIJAN,02,GWANDU,10,GWANDU,SC/570/KB,Aleiro/Gwandu/Jega,FC/209/KB,,,KEBBI
5131,DODORU,03,GWANDU,10,GWANDU,SC/570/KB,Aleiro/Gwandu/Jega,FC/209/KB,,,KEBBI
5132,GULMARE,04,GWANDU,10,GWANDU,SC/570/KB,Aleiro/Gwandu/Jega,FC/209/KB,,,KEBBI
5133,GWANDU MARAFA,05,GWANDU,10,GWANDU,SC/570/KB,Aleiro/Gwandu/Jega,FC/209/KB,,,KEBBI
5134,GWANDU SARKIN FAWA,06,GWANDU,10,GWANDU,SC/570/KB,Aleiro/Gwandu/Jega,FC/209/KB,,,KEBBI
5135,KAMBAZA,07,GWANDU,10,GWANDU,SC/570/KB,Aleiro/Gwandu/Jega,FC/209/KB,,,KEBBI
5136,MARUDA,08,GWANDU,10,GWANDU,SC/570/KB,Aleiro/Gwandu/Jega,FC/209/KB,,,KEBBI
5137,MALISA,09,GWANDU,10,GWANDU,SC/570/KB,Aleiro/Gwandu/Jega,FC/209/KB,,,KEBBI
5138,MASAWA KWASGARA,10,GWANDU,10,GWANDU,SC/570/KB,Aleiro/Gwandu/Jega,FC/209/KB,,,KEBBI
5139,ALELU/GEHURU,01,JEGA,11,JEGA,SC/571/KB,Aleiro/Gwandu/Jega,FC/209/KB,,,KEBBI
5140,DANGAMAJI,02,JEGA,11,JEGA,SC/571/KB,Aleiro/Gwandu/Jega,FC/209/KB,,,KEBBI
5141,DUNBEGU/BAUSARA,03,JEGA,11,JEGA,SC/571/KB,Aleiro/Gwandu/Jega,FC/209/KB,,,KEBBI
5142,GINDI/NASSARAWA/KYAR MI/GABI,04,JEGA,11,JEGA,SC/571/KB,Aleiro/Gwandu/Jega,FC/209/KB,,,KEBBI
5143,JANDUTSI/BIRNIN MALAM,05,JEGA,11,JEGA,SC/571/KB,Aleiro/Gwandu/Jega,FC/209/KB,,,KEBBI
5144,JEGA FIRCHIN,06,JEGA,11,JEGA,SC/571/KB,Aleiro/Gwandu/Jega,FC/209/KB,,,KEBBI
5145,JEGA KOKANI,07,JEGA,11,JEGA,SC/571/KB,Aleiro/Gwandu/Jega,FC/209/KB,,,KEBBI
5146,JEGA MAGAJI ‘A’,08,JEGA,11,JEGA,SC/571/KB,Aleiro/Gwandu/Jega,FC/209/KB,,,KEBBI
5147,JEGA MAGAJI ‘B’,09,JEGA,11,JEGA,SC/571/KB,Aleiro/Gwandu/Jega,FC/209/KB,,,KEBBI
5148,KATANGA/FAGADA,10,JEGA,11,JEGA,SC/571/KB,Aleiro/Gwandu/Jega,FC/209/KB,,,KEBBI
5149,KIMBA,11,JEGA,11,JEGA,SC/571/KB,Aleiro/Gwandu/Jega,FC/209/KB,,,KEBBI
5150,BADARIYA/MAGARZA,01,KALGO,12,KALGO,SC/572/KB,Bunza/Birnin Kebbi/Kalgo,FC/208/KB,,,KEBBI
5151,DANGOMA/GAYI,02,KALGO,12,KALGO,SC/572/KB,Bunza/Birnin Kebbi/Kalgo,FC/208/KB,,,KEBBI
5152,DIGGI,03,KALGO,12,KALGO,SC/572/KB,Bunza/Birnin Kebbi/Kalgo,FC/208/KB,,,KEBBI
5153,ETENE,04,KALGO,12,KALGO,SC/572/KB,Bunza/Birnin Kebbi/Kalgo,FC/208/KB,,,KEBBI
5154,KALGO,05,KALGO,12,KALGO,SC/572/KB,Bunza/Birnin Kebbi/Kalgo,FC/208/KB,,,KEBBI
5155,KUKA,06,KALGO,12,KALGO,SC/572/KB,Bunza/Birnin Kebbi/Kalgo,FC/208/KB,,,KEBBI
5156,MUTUBARI,07,KALGO,12,KALGO,SC/572/KB,Bunza/Birnin Kebbi/Kalgo,FC/208/KB,,,KEBBI
5157,NAYILWA,08,KALGO,12,KALGO,SC/572/KB,Bunza/Birnin Kebbi/Kalgo,FC/208/KB,,,KEBBI
5158,WUROGAURI,09,KALGO,12,KALGO,SC/572/KB,Bunza/Birnin Kebbi/Kalgo,FC/208/KB,,,KEBBI
5159,ZUGURU,10,KALGO,12,KALGO,SC/572/KB,Bunza/Birnin Kebbi/Kalgo,FC/208/KB,,,KEBBI
5160,KOKO MAGAJI,01,KOKO/BESSE,13,KOKO/BESSE,SC/573/KB,Koko-Besse/Maiyama,FC/210/KB,,,KEBBI
5161,ILLELA/S/GARI,02,KOKO/BESSE,13,KOKO/BESSE,SC/573/KB,Koko-Besse/Maiyama,FC/210/KB,,,KEBBI
5162,KOKO FIRCIN,03,KOKO/BESSE,13,KOKO/BESSE,SC/573/KB,Koko-Besse/Maiyama,FC/210/KB,,,KEBBI
5163,DADA/ALELU,04,KOKO/BESSE,13,KOKO/BESSE,SC/573/KB,Koko-Besse/Maiyama,FC/210/KB,,,KEBBI
5164,JADADI,05,KOKO/BESSE,13,KOKO/BESSE,SC/573/KB,Koko-Besse/Maiyama,FC/210/KB,,,KEBBI
5165,LANI/MANYAN/TAFUKKA/ SHIBA,06,KOKO/BESSE,13,KOKO/BESSE,SC/573/KB,Koko-Besse/Maiyama,FC/210/KB,,,KEBBI
5166,BESSE,07,KOKO/BESSE,13,KOKO/BESSE,SC/573/KB,Koko-Besse/Maiyama,FC/210/KB,,,KEBBI
5167,TAKWARE,08,KOKO/BESSE,13,KOKO/BESSE,SC/573/KB,Koko-Besse/Maiyama,FC/210/KB,,,KEBBI
5168,DUTSIN MARI/DULMERU,09,KOKO/BESSE,13,KOKO/BESSE,SC/573/KB,Koko-Besse/Maiyama,FC/210/KB,,,KEBBI
5169,ZARIYA KALAKALA/AMIRU,10,KOKO/BESSE,13,KOKO/BESSE,SC/573/KB,Koko-Besse/Maiyama,FC/210/KB,,,KEBBI
5170,MADACCI/FIRINI,11,KOKO/BESSE,13,KOKO/BESSE,SC/573/KB,Koko-Besse/Maiyama,FC/210/KB,,,KEBBI
5171,MAIKWARI/KARAMAR/DA MBA/BAKOSHI,12,KOKO/BESSE,13,KOKO/BESSE,SC/573/KB,Koko-Besse/Maiyama,FC/210/KB,,,KEBBI
5172,ANDARAI/KURUNKWU/ZO NGUN LIBA,01,MAIYAMA,14,MAIYAMA,SC/574/KB,Koko-Besse/Maiyama,FC/210/KB,,,KEBBI
5173,GIWA TAZO/ZARA,02,MAIYAMA,14,MAIYAMA,SC/574/KB,Koko-Besse/Maiyama,FC/210/KB,,,KEBBI
5174,GUMBIN KURE,03,MAIYAMA,14,MAIYAMA,SC/574/KB,Koko-Besse/Maiyama,FC/210/KB,,,KEBBI
5175,KARAYE/DOGONDAJI,04,MAIYAMA,14,MAIYAMA,SC/574/KB,Koko-Besse/Maiyama,FC/210/KB,,,KEBBI
5176,KAWARA/S/SARA/YARKA MBA,05,MAIYAMA,14,MAIYAMA,SC/574/KB,Koko-Besse/Maiyama,FC/210/KB,,,KEBBI
5177,KUBEN RIGIDIGA,06,MAIYAMA,14,MAIYAMA,SC/574/KB,Koko-Besse/Maiyama,FC/210/KB,,,KEBBI
5178,LIBA/DANWA/KUKA KOGO,07,MAIYAMA,14,MAIYAMA,SC/574/KB,Koko-Besse/Maiyama,FC/210/KB,,,KEBBI
5179,MAIYAMA,08,MAIYAMA,14,MAIYAMA,SC/574/KB,Koko-Besse/Maiyama,FC/210/KB,,,KEBBI
5180,MUNGADI/BOROR,09,MAIYAMA,14,MAIYAMA,SC/574/KB,Koko-Besse/Maiyama,FC/210/KB,,,KEBBI
5181,SAMBAWA/MAYALO,10,MAIYAMA,14,MAIYAMA,SC/574/KB,Koko-Besse/Maiyama,FC/210/KB,,,KEBBI
5182,SARANDOSA/GUBBA,11,MAIYAMA,14,MAIYAMA,SC/574/KB,Koko-Besse/Maiyama,FC/210/KB,,,KEBBI
5183,BIRNIN YAURI,01,NGASKI,15,NGASKI,SC/575/KB,Ngaski/Shanga/Yauri,FC/212/KB,,,KEBBI
5184,GAFARA MACHUPA,02,NGASKI,15,NGASKI,SC/575/KB,Ngaski/Shanga/Yauri,FC/212/KB,,,KEBBI
5185,GARIN BAKA/MAKARIN,03,NGASKI,15,NGASKI,SC/575/KB,Ngaski/Shanga/Yauri,FC/212/KB,,,KEBBI
5186,KWAKWARAN,04,NGASKI,15,NGASKI,SC/575/KB,Ngaski/Shanga/Yauri,FC/212/KB,,,KEBBI
5187,LIBATA/KWANGIA,05,NGASKI,15,NGASKI,SC/575/KB,Ngaski/Shanga/Yauri,FC/212/KB,,,KEBBI
5188,KAMBUWA/DANMARAYA,06,NGASKI,15,NGASKI,SC/575/KB,Ngaski/Shanga/Yauri,FC/212/KB,,,KEBBI
5189,MAKAWA ULEIRA,07,NGASKI,15,NGASKI,SC/575/KB,Ngaski/Shanga/Yauri,FC/212/KB,,,KEBBI
5190,NGASKI,08,NGASKI,15,NGASKI,SC/575/KB,Ngaski/Shanga/Yauri,FC/212/KB,,,KEBBI
5191,UTONO/HOGE,09,NGASKI,15,NGASKI,SC/575/KB,Ngaski/Shanga/Yauri,FC/212/KB,,,KEBBI
5192,WARA,10,NGASKI,15,NGASKI,SC/575/KB,Ngaski/Shanga/Yauri,FC/212/KB,,,KEBBI
5193,ADAI,01,SAKABA,16,SAKABA,SC/576/KB,Fakai/Sakaba/Wasagu/Danko/ Zuru,FC/211/KB,,,KEBBI
5194,DANKOLO,02,SAKABA,16,SAKABA,SC/576/KB,Fakai/Sakaba/Wasagu/Danko/ Zuru,FC/211/KB,,,KEBBI
5195,DOKA/BERE,03,SAKABA,16,SAKABA,SC/576/KB,Fakai/Sakaba/Wasagu/Danko/ Zuru,FC/211/KB,,,KEBBI
5196,GELWASA,04,SAKABA,16,SAKABA,SC/576/KB,Fakai/Sakaba/Wasagu/Danko/ Zuru,FC/211/KB,,,KEBBI
5197,JANBIRNIN,05,SAKABA,16,SAKABA,SC/576/KB,Fakai/Sakaba/Wasagu/Danko/ Zuru,FC/211/KB,,,KEBBI
5198,MAZA/MAZA,06,SAKABA,16,SAKABA,SC/576/KB,Fakai/Sakaba/Wasagu/Danko/ Zuru,FC/211/KB,,,KEBBI
5199,MAKUKU,07,SAKABA,16,SAKABA,SC/576/KB,Fakai/Sakaba/Wasagu/Danko/ Zuru,FC/211/KB,,,KEBBI
5200,SAKABA,08,SAKABA,16,SAKABA,SC/576/KB,Fakai/Sakaba/Wasagu/Danko/ Zuru,FC/211/KB,,,KEBBI
5201,TUDUN KUKA,09,SAKABA,16,SAKABA,SC/576/KB,Fakai/Sakaba/Wasagu/Danko/ Zuru,FC/211/KB,,,KEBBI
5202,FADA,10,SAKABA,16,SAKABA,SC/576/KB,Fakai/Sakaba/Wasagu/Danko/ Zuru,FC/211/KB,,,KEBBI
5203,ATUWO,01,SHANGA,17,SHANGA,SC/577/KB,Ngaski/Shanga/Yauri,FC/212/KB,,,KEBBI
5204,BINUWA/GEBE/BUNKUJI,02,SHANGA,17,SHANGA,SC/577/KB,Ngaski/Shanga/Yauri,FC/212/KB,,,KEBBI
5205,DUGU TSOHO/GUDU RAHA,03,SHANGA,17,SHANGA,SC/577/KB,Ngaski/Shanga/Yauri,FC/212/KB,,,KEBBI
5206,KAWARA/INGU/SARGO,04,SHANGA,17,SHANGA,SC/577/KB,Ngaski/Shanga/Yauri,FC/212/KB,,,KEBBI
5207,RAFIN KIRYA/TEFKITARA,05,SHANGA,17,SHANGA,SC/577/KB,Ngaski/Shanga/Yauri,FC/212/KB,,,KEBBI
5208,SOKAGE/GOLONGO/HUND EJI,06,SHANGA,17,SHANGA,SC/577/KB,Ngaski/Shanga/Yauri,FC/212/KB,,,KEBBI
5209,SAWASHI,07,SHANGA,17,SHANGA,SC/577/KB,Ngaski/Shanga/Yauri,FC/212/KB,,,KEBBI
5210,SHANGA,08,SHANGA,17,SHANGA,SC/577/KB,Ngaski/Shanga/Yauri,FC/212/KB,,,KEBBI
5211,TAKWARE,09,SHANGA,17,SHANGA,SC/577/KB,Ngaski/Shanga/Yauri,FC/212/KB,,,KEBBI
5212,YARBESSE,10,SHANGA,17,SHANGA,SC/577/KB,Ngaski/Shanga/Yauri,FC/212/KB,,,KEBBI
5213,ALJANNARE,01,SURU,18,SURU,SC/578/KB,Bagudo/Suru,FC/207/KB,,,KEBBI
5214,BANDAN,02,SURU,18,SURU,SC/578/KB,Bagudo/Suru,FC/207/KB,,,KEBBI
5215,BARBAREJO,03,SURU,18,SURU,SC/578/KB,Bagudo/Suru,FC/207/KB,,,KEBBI
5216,BAKUWAI,04,SURU,18,SURU,SC/578/KB,Bagudo/Suru,FC/207/KB,,,KEBBI
5217,DAKIN GARI,05,SURU,18,SURU,SC/578/KB,Bagudo/Suru,FC/207/KB,,,KEBBI
5218,DENDANE,06,SURU,18,SURU,SC/578/KB,Bagudo/Suru,FC/207/KB,,,KEBBI
5219,DANIYA/SHEMA,07,SURU,18,SURU,SC/578/KB,Bagudo/Suru,FC/207/KB,,,KEBBI
5220,GINGA,08,SURU,18,SURU,SC/578/KB,Bagudo/Suru,FC/207/KB,,,KEBBI
5221,GIRO,09,SURU,18,SURU,SC/578/KB,Bagudo/Suru,FC/207/KB,,,KEBBI
5222,KWAIFA,10,SURU,18,SURU,SC/578/KB,Bagudo/Suru,FC/207/KB,,,KEBBI
5223,SURU,11,SURU,18,SURU,SC/578/KB,Bagudo/Suru,FC/207/KB,,,KEBBI
5224,AYU,01,WASAGU/DANKO,19,WASAGU/DANKO EAST,SC/579/KB,Fakai/Sakaba/Wasagu/Danko/ Zuru,FC/211/KB,,,KEBBI
5225,BENA,02,WASAGU/DANKO,19,WASAGU/DANKO EAST,SC/579/KB,Fakai/Sakaba/Wasagu/Danko/ Zuru,FC/211/KB,,,KEBBI
5226,DAN UMARU/MAIRARAI,03,WASAGU/DANKO,19,WASAGU/DANKO EAST,SC/579/KB,Fakai/Sakaba/Wasagu/Danko/ Zuru,FC/211/KB,,,KEBBI
5227,BANKO/MAGA,04,WASAGU/DANKO,19,WASAGU/DANKO EAST,SC/579/KB,Fakai/Sakaba/Wasagu/Danko/ Zuru,FC/211/KB,,,KEBBI
5228,KANYA,05,WASAGU/DANKO,19,WASAGU/DANKO EAST,SC/579/KB,Fakai/Sakaba/Wasagu/Danko/ Zuru,FC/211/KB,,,KEBBI
5229,KYABU/KANDU,06,WASAGU/DANKO,19,WASAGU/DANKO WEST,SC/580/KB,Fakai/Sakaba/Wasagu/Danko/ Zuru,FC/211/KB,,,KEBBI
5230,RIBAH/MACHIKA,07,WASAGU/DANKO,19,WASAGU/DANKO WEST,SC/580/KB,Fakai/Sakaba/Wasagu/Danko/ Zuru,FC/211/KB,,,KEBBI
5231,WAJE,08,WASAGU/DANKO,19,WASAGU/DANKO WEST,SC/580/KB,Fakai/Sakaba/Wasagu/Danko/ Zuru,FC/211/KB,,,KEBBI
5232,WASAGA,09,WASAGU/DANKO,19,WASAGU/DANKO WEST,SC/580/KB,Fakai/Sakaba/Wasagu/Danko/ Zuru,FC/211/KB,,,KEBBI
5233,YALMO/SHINDI,10,WASAGU/DANKO,19,WASAGU/DANKO WEST,SC/580/KB,Fakai/Sakaba/Wasagu/Danko/ Zuru,FC/211/KB,,,KEBBI
5234,GWANFI/KELE,11,WASAGU/DANKO,19,WASAGU/DANKO WEST,SC/580/KB,Fakai/Sakaba/Wasagu/Danko/ Zuru,FC/211/KB,,,KEBBI
,,12,,19,WASAGU/DANKO WEST,SC/580/KB,Fakai/Sakaba/Wasagu/Danko/ Zuru,FC/211/KB,,,
,,13,,19,WASAGU/DANKO WEST,SC/580/KB,Fakai/Sakaba/Wasagu/Danko/ Zuru,FC/211/KB,,,
5235,CHULU/KOMA,01,YAURI,20,YAURI,SC/581/KB,Ngaski/Shanga/Yauri,FC/212/KB,,,KEBBI
5236,GUNGUN SARKI,02,YAURI,20,YAURI,SC/581/KB,Ngaski/Shanga/Yauri,FC/212/KB,,,KEBBI
5237,JIJIMA,03,YAURI,20,YAURI,SC/581/KB,Ngaski/Shanga/Yauri,FC/212/KB,,,KEBBI
5238,TONDI,04,YAURI,20,YAURI,SC/581/KB,Ngaski/Shanga/Yauri,FC/212/KB,,,KEBBI
5239,YELWA CENTRAL,05,YAURI,20,YAURI,SC/581/KB,Ngaski/Shanga/Yauri,FC/212/KB,,,KEBBI
5240,YELWA EAST,06,YAURI,20,YAURI,SC/581/KB,Ngaski/Shanga/Yauri,FC/212/KB,,,KEBBI
5241,YELWA NORTH,07,YAURI,20,YAURI,SC/581/KB,Ngaski/Shanga/Yauri,FC/212/KB,,,KEBBI
5242,YELWA SOUTH,08,YAURI,20,YAURI,SC/581/KB,Ngaski/Shanga/Yauri,FC/212/KB,,,KEBBI
5243,YELWA WEST,09,YAURI,20,YAURI,SC/581/KB,Ngaski/Shanga/Yauri,FC/212/KB,,,KEBBI
5244,ZAMARE,10,YAURI,20,YAURI,SC/581/KB,Ngaski/Shanga/Yauri,FC/212/KB,,,KEBBI
5245,BEDI,01,ZURU,21,ZURU,SC/582/KB,,,,,KEBBI
5246,CIROMAN DABAI,02,ZURU,21,ZURU,SC/582/KB,,,,,KEBBI
5247,ISGOGO/DAGO,03,ZURU,21,ZURU,SC/582/KB,,,,,KEBBI
5248,MANGA/USHE,04,ZURU,21,ZURU,SC/582/KB,,,,,KEBBI
5249,RAFIN ZURU,05,ZURU,21,ZURU,SC/582/KB,,,,,KEBBI
5250,RIKOTO,06,ZURU,21,ZURU,SC/582/KB,,,,,KEBBI
5251,RUNU/DABEN/SEME,07,ZURU,21,ZURU,SC/582/KB,,,,,KEBBI
5252,SENCHI,08,ZURU,21,ZURU,SC/582/KB,,,,,KEBBI
5253,TADURGA,09,ZURU,21,ZURU,SC/582/KB,,,,,KEBBI
5254,ZODI,10,ZURU,21,ZURU,SC/582/KB,,,,,KEBBI
5255,OKUNCHI/OZURI/ONIEKA,01,ADAVI,01,ADAVI,SC/583/KG,Adavi/Okehi,FC/213/KG,,,KOGI
5256,OGAMINANA,02,ADAVI,01,ADAVI,SC/583/KG,Adavi/Okehi,FC/213/KG,,,KOGI
5257,IRUVUCHEBA,03,ADAVI,01,ADAVI,SC/583/KG,Adavi/Okehi,FC/213/KG,,,KOGI
5258,IDANNUHUA,04,ADAVI,01,ADAVI,SC/583/KG,Adavi/Okehi,FC/213/KG,,,KOGI
5259,ADAVI-EBA,05,ADAVI,01,ADAVI,SC/583/KG,Adavi/Okehi,FC/213/KG,,,KOGI
5260,KUROKO I,06,ADAVI,01,ADAVI,SC/583/KG,Adavi/Okehi,FC/213/KG,,,KOGI
5261,KUROKO II,07,ADAVI,01,ADAVI,SC/583/KG,Adavi/Okehi,FC/213/KG,,,KOGI
5262,INOZOMI/OSISI/IPAKU,08,ADAVI,01,ADAVI,SC/583/KG,Adavi/Okehi,FC/213/KG,,,KOGI
5263,IKARWORO/IDOBANYERE,09,ADAVI,01,ADAVI,SC/583/KG,Adavi/Okehi,FC/213/KG,,,KOGI
5264,NAGAZI FARM CENTRE,10,ADAVI,01,ADAVI,SC/583/KG,Adavi/Okehi,FC/213/KG,,,KOGI
5265,EGE/IRUVOCHUNOMI,11,ADAVI,01,ADAVI,SC/583/KG,Adavi/Okehi,FC/213/KG,,,KOGI
5266,EBIYA NORH,01,AJAOKUTA,02,AJAOKUTA,SC/584/KG,Ajaokuta,FC/218/KG,,,KOGI
5267,EBIYA SOUTH,02,AJAOKUTA,02,AJAOKUTA,SC/584/KG,Ajaokuta,FC/218/KG,,,KOGI
5268,ABODI/PATESI,03,AJAOKUTA,02,AJAOKUTA,SC/584/KG,Ajaokuta,FC/218/KG,,,KOGI
5269,ICHUWA/UPAJA,04,AJAOKUTA,02,AJAOKUTA,SC/584/KG,Ajaokuta,FC/218/KG,,,KOGI
5270,BADOKO,05,AJAOKUTA,02,AJAOKUTA,SC/584/KG,Ajaokuta,FC/218/KG,,,KOGI
5271,OGIRIRI,06,AJAOKUTA,02,AJAOKUTA,SC/584/KG,Ajaokuta,FC/218/KG,,,KOGI
5272,ADOGO,07,AJAOKUTA,02,AJAOKUTA,SC/584/KG,Ajaokuta,FC/218/KG,,,KOGI
5273,ACHAGANA,08,AJAOKUTA,02,AJAOKUTA,SC/584/KG,Ajaokuta,FC/218/KG,,,KOGI
5274,ODONU/UNOSI,09,AJAOKUTA,02,AJAOKUTA,SC/584/KG,Ajaokuta,FC/218/KG,,,KOGI
5275,OMGBO,10,AJAOKUTA,02,AJAOKUTA,SC/584/KG,Ajaokuta,FC/218/KG,,,KOGI
5276,ADOGU/APAMIRAEGODO/ UNUOVENO,11,AJAOKUTA,02,AJAOKUTA,SC/584/KG,Ajaokuta,FC/218/KG,,,KOGI
5277,OBANGEDE/OHUENEENE/ UKOKO INYERE,12,AJAOKUTA,02,AJAOKUTA,SC/584/KG,Ajaokuta,FC/218/KG,,,KOGI
5278,OLD AJAOKUTA,13,AJAOKUTA,02,AJAOKUTA,SC/584/KG,Ajaokuta,FC/218/KG,,,KOGI
5279,GEREGU/PAROKO/GANAG A/TOWNSHIP,14,AJAOKUTA,02,AJAOKUTA,SC/584/KG,Ajaokuta,FC/218/KG,,,KOGI
5280,ANKPA TOWNSHIP,01,ANKPA,03,ANKPA I,SC/585/KG,Ankpa/Omala/Olamaboro,FC/214/KG,,,KOGI
5281,ANKPA SURBURB I,02,ANKPA,03,ANKPA I,SC/585/KG,Ankpa/Omala/Olamaboro,FC/214/KG,,,KOGI
5282,ANKPA SURBURB II,03,ANKPA,03,ANKPA I,SC/585/KG,Ankpa/Omala/Olamaboro,FC/214/KG,,,KOGI
5283,ANKPA I,04,ANKPA,03,ANKPA I,SC/585/KG,Ankpa/Omala/Olamaboro,FC/214/KG,,,KOGI
5284,ANKPA II,05,ANKPA,03,ANKPA I,SC/585/KG,Ankpa/Omala/Olamaboro,FC/214/KG,,,KOGI
5285,ENJEMEA I,06,ANKPA,03,ANKPA II,SC/586/KG,Ankpa/Omala/Olamaboro,FC/214/KG,,,KOGI
5286,ENJEMEA II,07,ANKPA,03,ANKPA II,SC/586/KG,Ankpa/Omala/Olamaboro,FC/214/KG,,,KOGI
5287,ENJEMEA III,08,ANKPA,03,ANKPA II,SC/586/KG,Ankpa/Omala/Olamaboro,FC/214/KG,,,KOGI
5288,ENJENEA IV,09,ANKPA,03,ANKPA II,SC/586/KG,Ankpa/Omala/Olamaboro,FC/214/KG,,,KOGI
5289,OJOKU I,10,ANKPA,03,ANKPA II,SC/586/KG,Ankpa/Omala/Olamaboro,FC/214/KG,,,KOGI
5290,OJOKU II,11,ANKPA,03,ANKPA II,SC/586/KG,Ankpa/Omala/Olamaboro,FC/214/KG,,,KOGI
5291,OJOKU III,12,ANKPA,03,ANKPA II,SC/586/KG,Ankpa/Omala/Olamaboro,FC/214/KG,,,KOGI
5292,OJOKU IV,13,ANKPA,03,ANKPA II,SC/586/KG,Ankpa/Omala/Olamaboro,FC/214/KG,,,KOGI
5293,AKUBA I,01,BASSA,04,BASSA,SC/587/KG,Bassa/Dekina,FC/215/KG,,,KOGI
5294,AKUBA II,02,BASSA,04,BASSA,SC/587/KG,Bassa/Dekina,FC/215/KG,,,KOGI
5295,AYEDE/AKAKANA,03,BASSA,04,BASSA,SC/587/KG,Bassa/Dekina,FC/215/KG,,,KOGI
5296,OZONGULO/KPANCHE,04,BASSA,04,BASSA,SC/587/KG,Bassa/Dekina,FC/215/KG,,,KOGI
5297,IKENDE,05,BASSA,04,BASSA,SC/587/KG,Bassa/Dekina,FC/215/KG,,,KOGI
5298,GBOLOKO,06,BASSA,04,BASSA,SC/587/KG,Bassa/Dekina,FC/215/KG,,,KOGI
5299,KPATA,07,BASSA,04,BASSA,SC/587/KG,Bassa/Dekina,FC/215/KG,,,KOGI
5300,EFORO,08,BASSA,04,BASSA,SC/587/KG,Bassa/Dekina,FC/215/KG,,,KOGI
5301,MOZUM,09,BASSA,04,BASSA,SC/587/KG,Bassa/Dekina,FC/215/KG,,,KOGI
5302,OZUGBE,10,BASSA,04,BASSA,SC/587/KG,Bassa/Dekina,FC/215/KG,,,KOGI
5303,DEKINA TOWN,01,DEKINA,05,DEKINA/BIRAIDU,SC/588/KG,Bassa/Dekina,FC/215/KG,,,KOGI
5304,IYALE,02,DEKINA,05,DEKINA/BIRAIDU,SC/588/KG,Bassa/Dekina,FC/215/KG,,,KOGI
5305,EMEWE,03,DEKINA,05,DEKINA/BIRAIDU,SC/588/KG,Bassa/Dekina,FC/215/KG,,,KOGI
5306,ODU I,04,DEKINA,05,DEKINA/BIRAIDU,SC/588/KG,Bassa/Dekina,FC/215/KG,,,KOGI
5307,ODU II,05,DEKINA,05,DEKINA/BIRAIDU,SC/588/KG,Bassa/Dekina,FC/215/KG,,,KOGI
5308,ABOCHO,06,DEKINA,05,DEKINA/BIRAIDU,SC/588/KG,Bassa/Dekina,FC/215/KG,,,KOGI
5309,OGBABEDE,07,DEKINA,05,DEKINA/BIRAIDU,SC/588/KG,Bassa/Dekina,FC/215/KG,,,KOGI
5310,ADUMU EGUME,08,DEKINA,05,OKURA,SC/589/KG,Bassa/Dekina,FC/215/KG,,,KOGI
5311,OJIKPADALA,09,DEKINA,05,OKURA,SC/589/KG,Bassa/Dekina,FC/215/KG,,,KOGI
5312,ANYIGBA,10,DEKINA,05,OKURA,SC/589/KG,Bassa/Dekina,FC/215/KG,,,KOGI
5313,OKURA OLAFIA,11,DEKINA,05,OKURA,SC/589/KG,Bassa/Dekina,FC/215/KG,,,KOGI
5314,OGANE INIGU,12,DEKINA,05,DEKINA/BIRAIDU,SC/588/KG,Bassa/Dekina,FC/215/KG,,,KOGI
5315,ODEKE,01,IBAJI,06,IBAJI,SC/590/KG,Idah/Igalamela Odolu/Ibaji/ Ofu,FC/216/KG,,,KOGI
5316,UJEH,02,IBAJI,06,IBAJI,SC/590/KG,Idah/Igalamela Odolu/Ibaji/ Ofu,FC/216/KG,,,KOGI
5317,IYAO,03,IBAJI,06,IBAJI,SC/590/KG,Idah/Igalamela Odolu/Ibaji/ Ofu,FC/216/KG,,,KOGI
5318,AKPANYO,04,IBAJI,06,IBAJI,SC/590/KG,Idah/Igalamela Odolu/Ibaji/ Ofu,FC/216/KG,,,KOGI
5319,UNALE,05,IBAJI,06,IBAJI,SC/590/KG,Idah/Igalamela Odolu/Ibaji/ Ofu,FC/216/KG,,,KOGI
5320,OJILA,06,IBAJI,06,IBAJI,SC/590/KG,Idah/Igalamela Odolu/Ibaji/ Ofu,FC/216/KG,,,KOGI
5321,EJULE,07,IBAJI,06,IBAJI,SC/590/KG,Idah/Igalamela Odolu/Ibaji/ Ofu,FC/216/KG,,,KOGI
5322,AYAH,08,IBAJI,06,IBAJI,SC/590/KG,Idah/Igalamela Odolu/Ibaji/ Ofu,FC/216/KG,,,KOGI
5323,ANALO,09,IBAJI,06,IBAJI,SC/590/KG,Idah/Igalamela Odolu/Ibaji/ Ofu,FC/216/KG,,,KOGI
5324,ONYEDEGA,10,IBAJI,06,IBAJI,SC/590/KG,Idah/Igalamela Odolu/Ibaji/ Ofu,FC/216/KG,,,KOGI
5325,IGALOGBA,01,IDAH,07,IDAH,SC/591/KG,Idah/Igalamela Odolu/Ibaji/ Ofu,FC/216/KG,,,KOGI
5326,OWOLIAPA,02,IDAH,07,IDAH,SC/591/KG,Idah/Igalamela Odolu/Ibaji/ Ofu,FC/216/KG,,,KOGI
5327,IGACHEBA,03,IDAH,07,IDAH,SC/591/KG,Idah/Igalamela Odolu/Ibaji/ Ofu,FC/216/KG,,,KOGI
5328,UKWAJA,04,IDAH,07,IDAH,SC/591/KG,Idah/Igalamela Odolu/Ibaji/ Ofu,FC/216/KG,,,KOGI
5329,OGBEGELE,05,IDAH,07,IDAH,SC/591/KG,Idah/Igalamela Odolu/Ibaji/ Ofu,FC/216/KG,,,KOGI
5330,EDE,06,IDAH,07,IDAH,SC/591/KG,Idah/Igalamela Odolu/Ibaji/ Ofu,FC/216/KG,,,KOGI
5331,SABON GARI,07,IDAH,07,IDAH,SC/591/KG,Idah/Igalamela Odolu/Ibaji/ Ofu,FC/216/KG,,,KOGI
5332,EGA,08,IDAH,07,IDAH,SC/591/KG,Idah/Igalamela Odolu/Ibaji/ Ofu,FC/216/KG,,,KOGI
5333,UGWODA,09,IDAH,07,IDAH,SC/591/KG,Idah/Igalamela Odolu/Ibaji/ Ofu,FC/216/KG,,,KOGI
5334,ICHALA,10,IDAH,07,IDAH,SC/591/KG,Idah/Igalamela Odolu/Ibaji/ Ofu,FC/216/KG,,,KOGI
5335,AVRUGO,01,IGALA-MELA,08,IGALAMELA-ODOLU,SC/592/KG,Idah/Igalamela Odolu/Ibaji/ Ofu,FC/216/KG,,,KOGI
5336,EKWULOKO,02,IGALA-MELA,08,IGALAMELA-ODOLU,SC/592/KG,Idah/Igalamela Odolu/Ibaji/ Ofu,FC/216/KG,,,KOGI
5337,ODOLU,03,IGALA-MELA,08,IGALAMELA-ODOLU,SC/592/KG,Idah/Igalamela Odolu/Ibaji/ Ofu,FC/216/KG,,,KOGI
5338,OJI AJI,04,IGALA-MELA,08,IGALAMELA-ODOLU,SC/592/KG,Idah/Igalamela Odolu/Ibaji/ Ofu,FC/216/KG,,,KOGI
5339,AKPANYA,05,IGALA-MELA,08,IGALAMELA-ODOLU,SC/592/KG,Idah/Igalamela Odolu/Ibaji/ Ofu,FC/216/KG,,,KOGI
5340,UBELE,06,IGALA-MELA,08,IGALAMELA-ODOLU,SC/592/KG,Idah/Igalamela Odolu/Ibaji/ Ofu,FC/216/KG,,,KOGI
5341,AJAKA I,07,IGALA-MELA,08,IGALAMELA-ODOLU,SC/592/KG,Idah/Igalamela Odolu/Ibaji/ Ofu,FC/216/KG,,,KOGI
5342,AJAKA II,08,IGALA-MELA,08,IGALAMELA-ODOLU,SC/592/KG,Idah/Igalamela Odolu/Ibaji/ Ofu,FC/216/KG,,,KOGI
5343,OFORACHI I,09,IGALA-MELA,08,IGALAMELA-ODOLU,SC/592/KG,Idah/Igalamela Odolu/Ibaji/ Ofu,FC/216/KG,,,KOGI
5344,OFORACHI II,10,IGALA-MELA,08,IGALAMELA-ODOLU,SC/592/KG,Idah/Igalamela Odolu/Ibaji/ Ofu,FC/216/KG,,,KOGI
5345,AIYEBUNLE,01,IJUMU,09,IJUMU,SC/593/KG,Ijumu/Kabba-Bunu,FC/217/KG,,,KOGI
5346,AIYETORO I,02,IJUMU,09,IJUMU,SC/593/KG,Ijumu/Kabba-Bunu,FC/217/KG,,,KOGI
5347,AIYETORO II,03,IJUMU,09,IJUMU,SC/593/KG,Ijumu/Kabba-Bunu,FC/217/KG,,,KOGI
5348,IYAH/AYEH,04,IJUMU,09,IJUMU,SC/593/KG,Ijumu/Kabba-Bunu,FC/217/KG,,,KOGI
5349,ODOKORO/OKOROM/ARA ROMI,05,IJUMU,09,IJUMU,SC/593/KG,Ijumu/Kabba-Bunu,FC/217/KG,,,KOGI
5350,AIYERE/ANMAH,06,IJUMU,09,IJUMU,SC/593/KG,Ijumu/Kabba-Bunu,FC/217/KG,,,KOGI
5351,OGIDI,07,IJUMU,09,IJUMU,SC/593/KG,Ijumu/Kabba-Bunu,FC/217/KG,,,KOGI
5352,ILETEJU OGIDI,08,IJUMU,09,IJUMU,SC/593/KG,Ijumu/Kabba-Bunu,FC/217/KG,,,KOGI
5353,OGALE/ADUGE,09,IJUMU,09,IJUMU,SC/593/KG,Ijumu/Kabba-Bunu,FC/217/KG,,,KOGI
5354,EGBEDA-EGGA/OKEDAYO,10,IJUMU,09,IJUMU,SC/593/KG,Ijumu/Kabba-Bunu,FC/217/KG,,,KOGI
5355,IYARA,11,IJUMU,09,IJUMU,SC/593/KG,Ijumu/Kabba-Bunu,FC/217/KG,,,KOGI
5356,IFE/IKOYI/OKEJUMU,12,IJUMU,09,IJUMU,SC/593/KG,Ijumu/Kabba-Bunu,FC/217/KG,,,KOGI
5357,IYAMOYE,13,IJUMU,09,IJUMU,SC/593/KG,Ijumu/Kabba-Bunu,FC/217/KG,,,KOGI
5358,EKINRIN ADE,14,IJUMU,09,IJUMU,SC/593/KG,Ijumu/Kabba-Bunu,FC/217/KG,,,KOGI
5359,IGBOLAYERE/ILAERE,15,IJUMU,09,IJUMU,SC/593/KG,Ijumu/Kabba-Bunu,FC/217/KG,,,KOGI
5360,ASUTA,01,KABBA/BUNU,10,KABBA/BUNU,SC/594/KG,Ijumu/Kabba-Bunu,FC/217/KG,,,KOGI
5361,ODO-AKETE,02,KABBA/BUNU,10,KABBA/BUNU,SC/594/KG,Ijumu/Kabba-Bunu,FC/217/KG,,,KOGI
5362,OKEKOKO,03,KABBA/BUNU,10,KABBA/BUNU,SC/594/KG,Ijumu/Kabba-Bunu,FC/217/KG,,,KOGI
5363,ODOLU,04,KABBA/BUNU,10,KABBA/BUNU,SC/594/KG,Ijumu/Kabba-Bunu,FC/217/KG,,,KOGI
5364,AIYEWA,05,KABBA/BUNU,10,KABBA/BUNU,SC/594/KG,Ijumu/Kabba-Bunu,FC/217/KG,,,KOGI
5365,AIYETEJU,06,KABBA/BUNU,10,KABBA/BUNU,SC/594/KG,Ijumu/Kabba-Bunu,FC/217/KG,,,KOGI
5366,OUT,07,KABBA/BUNU,10,KABBA/BUNU,SC/594/KG,Ijumu/Kabba-Bunu,FC/217/KG,,,KOGI
5367,EGBEDA,08,KABBA/BUNU,10,KABBA/BUNU,SC/594/KG,Ijumu/Kabba-Bunu,FC/217/KG,,,KOGI
5368,OKEDAYO,09,KABBA/BUNU,10,KABBA/BUNU,SC/594/KG,Ijumu/Kabba-Bunu,FC/217/KG,,,KOGI
5369,AKUTUPA-KIRI,10,KABBA/BUNU,10,KABBA/BUNU,SC/594/KG,Ijumu/Kabba-Bunu,FC/217/KG,,,KOGI
5370,AIYETORO-KIRI,11,KABBA/BUNU,10,KABBA/BUNU,SC/594/KG,Ijumu/Kabba-Bunu,FC/217/KG,,,KOGI
5371,ILUKE,12,KABBA/BUNU,10,KABBA/BUNU,SC/594/KG,Ijumu/Kabba-Bunu,FC/217/KG,,,KOGI
5372,OLLE/OKE-OFIN,13,KABBA/BUNU,10,KABBA/BUNU,SC/594/KG,Ijumu/Kabba-Bunu,FC/217/KG,,,KOGI
5373,ODO-APE,14,KABBA/BUNU,10,KABBA/BUNU,SC/594/KG,Ijumu/Kabba-Bunu,FC/217/KG,,,KOGI
5374,OKEBUKUN,15,KABBA/BUNU,10,KABBA/BUNU,SC/594/KG,Ijumu/Kabba-Bunu,FC/217/KG,,,KOGI
5375,UKWO-KOTON KARFE,01,KOGI (KK),11,KOGI (K.K),SC/595/KG,Kogi (Lokoja)/Kogi (K.K.),FC/219/KG,,,KOGI
5376,ODAKI KOTON KARFE,02,KOGI (KK),11,KOGI (K.K),SC/595/KG,Kogi (Lokoja)/Kogi (K.K.),FC/219/KG,,,KOGI
5377,KOTON KARFE SOUTH EAST,03,KOGI (KK),11,KOGI (K.K),SC/595/KG,Kogi (Lokoja)/Kogi (K.K.),FC/219/KG,,,KOGI
5378,GIRINYA,04,KOGI (KK),11,KOGI (K.K),SC/595/KG,Kogi (Lokoja)/Kogi (K.K.),FC/219/KG,,,KOGI
5379,IRENODU,05,KOGI (KK),11,KOGI (K.K),SC/595/KG,Kogi (Lokoja)/Kogi (K.K.),FC/219/KG,,,KOGI
5380,AKPASU,06,KOGI (KK),11,KOGI (K.K),SC/595/KG,Kogi (Lokoja)/Kogi (K.K.),FC/219/KG,,,KOGI
5381,TAWARI,07,KOGI (KK),11,KOGI (K.K),SC/595/KG,Kogi (Lokoja)/Kogi (K.K.),FC/219/KG,,,KOGI
5382,GEGU-BEKI NORTH,08,KOGI (KK),11,KOGI (K.K),SC/595/KG,Kogi (Lokoja)/Kogi (K.K.),FC/219/KG,,,KOGI
5383,GEGU BEKI SOUTH,09,KOGI (KK),11,KOGI (K.K),SC/595/KG,Kogi (Lokoja)/Kogi (K.K.),FC/219/KG,,,KOGI
5384,CHIKARA NORTH,10,KOGI (KK),11,KOGI (K.K),SC/595/KG,Kogi (Lokoja)/Kogi (K.K.),FC/219/KG,,,KOGI
5385,CHIKARA SOUTH,11,KOGI (KK),11,KOGI (K.K),SC/595/KG,Kogi (Lokoja)/Kogi (K.K.),FC/219/KG,,,KOGI
5386,LOKOJA A,01,LOKOJA,12,LOKOJA I,SC/596/KG,Kogi (Lokoja)/Kogi (K.K.),FC/219/KG,,,KOGI
5387,LOKOJA B,02,LOKOJA,12,LOKOJA I,SC/596/KG,Kogi (Lokoja)/Kogi (K.K.),FC/219/KG,,,KOGI
5388,LOKOJA C,03,LOKOJA,12,LOKOJA I,SC/596/KG,Kogi (Lokoja)/Kogi (K.K.),FC/219/KG,,,KOGI
5389,LOKOJA D,04,LOKOJA,12,LOKOJA I,SC/596/KG,Kogi (Lokoja)/Kogi (K.K.),FC/219/KG,,,KOGI
5390,LOKOJA E,05,LOKOJA,12,LOKOJA I,SC/596/KG,Kogi (Lokoja)/Kogi (K.K.),FC/219/KG,,,KOGI
5391,KUPA NORTH EAST,06,LOKOJA,12,LOKOJA II,SC/597/KG,Kogi (Lokoja)/Kogi (K.K.),FC/219/KG,,,KOGI
5392,KUPA SOUTH EAST,07,LOKOJA,12,LOKOJA II,SC/597/KG,Kogi (Lokoja)/Kogi (K.K.),FC/219/KG,,,KOGI
5393,OWORO,08,LOKOJA,12,LOKOJA II,SC/597/KG,Kogi (Lokoja)/Kogi (K.K.),FC/219/KG,,,KOGI
5394,KANKANDA,09,LOKOJA,12,LOKOJA II,SC/597/KG,Kogi (Lokoja)/Kogi (K.K.),FC/219/KG,,,KOGI
5395,EGGAN,10,LOKOJA,12,LOKOJA II,SC/597/KG,Kogi (Lokoja)/Kogi (K.K.),FC/219/KG,,,KOGI
5396,ODOLE I,01,MOPA-MORO,13,MOPAMURO,SC/598/KG,Yagba East/Yagba West/ Mopamuro,FC/221/KG,,,KOGI
5397,ODELE 2,02,MOPA-MORO,13,MOPAMURO,SC/598/KG,Yagba East/Yagba West/ Mopamuro,FC/221/KG,,,KOGI
5398,ILLETEJU I,03,MOPA-MORO,13,MOPAMURO,SC/598/KG,Yagba East/Yagba West/ Mopamuro,FC/221/KG,,,KOGI
5399,ELLETEJU II,04,MOPA-MORO,13,MOPAMURO,SC/598/KG,Yagba East/Yagba West/ Mopamuro,FC/221/KG,,,KOGI
5400,OKRSGI/ILAI,05,MOPA-MORO,13,MOPAMURO,SC/598/KG,Yagba East/Yagba West/ Mopamuro,FC/221/KG,,,KOGI
5401,OROKERE,06,MOPA-MORO,13,MOPAMURO,SC/598/KG,Yagba East/Yagba West/ Mopamuro,FC/221/KG,,,KOGI
5402,TAKETE IDDE/OTAFUN,07,MOPA-MORO,13,MOPAMURO,SC/598/KG,Yagba East/Yagba West/ Mopamuro,FC/221/KG,,,KOGI
5403,AIYEDAYO/AIYEDERO,08,MOPA-MORO,13,MOPAMURO,SC/598/KG,Yagba East/Yagba West/ Mopamuro,FC/221/KG,,,KOGI
5404,AGBAJOGUN,09,MOPA-MORO,13,MOPAMURO,SC/598/KG,Yagba East/Yagba West/ Mopamuro,FC/221/KG,,,KOGI
5405,AIYEDE/OKAGI,10,MOPA-MORO,13,MOPAMURO,SC/598/KG,Yagba East/Yagba West/ Mopamuro,FC/221/KG,,,KOGI
5406,IGO,01,OFU,14,OFU,SC/599/KG,Idah/Igalamela Odolu/Ibaji/ Ofu,FC/216/KG,,,KOGI
5407,ALLOMA,02,OFU,14,OFU,SC/599/KG,Idah/Igalamela Odolu/Ibaji/ Ofu,FC/216/KG,,,KOGI
5408,EJULE ALLA,03,OFU,14,OFU,SC/599/KG,Idah/Igalamela Odolu/Ibaji/ Ofu,FC/216/KG,,,KOGI
5409,ITOBE/OKOLENYI,04,OFU,14,OFU,SC/599/KG,Idah/Igalamela Odolu/Ibaji/ Ofu,FC/216/KG,,,KOGI
5410,UGWOLAWO I,05,OFU,14,OFU,SC/599/KG,Idah/Igalamela Odolu/Ibaji/ Ofu,FC/216/KG,,,KOGI
5411,UGWOLAWO II,06,OFU,14,OFU,SC/599/KG,Idah/Igalamela Odolu/Ibaji/ Ofu,FC/216/KG,,,KOGI
5412,ALOJI,07,OFU,14,OFU,SC/599/KG,Idah/Igalamela Odolu/Ibaji/ Ofu,FC/216/KG,,,KOGI
5413,OFOKE,08,OFU,14,OFU,SC/599/KG,Idah/Igalamela Odolu/Ibaji/ Ofu,FC/216/KG,,,KOGI
5414,OCHADAMU,09,OFU,14,OFU,SC/599/KG,Idah/Igalamela Odolu/Ibaji/ Ofu,FC/216/KG,,,KOGI
5415,OGBONICHA,10,OFU,14,OFU,SC/599/KG,Idah/Igalamela Odolu/Ibaji/ Ofu,FC/216/KG,,,KOGI
5416,IBOKO/EFAKWU,11,OFU,14,OFU,SC/599/KG,Idah/Igalamela Odolu/Ibaji/ Ofu,FC/216/KG,,,KOGI
5417,ENI,01,OGORI MAGONGO,15,OGORI/MAGONGO,SC/600/KG,Okene/Ogori-Magogo,FC/220/KG,,,KOGI
5418,OSHOBANE,02,OGORI MAGONGO,15,OGORI/MAGONGO,SC/600/KG,Okene/Ogori-Magogo,FC/220/KG,,,KOGI
5419,OKIBO,03,OGORI MAGONGO,15,OGORI/MAGONGO,SC/600/KG,Okene/Ogori-Magogo,FC/220/KG,,,KOGI
5420,OKESI,04,OGORI MAGONGO,15,OGORI/MAGONGO,SC/600/KG,Okene/Ogori-Magogo,FC/220/KG,,,KOGI
5421,ILEEJU,05,OGORI MAGONGO,15,OGORI/MAGONGO,SC/600/KG,Okene/Ogori-Magogo,FC/220/KG,,,KOGI
5422,AIYEROMI,06,OGORI MAGONGO,15,OGORI/MAGONGO,SC/600/KG,Okene/Ogori-Magogo,FC/220/KG,,,KOGI
5423,AGUGU,07,OGORI MAGONGO,15,OGORI/MAGONGO,SC/600/KG,Okene/Ogori-Magogo,FC/220/KG,,,KOGI
5424,OBINOYIN,08,OGORI MAGONGO,15,OGORI/MAGONGO,SC/600/KG,Okene/Ogori-Magogo,FC/220/KG,,,KOGI
5425,OBATIGBEN,09,OGORI MAGONGO,15,OGORI/MAGONGO,SC/600/KG,Okene/Ogori-Magogo,FC/220/KG,,,KOGI
5426,OTUTU OPOWUROYE,10,OGORI MAGONGO,15,OGORI/MAGONGO,SC/600/KG,Okene/Ogori-Magogo,FC/220/KG,,,KOGI
5427,OBEIBA I,01,OKEHI,16,OKEHI,SC/601/KG,Adavi/Okehi,FC/213/KG,,,KOGI
5428,OBEIBA II,02,OKEHI,16,OKEHI,SC/601/KG,Adavi/Okehi,FC/213/KG,,,KOGI
5429,OKUEHI,03,OKEHI,16,OKEHI,SC/601/KG,Adavi/Okehi,FC/213/KG,,,KOGI
5430,OHUETA,04,OKEHI,16,OKEHI,SC/601/KG,Adavi/Okehi,FC/213/KG,,,KOGI
5431,OBOROKE EBA,05,OKEHI,16,OKEHI,SC/601/KG,Adavi/Okehi,FC/213/KG,,,KOGI
5432,OBOROKE UVETE I,06,OKEHI,16,OKEHI,SC/601/KG,Adavi/Okehi,FC/213/KG,,,KOGI
5433,EIKA/OHIZENYI,07,OKEHI,16,OKEHI,SC/601/KG,Adavi/Okehi,FC/213/KG,,,KOGI
5434,OKAITO/USUNGWEN,08,OKEHI,16,OKEHI,SC/601/KG,Adavi/Okehi,FC/213/KG,,,KOGI
5435,OHUEPE/OMAVI UHUODO,09,OKEHI,16,OKEHI,SC/601/KG,Adavi/Okehi,FC/213/KG,,,KOGI
5436,OBANGEDE/UHUODO,10,OKEHI,16,OKEHI,SC/601/KG,Adavi/Okehi,FC/213/KG,,,KOGI
5437,OBOROKE UVETE II,11,OKEHI,16,OKEHI,SC/601/KG,Adavi/Okehi,FC/213/KG,,,KOGI
5438,BARIKI,01,OKEN,17,OKENE TOWN,SC/602/KG,Okene/Ogori-Magogo,FC/220/KG,,,KOGI
5439,OBESSA,02,OKEN,17,OKENE TOWN,SC/602/KG,Okene/Ogori-Magogo,FC/220/KG,,,KOGI
5440,ONYUKOKO,03,OKEN,17,OKENE TOWN,SC/602/KG,Okene/Ogori-Magogo,FC/220/KG,,,KOGI
5441,IDOJI,04,OKEN,17,OKENE TOWN,SC/602/KG,Okene/Ogori-Magogo,FC/220/KG,,,KOGI
5442,ORIETESU,05,OKEN,17,OKENE TOWN,SC/602/KG,Okene/Ogori-Magogo,FC/220/KG,,,KOGI
5443,OTUTU,06,OKEN,17,OKENE TOWN,SC/602/KG,Okene/Ogori-Magogo,FC/220/KG,,,KOGI
5444,OKENE EBA/AGASSA/AHACHE,07,OKEN,17,OKENE TOWN,SC/602/KG,Okene/Ogori-Magogo,FC/220/KG,,,KOGI
5445,OBEHIRA UVETTA,08,OKEN,17,OKENE II (SOUTH),SC/603/KG,Okene/Ogori-Magogo,FC/220/KG,,,KOGI
5446,OBEHIRA EBA,09,OKEN,17,OKENE II (SOUTH),SC/603/KG,Okene/Ogori-Magogo,FC/220/KG,,,KOGI
5447,ABUGA/OZUJA,10,OKEN,17,OKENE II (SOUTH),SC/603/KG,Okene/Ogori-Magogo,FC/220/KG,,,KOGI
5448,UPOGORO/ODENKU,11,OKEN,17,OKENE II (SOUTH),SC/603/KG,Okene/Ogori-Magogo,FC/220/KG,,,KOGI
5449,IMENE I,01,OLAMABORO,18,OLAMABORO I,SC/604/KG,Ankpa/Omala/Olamaboro,FC/214/KG,,,KOGI
5450,IMENE II,02,OLAMABORO,18,OLAMABORO I,SC/604/KG,Ankpa/Omala/Olamaboro,FC/214/KG,,,KOGI
5451,OGUGU I,03,OLAMABORO,18,OLAMABORO I,SC/604/KG,Ankpa/Omala/Olamaboro,FC/214/KG,,,KOGI
5452,OGUGU II,04,OLAMABORO,18,OLAMABORO I,SC/604/KG,Ankpa/Omala/Olamaboro,FC/214/KG,,,KOGI
5453,OGUGU III,05,OLAMABORO,18,OLAMABORO I,SC/604/KG,Ankpa/Omala/Olamaboro,FC/214/KG,,,KOGI
5454,OLAMABORO I,06,OLAMABORO,18,OLAMABORO I,SC/604/KG,Ankpa/Omala/Olamaboro,FC/214/KG,,,KOGI
5455,OLAMABORO II,07,OLAMABORO,18,OLAMABORO I,SC/604/KG,Ankpa/Omala/Olamaboro,FC/214/KG,,,KOGI
5456,OLAMABORO III,08,OLAMABORO,18,OLAMABORO I,SC/604/KG,Ankpa/Omala/Olamaboro,FC/214/KG,,,KOGI
5457,OLAMABORO IV,09,OLAMABORO,18,OLAMABORO I,SC/604/KG,Ankpa/Omala/Olamaboro,FC/214/KG,,,KOGI
5458,OLAMABORO V,10,OLAMABORO,18,OLAMABORO I,SC/604/KG,Ankpa/Omala/Olamaboro,FC/214/KG,,,KOGI
5459,ABEJUKOLO I,01,OMALA,19,OMALA,SC/605/KG,Ankpa/Omala/Olamaboro,FC/214/KG,,,KOGI
5460,ABEJUKOLO II,02,OMALA,19,OMALA,SC/605/KG,Ankpa/Omala/Olamaboro,FC/214/KG,,,KOGI
5461,OPADA/OFEJIJI,03,OMALA,19,OMALA,SC/605/KG,Ankpa/Omala/Olamaboro,FC/214/KG,,,KOGI
5462,BAGANA,04,OMALA,19,OMALA,SC/605/KG,Ankpa/Omala/Olamaboro,FC/214/KG,,,KOGI
5463,OKPATALA,05,OMALA,19,OMALA,SC/605/KG,Ankpa/Omala/Olamaboro,FC/214/KG,,,KOGI
5464,OKPATACHA,06,OMALA,19,OMALA,SC/605/KG,Ankpa/Omala/Olamaboro,FC/214/KG,,,KOGI
5465,BAGAJI,07,OMALA,19,OMALA,SC/605/KG,Ankpa/Omala/Olamaboro,FC/214/KG,,,KOGI
5466,ICHEKE-AJOPACHI,08,OMALA,19,OMALA,SC/605/KG,Ankpa/Omala/Olamaboro,FC/214/KG,,,KOGI
5467,OGODU,09,OMALA,19,OMALA,SC/605/KG,Ankpa/Omala/Olamaboro,FC/214/KG,,,KOGI
5468,OJA-AJI,10,OMALA,19,OMALA,SC/605/KG,Ankpa/Omala/Olamaboro,FC/214/KG,,,KOGI
5469,OLLA,11,OMALA,19,OMALA,SC/605/KG,Ankpa/Omala/Olamaboro,FC/214/KG,,,KOGI
5470,IFE OLUKOTUN I,01,YAGBA EAST,20,YAGBA EAST,SC/606/KG,Yagba East/Yagba West/ Mopamuro,FC/221/KG,,,KOGI
5471,IFE OLUDOTUN II,02,YAGBA EAST,20,YAGBA EAST,SC/606/KG,Yagba East/Yagba West/ Mopamuro,FC/221/KG,,,KOGI
5472,PONYAN,03,YAGBA EAST,20,YAGBA EAST,SC/606/KG,Yagba East/Yagba West/ Mopamuro,FC/221/KG,,,KOGI
5473,ALU/IGBAGUN/ORANRE,04,YAGBA EAST,20,YAGBA EAST,SC/606/KG,Yagba East/Yagba West/ Mopamuro,FC/221/KG,,,KOGI
5474,EJUKU,05,YAGBA EAST,20,YAGBA EAST,SC/606/KG,Yagba East/Yagba West/ Mopamuro,FC/221/KG,,,KOGI
5475,JEGE/OKE AGI/OGBOM/ISAO,06,YAGBA EAST,20,YAGBA EAST,SC/606/KG,Yagba East/Yagba West/ Mopamuro,FC/221/KG,,,KOGI
5476,MAKUTU I,07,YAGBA EAST,20,YAGBA EAST,SC/606/KG,Yagba East/Yagba West/ Mopamuro,FC/221/KG,,,KOGI
5477,MAKUTU II,08,YAGBA EAST,20,YAGBA EAST,SC/606/KG,Yagba East/Yagba West/ Mopamuro,FC/221/KG,,,KOGI
5478,ITEDO,09,YAGBA EAST,20,YAGBA EAST,SC/606/KG,Yagba East/Yagba West/ Mopamuro,FC/221/KG,,,KOGI
5479,ILAFIN/IDOFIN/ODO-OGBE,10,YAGBA EAST,20,YAGBA EAST,SC/606/KG,Yagba East/Yagba West/ Mopamuro,FC/221/KG,,,KOGI
5480,EJIBA,01,YAGBA WEST,21,YAGBA WEST,SC/607/KG,Yagba East/Yagba West/ Mopamuro,FC/221/KG,,,KOGI
5481,ODOERI OKOTO,02,YAGBA WEST,21,YAGBA WEST,SC/607/KG,Yagba East/Yagba West/ Mopamuro,FC/221/KG,,,KOGI
5482,"ODOERE,OKE-ERE",03,YAGBA WEST,21,YAGBA WEST,SC/607/KG,Yagba East/Yagba West/ Mopamuro,FC/221/KG,,,KOGI
5483,ISAULU ESE/OKOLOKE/OKUNRAN,04,YAGBA WEST,21,YAGBA WEST,SC/607/KG,Yagba East/Yagba West/ Mopamuro,FC/221/KG,,,KOGI
5484,IYAMERIN/IGBARUKU,05,YAGBA WEST,21,YAGBA WEST,SC/607/KG,Yagba East/Yagba West/ Mopamuro,FC/221/KG,,,KOGI
5485,"ODO ARA, OMI, OGGA",06,YAGBA WEST,21,YAGBA WEST,SC/607/KG,Yagba East/Yagba West/ Mopamuro,FC/221/KG,,,KOGI
5486,OGBE,07,YAGBA WEST,21,YAGBA WEST,SC/607/KG,Yagba East/Yagba West/ Mopamuro,FC/221/KG,,,KOGI
5487,OKE EGBE I,08,YAGBA WEST,21,YAGBA WEST,SC/607/KG,Yagba East/Yagba West/ Mopamuro,FC/221/KG,,,KOGI
5488,OKE EGBE II,09,YAGBA WEST,21,YAGBA WEST,SC/607/KG,Yagba East/Yagba West/ Mopamuro,FC/221/KG,,,KOGI
5489,OKE EGBE III,10,YAGBA WEST,21,YAGBA WEST,SC/607/KG,Yagba East/Yagba West/ Mopamuro,FC/221/KG,,,KOGI
5490,OKE EGBE IV,11,YAGBA WEST,21,YAGBA WEST,SC/607/KG,Yagba East/Yagba West/ Mopamuro,FC/221/KG,,,KOGI
5491,ODO EGBE I,12,YAGBA WEST,21,YAGBA WEST,SC/607/KG,Yagba East/Yagba West/ Mopamuro,FC/221/KG,,,KOGI
5492,ODO EGBE II,13,YAGBA WEST,21,YAGBA WEST,SC/607/KG,Yagba East/Yagba West/ Mopamuro,FC/221/KG,,,KOGI
5493,ODO EGBE III,14,YAGBA WEST,21,YAGBA WEST,SC/607/KG,Yagba East/Yagba West/ Mopamuro,FC/221/KG,,,KOGI
5494,YOWERE/SOKOKI,01,ASA,01,ONIRE/OWODE,SC/609/KW,Ilorin West/Asa,FC/226/KW,,,KWARA
5495,ADIGBONGBO/AWE/ORIMA RO,02,ASA,01,ONIRE/OWODE,SC/609/KW,Ilorin West/Asa,FC/226/KW,,,KWARA
5496,ELEBUE/AGBONA/FAT,03,ASA,01,ONIRE/OWODE,SC/609/KW,Ilorin West/Asa,FC/226/KW,,,KWARA
5497,ONIRE/ODE-GIWA/ALAPA,04,ASA,01,ONIRE/OWODE,SC/609/KW,Ilorin West/Asa,FC/226/KW,,,KWARA
5498,YOWERE II/OKEWERU,05,ASA,01,ONIRE/OWODE,SC/609/KW,Ilorin West/Asa,FC/226/KW,,,KWARA
5499,GAMBARI/AIYEKALE,06,ASA,01,ONIRE/OWODE,SC/609/KW,Ilorin West/Asa,FC/226/KW,,,KWARA
5500,EFUE/BERIKODO,07,ASA,01,ONIRE/OWODE,SC/609/KW,Ilorin West/Asa,FC/226/KW,,,KWARA
5501,OWODE/GBOGUN,08,ASA,01,ONIRE/OWODE,SC/609/KW,Ilorin West/Asa,FC/226/KW,,,KWARA
5502,BALLAH/OTTE,09,ASA,01,ONIRE/OWODE,SC/609/KW,Ilorin West/Asa,FC/226/KW,,,KWARA
5503,OGBONDOROKO/REKE,10,ASA,01,AFON,SC/608/KW,Ilorin West/Asa,FC/226/KW,,,KWARA
5504,AGO- OJA/OSIN/SAPA/LADUBA,11,ASA,01,AFON,SC/608/KW,Ilorin West/Asa,FC/226/KW,,,KWARA
5505,AFON,12,ASA,01,AFON,SC/608/KW,Ilorin West/Asa,FC/226/KW,,,KWARA
5506,ILA-OJA,13,ASA,01,AFON,SC/608/KW,Ilorin West/Asa,FC/226/KW,,,KWARA
5507,OGELE,14,ASA,01,AFON,SC/608/KW,Ilorin West/Asa,FC/226/KW,,,KWARA
5508,BUDO-EGBA,15,ASA,01,AFON,SC/608/KW,Ilorin West/Asa,FC/226/KW,,,KWARA
5509,OKESHO,16,ASA,01,AFON,SC/608/KW,Ilorin West/Asa,FC/226/KW,,,KWARA
5510,ODO,17,ASA,01,AFON,SC/608/KW,Ilorin West/Asa,FC/226/KW,,,KWARA
5511,BORIYA/SHIYA,01,BARUTEN,02,OKUTA/AYASHKIRA,SC/611/KW,Baruten/Kaiama,FC/222/KW,,,KWARA
5512,GURE/GWARSORO,02,BARUTEN,02,OKUTA/AYASHKIRA,SC/611/KW,Baruten/Kaiama,FC/222/KW,,,KWARA
5513,GWEDERE/BABANE,03,BARUTEN,02,ILESHA/GWANARA,SC/610/KW,Baruten/Kaiama,FC/222/KW,,,KWARA
5514,GWANARA,04,BARUTEN,02,ILESHA/GWANARA,SC/610/KW,Baruten/Kaiama,FC/222/KW,,,KWARA
5515,ILESHA,05,BARUTEN,02,ILESHA/GWANARA,SC/610/KW,Baruten/Kaiama,FC/222/KW,,,KWARA
5516,KENU-TABERA,06,BARUTEN,02,OKUTA/AYASHKIRA,SC/611/KW,Baruten/Kaiama,FC/222/KW,,,KWARA
5517,KPURA YAKIRA,07,BARUTEN,02,ILESHA/GWANARA,SC/610/KW,Baruten/Kaiama,FC/222/KW,,,KWARA
5518,KIYORU-BWEN,08,BARUTEN,02,ILESHA/GWANARA,SC/610/KW,Baruten/Kaiama,FC/222/KW,,,KWARA
5519,OKUTA,09,BARUTEN,02,OKUTA/AYASHKIRA,SC/611/KW,Baruten/Kaiama,FC/222/KW,,,KWARA
5520,SHINAWU/TUMBUYA,10,BARUTEN,02,ILESHA/GWANARA,SC/610/KW,Baruten/Kaiama,FC/222/KW,,,KWARA
5521,YASHIKIRA,11,BARUTEN,02,OKUTA/AYASHKIRA,SC/611/KW,Baruten/Kaiama,FC/222/KW,,,KWARA
5522,LAFIAGI I,01,EDU,03,LAFIAGI,SC/612/KW,Edu/Moro/Pategi,FC/223/KW,,,KWARA
5523,LAFIAGI II,02,EDU,03,LAFIAGI,SC/612/KW,Edu/Moro/Pategi,FC/223/KW,,,KWARA
5524,LAFIAGI III,03,EDU,03,LAFIAGI,SC/612/KW,Edu/Moro/Pategi,FC/223/KW,,,KWARA
5525,LAFIAGI IV,04,EDU,03,LAFIAGI,SC/612/KW,Edu/Moro/Pategi,FC/223/KW,,,KWARA
5526,TSARAGI I,05,EDU,03,,,Edu/Moro/Pategi,FC/223/KW,,,KWARA
5527,TSARAGI II,06,EDU,03,,,Edu/Moro/Pategi,FC/223/KW,,,KWARA
5528,TSARAGI III,07,EDU,03,,,Edu/Moro/Pategi,FC/223/KW,,,KWARA
5529,TSONGA I,08,EDU,03,,,Edu/Moro/Pategi,FC/223/KW,,,KWARA
5530,TSONGA II,09,EDU,03,,,Edu/Moro/Pategi,FC/223/KW,,,KWARA
5531,TSONGA III,10,EDU,03,,,Edu/Moro/Pategi,FC/223/KW,,,KWARA
5532,ERUKU,01,EKITI,04,EKITI,SC/614/KW,Ekiti/Isin/Irepodun/Oke-Ero,FC/224/KW,,,KWARA
5533,ISAPA,02,EKITI,04,EKITI,SC/614/KW,Ekiti/Isin/Irepodun/Oke-Ero,FC/224/KW,,,KWARA
5534,KORO,03,EKITI,04,EKITI,SC/614/KW,Ekiti/Isin/Irepodun/Oke-Ero,FC/224/KW,,,KWARA
5535,OBBO-AIYEGUNLE I,04,EKITI,04,EKITI,SC/614/KW,Ekiti/Isin/Irepodun/Oke-Ero,FC/224/KW,,,KWARA
5536,OBBO-AIYEBUNLE II,05,EKITI,04,EKITI,SC/614/KW,Ekiti/Isin/Irepodun/Oke-Ero,FC/224/KW,,,KWARA
5537,OBBO-ILE,06,EKITI,04,EKITI,SC/614/KW,Ekiti/Isin/Irepodun/Oke-Ero,FC/224/KW,,,KWARA
5538,OSI I,07,EKITI,04,EKITI,SC/614/KW,Ekiti/Isin/Irepodun/Oke-Ero,FC/224/KW,,,KWARA
5539,OSI II,08,EKITI,04,EKITI,SC/614/KW,Ekiti/Isin/Irepodun/Oke-Ero,FC/224/KW,,,KWARA
5540,OPIN,09,EKITI,04,EKITI,SC/614/KW,Ekiti/Isin/Irepodun/Oke-Ero,FC/224/KW,,,KWARA
5541,OKE-OPIN/ETAN,10,EKITI,04,EKITI,SC/614/KW,Ekiti/Isin/Irepodun/Oke-Ero,FC/224/KW,,,KWARA
5542,OKE-ODE I,01,IFELODUN,05,SHARE/OKE-ODE,SC/617/KW,Ifelodun/Offa/Oyun,FC/227/KW,,,KWARA
5543,OKE ODE II,02,IFELODUN,05,SHARE/OKE-ODE,SC/617/KW,Ifelodun/Offa/Oyun,FC/227/KW,,,KWARA
5544,OKE ODE III,03,IFELODUN,05,SHARE/OKE-ODE,SC/617/KW,Ifelodun/Offa/Oyun,FC/227/KW,,,KWARA
5545,ORA,04,IFELODUN,05,SHARE/OKE-ODE,SC/617/KW,Ifelodun/Offa/Oyun,FC/227/KW,,,KWARA
5546,ILE-IRE,05,IFELODUN,05,,,Ifelodun/Offa/Oyun,FC/227/KW,,,KWARA
5547,AGUNJIN,06,IFELODUN,05,,,Ifelodun/Offa/Oyun,FC/227/KW,,,KWARA
5548,ARO-AGO,07,IFELODUN,05,SHARE/OKE-ODE,SC/617/KW,Ifelodun/Offa/Oyun,FC/227/KW,,,KWARA
5549,OMUPO,08,IFELODUN,05,,,Ifelodun/Offa/Oyun,FC/227/KW,,,KWARA
5550,SHARE I,09,IFELODUN,05,SHARE/OKE-ODE,SC/617/KW,Ifelodun/Offa/Oyun,FC/227/KW,,,KWARA
5551,SHARE II,10,IFELODUN,05,SHARE/OKE-ODE,SC/617/KW,Ifelodun/Offa/Oyun,FC/227/KW,,,KWARA
5552,SHARE III,11,IFELODUN,05,SHARE/OKE-ODE,SC/617/KW,Ifelodun/Offa/Oyun,FC/227/KW,,,KWARA
5553,SHARE IV,12,IFELODUN,05,SHARE/OKE-ODE,SC/617/KW,Ifelodun/Offa/Oyun,FC/227/KW,,,KWARA
5554,SHARE V,13,IFELODUN,05,SHARE/OKE-ODE,SC/617/KW,Ifelodun/Offa/Oyun,FC/227/KW,,,KWARA
5555,IGBAJA I,14,IFELODUN,05,,,Ifelodun/Offa/Oyun,FC/227/KW,,,KWARA
5556,IGBAJA II,15,IFELODUN,05,,,Ifelodun/Offa/Oyun,FC/227/KW,,,KWARA
5557,IGBAJA III,16,IFELODUN,05,,,Ifelodun/Offa/Oyun,FC/227/KW,,,KWARA
5558,IDOFIAN I,17,IFELODUN,05,,,Ifelodun/Offa/Oyun,FC/227/KW,,,KWARA
5559,IDOFIAN II,18,IFELODUN,05,,,Ifelodun/Offa/Oyun,FC/227/KW,,,KWARA
5560,AGBE YANGI/GBADANMU/OSIN,01,ILORIN EAST,06,ILORIN EAST,SC/618/KW,Ilorin East/Ilorin South,FC/225/KW,,,KWARA
5561,GAMBARI I,02,ILORIN EAST,06,ILORIN EAST,SC/618/KW,Ilorin East/Ilorin South,FC/225/KW,,,KWARA
5562,GAMBARI II,03,ILORIN EAST,06,ILORIN EAST,SC/618/KW,Ilorin East/Ilorin South,FC/225/KW,,,KWARA
5563,IBAGUN,04,ILORIN EAST,06,ILORIN EAST,SC/618/KW,Ilorin East/Ilorin South,FC/225/KW,,,KWARA
5564,APADO,05,ILORIN EAST,06,ILORIN EAST,SC/618/KW,Ilorin East/Ilorin South,FC/225/KW,,,KWARA
5565,IPORIN,06,ILORIN EAST,06,ILORIN EAST,SC/618/KW,Ilorin East/Ilorin South,FC/225/KW,,,KWARA
5566,MAGAJI ARE I,07,ILORIN EAST,06,ILORIN EAST,SC/618/KW,Ilorin East/Ilorin South,FC/225/KW,,,KWARA
5567,MAGAJI ARE II,08,ILORIN EAST,06,ILORIN EAST,SC/618/KW,Ilorin East/Ilorin South,FC/225/KW,,,KWARA
5568,MARAFA/PEPELE,09,ILORIN EAST,06,ILORIN EAST,SC/618/KW,Ilorin East/Ilorin South,FC/225/KW,,,KWARA
5569,MAYA/ILE APA,10,ILORIN EAST,06,ILORIN EAST,SC/618/KW,Ilorin East/Ilorin South,FC/225/KW,,,KWARA
5570,OKE- OYI/OKE/OSE/ALALUBOSA,11,ILORIN EAST,06,ILORIN EAST,SC/618/KW,Ilorin East/Ilorin South,FC/225/KW,,,KWARA
5571,ZANGO,12,ILORIN EAST,06,ILORIN EAST,SC/618/KW,Ilorin East/Ilorin South,FC/225/KW,,,KWARA
5572,AKANBI I,01,ILORIN SOUTH,07,ILORIN SOUTH,SC/619/KW,Ilorin East/Ilorin South,FC/225/KW,,,KWARA
5573,AKANBI II,02,ILORIN SOUTH,07,ILORIN SOUTH,SC/619/KW,Ilorin East/Ilorin South,FC/225/KW,,,KWARA
5574,AKANBI III,03,ILORIN SOUTH,07,ILORIN SOUTH,SC/619/KW,Ilorin East/Ilorin South,FC/225/KW,,,KWARA
5575,AKANBI IV,04,ILORIN SOUTH,07,ILORIN SOUTH,SC/619/KW,Ilorin East/Ilorin South,FC/225/KW,,,KWARA
5576,AKANBI V,05,ILORIN SOUTH,07,ILORIN SOUTH,SC/619/KW,Ilorin East/Ilorin South,FC/225/KW,,,KWARA
5577,BALOGUN FULANI I,06,ILORIN SOUTH,07,ILORIN SOUTH,SC/619/KW,Ilorin East/Ilorin South,FC/225/KW,,,KWARA
5578,BALOGUN FULANI II,07,ILORIN SOUTH,07,ILORIN SOUTH,SC/619/KW,Ilorin East/Ilorin South,FC/225/KW,,,KWARA
5579,BALOGUN FULANI III,08,ILORIN SOUTH,07,ILORIN SOUTH,SC/619/KW,Ilorin East/Ilorin South,FC/225/KW,,,KWARA
5580,OKAKA I,09,ILORIN SOUTH,07,ILORIN SOUTH,SC/619/KW,Ilorin East/Ilorin South,FC/225/KW,,,KWARA
5581,OKAKA II,10,ILORIN SOUTH,07,ILORIN SOUTH,SC/619/KW,Ilorin East/Ilorin South,FC/225/KW,,,KWARA
5582,OKE OGUN,11,ILORIN SOUTH,07,ILORIN SOUTH,SC/619/KW,Ilorin East/Ilorin South,FC/225/KW,,,KWARA
5583,ADEWOLE,01,ILORIN WEST,08,ILORIN NORTH WEST,SC/621/KW,Ilorin West/Asa,FC/226/KW,,,KWARA
5584,AJIKOBI,02,ILORIN WEST,08,ILORIN NORTH WEST,SC/621/KW,Ilorin West/Asa,FC/226/KW,,,KWARA
5585,BABOKO,03,ILORIN WEST,08,ILORIN CENTRAL,SC/620/KW,Ilorin West/Asa,FC/226/KW,,,KWARA
5586,BADARI,04,ILORIN WEST,08,ILORIN CENTRAL,SC/620/KW,Ilorin West/Asa,FC/226/KW,,,KWARA
5587,BALOGUN ALANAM CENTRAL,05,ILORIN WEST,08,ILORIN NORTH WEST,SC/621/KW,Ilorin West/Asa,FC/226/KW,,,KWARA
5588,MAGAJI-NGERI,06,ILORIN WEST,08,ILORIN CENTRAL,SC/620/KW,Ilorin West/Asa,FC/226/KW,,,KWARA
5589,OLOJE,07,ILORIN WEST,08,ILORIN NORTH WEST,SC/621/KW,Ilorin West/Asa,FC/226/KW,,,KWARA
5590,OGIDI,08,ILORIN WEST,08,ILORIN NORTH WEST,SC/621/KW,Ilorin West/Asa,FC/226/KW,,,KWARA
5591,OJUEKUN/ZARUMI,09,ILORIN WEST,08,ILORIN NORTH WEST,SC/621/KW,Ilorin West/Asa,FC/226/KW,,,KWARA
5592,OKO-ERIN,10,ILORIN WEST,08,ILORIN CENTRAL,SC/620/KW,Ilorin West/Asa,FC/226/KW,,,KWARA
5593,UBANDAWAKI,11,ILORIN WEST,08,ILORIN NORTH WEST,SC/621/KW,Ilorin West/Asa,FC/226/KW,,,KWARA
5594,WARRAH/EGGEJILA/OSHIN,12,ILORIN WEST,08,ILORIN CENTRAL,SC/620/KW,Ilorin West/Asa,FC/226/KW,,,KWARA
5595,AJASE I,01,IREPODUN,09,IREPODUN,SC/622/KW,Ekiti/Isin/Irepodun/Oke-Ero,FC/224/KW,,,KWARA
5596,AJASE II,02,IREPODUN,09,IREPODUN,SC/622/KW,Ekiti/Isin/Irepodun/Oke-Ero,FC/224/KW,,,KWARA
5597,ARANDUN,03,IREPODUN,09,IREPODUN,SC/622/KW,Ekiti/Isin/Irepodun/Oke-Ero,FC/224/KW,,,KWARA
5598,ESIE/IJAN,04,IREPODUN,09,IREPODUN,SC/622/KW,Ekiti/Isin/Irepodun/Oke-Ero,FC/224/KW,,,KWARA
5599,IPETU/RORE/ARAN ORIN,05,IREPODUN,09,IREPODUN,SC/622/KW,Ekiti/Isin/Irepodun/Oke-Ero,FC/224/KW,,,KWARA
5600,OMU-ARAN I (ARAN),06,IREPODUN,09,IREPODUN,SC/622/KW,Ekiti/Isin/Irepodun/Oke-Ero,FC/224/KW,,,KWARA
5601,OMU-ARAN II (IHAYE),07,IREPODUN,09,IREPODUN,SC/622/KW,Ekiti/Isin/Irepodun/Oke-Ero,FC/224/KW,,,KWARA
5602,OMU-ARAN III (IFAJA),08,IREPODUN,09,IREPODUN,SC/622/KW,Ekiti/Isin/Irepodun/Oke-Ero,FC/224/KW,,,KWARA
5603,ORO I,09,IREPODUN,09,IREPODUN,SC/622/KW,Ekiti/Isin/Irepodun/Oke-Ero,FC/224/KW,,,KWARA
5604,ORO II,10,IREPODUN,09,IREPODUN,SC/622/KW,Ekiti/Isin/Irepodun/Oke-Ero,FC/224/KW,,,KWARA
5605,ORO,11,IREPODUN,09,IREPODUN,SC/622/KW,Ekiti/Isin/Irepodun/Oke-Ero,FC/224/KW,,,KWARA
5606,ALA,01,ISIN,10,ISIN,SC/623/KW,Ekiti/Isin/Irepodun/Oke-Ero,FC/224/KW,,,KWARA
5607,EDIDI,02,ISIN,10,ISIN,SC/623/KW,Ekiti/Isin/Irepodun/Oke-Ero,FC/224/KW,,,KWARA
5608,ISANLU ISIN I,03,ISIN,10,ISIN,SC/623/KW,Ekiti/Isin/Irepodun/Oke-Ero,FC/224/KW,,,KWARA
5609,ISANLU ISIN II,04,ISIN,10,ISIN,SC/623/KW,Ekiti/Isin/Irepodun/Oke-Ero,FC/224/KW,,,KWARA
5610,IJARA ISIN,05,ISIN,10,ISIN,SC/623/KW,Ekiti/Isin/Irepodun/Oke-Ero,FC/224/KW,,,KWARA
5611,IWO,06,ISIN,10,ISIN,SC/623/KW,Ekiti/Isin/Irepodun/Oke-Ero,FC/224/KW,,,KWARA
5612,OWU-ISIN,07,ISIN,10,ISIN,SC/623/KW,Ekiti/Isin/Irepodun/Oke-Ero,FC/224/KW,,,KWARA
5613,OKE-ONIGBIN,08,ISIN,10,ISIN,SC/623/KW,Ekiti/Isin/Irepodun/Oke-Ero,FC/224/KW,,,KWARA
5614,SABAJA/PAMO,09,ISIN,10,ISIN,SC/623/KW,Ekiti/Isin/Irepodun/Oke-Ero,FC/224/KW,,,KWARA
5615,OKE-ABA,10,ISIN,10,ISIN,SC/623/KW,Ekiti/Isin/Irepodun/Oke-Ero,FC/224/KW,,,KWARA
5616,OLLA,11,ISIN,10,ISIN,SC/623/KW,Ekiti/Isin/Irepodun/Oke-Ero,FC/224/KW,,,KWARA
5617,ADENA,01,KALAMA,11,GWANABE/ADENA/BANNI,SC/624/KW,Baruten/Kaiama,FC/222/KW,,,KWARA
5618,BANI,02,KALAMA,11,GWANABE/ADENA/BANNI,SC/624/KW,Baruten/Kaiama,FC/222/KW,,,KWARA
5619,GWANABE I,03,KALAMA,11,GWANABE/ADENA/BANNI,SC/624/KW,Baruten/Kaiama,FC/222/KW,,,KWARA
5620,GWANABE II,04,KALAMA,11,GWANABE/ADENA/BANNI,SC/624/KW,Baruten/Kaiama,FC/222/KW,,,KWARA
5621,GWARIA,05,KALAMA,11,GWANABE/ADENA/BANNI,SC/624/KW,Baruten/Kaiama,FC/222/KW,,,KWARA
5622,KAIAMA I,06,KALAMA,11,KAIAMA/WAJIBE/KEMANJI,SC/625/KW,Baruten/Kaiama,FC/222/KW,,,KWARA
5623,KAIAMA II,07,KALAMA,11,KAIAMA/WAJIBE/KEMANJI,SC/625/KW,Baruten/Kaiama,FC/222/KW,,,KWARA
5624,KAIMA III,08,KALAMA,11,KAIAMA/WAJIBE/KEMANJI,SC/625/KW,Baruten/Kaiama,FC/222/KW,,,KWARA
5625,KEMANJI,09,KALAMA,11,KAIAMA/WAJIBE/KEMANJI,SC/625/KW,Baruten/Kaiama,FC/222/KW,,,KWARA
5626,WAJIBE,10,KALAMA,11,KAIAMA/WAJIBE/KEMANJI,SC/625/KW,Baruten/Kaiama,FC/222/KW,,,KWARA
5627,JEBBA,01,MORO,12,LANWA/EJIDONGARI,SC/626/KW,Edu/Moro/Pategi,FC/223/KW,,,KWARA
5628,BODE-ASSDU,02,MORO,12,LANWA/EJIDONGARI,SC/626/KW,Edu/Moro/Pategi,FC/223/KW,,,KWARA
5629,OKEMI,03,MORO,12,LANWA/EJIDONGARI,SC/626/KW,Edu/Moro/Pategi,FC/223/KW,,,KWARA
5630,LANWA,04,MORO,12,LANWA/EJIDONGARI,SC/626/KW,Edu/Moro/Pategi,FC/223/KW,,,KWARA
5631,EJIDONGARI,05,MORO,12,LANWA/EJIDONGARI,SC/626/KW,Edu/Moro/Pategi,FC/223/KW,,,KWARA
5632,OKUTALA,06,MORO,12,LANWA/EJIDONGARI,SC/626/KW,Edu/Moro/Pategi,FC/223/KW,,,KWARA
5633,BABADUDU,07,MORO,12,LANWA/EJIDONGARI,SC/626/KW,Edu/Moro/Pategi,FC/223/KW,,,KWARA
5634,OLORU,08,MORO,12,OLORU/MALETE/IPAIYE,SC/627/KW,Edu/Moro/Pategi,FC/223/KW,,,KWARA
5635,PAKUNMO,09,MORO,12,OLORU/MALETE/IPAIYE,SC/627/KW,Edu/Moro/Pategi,FC/223/KW,,,KWARA
5636,WOMI/AYAKI,10,MORO,12,OLORU/MALETE/IPAIYE,SC/627/KW,Edu/Moro/Pategi,FC/223/KW,,,KWARA
5637,ABATI/ALARA,11,MORO,12,OLORU/MALETE/IPAIYE,SC/627/KW,Edu/Moro/Pategi,FC/223/KW,,,KWARA
5638,SHAO,12,MORO,12,OLORU/MALETE/IPAIYE,SC/627/KW,Edu/Moro/Pategi,FC/223/KW,,,KWARA
5639,LOGUN/JEHUN KUNNU,13,MORO,12,OLORU/MALETE/IPAIYE,SC/627/KW,Edu/Moro/Pategi,FC/223/KW,,,KWARA
5640,MALETE/GBEGUDU,14,MORO,12,OLORU/MALETE/IPAIYE,SC/627/KW,Edu/Moro/Pategi,FC/223/KW,,,KWARA
5641,AJANAKU,15,MORO,12,OLORU/MALETE/IPAIYE,SC/627/KW,Edu/Moro/Pategi,FC/223/KW,,,KWARA
5642,MEGIDA,16,MORO,12,OLORU/MALETE/IPAIYE,SC/627/KW,Edu/Moro/Pategi,FC/223/KW,,,KWARA
,,17,MORO,12,OLORU/MALETE/IPAIYE,SC/627/KW,Edu/Moro/Pategi,FC/223/KW,,,
5643,BALOGUN,01,OFFA,13,BALOGUN/OJUMU,SC/628/KW,Ifelodun/Offa/Oyun,FC/227/KW,,,KWARA
5644,SHAWO SOUTH WEST,02,OFFA,13,SHAWO/ESSA,SC/629/KW,Ifelodun/Offa/Oyun,FC/227/KW,,,KWARA
5645,SHAWO CENTRAL,03,OFFA,13,SHAWO/ESSA,SC/629/KW,Ifelodun/Offa/Oyun,FC/227/KW,,,KWARA
5646,SHAWO SOYUTH EAST,04,OFFA,13,SHAWO/ESSA,SC/629/KW,Ifelodun/Offa/Oyun,FC/227/KW,,,KWARA
5647,ESSA A,05,OFFA,13,SHAWO/ESSA,SC/629/KW,Ifelodun/Offa/Oyun,FC/227/KW,,,KWARA
5648,ESSA B,06,OFFA,13,SHAWO/ESSA,SC/629/KW,Ifelodun/Offa/Oyun,FC/227/KW,,,KWARA
5649,ESSA C,07,OFFA,13,SHAWO/ESSA,SC/629/KW,Ifelodun/Offa/Oyun,FC/227/KW,,,KWARA
5650,OJOMU NORTH/NORTH WEST,08,OFFA,13,BALOGUN/OJUMU,SC/628/KW,Ifelodun/Offa/Oyun,FC/227/KW,,,KWARA
5651,OJOMU CENTRAL (1),09,OFFA,13,BALOGUN/OJUMU,SC/628/KW,Ifelodun/Offa/Oyun,FC/227/KW,,,KWARA
5652,OJOMU CENTRAL (II),10,OFFA,13,BALOGUN/OJUMU,SC/628/KW,Ifelodun/Offa/Oyun,FC/227/KW,,,KWARA
5653,OJOMU SOUTH EAST,11,OFFA,13,BALOGUN/OJUMU,SC/628/KW,Ifelodun/Offa/Oyun,FC/227/KW,,,KWARA
5654,IGBODUN,12,OFFA,13,SHAWO/ESSA,SC/629/KW,Ifelodun/Offa/Oyun,FC/227/KW,,,KWARA
5655,AIYEDUN,01,OKE-ERO,14,OKE-ERO,SC/615/KW,Ekiti/Isin/Irepodun/Oke-Ero,FC/224/KW,,,KWARA
5656,EKAN,02,OKE-ERO,14,OKE-ERO,SC/615/KW,Ekiti/Isin/Irepodun/Oke-Ero,FC/224/KW,,,KWARA
5657,IMOJI/ILALE/ERIN MOPE,03,OKE-ERO,14,OKE-ERO,SC/615/KW,Ekiti/Isin/Irepodun/Oke-Ero,FC/224/KW,,,KWARA
5658,ILOFFA,04,OKE-ERO,14,OKE-ERO,SC/615/KW,Ekiti/Isin/Irepodun/Oke-Ero,FC/224/KW,,,KWARA
5659,IMODE/EGOSI,05,OKE-ERO,14,OKE-ERO,SC/615/KW,Ekiti/Isin/Irepodun/Oke-Ero,FC/224/KW,,,KWARA
5660,IDOFIN IGBANA I,06,OKE-ERO,14,OKE-ERO,SC/615/KW,Ekiti/Isin/Irepodun/Oke-Ero,FC/224/KW,,,KWARA
5661,IDOFIN IGBANA II,07,OKE-ERO,14,OKE-ERO,SC/615/KW,Ekiti/Isin/Irepodun/Oke-Ero,FC/224/KW,,,KWARA
5662,IDOFIN /ODO-ASHE,08,OKE-ERO,14,OKE-ERO,SC/615/KW,Ekiti/Isin/Irepodun/Oke-Ero,FC/224/KW,,,KWARA
5663,ODO-OWA I,09,OKE-ERO,14,OKE-ERO,SC/615/KW,Ekiti/Isin/Irepodun/Oke-Ero,FC/224/KW,,,KWARA
5664,ODO-OWA II,10,OKE-ERO,14,OKE-ERO,SC/615/KW,Ekiti/Isin/Irepodun/Oke-Ero,FC/224/KW,,,KWARA
5665,ERIN-ILE SOUTH,01,OYUN,15,,,Ifelodun/Offa/Oyun,FC/227/KW,,,KWARA
5666,ILEMONA,02,OYUN,15,,,Ifelodun/Offa/Oyun,FC/227/KW,,,KWARA
5667,EGBONA,03,OYUN,15,,,Ifelodun/Offa/Oyun,FC/227/KW,,,KWARA
5668,IRRA,04,OYUN,15,,,Ifelodun/Offa/Oyun,FC/227/KW,,,KWARA
5669,INAJA/AHOGBADA,05,OYUN,15,,,Ifelodun/Offa/Oyun,FC/227/KW,,,KWARA
5670,IKOTUN,06,OYUN,15,,,Ifelodun/Offa/Oyun,FC/227/KW,,,KWARA
5671,OJOKU,07,OYUN,15,,,Ifelodun/Offa/Oyun,FC/227/KW,,,KWARA
5672,IJAGBO,08,OYUN,15,,,Ifelodun/Offa/Oyun,FC/227/KW,,,KWARA
5673,IGOSUN,09,OYUN,15,,,Ifelodun/Offa/Oyun,FC/227/KW,,,KWARA
5674,IPEE,10,OYUN,15,,,Ifelodun/Offa/Oyun,FC/227/KW,,,KWARA
5675,ERIN-ILE NORTH,11,OYUN,15,,,Ifelodun/Offa/Oyun,FC/227/KW,,,KWARA
5676,PATIGI I,01,PATIGI,16,PATIGI,SC/613/KW,Edu/Moro/Pategi,FC/223/KW,,,KWARA
5677,PATIGI II,02,PATIGI,16,PATIGI,SC/613/KW,Edu/Moro/Pategi,FC/223/KW,,,KWARA
5678,PATIGI III,03,PATIGI,16,PATIGI,SC/613/KW,Edu/Moro/Pategi,FC/223/KW,,,KWARA
5679,PATIGI IV,04,PATIGI,16,PATIGI,SC/613/KW,Edu/Moro/Pategi,FC/223/KW,,,KWARA
5680,KPADA I,05,PATIGI,16,PATIGI,SC/613/KW,Edu/Moro/Pategi,FC/223/KW,,,KWARA
5681,KPADA II,06,PATIGI,16,PATIGI,SC/613/KW,Edu/Moro/Pategi,FC/223/KW,,,KWARA
5682,KPADA III,07,PATIGI,16,PATIGI,SC/613/KW,Edu/Moro/Pategi,FC/223/KW,,,KWARA
5683,LADE I,08,PATIGI,16,PATIGI,SC/613/KW,Edu/Moro/Pategi,FC/223/KW,,,KWARA
5684,LADE II,09,PATIGI,16,PATIGI,SC/613/KW,Edu/Moro/Pategi,FC/223/KW,,,KWARA
5685,LADE III,10,PATIGI,16,PATIGI,SC/613/KW,Edu/Moro/Pategi,FC/223/KW,,,KWARA
5686,ISALE/IDIMANGORO,01,AGEGE,01,AGEGE I,SC/632/LA,Agege,FC/228/LA,,,LAGOS
5687,ILORO/ONIPETESI,02,AGEGE,01,AGEGE I,SC/632/LA,Agege,FC/228/LA,,,LAGOS
5688,ONIWAYA/PAPA-UKU,03,AGEGE,01,AGEGE I,SC/632/LA,Agege,FC/228/LA,,,LAGOS
5689,AGBOTIKUYO/DOPEMU,04,AGEGE,01,AGEGE I,SC/632/LA,Agege,FC/228/LA,,,LAGOS
5690,OYEWOLE/PAPA ASHAFA,05,AGEGE,01,AGEGE I,SC/632/LA,Agege,FC/228/LA,,,LAGOS
5691,OKEKOTO,06,AGEGE,01, AGEGE II,SC/633/LA,Agege,FC/228/LA,,,LAGOS
5692,KEKE,07,AGEGE,01, AGEGE II,SC/633/LA,Agege,FC/228/LA,,,LAGOS
5693,DAROCHA,08,AGEGE,01, AGEGE II,SC/633/LA,Agege,FC/228/LA,,,LAGOS
5694,TABON TABON/OKO OBA,09,AGEGE,01, AGEGE II,SC/633/LA,Agege,FC/228/LA,,,LAGOS
5695,ORILE AGEGE/OKO OBA,10,AGEGE,01, AGEGE II,SC/633/LA,Agege,FC/228/LA,,,LAGOS
5696,ISALE ODO,11,AGEGE,01, AGEGE II,SC/633/LA,Agege,FC/228/LA,,,LAGOS
5697,AGO HAUSA,01,AJEROMI/IFELO DUN,02,AJEROMI/IFELODUN II,SC/635/LA,Ajeromi/Ifelodun,FC/245/LA,,,LAGOS
5698,AWODI-ORA,02,AJEROMI/IFELO DUN,02,,,Ajeromi/Ifelodun,FC/245/LA,,,LAGOS
5699,WILMER,03,AJEROMI/IFELO DUN,02,AJEROMI/IFELODUN II,SC/635/LA,Ajeromi/Ifelodun,FC/245/LA,,,LAGOS
5700,OLODI,04,AJEROMI/IFELO DUN,02,AJEROMI/IFELODUN II,SC/635/LA,Ajeromi/Ifelodun,FC/245/LA,,,LAGOS
5701,TOLU,05,AJEROMI/IFELO DUN,02,AJEROMI/IFELODUN II,SC/635/LA,Ajeromi/Ifelodun,FC/245/LA,,,LAGOS
5702,TEMIDIRE I,06,AJEROMI/IFELO DUN,02,AJEROMI/IFELODUN II,SC/635/LA,Ajeromi/Ifelodun,FC/245/LA,,,LAGOS
5703,OJO ROAD,07,AJEROMI/IFELO DUN,02,AJEROMI/IFELODUN I,SC/634/LA,Ajeromi/Ifelodun,FC/245/LA,,,LAGOS
5704,LAYENI,08,AJEROMI/IFELO DUN,02,AJEROMI/IFELODUN I,SC/634/LA,Ajeromi/Ifelodun,FC/245/LA,,,LAGOS
5705,ALABA ORO,09,AJEROMI/IFELO DUN,02,AJEROMI/IFELODUN I,SC/634/LA,Ajeromi/Ifelodun,FC/245/LA,,,LAGOS
5706,MOSAFEJO,10,AJEROMI/IFELO DUN,02,AJEROMI/IFELODUN I,SC/634/LA,Ajeromi/Ifelodun,FC/245/LA,,,LAGOS
5707,TEMIDIRE II,11,AJEROMI/IFELO DUN,02,AJEROMI/IFELODUN II,SC/635/LA,Ajeromi/Ifelodun,FC/245/LA,,,LAGOS
5708,SHASHA/AKOWONJO,01,ALIMOSHO,03,ALIMOSHO I,SC/636/LA,Alimosho,FC/230/LA,,,LAGOS
5709,EGBEDA.ALIMOSHO,02,ALIMOSHO,03,ALIMOSHO I,SC/636/LA,Alimosho,FC/230/LA,,,LAGOS
5710,IDIMU/ISHERI-OLOFIN,03,ALIMOSHO,03,ALIMOSHO II,SC/637/LA,Alimosho,FC/230/LA,,,LAGOS
5711,IKOTUN/IJEGUN/ABARANJE,04,ALIMOSHO,03,ALIMOSHO II,SC/637/LA,Alimosho,FC/230/LA,,,LAGOS
5712,EGBE/AGODO,05,ALIMOSHO,03,ALIMOSHO II,SC/637/LA,Alimosho,FC/230/LA,,,LAGOS
5713,EGANDO/EGAN,06,ALIMOSHO,03,ALIMOSHO II,SC/637/LA,Alimosho,FC/230/LA,,,LAGOS
5714,IPAJA NORTH,07,ALIMOSHO,03,ALIMOSHO I,SC/636/LA,Alimosho,FC/230/LA,,,LAGOS
5715,IPAJA SOUTH,08,ALIMOSHO,03,ALIMOSHO I,SC/636/LA,Alimosho,FC/230/LA,,,LAGOS
5716,AYOBO/IJON VILLAGE (CAMP-DAVID),09,ALIMOSHO,03,ALIMOSHO I,SC/636/LA,Alimosho,FC/230/LA,,,LAGOS
5717,PLEASURE/OKE-ODO,10,ALIMOSHO,03,ALIMOSHO I,SC/636/LA,Alimosho,FC/230/LA,,,LAGOS
5718,ABULE- EGBA/ABORU/MEIRAN/ALA GBADO,11,ALIMOSHO,03,ALIMOSHO I,SC/636/LA,Alimosho,FC/230/LA,,,LAGOS
5719,"AMUWO-OFOFIN HOUSING ESTATE, MILE 2",01,AMUWO-ODOFIN,04,AMUWO ODOFIN I,SC/638/LA,Amuwo-Odofin,FC/244/LA,,,LAGOS
5720,FESTAC I,02,AMUWO-ODOFIN,04,AMUWO ODOFIN I,SC/638/LA,Amuwo-Odofin,FC/244/LA,,,LAGOS
5721,FESTAC II,03,AMUWO-ODOFIN,04,AMUWO ODOFIN I,SC/638/LA,Amuwo-Odofin,FC/244/LA,,,LAGOS
5722,KIRIKIRI,04,AMUWO-ODOFIN,04,AMUWO ODOFIN II,SC/639/LA,Amuwo-Odofin,FC/244/LA,,,LAGOS
5723,AMUWO,05,AMUWO-ODOFIN,04,AMUWO ODOFIN II,SC/639/LA,Amuwo-Odofin,FC/244/LA,,,LAGOS
5724,IJEGUN,06,AMUWO-ODOFIN,04,AMUWO ODOFIN II,SC/639/LA,Amuwo-Odofin,FC/244/LA,,,LAGOS
5725,SATELLITE,07,AMUWO-ODOFIN,04,AMUWO ODOFIN II,SC/639/LA,Amuwo-Odofin,FC/244/LA,,,LAGOS
5726,IREDE,08,AMUWO-ODOFIN,04,AMUWO ODOFIN II,SC/639/LA,Amuwo-Odofin,FC/244/LA,,,LAGOS
5727,IBESHE,09,AMUWO-ODOFIN,04,AMUWO ODOFIN II,SC/639/LA,Amuwo-Odofin,FC/244/LA,,,LAGOS
5728,IGBOLOGUN,10,AMUWO-ODOFIN,04,AMUWO ODOFIN II,SC/639/LA,Amuwo-Odofin,FC/244/LA,,,LAGOS
5729,FESTAC III,11,AMUWO-ODOFIN,04,AMUWO ODOFIN I,SC/638/LA,Amuwo-Odofin,FC/244/LA,,,LAGOS
5730,APAPA I (MARINE ROAD AND ENVIRONS),01,APAPA,05,APAPA I,SC/640/LA,Apapa,FC/235/LA,,,LAGOS
5731,APAPA II (LIVERPOOL ROAD AND ENVIRONS),02,APAPA,05,APAPA I,SC/640/LA,Apapa,FC/235/LA,,,LAGOS
5732,"APAPA III (CREEK RD,TINCAN/SNAKE ISLANDS)",03,APAPA,05,APAPA I,SC/640/LA,Apapa,FC/235/LA,,,LAGOS
5733,APAPA IV (PELEWURA CRESCENT AND ENVIRONS),04,APAPA,05,APAPA I,SC/640/LA,Apapa,FC/235/LA,,,LAGOS
5734,IJORA OLOYE,05,APAPA,05,APAPA I,SC/640/LA,Apapa,FC/235/LA,,,LAGOS
5735,"OLODAN STREET, OLOJOWON STREET, ALH. DOGO OLATOKUNBO STREET, IGANMU",06,APAPA,05,APAPA II,SC/641/LA,Apapa,FC/235/LA,,,LAGOS
5736,GASHIYA AND ENVIRONS,07,APAPA,05,APAPA II,SC/641/LA,Apapa,FC/235/LA,,,LAGOS
5737,"AFOLABI ALASIA STREET, AND ENVIRONS",08,APAPA,05,APAPA II,SC/641/LA,Apapa,FC/235/LA,,,LAGOS
5738,MALU ROAD AND ENVIRONS,09,APAPA,05,APAPA II,SC/641/LA,Apapa,FC/235/LA,,,LAGOS
5739,SARI AND ENVIRONS,10,APAPA,05,APAPA II,SC/641/LA,Apapa,FC/235/LA,,,LAGOS
5740,POSUKOH-AREA,01,BADAGRY,06,BADAGRY I,SC/642/LA,Badagry,FC/231/LA,,,LAGOS
5741,AWHANJIGOH,02,BADAGRY,06,BADAGRY I,SC/642/LA,Badagry,FC/231/LA,,,LAGOS
5742,IBEREKO,03,BADAGRY,06,BADAGRY II,SC/643/LA,Badagry,FC/231/LA,,,LAGOS
5743,APA,04,BADAGRY,06,BADAGRY I,SC/642/LA,Badagry,FC/231/LA,,,LAGOS
5744,KETA-EAST,05,BADAGRY,06,BADAGRY I,SC/642/LA,Badagry,FC/231/LA,,,LAGOS
5745,IWORO GBANKO,06,BADAGRY,06,BADAGRY I,SC/642/LA,Badagry,FC/231/LA,,,LAGOS
5746,AJIDO,07,BADAGRY,06,BADAGRY I,SC/642/LA,Badagry,FC/231/LA,,,LAGOS
5747,ILOGBO-ARAROMI,08,BADAGRY,06,BADAGRY II,SC/643/LA,Badagry,FC/231/LA,,,LAGOS
5748,IKOGA,09,BADAGRY,06,BADAGRY II,SC/643/LA,Badagry,FC/231/LA,,,LAGOS
5749,AJARA,10,BADAGRY,06,BADAGRY II,SC/643/LA,Badagry,FC/231/LA,,,LAGOS
5750,IYA-AFIN,11,BADAGRY,06,BADAGRY II,SC/643/LA,Badagry,FC/231/LA,,,LAGOS
5751,ETITA/EBODE,01,EPE,07,EPE I,SC/644/LA,Epe,FC/232/LA,,,LAGOS
5752,LAGBEDE,02,EPE,07,EPE I,SC/644/LA,Epe,FC/232/LA,,,LAGOS
5753,POPO-OBA,03,EPE,07,EPE I,SC/644/LA,Epe,FC/232/LA,,,LAGOS
5754,OKEO-BALOGUN,04,EPE,07,EPE I,SC/644/LA,Epe,FC/232/LA,,,LAGOS
5755,AJAGANABE,05,EPE,07,EPE I,SC/644/LA,Epe,FC/232/LA,,,LAGOS
5756,ISE/IGBOGUN,06,EPE,07,EPE I,SC/644/LA,Epe,FC/232/LA,,,LAGOS
5757,ORIBA/LADABA,07,EPE,07,EPE I,SC/644/LA,Epe,FC/232/LA,,,LAGOS
5758,ABMITI,08,EPE,07,EPE I,SC/644/LA,Epe,FC/232/LA,,,LAGOS
5759,AGBOWA,09,EPE,07,EPE II,SC/645/LA,Epe,FC/232/LA,,,LAGOS
5760,AGBOWA IKOSI,10,EPE,07,EPE II,SC/645/LA,Epe,FC/232/LA,,,LAGOS
5761,AGO OWU,11,EPE,07,EPE II,SC/645/LA,Epe,FC/232/LA,,,LAGOS
5762,ORUGBO,12,EPE,07,EPE II,SC/645/LA,Epe,FC/232/LA,,,LAGOS
5763,ILARA,13,EPE,07,EPE II,SC/645/LA,Epe,FC/232/LA,,,LAGOS
5764,IBONWON,14,EPE,07,EPE II,SC/645/LA,Epe,FC/232/LA,,,LAGOS
5765,ODORAGUNSIN,15,EPE,07,EPE II,SC/645/LA,Epe,FC/232/LA,,,LAGOS
5766,POKA,16,EPE,07,EPE II,SC/645/LA,Epe,FC/232/LA,,,LAGOS
5767,ODOMOLA,17,EPE,07,EPE II,SC/645/LA,Epe,FC/232/LA,,,LAGOS
5768,EJINRIN,18,EPE,07,EPE II,SC/645/LA,Epe,FC/232/LA,,,LAGOS
5769,ITOIKIN,19,EPE,07,EPE II,SC/645/LA,Epe,FC/232/LA,,,LAGOS
5770,VICTORIA ISLAND I,01,ETI-OSA,08,ETI-OSA II,SC/647/LA,Eti-Osa,FC/234/LA,,,LAGOS
5771,VICTORIA ISLAND II,02,ETI-OSA,08,ETI-OSA I,SC/646/LA,Eti-Osa,FC/234/LA,,,LAGOS
5772,ILASAN HOUSING ESTATE,03,ETI-OSA,08,ETI-OSA I,SC/646/LA,Eti-Osa,FC/234/LA,,,LAGOS
5773,LEKKI/IKATE AND ENVIRONS,04,ETI-OSA,08,ETI-OSA I,SC/646/LA,Eti-Osa,FC/234/LA,,,LAGOS
5774,ILADO/ETI-OSA AND ENVIRONS,05,ETI-OSA,08,ETI-OSA I,SC/646/LA,Eti-Osa,FC/234/LA,,,LAGOS
5775,AJAH/SANGOTEDO,06,ETI-OSA,08,ETI-OSA I,SC/646/LA,Eti-Osa,FC/234/LA,,,LAGOS
5776,ADO/LANGBASA/BADORE,07,ETI-OSA,08,ETI-OSA I,SC/646/LA,Eti-Osa,FC/234/LA,,,LAGOS
5777,IKOYI I,08,ETI-OSA,08,ETI-OSA II,SC/647/LA,Eti-Osa,FC/234/LA,,,LAGOS
5778,IKOYI II,09,ETI-OSA,08,ETI-OSA II,SC/647/LA,Eti-Osa,FC/234/LA,,,LAGOS
5779,OBALENDE,10,ETI-OSA,08,ETI-OSA II,SC/647/LA,Eti-Osa,FC/234/LA,,,LAGOS
5780,IBEJU I,01,IBEJU/LEKKI,09,IBEJU-LEKKI I,SC/648/LA,Ibeju Lekki,FC/233/LA,,,LAGOS
5781,IBEJU II,02,IBEJU/LEKKI,09,IBEJU-LEKKI I,SC/648/LA,Ibeju Lekki,FC/233/LA,,,LAGOS
5782,ORIMEDU I,03,IBEJU/LEKKI,09,IBEJU-LEKKI II,SC/649/LA,Ibeju Lekki,FC/233/LA,,,LAGOS
5783,ORIMEDU II,04,IBEJU/LEKKI,09,IBEJU-LEKKI II,SC/649/LA,Ibeju Lekki,FC/233/LA,,,LAGOS
5784,ORIMEDU III,05,IBEJU/LEKKI,09,IBEJU-LEKKI II,SC/649/LA,Ibeju Lekki,FC/233/LA,,,LAGOS
5785,IWEREKUN I,06,IBEJU/LEKKI,09,IBEJU-LEKKI I,SC/648/LA,Ibeju Lekki,FC/233/LA,,,LAGOS
5786,IWEREKUN II,07,IBEJU/LEKKI,09,IBEJU-LEKKI I,SC/648/LA,Ibeju Lekki,FC/233/LA,,,LAGOS
5787,LEKKI I,08,IBEJU/LEKKI,09,IBEJU-LEKKI II,SC/649/LA,Ibeju Lekki,FC/233/LA,,,LAGOS
5788,LEKKI II,09,IBEJU/LEKKI,09,IBEJU-LEKKI II,SC/649/LA,Ibeju Lekki,FC/233/LA,,,LAGOS
5789,SIRIWON/IGBEKODO I,10,IBEJU/LEKKI,09,IBEJU-LEKKI II,SC/649/LA,Ibeju Lekki,FC/233/LA,,,LAGOS
5790,SIRIWON/IGBEKODO II,11,IBEJU/LEKKI,09,IBEJU-LEKKI II,SC/649/LA,Ibeju Lekki,FC/233/LA,,,LAGOS
5791,OGBA IJAYE,01,IFAKO-IJAYE,10,IFAKO / IJAIYE I,SC/650/LA,Ifako/Ijaiye,FC/229/LA,,,LAGOS
5792,OLD IFAKO/KARAOLE,02,IFAKO-IJAYE,10,IFAKO / IJAIYE I,SC/650/LA,Ifako/Ijaiye,FC/229/LA,,,LAGOS
5793,NEW IFAKO/OYEMEKUN,03,IFAKO-IJAYE,10,IFAKO / IJAIYE I,SC/650/LA,Ifako/Ijaiye,FC/229/LA,,,LAGOS
5794,FAGBA AKUTE ROAD,04,IFAKO-IJAYE,10,IFAKO / IJAIYE I,SC/650/LA,Ifako/Ijaiye,FC/229/LA,,,LAGOS
5795,ISHAGA,05,IFAKO-IJAYE,10,IFAKO / IJAIYE I,SC/650/LA,Ifako/Ijaiye,FC/229/LA,,,LAGOS
5796,IJU/OBAWOLE,06,IFAKO-IJAYE,10,IFAKO / IJAIYE I,SC/650/LA,Ifako/Ijaiye,FC/229/LA,,,LAGOS
5797,ABULE EGBA/PANADA,07,IFAKO-IJAYE,10,IFAKO / IJAIYE II,SC/651/LA,Ifako/Ijaiye,FC/229/LA,,,LAGOS
5798,OJOKORO/IJAYE,08,IFAKO-IJAYE,10,IFAKO / IJAIYE II,SC/651/LA,Ifako/Ijaiye,FC/229/LA,,,LAGOS
5799,AGBADO KOLINTON/IJAYE,09,IFAKO-IJAYE,10,IFAKO / IJAIYE II,SC/651/LA,Ifako/Ijaiye,FC/229/LA,,,LAGOS
5800,ALAKUKO,10,IFAKO-IJAYE,10,IFAKO / IJAIYE II,SC/651/LA,Ifako/Ijaiye,FC/229/LA,,,LAGOS
5801,ALAKUKO/AKINDE/ANIMAS HUN,11,IFAKO-IJAYE,10,IFAKO / IJAIYE II,SC/651/LA,Ifako/Ijaiye,FC/229/LA,,,LAGOS
5802,ANIFOWOSHE/IKEJA,01,IKEJA,11,IKEJA I,SC/652/LA,Ikeja,FC/236/LA,,,LAGOS
5803,OJODU/AGIDINGBI/OMOLE,02,IKEJA,11,IKEJA I,SC/652/LA,Ikeja,FC/236/LA,,,LAGOS
5804,ALAWUSA/OREGUN/OLUSO SUN,03,IKEJA,11,IKEJA I,SC/652/LA,Ikeja,FC/236/LA,,,LAGOS
5805,AIRPORT/ONIPETESI/ONILE KERE,04,IKEJA,11,IKEJA I,SC/652/LA,Ikeja,FC/236/LA,,,LAGOS
5806,IPODO/SEKIRI ARO,05,IKEJA,11,IKEJA I,SC/652/LA,Ikeja,FC/236/LA,,,LAGOS
5807,ADEKUNLE VILLAGE/ADENIYI JONES/OGBA,06,IKEJA,11,IKEJA II,SC/653/LA,Ikeja,FC/236/LA,,,LAGOS
5808,OKE-IRA/AGUDA,07,IKEJA,11,IKEJA II,SC/653/LA,Ikeja,FC/236/LA,,,LAGOS
5809,ONIGBONGBO/MILITARY CANTONMENT,08,IKEJA,11,IKEJA II,SC/653/LA,Ikeja,FC/236/LA,,,LAGOS
5810,GRA/POLICE BARACK,09,IKEJA,11,IKEJA II,SC/653/LA,Ikeja,FC/236/LA,,,LAGOS
5811,WASIMI/OPEBI/ALLEN,10,IKEJA,11,IKEJA II,SC/653/LA,Ikeja,FC/236/LA,,,LAGOS
5812,ISELE I,01,IKORODU,12,IKORODU I,SC/654/LA,Ikorodu,FC/237/LA,,,LAGOS
5813,ISELE II,02,IKORODU,12,IKORODU I,SC/654/LA,Ikorodu,FC/237/LA,,,LAGOS
5814,ISELE III,03,IKORODU,12,IKORODU I,SC/654/LA,Ikorodu,FC/237/LA,,,LAGOS
5815,AGA/IJIMU,04,IKORODU,12,IKORODU I,SC/654/LA,Ikorodu,FC/237/LA,,,LAGOS
5816,IPAKODO,05,IKORODU,12,IKORODU I,SC/654/LA,Ikorodu,FC/237/LA,,,LAGOS
5817,IMOTA I,06,IKORODU,12,IKORODU II,SC/655/LA,Ikorodu,FC/237/LA,,,LAGOS
5818,IMOTA  II,07,IKORODU,12,IKORODU II,SC/655/LA,Ikorodu,FC/237/LA,,,LAGOS
5819,ISIU,08,IKORODU,12,IKORODU I,SC/654/LA,Ikorodu,FC/237/LA,,,LAGOS
5820,IGBOGBO I,09,IKORODU,12,IKORODU II,SC/655/LA,Ikorodu,FC/237/LA,,,LAGOS
5821,IGBOGBO II,10,IKORODU,12,IKORODU II,SC/655/LA,Ikorodu,FC/237/LA,,,LAGOS
5822,BAIYEKU/ORETA,11,IKORODU,12,IKORODU II,SC/655/LA,Ikorodu,FC/237/LA,,,LAGOS
5823,IBESHE,12,IKORODU,12,IKORODU II,SC/655/LA,Ikorodu,FC/237/LA,,,LAGOS
5824,IJEDE I,13,IKORODU,12,IKORODU II,SC/655/LA,Ikorodu,FC/237/LA,,,LAGOS
5825,IJEDE II,14,IKORODU,12,IKORODU II,SC/655/LA,Ikorodu,FC/237/LA,,,LAGOS
5826,AGURA/IPONMI,15,IKORODU,12,IKORODU I,SC/654/LA,Ikorodu,FC/237/LA,,,LAGOS
5827,ODOGUNYAN,16,IKORODU,12,IKORODU I,SC/654/LA,Ikorodu,FC/237/LA,,,LAGOS
5828,ERIKORODO,17,IKORODU,12,IKORODU I,SC/654/LA,Ikorodu,FC/237/LA,,,LAGOS
5829,AGBALA,18,IKORODU,12,IKORODU I,SC/654/LA,Ikorodu,FC/237/LA,,,LAGOS
5830,OLORUNDA/IGBAGA,19,IKORODU,12,IKORODU I,SC/654/LA,Ikorodu,FC/237/LA,,,LAGOS
5831,OWORONSOKI,01,KOSOFE,13,KOSOFE I,SC/656/LA,Kosofe,FC/249/LA,,,LAGOS
5832,IFAKO/SOLUYI,02,KOSOFE,13,KOSOFE I,SC/656/LA,Kosofe,FC/249/LA,,,LAGOS
5833,ANTHONY/AJAO ESTATE/MENDE/ MARYLAND,03,KOSOFE,13,KOSOFE I,SC/656/LA,Kosofe,FC/249/LA,,,LAGOS
5834,OJOTA/OGUDU,04,KOSOFE,13,KOSOFE I,SC/656/LA,Kosofe,FC/249/LA,,,LAGOS
5835,KETU/ALAPERE/AGIDI/ORIS IGUN KOSOFE/AJELOGO/AKANIM ODO,05,KOSOFE,13,KOSOFE II,SC/657/LA,Kosofe,FC/249/LA,,,LAGOS
5836,IKOSI KETU/MILE 12/AGILITI/MAIDAN,06,KOSOFE,13,KOSOFE II,SC/657/LA,Kosofe,FC/249/LA,,,LAGOS
5837,ISHERI-OLOWO- IRA/SHANGISHA/ MAGODO PHASE I & II,07,KOSOFE,13,KOSOFE II,SC/657/LA,Kosofe,FC/249/LA,,,LAGOS
5838,AGBOYI I,08,KOSOFE,13,KOSOFE II,SC/657/LA,Kosofe,FC/249/LA,,,LAGOS
5839,AGBOYI II,09,KOSOFE,13,KOSOFE II,SC/657/LA,Kosofe,FC/249/LA,,,LAGOS
5840,OWODE ONIRIN/AJEGUNLE/ODO OGUN,10,KOSOFE,13,KOSOFE II,SC/657/LA,Kosofe,FC/249/LA,,,LAGOS
5841,OLOWOGBOWO/ELEGBATA,01,LAGOS ISLAND,14,LAGOS ISLAND I,SC/658/LA,Lagos Island I,FC/238/LA,,,LAGOS
5842,OLUWOLE,02,LAGOS ISLAND,14,LAGOS ISLAND I,SC/658/LA,Lagos Island I,FC/238/LA,,,LAGOS
5843,IDUMOTA/OKE-ARIN,03,LAGOS ISLAND,14,LAGOS ISLAND I,SC/658/LA,Lagos Island I,FC/238/LA,,,LAGOS
5844,OJU-OTO,04,LAGOS ISLAND,14,LAGOS ISLAND I,SC/658/LA,Lagos Island I,FC/238/LA,,,LAGOS
5845,OKO-AWO,05,LAGOS ISLAND,14,LAGOS ISLAND I,SC/658/LA,Lagos Island I,FC/238/LA,,,LAGOS
5846,AGARAWU/OBADINA,06,LAGOS ISLAND,14,LAGOS ISLAND I,SC/658/LA,Lagos Island I,FC/238/LA,,,LAGOS
5847,IDUNTAFA,07,LAGOS ISLAND,14,LAGOS ISLAND I,SC/658/LA,Lagos Island I,FC/238/LA,,,LAGOS
5848,ILUPESI,08,LAGOS ISLAND,14,LAGOS ISLAND I,SC/658/LA,Lagos Island I,FC/238/LA,,,LAGOS
5849,ISALE-AGBEDE,09,LAGOS ISLAND,14,LAGOS ISLAND I,SC/658/LA,Lagos Island I,FC/238/LA,,,LAGOS
5850,OLOSUN,10,LAGOS ISLAND,14,LAGOS ISLAND I,SC/658/LA,Lagos Island I,FC/238/LA,,,LAGOS
5851,OLUSHI/KAKAWA,11,LAGOS ISLAND,14,LAGOS ISLAND II,SC/659/LA,Lagos Island II,FC/239/LA,,,LAGOS
5852,POPO-AGUDA,12,LAGOS ISLAND,14,LAGOS ISLAND II,SC/659/LA,Lagos Island II,FC/239/LA,,,LAGOS
5853,ANIKANTAMO,13,LAGOS ISLAND,14,LAGOS ISLAND II,SC/659/LA,Lagos Island II,FC/239/LA,,,LAGOS
5854,OKO-FAJI,14,LAGOS ISLAND,14,LAGOS ISLAND II,SC/659/LA,Lagos Island II,FC/239/LA,,,LAGOS
5855,EIYEKOLE,15,LAGOS ISLAND,14,LAGOS ISLAND II,SC/659/LA,Lagos Island II,FC/239/LA,,,LAGOS
5856,ONOKAN,16,LAGOS ISLAND,14,LAGOS ISLAND II,SC/659/LA,Lagos Island II,FC/239/LA,,,LAGOS
5857,SANDGROUSE,17,LAGOS ISLAND,14,LAGOS ISLAND II,SC/659/LA,Lagos Island II,FC/239/LA,,,LAGOS
5858,EPETEDO,18,LAGOS ISLAND,14,LAGOS ISLAND II,SC/659/LA,Lagos Island II,FC/239/LA,,,LAGOS
5859,LAFIAJI/EBUTE,19,LAGOS ISLAND,14,LAGOS ISLAND II,SC/659/LA,Lagos Island II,FC/239/LA,,,LAGOS
5860,OTTO/IDDO,01,LAGOS MAINLAND,15,LAGOS MAINLAND I,SC/660/LA,Lagos Mainland,FC/240/LA,,,LAGOS
5861,APAPA ROAD AND ENVIRONS,02,LAGOS MAINLAND,15,LAGOS MAINLAND I,SC/660/LA,Lagos Mainland,FC/240/LA,,,LAGOS
5862,OLALEYE VILLAGE,03,LAGOS MAINLAND,15,LAGOS MAINLAND I,SC/660/LA,Lagos Mainland,FC/240/LA,,,LAGOS
5863,MAKOKO/EBUTE METTA,04,LAGOS MAINLAND,15,LAGOS MAINLAND I,SC/660/LA,Lagos Mainland,FC/240/LA,,,LAGOS
5864,OYINGBO MARKET/EBUTE METTA,05,LAGOS MAINLAND,15,LAGOS MAINLAND I,SC/660/LA,Lagos Mainland,FC/240/LA,,,LAGOS
5865,GLOVER/EBUTE METTA,06,LAGOS MAINLAND,15,LAGOS MAINLAND I,SC/660/LA,Lagos Mainland,FC/240/LA,,,LAGOS
5866,OKO-BABA,07,LAGOS MAINLAND,15,LAGOS MAINLAND I,SC/660/LA,Lagos Mainland,FC/240/LA,,,LAGOS
5867,OYADIRAN ESTATE/ABULEOJA,08,LAGOS MAINLAND,15,LAGOS MAINLAND II,SC/661/LA,Lagos Mainland,FC/240/LA,,,LAGOS
5868,ALAGOMEJI,09,LAGOS MAINLAND,15,LAGOS MAINLAND II,SC/661/LA,Lagos Mainland,FC/240/LA,,,LAGOS
5869,IWAYA,10,LAGOS MAINLAND,15,LAGOS MAINLAND II,SC/661/LA,Lagos Mainland,FC/240/LA,,,LAGOS
5870,YABA/IGBOBI SABE,11,LAGOS MAINLAND,15,LAGOS MAINLAND II,SC/661/LA,Lagos Mainland,FC/240/LA,,,LAGOS
5871,ALAKARA,01,MUSHIN,16,MUSHIN I ,SC/662/LA,Mushin I,FC/241/LA,,,LAGOS
5872,IDID-ORO,02,MUSHIN,16,MUSHIN I ,SC/662/LA,Mushin I,FC/241/LA,,,LAGOS
5873,BABALOSA,03,MUSHIN,16,MUSHIN I ,SC/662/LA,Mushin I,FC/241/LA,,,LAGOS
5874,OJUWOYE,04,MUSHIN,16,MUSHIN I ,SC/662/LA,Mushin I,FC/241/LA,,,LAGOS
5875,ILUPEJU,05,MUSHIN,16,MUSHIN I ,SC/662/LA,Mushin I,FC/241/LA,,,LAGOS
5876,OLATEJU,06,MUSHIN,16,MUSHIN I ,SC/662/LA,Mushin I,FC/241/LA,,,LAGOS
5877,KAYODE/FADEYI,07,MUSHIN,16,MUSHIN I ,SC/662/LA,Mushin I,FC/241/LA,,,LAGOS
5878,MUSHIN/ATEWOLARA,08,MUSHIN,16,MUSHIN II,SC/663/LA,Mushin II,FC/242/LA,,,LAGOS
5879,PAPA-AJAO,09,MUSHIN,16,MUSHIN II,SC/663/LA,Mushin II,FC/242/LA,,,LAGOS
5880,ILASAMAJA,10,MUSHIN,16,MUSHIN II,SC/663/LA,Mushin II,FC/242/LA,,,LAGOS
5881,BABALOSA/IDI-ARABA,11,MUSHIN,16,MUSHIN II,SC/663/LA,Mushin II,FC/242/LA,,,LAGOS
5882,IDI-ARABA,12,MUSHIN,16,MUSHIN II,SC/663/LA,Mushin II,FC/242/LA,,,LAGOS
5883,ITIRE,13,MUSHIN,16,MUSHIN II,SC/663/LA,Mushin II,FC/242/LA,,,LAGOS
5884,ILUPEJU INDUSTRIAL ESTATE,14,MUSHIN,16,MUSHIN I ,SC/662/LA,Mushin I,FC/241/LA,,,LAGOS
5885,OJO TOWN,01,OJO,17,OJO I,SC/664/LA,Ojo,FC/243/LA,,,LAGOS
5886,OKOMAIKO,02,OJO,17,OJO I,SC/664/LA,Ojo,FC/243/LA,,,LAGOS
5887,AJANGBADI,03,OJO,17,OJO I,SC/664/LA,Ojo,FC/243/LA,,,LAGOS
5888,IJANIKIN,04,OJO,17,OJO II,SC/665/LA,Ojo,FC/243/LA,,,LAGOS
5889,IBA,05,OJO,17,OJO I,SC/664/LA,Ojo,FC/243/LA,,,LAGOS
5890,ILOGBO,06,OJO,17,OJO II,SC/665/LA,Ojo,FC/243/LA,,,LAGOS
5891,IREWE,07,OJO,17,OJO II,SC/665/LA,Ojo,FC/243/LA,,,LAGOS
5892,TAFI,08,OJO,17,OJO II,SC/665/LA,Ojo,FC/243/LA,,,LAGOS
5893,ETEGBIN,09,OJO,17,OJO II,SC/665/LA,Ojo,FC/243/LA,,,LAGOS
5894,IDOLOWU,10,OJO,17,OJO II,SC/665/LA,Ojo,FC/243/LA,,,LAGOS
5895,SABO,11,OJO,17,OJO I,SC/664/LA,Ojo,FC/243/LA,,,LAGOS
5896,OSHODI/BOLADE,01,OSHODI-ISOLO,18,OSHODI/ISOLO I,SC/666/LA,Oshodi/Isolo I,FC/246/LA,,,LAGOS
5897,ORILE OSHODI,02,OSHODI-ISOLO,18,OSHODI/ISOLO I,SC/666/LA,Oshodi/Isolo I,FC/246/LA,,,LAGOS
5898,ISOLO,03,OSHODI-ISOLO,18,OSHODI/ISOLO II,SC/667/LA,Oshodi/Isolo II,FC/247/LA,,,LAGOS
5899,AJAO ESTATE,04,OSHODI-ISOLO,18,OSHODI/ISOLO II,SC/667/LA,Oshodi/Isolo II,FC/247/LA,,,LAGOS
5900,ILASAMAJA,05,OSHODI-ISOLO,18,,,,,,,LAGOS
5901,MAFOLUKU,06,OSHODI-ISOLO,18,OSHODI/ISOLO I,SC/666/LA,Oshodi/Isolo I,FC/246/LA,,,LAGOS
5902,SOGUNLE,07,OSHODI-ISOLO,18,OSHODI/ISOLO I,SC/666/LA,Oshodi/Isolo I,FC/246/LA,,,LAGOS
5903,SOGUNLE/ALASIA,08,OSHODI-ISOLO,18,OSHODI/ISOLO I,SC/666/LA,Oshodi/Isolo I,FC/246/LA,,,LAGOS
5904,OKOTA,09,OSHODI-ISOLO,18,OSHODI/ISOLO II,SC/667/LA,Oshodi/Isolo II,FC/247/LA,,,LAGOS
5905,ISHAGA-TEDO,10,OSHODI-ISOLO,18,OSHODI/ISOLO II,SC/667/LA,Oshodi/Isolo II,FC/247/LA,,,LAGOS
5906,OKE AFA/EJIGBO,11,OSHODI-ISOLO,18,OSHODI/ISOLO II,SC/667/LA,Oshodi/Isolo II,FC/247/LA,,,LAGOS
5907,ONIPANU,01,SHOMOLU,19,SHOMOLU I,SC/668/LA,Shomolu,FC/248/LA,,,LAGOS
5908,PALMGROVE/IJEBUTEDO,02,SHOMOLU,19,SHOMOLU I,SC/668/LA,Shomolu,FC/248/LA,,,LAGOS
5909,ALADE,03,SHOMOLU,19,SHOMOLU I,SC/668/LA,Shomolu,FC/248/LA,,,LAGOS
5910,BAJULAIYE,04,SHOMOLU,19,SHOMOLU I,SC/668/LA,Shomolu,FC/248/LA,,,LAGOS
5911,MAFOWOKU/PEDRO,05,SHOMOLU,19,SHOMOLU II,SC/669/LA,Shomolu,FC/248/LA,,,LAGOS
5912,LAD-LAK/BARGA,06,SHOMOLU,19,SHOMOLU II,SC/669/LA,Shomolu,FC/248/LA,,,LAGOS
5913,ILAJE/AKOKA,07,SHOMOLU,19,SHOMOLU II,SC/669/LA,Shomolu,FC/248/LA,,,LAGOS
5914,IGBOBI/FADEYI,08,SHOMOLU,19,SHOMOLU I,SC/668/LA,Shomolu,FC/248/LA,,,LAGOS
5915,FOLA AGORO/BAJULAIYE IGBARA-AKOKA,09,SHOMOLU,19,SHOMOLU I,SC/668/LA,Shomolu,FC/248/LA,,,LAGOS
5916,GBAGADA PHASE I/OBANIKORO/PEDRO,10,SHOMOLU,19,SHOMOLU II,SC/669/LA,Shomolu,FC/248/LA,,,LAGOS
5917,GBAGADA PHASE II/BARIGA/APELEHIN,11,SHOMOLU,19,SHOMOLU II,SC/669/LA,Shomolu,FC/248/LA,,,LAGOS
5918,ABULE- OKUTA/ILAJE/BARIGA,12,SHOMOLU,19,SHOMOLU II,SC/669/LA,Shomolu,FC/248/LA,,,LAGOS
5919,ORILE,01,SURULERE,20,SURULERE II ,SC/671/LA,Surulere II,FC/251/LA,,,LAGOS
5920,AGUDA,02,SURULERE,20,SURULERE II ,SC/671/LA,Surulere II,FC/251/LA,,,LAGOS
5921,IJESHATEDO,03,SURULERE,20,SURULERE II ,SC/671/LA,Surulere II,FC/251/LA,,,LAGOS
5922,AKINHANMI/COLE,04,SURULERE,20,SURULERE I,SC/670/LA,Surulere I,FC/250/LA,,,LAGOS
5923,YABA/OJUELEGBA,05,SURULERE,20,SURULERE I,SC/670/LA,Surulere I,FC/250/LA,,,LAGOS
5924,IGBAJA/STADIUM,06,SURULERE,20,SURULERE I,SC/670/LA,Surulere I,FC/250/LA,,,LAGOS
5925,SHITTA/OGUNLANA DRIVE,07,SURULERE,20,SURULERE I,SC/670/LA,Surulere I,FC/250/LA,,,LAGOS
5926,ADENIRAN/OGUNSANYA,08,SURULERE,20,SURULERE I,SC/670/LA,Surulere I,FC/250/LA,,,LAGOS
5927,IPONRII HOUSING ESTATE/ERIC MOORE,09,SURULERE,20,SURULERE I,SC/670/LA,Surulere I,FC/250/LA,,,LAGOS
5928,COKER,10,SURULERE,20,SURULERE II ,SC/671/LA,Surulere II,FC/251/LA,,,LAGOS
5929,ITIRE,11,SURULERE,20,SURULERE II ,SC/671/LA,Surulere II,FC/251/LA,,,LAGOS
5930,IKATE,12,SURULERE,20,SURULERE II ,SC/671/LA,Surulere II,FC/251/LA,,,LAGOS
5931,AGYAGA,01,AKWANGA,01,AKWANGA NORTH,SC/672/NW,Akwanga/Nassarawa Eggon/ Wamba,FC/252/NW,,,NASSARAWA
5932,ANCHOBABA,02,AKWANGA,01,AKWANGA NORTH,SC/672/NW,Akwanga/Nassarawa Eggon/ Wamba,FC/252/NW,,,NASSARAWA
5933,GWANJE,03,AKWANGA,01,AKWANGA SOUTH,SC/673/NW,Akwanga/Nassarawa Eggon/ Wamba,FC/252/NW,,,NASSARAWA
5934,ANCHO NIGHAAN,04,AKWANGA,01,AKWANGA NORTH,SC/672/NW,Akwanga/Nassarawa Eggon/ Wamba,FC/252/NW,,,NASSARAWA
5935,ANDAHA,05,AKWANGA,01,AKWANGA NORTH,SC/672/NW,Akwanga/Nassarawa Eggon/ Wamba,FC/252/NW,,,NASSARAWA
5936,NUNKU,06,AKWANGA,01,AKWANGA NORTH,SC/672/NW,Akwanga/Nassarawa Eggon/ Wamba,FC/252/NW,,,NASSARAWA
5937,GUDI,07,AKWANGA,01,AKWANGA SOUTH,SC/673/NW,Akwanga/Nassarawa Eggon/ Wamba,FC/252/NW,,,NASSARAWA
5938,MOROA,08,AKWANGA,01,AKWANGA SOUTH,SC/673/NW,Akwanga/Nassarawa Eggon/ Wamba,FC/252/NW,,,NASSARAWA
5939,AKWANGA WEST,09,AKWANGA,01,AKWANGA SOUTH,SC/673/NW,Akwanga/Nassarawa Eggon/ Wamba,FC/252/NW,,,NASSARAWA
5940,AKWANGA EAST,10,AKWANGA,01,AKWANGA SOUTH,SC/673/NW,Akwanga/Nassarawa Eggon/ Wamba,FC/252/NW,,,NASSARAWA
5941,NINGO/BOHAR,11,AKWANGA,01,AKWANGA NORTH,SC/672/NW,Akwanga/Nassarawa Eggon/ Wamba,FC/252/NW,,,NASSARAWA
5942,KANJE/ABUNI,01,AWE,02,AWE NORTH,SC/674/NW,Awe/Doma/Keana ,FC/253/NW,,,NASSARAWA
5943,MADAKI,02,AWE,02,AWE NORTH,SC/674/NW,Awe/Doma/Keana ,FC/253/NW,,,NASSARAWA
5944,MAKWANGIJI,03,AWE,02,AWE NORTH,SC/674/NW,Awe/Doma/Keana ,FC/253/NW,,,NASSARAWA
5945,TUNGA,04,AWE,02,AWE NORTH,SC/674/NW,Awe/Doma/Keana ,FC/253/NW,,,NASSARAWA
5946,RIBI,05,AWE,02,AWE SOUTH,SC/675/NW,Awe/Doma/Keana ,FC/253/NW,,,NASSARAWA
5947,AZARA,06,AWE,02,AWE SOUTH,SC/675/NW,Awe/Doma/Keana ,FC/253/NW,,,NASSARAWA
5948,GALADIMA,07,AWE,02,AWE NORTH,SC/674/NW,Awe/Doma/Keana ,FC/253/NW,,,NASSARAWA
5949,WUSE,08,AWE,02,AWE SOUTH,SC/675/NW,Awe/Doma/Keana ,FC/253/NW,,,NASSARAWA
5950,AKIRI,09,AWE,02,AWE SOUTH,SC/675/NW,Awe/Doma/Keana ,FC/253/NW,,,NASSARAWA
5951,JANGARU,10,AWE,02,AWE NORTH,SC/674/NW,Awe/Doma/Keana ,FC/253/NW,,,NASSARAWA
5952,ALAGYE,01,DOMA,03,DOMA NORTH,SC/676/NW,Awe/Doma/Keana ,FC/253/NW,,,NASSARAWA
5953,RUKUBI,02,DOMA,03,DOMA SOUTH,SC/677/NW,Awe/Doma/Keana ,FC/253/NW,,,NASSARAWA
5954,AGBASHI,03,DOMA,03,DOMA SOUTH,SC/677/NW,Awe/Doma/Keana ,FC/253/NW,,,NASSARAWA
5955,DOKA,04,DOMA,03,DOMA SOUTH,SC/677/NW,Awe/Doma/Keana ,FC/253/NW,,,NASSARAWA
5956,AKPANAJA,05,DOMA,03,DOMA SOUTH,SC/677/NW,Awe/Doma/Keana ,FC/253/NW,,,NASSARAWA
5957,UNG.MADAKI,06,DOMA,03,DOMA NORTH,SC/676/NW,Awe/Doma/Keana ,FC/253/NW,,,NASSARAWA
5958,UNG.SARKI DAWAKI,07,DOMA,03,DOMA NORTH,SC/676/NW,Awe/Doma/Keana ,FC/253/NW,,,NASSARAWA
5959,UNG. MADAUCHI,08,DOMA,03,DOMA NORTH,SC/676/NW,Awe/Doma/Keana ,FC/253/NW,,,NASSARAWA
5960,UNG. DANGALADIMA,09,DOMA,03,DOMA NORTH,SC/676/NW,Awe/Doma/Keana ,FC/253/NW,,,NASSARAWA
5961,SABONGARI,10,DOMA,03,DOMA NORTH,SC/676/NW,Awe/Doma/Keana ,FC/253/NW,,,NASSARAWA
5962,ASO/KODAPE,01,KARU,04,KARU/GITATA,SC/678/NW,Keffi/Karu/Kokona,FC/254/NW,,,NASSARAWA
5963,BAGAJI/AGADA,02,KARU,04,KARSHI/UKE,SC/679/NW,Keffi/Karu/Kokona,FC/254/NW,,,NASSARAWA
5964,KASHI I,03,KARU,04,KARSHI/UKE,SC/679/NW,Keffi/Karu/Kokona,FC/254/NW,,,NASSARAWA
5965,KARSHI II,04,KARU,04,KARSHI/UKE,SC/679/NW,Keffi/Karu/Kokona,FC/254/NW,,,NASSARAWA
5966,KEFFIN SHANU/BETTI,05,KARU,04,KARSHI/UKE,SC/679/NW,Keffi/Karu/Kokona,FC/254/NW,,,NASSARAWA
5967,TATTARA/KONDORO,06,KARU,04,KARU/GITATA,SC/678/NW,Keffi/Karu/Kokona,FC/254/NW,,,NASSARAWA
5968,GITATA,07,KARU,04,KARU/GITATA,SC/678/NW,Keffi/Karu/Kokona,FC/254/NW,,,NASSARAWA
5969,GURAKU/KABUSU,08,KARU,04,KARU/GITATA,SC/678/NW,Keffi/Karu/Kokona,FC/254/NW,,,NASSARAWA
5970,UKE,09,KARU,04,KARSHI/UKE,SC/679/NW,Keffi/Karu/Kokona,FC/254/NW,,,NASSARAWA
5971,PANDA/KARE,10,KARU,04,KARU/GITATA,SC/678/NW,Keffi/Karu/Kokona,FC/254/NW,,,NASSARAWA
5972,KARU,11,KARU,04,KARU/GITATA,SC/678/NW,Keffi/Karu/Kokona,FC/254/NW,,,NASSARAWA
5973,IWAGU,01,KEANA,05,KEANA,SC/680/NW,Awe/Doma/Keana ,FC/253/NW,,,NASSARAWA
5974,AMIRI,02,KEANA,05,KEANA,SC/680/NW,Awe/Doma/Keana ,FC/253/NW,,,NASSARAWA
5975,OBENE,03,KEANA,05,KEANA,SC/680/NW,Awe/Doma/Keana ,FC/253/NW,,,NASSARAWA
5976,OKI,04,KEANA,05,KEANA,SC/680/NW,Awe/Doma/Keana ,FC/253/NW,,,NASSARAWA
5977,KADARKO,05,KEANA,05,KEANA,SC/680/NW,Awe/Doma/Keana ,FC/253/NW,,,NASSARAWA
5978,KWARA,06,KEANA,05,KEANA,SC/680/NW,Awe/Doma/Keana ,FC/253/NW,,,NASSARAWA
5979,ALOSHI,07,KEANA,05,KEANA,SC/680/NW,Awe/Doma/Keana ,FC/253/NW,,,NASSARAWA
5980,AGAZA,08,KEANA,05,KEANA,SC/680/NW,Awe/Doma/Keana ,FC/253/NW,,,NASSARAWA
5981,GIZA (I) MADAKI,09,KEANA,05,KEANA,SC/680/NW,Awe/Doma/Keana ,FC/253/NW,,,NASSARAWA
5982,GIZA (II) GALADIMA,10,KEANA,05,KEANA,SC/680/NW,Awe/Doma/Keana ,FC/253/NW,,,NASSARAWA
5983,ANGWAN IYA I,01,KEFFI,06,KEFFI WEST,SC/681/NW,Keffi/Karu/Kokona,FC/254/NW,,,NASSARAWA
5984,ANGWAN IYA II,02,KEFFI,06,KEFFI WEST,SC/681/NW,Keffi/Karu/Kokona,FC/254/NW,,,NASSARAWA
5985,TUDU KOFA TV,03,KEFFI,06,KEFFI WEST,SC/681/NW,Keffi/Karu/Kokona,FC/254/NW,,,NASSARAWA
5986,GANGAREN TUDU,04,KEFFI,06,KEFFI WEST,SC/681/NW,Keffi/Karu/Kokona,FC/254/NW,,,NASSARAWA
5987,KEFFI TOWN EAST/KOFAR GORIYA,05,KEFFI,06,KEFFI EAST,SC/682/NW,Keffi/Karu/Kokona,FC/254/NW,,,NASSARAWA
5988,RAR,06,KEFFI,06,KEFFI WEST,SC/681/NW,Keffi/Karu/Kokona,FC/254/NW,,,NASSARAWA
5989,ANG. RIMI,07,KEFFI,06,KEFFI EAST,SC/682/NW,Keffi/Karu/Kokona,FC/254/NW,,,NASSARAWA
5990,SAGON GAI,08,KEFFI,06,KEFFI EAST,SC/682/NW,Keffi/Karu/Kokona,FC/254/NW,,,NASSARAWA
5991,JIGWADA,09,KEFFI,06,KEFFI EAST,SC/682/NW,Keffi/Karu/Kokona,FC/254/NW,,,NASSARAWA
5992,LIMAN ABAJI,10,KEFFI,06,KEFFI EAST,SC/682/NW,Keffi/Karu/Kokona,FC/254/NW,,,NASSARAWA
5993,AGWADA,01,KOKONA,07,KOKONA WEST,SC/684/NW,Keffi/Karu/Kokona,FC/254/NW,,,NASSARAWA
5994,KANA/KOYA,02,KOKONA,07,KOKONA WEST,SC/684/NW,Keffi/Karu/Kokona,FC/254/NW,,,NASSARAWA
5995,BASSA,03,KOKONA,07,KOKONA WEST,SC/684/NW,Keffi/Karu/Kokona,FC/254/NW,,,NASSARAWA
5996,KOKONA,04,KOKONA,07,KOKONA WEST,SC/684/NW,Keffi/Karu/Kokona,FC/254/NW,,,NASSARAWA
5997,KOFAR GWARI,05,KOKONA,07,KOKONA WEST,SC/684/NW,Keffi/Karu/Kokona,FC/254/NW,,,NASSARAWA
5998,NINKORO,06,KOKONA,07,KEFFI EAST,SC/682/NW,Keffi/Karu/Kokona,FC/254/NW,,,NASSARAWA
5999,HADARI,07,KOKONA,07,KEFFI EAST,SC/682/NW,Keffi/Karu/Kokona,FC/254/NW,,,NASSARAWA
6000,DARI,08,KOKONA,07,KEFFI EAST,SC/682/NW,Keffi/Karu/Kokona,FC/254/NW,,,NASSARAWA
6001,AMBA,09,KOKONA,07,KEFFI EAST,SC/682/NW,Keffi/Karu/Kokona,FC/254/NW,,,NASSARAWA
6002,GARAKU,10,KOKONA,07,KEFFI EAST,SC/682/NW,Keffi/Karu/Kokona,FC/254/NW,,,NASSARAWA
6003,YELWA,11,KOKONA,07,KOKONA WEST,SC/684/NW,Keffi/Karu/Kokona,FC/254/NW,,,NASSARAWA
6004,ADOGI,01,LAFIA,08,LAFIA NORTH,SC/686/NW,Lafia/Obi,FC/255/NW,,,NASSARAWA
6005,AGYARAGU FOFA,02,LAFIA,08,LAFIA CENTRAL,SC/685/NW,Lafia/Obi,FC/255/NW,,,NASSARAWA
6006,AKURBA,03,LAFIA,08,LAFIA CENTRAL,SC/685/NW,Lafia/Obi,FC/255/NW,,,NASSARAWA
6007,ARIKYA,04,LAFIA,08,LAFIA NORTH,SC/686/NW,Lafia/Obi,FC/255/NW,,,NASSARAWA
6008,ASSAKIO,05,LAFIA,08,LAFIA NORTH,SC/686/NW,Lafia/Obi,FC/255/NW,,,NASSARAWA
6009,ASHIGE,06,LAFIA,08,LAFIA NORTH,SC/686/NW,Lafia/Obi,FC/255/NW,,,NASSARAWA
6010,CHIROMA,07,LAFIA,08,LAFIA CENTRAL,SC/685/NW,Lafia/Obi,FC/255/NW,,,NASSARAWA
6011,GAYAM,08,LAFIA,08,LAFIA CENTRAL,SC/685/NW,Lafia/Obi,FC/255/NW,,,NASSARAWA
6012,KEFFIN WAMBAI,09,LAFIA,08,LAFIA NORTH,SC/686/NW,Lafia/Obi,FC/255/NW,,,NASSARAWA
6013,MAKAMA,10,LAFIA,08,LAFIA CENTRAL,SC/685/NW,Lafia/Obi,FC/255/NW,,,NASSARAWA
6014,SHABU/KWANDERE,11,LAFIA,08,LAFIA NORTH,SC/686/NW,Lafia/Obi,FC/255/NW,,,NASSARAWA
6015,WAKWA,12,LAFIA,08,LAFIA CENTRAL,SC/685/NW,Lafia/Obi,FC/255/NW,,,NASSARAWA
6016,ZANWA,13,LAFIA,08,LAFIA CENTRAL,SC/685/NW,Lafia/Obi,FC/255/NW,,,NASSARAWA
6017,UDENIN GIDA,01,NASARAWA,09,LOKI/UDEGE,SC/688/NW,Nassarawa/Toto,FC/256/NW,,,NASSARAWA
6018,AKUM,02,NASARAWA,09,LOKI/UDEGE,SC/688/NW,Nassarawa/Toto,FC/256/NW,,,NASSARAWA
6019,UDENI,03,NASARAWA,09,LOKI/UDEGE,SC/688/NW,Nassarawa/Toto,FC/256/NW,,,NASSARAWA
6020,LOKO,04,NASARAWA,09,LOKI/UDEGE,SC/688/NW,Nassarawa/Toto,FC/256/NW,,,NASSARAWA
6021,TUNGA/BAKONO,05,NASARAWA,09,LOKI/UDEGE,SC/688/NW,Nassarawa/Toto,FC/256/NW,,,NASSARAWA
6022,GUTO/AISA,06,NASARAWA,09,LOKI/UDEGE,SC/688/NW,Nassarawa/Toto,FC/256/NW,,,NASSARAWA
6023,NASARAWA NORTH,07,NASARAWA,09,NASSARAWA,SC/687/NW,Nassarawa/Toto,FC/256/NW,,,NASSARAWA
6024,NASSARAWA EAST,08,NASARAWA,09,NASSARAWA,SC/687/NW,Nassarawa/Toto,FC/256/NW,,,NASSARAWA
6025,NASSARAWA CENTRAL,09,NASARAWA,09,NASSARAWA,SC/687/NW,Nassarawa/Toto,FC/256/NW,,,NASSARAWA
6026,NASSARAWA MAIN TOWN,10,NASARAWA,09,NASSARAWA,SC/687/NW,Nassarawa/Toto,FC/256/NW,,,NASSARAWA
6027,ARA I,11,NASARAWA,09,NASSARAWA,SC/687/NW,Nassarawa/Toto,FC/256/NW,,,NASSARAWA
6028,ARA II,12,NASARAWA,09,NASSARAWA,SC/687/NW,Nassarawa/Toto,FC/256/NW,,,NASSARAWA
6029,LAMINGA,13,NASARAWA,09,NASSARAWA,SC/687/NW,Nassarawa/Toto,FC/256/NW,,,NASSARAWA
6030,KANAH/ONDO/APAWU,14,NASARAWA,09,LOKI/UDEGE,SC/688/NW,Nassarawa/Toto,FC/256/NW,,,NASSARAWA
6031,ODU,15,NASARAWA,09,LOKI/UDEGE,SC/688/NW,Nassarawa/Toto,FC/256/NW,,,NASSARAWA
6032,NASARAWA/EGGON,01,NASARAWA/EGGON,10,NASS-EGGON EAST,SC/690/NW,Akwanga/Nassarawa Eggon/ Wamba,FC/252/NW,,,NASSARAWA
6033,UBBE,02,NASARAWA/EGGON,10,NASS-EGGON EAST,SC/690/NW,Akwanga/Nassarawa Eggon/ Wamba,FC/252/NW,,,NASSARAWA
6034,IGGGA/BURUM BURUM,03,NASARAWA/EGGON,10,NASS-EGGON WEST,SC/689/NW,Akwanga/Nassarawa Eggon/ Wamba,FC/252/NW,,,NASSARAWA
6035,UMME,04,NASARAWA/EGGON,10,NASS-EGGON EAST,SC/690/NW,Akwanga/Nassarawa Eggon/ Wamba,FC/252/NW,,,NASSARAWA
6036,MADA STATION,05,NASARAWA/EGGON,10,NASS-EGGON WEST,SC/689/NW,Akwanga/Nassarawa Eggon/ Wamba,FC/252/NW,,,NASSARAWA
6037,LIZZEN KEFFI/EZZEN,06,NASARAWA/EGGON,10,NASS-EGGON WEST,SC/689/NW,Akwanga/Nassarawa Eggon/ Wamba,FC/252/NW,,,NASSARAWA
6038,LAMBAGA/ARIKPA,07,NASARAWA/EGGON,10,NASS-EGGON WEST,SC/689/NW,Akwanga/Nassarawa Eggon/ Wamba,FC/252/NW,,,NASSARAWA
6039,KAGBU WANA,08,NASARAWA/EGGON,10,NASS-EGGON WEST,SC/689/NW,Akwanga/Nassarawa Eggon/ Wamba,FC/252/NW,,,NASSARAWA
6040,IKKA/WANGIBI,09,NASARAWA/EGGON,10,,,Akwanga/Nassarawa Eggon/ Wamba,FC/252/NW,,,NASSARAWA
6041,ENDE,10,NASARAWA/EGGON,10,NASS-EGGON EAST,SC/690/NW,Akwanga/Nassarawa Eggon/ Wamba,FC/252/NW,,,NASSARAWA
6042,WAKAMA,11,NASARAWA/EGGON,10,NASS-EGGON EAST,SC/690/NW,Akwanga/Nassarawa Eggon/ Wamba,FC/252/NW,,,NASSARAWA
6043,AKOCE/GINDA,12,NASARAWA/EGGON,10,NASS-EGGON WEST,SC/689/NW,Akwanga/Nassarawa Eggon/ Wamba,FC/252/NW,,,NASSARAWA
6044,ALOGANI,13,NASARAWA/EGGON,10,NASS-EGGON EAST,SC/690/NW,Akwanga/Nassarawa Eggon/ Wamba,FC/252/NW,,,NASSARAWA
6045,AGUNJI,14,NASARAWA/EGGON,10,NASS-EGGON EAST,SC/690/NW,Akwanga/Nassarawa Eggon/ Wamba,FC/252/NW,,,NASSARAWA
6046,AGWATASHI,01,OBI,11,OBI I,SC/691/NW,Lafia/Obi,FC/255/NW,,,NASSARAWA
6047,DEDDERE/RIRI,02,OBI,11,OBI I,SC/691/NW,Lafia/Obi,FC/255/NW,,,NASSARAWA
6048,OBI,03,OBI,11,OBI I,SC/691/NW,Lafia/Obi,FC/255/NW,,,NASSARAWA
6049,T/ADABU/KWAGSHIRI,04,OBI,11,OBI I,SC/691/NW,Lafia/Obi,FC/255/NW,,,NASSARAWA
6050,DUDUGURU,05,OBI,11,OBI II,SC/692/NW,Lafia/Obi,FC/255/NW,,,NASSARAWA
6051,GWANDENYE,06,OBI,11,OBI II,SC/692/NW,Lafia/Obi,FC/255/NW,,,NASSARAWA
6052,KYAKALE,07,OBI,11,OBI II,SC/692/NW,Lafia/Obi,FC/255/NW,,,NASSARAWA
6053,GIDAN AUSAI I,08,OBI,11,OBI II,SC/692/NW,Lafia/Obi,FC/255/NW,,,NASSARAWA
6054,GIDAN AUSAI II,09,OBI,11,OBI II,SC/692/NW,Lafia/Obi,FC/255/NW,,,NASSARAWA
6055,ADUDU,10,OBI,11,OBI I,SC/691/NW,Lafia/Obi,FC/255/NW,,,NASSARAWA
6056,GWARGWADA,01,TOTO,12,GADABUKE/TOTO,SC/693/NW,Nassarawa/Toto,FC/256/NW,,,NASSARAWA
6057,GADAGWA,02,TOTO,12,GADABUKE/TOTO,SC/693/NW,Nassarawa/Toto,FC/256/NW,,,NASSARAWA
6058,BUGA KARMO,03,TOTO,12,GADABUKE/TOTO,SC/693/NW,Nassarawa/Toto,FC/256/NW,,,NASSARAWA
6059,UMAISHA,04,TOTO,12,UMAISHA,SC/694/NW,Nassarawa/Toto,FC/256/NW,,,NASSARAWA
6060,DAUSU,05,TOTO,12,UMAISHA,SC/694/NW,Nassarawa/Toto,FC/256/NW,,,NASSARAWA
6061,KANYEHU,06,TOTO,12,UMAISHA,SC/694/NW,Nassarawa/Toto,FC/256/NW,,,NASSARAWA
6062,UGYA,07,TOTO,12,UMAISHA,SC/694/NW,Nassarawa/Toto,FC/256/NW,,,NASSARAWA
6063,TOTO,08,TOTO,12,GADABUKE/TOTO,SC/693/NW,Nassarawa/Toto,FC/256/NW,,,NASSARAWA
6064,SHAFAN ABAKWA,09,TOTO,12,GADABUKE/TOTO,SC/693/NW,Nassarawa/Toto,FC/256/NW,,,NASSARAWA
6065,SHAFAN KWATTO,10,TOTO,12,GADABUKE/TOTO,SC/693/NW,Nassarawa/Toto,FC/256/NW,,,NASSARAWA
6066,SHEGE,11,TOTO,12,UMAISHA,SC/694/NW,Nassarawa/Toto,FC/256/NW,,,NASSARAWA
6067,KATAKPA,12,TOTO,12,UMAISHA,SC/694/NW,Nassarawa/Toto,FC/256/NW,,,NASSARAWA
6068,ARUM,01,WAMBA,13,WAMBA,SC/695/NW,Akwanga/Nassarawa Eggon/ Wamba,FC/252/NW,,,NASSARAWA
6069,MANGAR,02,WAMBA,13,WAMBA,SC/695/NW,Akwanga/Nassarawa Eggon/ Wamba,FC/252/NW,,,NASSARAWA
6070,GITTA,03,WAMBA,13,WAMBA,SC/695/NW,Akwanga/Nassarawa Eggon/ Wamba,FC/252/NW,,,NASSARAWA
6071,NAKERE,04,WAMBA,13,WAMBA,SC/695/NW,Akwanga/Nassarawa Eggon/ Wamba,FC/252/NW,,,NASSARAWA
6072,KONVAH,05,WAMBA,13,,,Akwanga/Nassarawa Eggon/ Wamba,FC/252/NW,,,NASSARAWA
6073,WAYO,06,WAMBA,13,,,Akwanga/Nassarawa Eggon/ Wamba,FC/252/NW,,,NASSARAWA
6074,WAMBA WEST,07,WAMBA,13,,,Akwanga/Nassarawa Eggon/ Wamba,FC/252/NW,,,NASSARAWA
6075,WAMBA EAST,08,WAMBA,13,,,Akwanga/Nassarawa Eggon/ Wamba,FC/252/NW,,,NASSARAWA
6076,KWARA,09,WAMBA,13,,,Akwanga/Nassarawa Eggon/ Wamba,FC/252/NW,,,NASSARAWA
6077,JIMIYA,10,WAMBA,13,,,Akwanga/Nassarawa Eggon/ Wamba,FC/252/NW,,,NASSARAWA
6078,BARO,01,AGAIE,01,AGAIE,SC/696/NG,Agaie/Lapai,FC/257/NG,,,NIGER
6079,BOKU,02,AGAIE,01,AGAIE,SC/696/NG,Agaie/Lapai,FC/257/NG,,,NIGER
6080,EKOBADEGGI,03,AGAIE,01,AGAIE,SC/696/NG,Agaie/Lapai,FC/257/NG,,,NIGER
6081,EKKOSSA,04,AGAIE,01,AGAIE,SC/696/NG,Agaie/Lapai,FC/257/NG,,,NIGER
6082,EKOWUGI,05,AGAIE,01,AGAIE,SC/696/NG,Agaie/Lapai,FC/257/NG,,,NIGER
6083,EKOWUNA,06,AGAIE,01,AGAIE,SC/696/NG,Agaie/Lapai,FC/257/NG,,,NIGER
6084,ETSUGAIE,07,AGAIE,01,AGAIE,SC/696/NG,Agaie/Lapai,FC/257/NG,,,NIGER
6085,EWUGI,08,AGAIE,01,AGAIE,SC/696/NG,Agaie/Lapai,FC/257/NG,,,NIGER
6086,KUTITIKO,09,AGAIE,01,AGAIE,SC/696/NG,Agaie/Lapai,FC/257/NG,,,NIGER
6087,MAGAJI,10,AGAIE,01,AGAIE,SC/696/NG,Agaie/Lapai,FC/257/NG,,,NIGER
6088,TAGAGI,11,AGAIE,01,AGAIE,SC/696/NG,Agaie/Lapai,FC/257/NG,,,NIGER
6089,ADEHE,01,AGWARA,02,AGWARA,SC/697/NG,Agwara/Borgu,FC/258/NG,,,NIGER
6090,AGWATA,02,AGWARA,02,AGWARA,SC/697/NG,Agwara/Borgu,FC/258/NG,,,NIGER
6091,BUSURU,03,AGWARA,02,AGWARA,SC/697/NG,Agwara/Borgu,FC/258/NG,,,NIGER
6092,GALLAH,04,AGWARA,02,AGWARA,SC/697/NG,Agwara/Borgu,FC/258/NG,,,NIGER
6093,KASHINI,05,AGWARA,02,AGWARA,SC/697/NG,Agwara/Borgu,FC/258/NG,,,NIGER
6094,KOKOLI,06,AGWARA,02,AGWARA,SC/697/NG,Agwara/Borgu,FC/258/NG,,,NIGER
6095,MAGO,07,AGWARA,02,AGWARA,SC/697/NG,Agwara/Borgu,FC/258/NG,,,NIGER
6096,PAPIRI,08,AGWARA,02,AGWARA,SC/697/NG,Agwara/Borgu,FC/258/NG,,,NIGER
6097,ROFIA,09,AGWARA,02,AGWARA,SC/697/NG,Agwara/Borgu,FC/258/NG,,,NIGER
6098,SUTEKU,10,AGWARA,02,AGWARA,SC/697/NG,Agwara/Borgu,FC/258/NG,,,NIGER
6099,BAKIRI,01,BIDA,03,BIDA I,SC/698/NG,Bida/Gbako/Katcha,FC/259/NG,,,NIGER
6100,CENIYAN,02,BIDA,03,BIDA II,SC/699/NG,Bida/Gbako/Katcha,FC/259/NG,,,NIGER
6101,DOKODZA,03,BIDA,03,BIDA I,SC/698/NG,Bida/Gbako/Katcha,FC/259/NG,,,NIGER
6102,KYARI,04,BIDA,03,BIDA II,SC/699/NG,Bida/Gbako/Katcha,FC/259/NG,,,NIGER
6103,LANDZUN,05,BIDA,03,BIDA I,SC/698/NG,Bida/Gbako/Katcha,FC/259/NG,,,NIGER
6104,MASABA I,06,BIDA,03,BIDA II,SC/699/NG,Bida/Gbako/Katcha,FC/259/NG,,,NIGER
6105,MASABA II,07,BIDA,03,BIDA II,SC/699/NG,Bida/Gbako/Katcha,FC/259/NG,,,NIGER
6106,MASAGA I,08,BIDA,03,BIDA II,SC/699/NG,Bida/Gbako/Katcha,FC/259/NG,,,NIGER
6107,MASAGA II,09,BIDA,03,BIDA II,SC/699/NG,Bida/Gbako/Katcha,FC/259/NG,,,NIGER
6108,MAIYAKI NDAJIYA,10,BIDA,03,BIDA I,SC/698/NG,Bida/Gbako/Katcha,FC/259/NG,,,NIGER
6109,NASSARAFU,11,BIDA,03,BIDA I,SC/698/NG,Bida/Gbako/Katcha,FC/259/NG,,,NIGER
6110,UMARU/MAJIGI I,12,BIDA,03,BIDA I,SC/698/NG,Bida/Gbako/Katcha,FC/259/NG,,,NIGER
6111,UMARU MAJIGI II,13,BIDA,03,BIDA I,SC/698/NG,Bida/Gbako/Katcha,FC/259/NG,,,NIGER
6112,WADATA,14,BIDA,03,BIDA II,SC/699/NG,Bida/Gbako/Katcha,FC/259/NG,,,NIGER
6113,BABANNA,01,BORGU,04,BORGU,SC/700/NG,Agwara/Borgu,FC/258/NG,,,NIGER
6114,DUGGA,02,BORGU,04,BORGU,SC/700/NG,Agwara/Borgu,FC/258/NG,,,NIGER
6115,KARABONDE,03,BORGU,04,BORGU,SC/700/NG,Agwara/Borgu,FC/258/NG,,,NIGER
6116,KONKOSO,04,BORGU,04,BORGU,SC/700/NG,Agwara/Borgu,FC/258/NG,,,NIGER
6117,MALALE,05,BORGU,04,BORGU,SC/700/NG,Agwara/Borgu,FC/258/NG,,,NIGER
6118,NEW BUSSA,06,BORGU,04,BORGU,SC/700/NG,Agwara/Borgu,FC/258/NG,,,NIGER
6119,PISSA/KAVE,07,BORGU,04,BORGU,SC/700/NG,Agwara/Borgu,FC/258/NG,,,NIGER
6120,SHAGUNU,08,BORGU,04,BORGU,SC/700/NG,Agwara/Borgu,FC/258/NG,,,NIGER
6121,WAWA,09,BORGU,04,BORGU,SC/700/NG,Agwara/Borgu,FC/258/NG,,,NIGER
6122,RIVERRINE,10,BORGU,04,BORGU,SC/700/NG,Agwara/Borgu,FC/258/NG,,,NIGER
6123,BEJI,01,BOSSO,05,BOSSO,SC/701/NG,Booso/Paikoro,FC/260/NG,,,NIGER
6124,BOSSO CENTRAL I,02,BOSSO,05,BOSSO,SC/701/NG,Booso/Paikoro,FC/260/NG,,,NIGER
6125,BOSSO CENTRAL II,03,BOSSO,05,BOSSO,SC/701/NG,Booso/Paikoro,FC/260/NG,,,NIGER
6126,CHANCHAGA,04,BOSSO,05,BOSSO,SC/701/NG,Booso/Paikoro,FC/260/NG,,,NIGER
6127,GARATU,05,BOSSO,05,BOSSO,SC/701/NG,Booso/Paikoro,FC/260/NG,,,NIGER
6128,KAMPALA,06,BOSSO,05,BOSSO,SC/701/NG,Booso/Paikoro,FC/260/NG,,,NIGER
6129,KODO,07,BOSSO,05,BOSSO,SC/701/NG,Booso/Paikoro,FC/260/NG,,,NIGER
6130,MAKUNKELE,08,BOSSO,05,BOSSO,SC/701/NG,Booso/Paikoro,FC/260/NG,,,NIGER
6131,MATUMBI,09,BOSSO,05,BOSSO,SC/701/NG,Booso/Paikoro,FC/260/NG,,,NIGER
6132,SHATA,10,BOSSO,05,BOSSO,SC/701/NG,Booso/Paikoro,FC/260/NG,,,NIGER
6133,LIMAWA ‘A’,01,CHANCHAGA,06,CHANCHANGA,SC/702/NG,Chanchaga,FC/261/NG,,,NIGER
6134,LIMAWA ‘B’,02,CHANCHAGA,06,CHANCHANGA,SC/702/NG,Chanchaga,FC/261/NG,,,NIGER
6135,MAKERA,03,CHANCHAGA,06,CHANCHANGA,SC/702/NG,Chanchaga,FC/261/NG,,,NIGER
6136,MINNA CENTRAL,04,CHANCHAGA,06,CHANCHANGA,SC/702/NG,Chanchaga,FC/261/NG,,,NIGER
6137,MINNA SOUTH,05,CHANCHAGA,06,CHANCHANGA,SC/702/NG,Chanchaga,FC/261/NG,,,NIGER
6138,NASARAWA ‘A’,06,CHANCHAGA,06,CHANCHANGA,SC/702/NG,Chanchaga,FC/261/NG,,,NIGER
6139,NASARAWA ‘B’,07,CHANCHAGA,06,CHANCHANGA,SC/702/NG,Chanchaga,FC/261/NG,,,NIGER
6140,NASARAWA ‘C’,08,CHANCHAGA,06,CHANCHANGA,SC/702/NG,Chanchaga,FC/261/NG,,,NIGER
6141,SABON GARI,09,CHANCHAGA,06,CHANCHANGA,SC/702/NG,Chanchaga,FC/261/NG,,,NIGER
6142,TUDUN WADA NORTH,10,CHANCHAGA,06,CHANCHANGA,SC/702/NG,Chanchaga,FC/261/NG,,,NIGER
6143,TUDUN WADA SOUTH,11,CHANCHAGA,06,CHANCHANGA,SC/702/NG,Chanchaga,FC/261/NG,,,NIGER
6144,ENAGI,01,EDATI,07,EDATTI,SC/703/NG,Lavun/Mokwa/Edati,FC/263/NG,,,NIGER
6145,ETSU-TASHA,02,EDATI,07,EDATTI,SC/703/NG,Lavun/Mokwa/Edati,FC/263/NG,,,NIGER
6146,FAZHI,03,EDATI,07,EDATTI,SC/703/NG,Lavun/Mokwa/Edati,FC/263/NG,,,NIGER
6147,GAZHE I,04,EDATI,07,EDATTI,SC/703/NG,Lavun/Mokwa/Edati,FC/263/NG,,,NIGER
6148,GAZHE II,05,EDATI,07,EDATTI,SC/703/NG,Lavun/Mokwa/Edati,FC/263/NG,,,NIGER
6149,GBANGBAN,06,EDATI,07,EDATTI,SC/703/NG,Lavun/Mokwa/Edati,FC/263/NG,,,NIGER
6150,GONAGI,07,EDATI,07,EDATTI,SC/703/NG,Lavun/Mokwa/Edati,FC/263/NG,,,NIGER
6151,GUZAN,08,EDATI,07,EDATTI,SC/703/NG,Lavun/Mokwa/Edati,FC/263/NG,,,NIGER
6152,ROKOTA,09,EDATI,07,EDATTI,SC/703/NG,Lavun/Mokwa/Edati,FC/263/NG,,,NIGER
6153,SAKPE,10,EDATI,07,EDATTI,SC/703/NG,Lavun/Mokwa/Edati,FC/263/NG,,,NIGER
6154,BATAGI,01,GBAKO,08,GBAKO,SC/704/NG,Bida/Gbako/Katcha,FC/259/NG,,,NIGER
6155,BATAGO,02,GBAKO,08,GBAKO,SC/704/NG,Bida/Gbako/Katcha,FC/259/NG,,,NIGER
6156,EDOKOTA,03,GBAKO,08,GBAKO,SC/704/NG,Bida/Gbako/Katcha,FC/259/NG,,,NIGER
6157,EDOZHGI,04,GBAKO,08,GBAKO,SC/704/NG,Bida/Gbako/Katcha,FC/259/NG,,,NIGER
6158,ETSU AUDU,05,GBAKO,08,GBAKO,SC/704/NG,Bida/Gbako/Katcha,FC/259/NG,,,NIGER
6159,GBADAFU,06,GBAKO,08,GBAKO,SC/704/NG,Bida/Gbako/Katcha,FC/259/NG,,,NIGER
6160,GOGATA,07,GBAKO,08,GBAKO,SC/704/NG,Bida/Gbako/Katcha,FC/259/NG,,,NIGER
6161,LEMU,08,GBAKO,08,GBAKO,SC/704/NG,Bida/Gbako/Katcha,FC/259/NG,,,NIGER
6162,NUWANKOTA,09,GBAKO,08,GBAKO,SC/704/NG,Bida/Gbako/Katcha,FC/259/NG,,,NIGER
6163,SAMMAJIKO,10,GBAKO,08,GBAKO,SC/704/NG,Bida/Gbako/Katcha,FC/259/NG,,,NIGER
6164,BONU,01,GURARA,09,GURARA,SC/705/NG,Gurara/Suleja/Tapa,FC/262/NG,,,NIGER
6165,DIKO,02,GURARA,09,GURARA,SC/705/NG,Gurara/Suleja/Tapa,FC/262/NG,,,NIGER
6166,GAWU,03,GURARA,09,GURARA,SC/705/NG,Gurara/Suleja/Tapa,FC/262/NG,,,NIGER
6167,IZOM,04,GURARA,09,GURARA,SC/705/NG,Gurara/Suleja/Tapa,FC/262/NG,,,NIGER
6168,KABO,05,GURARA,09,GURARA,SC/705/NG,Gurara/Suleja/Tapa,FC/262/NG,,,NIGER
6169,KWAKA,06,GURARA,09,GURARA,SC/705/NG,Gurara/Suleja/Tapa,FC/262/NG,,,NIGER
6170,LAMBATA,07,GURARA,09,GURARA,SC/705/NG,Gurara/Suleja/Tapa,FC/262/NG,,,NIGER
6171,LEFU,08,GURARA,09,GURARA,SC/705/NG,Gurara/Suleja/Tapa,FC/262/NG,,,NIGER
6172,SHAKO,09,GURARA,09,GURARA,SC/705/NG,Gurara/Suleja/Tapa,FC/262/NG,,,NIGER
6173,TUFA,10,GURARA,09,GURARA,SC/705/NG,Gurara/Suleja/Tapa,FC/262/NG,,,NIGER
6174,BAKEKO,01,KATCHA,10,KATCHA,SC/706/NG,Bida/Gbako/Katcha,FC/259/NG,,,NIGER
6175,BADEGI,02,KATCHA,10,KATCHA,SC/706/NG,Bida/Gbako/Katcha,FC/259/NG,,,NIGER
6176,BISANTI,03,KATCHA,10,KATCHA,SC/706/NG,Bida/Gbako/Katcha,FC/259/NG,,,NIGER
6177,DZWAFU,04,KATCHA,10,KATCHA,SC/706/NG,Bida/Gbako/Katcha,FC/259/NG,,,NIGER
6178,EDOTSU,05,KATCHA,10,KATCHA,SC/706/NG,Bida/Gbako/Katcha,FC/259/NG,,,NIGER
6179,ESSA,06,KATCHA,10,KATCHA,SC/706/NG,Bida/Gbako/Katcha,FC/259/NG,,,NIGER
6180,GBAKOGI,07,KATCHA,10,KATCHA,SC/706/NG,Bida/Gbako/Katcha,FC/259/NG,,,NIGER
6181,KATCHA,08,KATCHA,10,KATCHA,SC/706/NG,Bida/Gbako/Katcha,FC/259/NG,,,NIGER
6182,KATAREGI,09,KATCHA,10,KATCHA,SC/706/NG,Bida/Gbako/Katcha,FC/259/NG,,,NIGER
6183,SIDI-SABA,10,KATCHA,10,KATCHA,SC/706/NG,Bida/Gbako/Katcha,FC/259/NG,,,NIGER
6184,AREWA,01,KONTAGORA,11,KONTAGORA I,SC/707/NG,Kontagora/Wushishi/Mariga/ Mashegu,FC/265/NG,,,NIGER
6185,CENTRAL,02,KONTAGORA,11,KONTAGORA I,SC/707/NG,Kontagora/Wushishi/Mariga/ Mashegu,FC/265/NG,,,NIGER
6186,GABAS,03,KONTAGORA,11,KONTAGORA I,SC/707/NG,Kontagora/Wushishi/Mariga/ Mashegu,FC/265/NG,,,NIGER
6187,KUDU,04,KONTAGORA,11,KONTAGORA I,SC/707/NG,Kontagora/Wushishi/Mariga/ Mashegu,FC/265/NG,,,NIGER
6188,MAGAJIYA,05,KONTAGORA,11,KONTAGORA I,SC/707/NG,Kontagora/Wushishi/Mariga/ Mashegu,FC/265/NG,,,NIGER
6189,MASUGA,06,KONTAGORA,11,KONTAGORA I,SC/707/NG,Kontagora/Wushishi/Mariga/ Mashegu,FC/265/NG,,,NIGER
6190,MADARA,07,KONTAGORA,11,KOTANGORA II,SC/708/NG,Kontagora/Wushishi/Mariga/ Mashegu,FC/265/NG,,,NIGER
6191,NAGWAMATSE,08,KONTAGORA,11,KONTAGORA I,SC/707/NG,Kontagora/Wushishi/Mariga/ Mashegu,FC/265/NG,,,NIGER
6192,RAFIN GORA,09,KONTAGORA,11,KOTANGORA II,SC/708/NG,Kontagora/Wushishi/Mariga/ Mashegu,FC/265/NG,,,NIGER
6193,TUGAN WAWA,10,KONTAGORA,11,KOTANGORA II,SC/708/NG,Kontagora/Wushishi/Mariga/ Mashegu,FC/265/NG,,,NIGER
6194,TUNGAN KAWO,11,KONTAGORA,11,KOTANGORA II,SC/708/NG,Kontagora/Wushishi/Mariga/ Mashegu,FC/265/NG,,,NIGER
6195,USALLE,12,KONTAGORA,11,KONTAGORA I,SC/707/NG,Kontagora/Wushishi/Mariga/ Mashegu,FC/265/NG,,,NIGER
6196,YAMMA,13,KONTAGORA,11,KOTANGORA II,SC/708/NG,Kontagora/Wushishi/Mariga/ Mashegu,FC/265/NG,,,NIGER
6197,AREWA/YAMMA,01,LAPAI,12,LAPAI,SC/709/NG,Agaie/Lapai,FC/257/NG,,,NIGER
6198,BIRNINI TASHIBO,02,LAPAI,12,LAPAI,SC/709/NG,Agaie/Lapai,FC/257/NG,,,NIGER
6199,EBBO/GBACHUKUNKU,03,LAPAI,12,LAPAI,SC/709/NG,Agaie/Lapai,FC/257/NG,,,NIGER
6200,EVUTI/KPADA,04,LAPAI,12,LAPAI,SC/709/NG,Agaie/Lapai,FC/257/NG,,,NIGER
6201,GULU ANGUWA/VATSA,05,LAPAI,12,LAPAI,SC/709/NG,Agaie/Lapai,FC/257/NG,,,NIGER
6202,KUPA/ABUGI,06,LAPAI,12,LAPAI,SC/709/NG,Agaie/Lapai,FC/257/NG,,,NIGER
6203,GURDI/ZAGO,07,LAPAI,12,LAPAI,SC/709/NG,Agaie/Lapai,FC/257/NG,,,NIGER
6204,KUDU GUBAS,08,LAPAI,12,LAPAI,SC/709/NG,Agaie/Lapai,FC/257/NG,,,NIGER
6205,MUNYE/EGBA,09,LAPAI,12,LAPAI,SC/709/NG,Agaie/Lapai,FC/257/NG,,,NIGER
6206,TAKUTI/SHAKU,10,LAPAI,12,LAPAI,SC/709/NG,Agaie/Lapai,FC/257/NG,,,NIGER
6207,BUSU/KUCHI,01,LAVUN,13,LAVUN,SC/710/NG,Lavun/Mokwa/Edati,FC/263/NG,,,NIGER
6208,BATATI,02,LAVUN,13,LAVUN,SC/710/NG,Lavun/Mokwa/Edati,FC/263/NG,,,NIGER
6209,DASSUN,03,LAVUN,13,LAVUN,SC/710/NG,Lavun/Mokwa/Edati,FC/263/NG,,,NIGER
6210,DOKO,04,LAVUN,13,LAVUN,SC/710/NG,Lavun/Mokwa/Edati,FC/263/NG,,,NIGER
6211,DABBAN,05,LAVUN,13,LAVUN,SC/710/NG,Lavun/Mokwa/Edati,FC/263/NG,,,NIGER
6212,EGBAKO,06,LAVUN,13,LAVUN,SC/710/NG,Lavun/Mokwa/Edati,FC/263/NG,,,NIGER
6213,GABA,07,LAVUN,13,LAVUN,SC/710/NG,Lavun/Mokwa/Edati,FC/263/NG,,,NIGER
6214,JIMA,08,LAVUN,13,LAVUN,SC/710/NG,Lavun/Mokwa/Edati,FC/263/NG,,,NIGER
6215,KUTIGI,09,LAVUN,13,LAVUN,SC/710/NG,Lavun/Mokwa/Edati,FC/263/NG,,,NIGER
6216,KUSOTACHI,10,LAVUN,13,LAVUN,SC/710/NG,Lavun/Mokwa/Edati,FC/263/NG,,,NIGER
6217,LAGUN,11,LAVUN,13,LAVUN,SC/710/NG,Lavun/Mokwa/Edati,FC/263/NG,,,NIGER
6218,MAMBE,12,LAVUN,13,LAVUN,SC/710/NG,Lavun/Mokwa/Edati,FC/263/NG,,,NIGER
6219,AUNA CENTRAL,01,MAGAMA,14,MAGAMA,SC/711/NG,Magama/Rijau,FC/264/NG,,,NIGER
6220,AUNA EAST CENTRAL,02,MAGAMA,14,MAGAMA,SC/711/NG,Magama/Rijau,FC/264/NG,,,NIGER
6221,AUNA EAST,03,MAGAMA,14,MAGAMA,SC/711/NG,Magama/Rijau,FC/264/NG,,,NIGER
6222,AUNA SOUTH EAST,04,MAGAMA,14,MAGAMA,SC/711/NG,Magama/Rijau,FC/264/NG,,,NIGER
6223,AUNA SOUTH,05,MAGAMA,14,MAGAMA,SC/711/NG,Magama/Rijau,FC/264/NG,,,NIGER
6224,IBELU CENTRAL,06,MAGAMA,14,MAGAMA,SC/711/NG,Magama/Rijau,FC/264/NG,,,NIGER
6225,IBELU EAST,07,MAGAMA,14,MAGAMA,SC/711/NG,Magama/Rijau,FC/264/NG,,,NIGER
6226,IBELU NORTH,08,MAGAMA,14,MAGAMA,SC/711/NG,Magama/Rijau,FC/264/NG,,,NIGER
6227,IBELU WEST,09,MAGAMA,14,MAGAMA,SC/711/NG,Magama/Rijau,FC/264/NG,,,NIGER
6228,NASKO,10,MAGAMA,14,MAGAMA,SC/711/NG,Magama/Rijau,FC/264/NG,,,NIGER
6229,NASARAWA,11,MAGAMA,14,MAGAMA,SC/711/NG,Magama/Rijau,FC/264/NG,,,NIGER
6230,BANGI,01,MARIGA,15,MARIGA,SC/712/NG,Kontagora/Wushishi/Mariga/ Mashegu,FC/265/NG,,,NIGER
6231,BERI,02,MARIGA,15,MARIGA,SC/712/NG,Kontagora/Wushishi/Mariga/ Mashegu,FC/265/NG,,,NIGER
6232,BOBI,03,MARIGA,15,MARIGA,SC/712/NG,Kontagora/Wushishi/Mariga/ Mashegu,FC/265/NG,,,NIGER
6233,GULBIN BOKA,04,MARIGA,15,MARIGA,SC/712/NG,Kontagora/Wushishi/Mariga/ Mashegu,FC/265/NG,,,NIGER
6234,GALMA WAMBA,05,MARIGA,15,MARIGA,SC/712/NG,Kontagora/Wushishi/Mariga/ Mashegu,FC/265/NG,,,NIGER
6235,INKWAI,06,MARIGA,15,MARIGA,SC/712/NG,Kontagora/Wushishi/Mariga/ Mashegu,FC/265/NG,,,NIGER
6236,IGWANMA,07,MARIGA,15,MARIGA,SC/712/NG,Kontagora/Wushishi/Mariga/ Mashegu,FC/265/NG,,,NIGER
6237,KAKIHUN,08,MARIGA,15,MARIGA,SC/712/NG,Kontagora/Wushishi/Mariga/ Mashegu,FC/265/NG,,,NIGER
6238,KOTANKORO,09,MARIGA,15,MARIGA,SC/712/NG,Kontagora/Wushishi/Mariga/ Mashegu,FC/265/NG,,,NIGER
6239,KUMBASHI,10,MARIGA,15,MARIGA,SC/712/NG,Kontagora/Wushishi/Mariga/ Mashegu,FC/265/NG,,,NIGER
6240,MABURYA,11,MARIGA,15,MARIGA,SC/712/NG,Kontagora/Wushishi/Mariga/ Mashegu,FC/265/NG,,,NIGER
6241,BABBAN RAMI,01,MASHEGU,16,MASHEGU,SC/713/NG,Kontagora/Wushishi/Mariga/ Mashegu,FC/265/NG,,,NIGER
6242,DAPANGI/MAKERA,02,MASHEGU,16,MASHEGU,SC/713/NG,Kontagora/Wushishi/Mariga/ Mashegu,FC/265/NG,,,NIGER
6243,IBBI,03,MASHEGU,16,MASHEGU,SC/713/NG,Kontagora/Wushishi/Mariga/ Mashegu,FC/265/NG,,,NIGER
6244,KABOJI,04,MASHEGU,16,MASHEGU,SC/713/NG,Kontagora/Wushishi/Mariga/ Mashegu,FC/265/NG,,,NIGER
6245,KASANGA,05,MASHEGU,16,MASHEGU,SC/713/NG,Kontagora/Wushishi/Mariga/ Mashegu,FC/265/NG,,,NIGER
6246,KPATACHIN,06,MASHEGU,16,MASHEGU,SC/713/NG,Kontagora/Wushishi/Mariga/ Mashegu,FC/265/NG,,,NIGER
6247,KULLUHO,07,MASHEGU,16,MASHEGU,SC/713/NG,Kontagora/Wushishi/Mariga/ Mashegu,FC/265/NG,,,NIGER
6248,MASHEGU,08,MASHEGU,16,MASHEGU,SC/713/NG,Kontagora/Wushishi/Mariga/ Mashegu,FC/265/NG,,,NIGER
6249,MAZAKUKA-KILORO,09,MASHEGU,16,MASHEGU,SC/713/NG,Kontagora/Wushishi/Mariga/ Mashegu,FC/265/NG,,,NIGER
6250,SAHO-RAMI,10,MASHEGU,16,MASHEGU,SC/713/NG,Kontagora/Wushishi/Mariga/ Mashegu,FC/265/NG,,,NIGER
6251,BOKANI,01,MOKWA,17,MOKWA,SC/714/NG,Lavun/Mokwa/Edati,FC/263/NG,,,NIGER
6252,GBAJIBO/MUWO,02,MOKWA,17,MOKWA,SC/714/NG,Lavun/Mokwa/Edati,FC/263/NG,,,NIGER
6253,GBARA,03,MOKWA,17,MOKWA,SC/714/NG,Lavun/Mokwa/Edati,FC/263/NG,,,NIGER
6254,JA’AGI,04,MOKWA,17,MOKWA,SC/714/NG,Lavun/Mokwa/Edati,FC/263/NG,,,NIGER
6255,JEBBA,05,MOKWA,17,MOKWA,SC/714/NG,Lavun/Mokwa/Edati,FC/263/NG,,,NIGER
6256,KPAKI/TAKUMA,06,MOKWA,17,MOKWA,SC/714/NG,Lavun/Mokwa/Edati,FC/263/NG,,,NIGER
6257,KUDU,07,MOKWA,17,MOKWA,SC/714/NG,Lavun/Mokwa/Edati,FC/263/NG,,,NIGER
6258,LABOZHI,08,MOKWA,17,MOKWA,SC/714/NG,Lavun/Mokwa/Edati,FC/263/NG,,,NIGER
6259,MOKWA,09,MOKWA,17,MOKWA,SC/714/NG,Lavun/Mokwa/Edati,FC/263/NG,,,NIGER
6260,MUREGI,10,MOKWA,17,MOKWA,SC/714/NG,Lavun/Mokwa/Edati,FC/263/NG,,,NIGER
6261,RABBA/NDAYAKO,11,MOKWA,17,MOKWA,SC/714/NG,Lavun/Mokwa/Edati,FC/263/NG,,,NIGER
6262,BENI,01,MUNYA,18,MUNYA,SC/715/NG,Shiroro/Rafi/Munya,FC/266/NG,,,NIGER
6263,DANDAUDU,02,MUNYA,18,MUNYA,SC/715/NG,Shiroro/Rafi/Munya,FC/266/NG,,,NIGER
6264,DANGUNU,03,MUNYA,18,MUNYA,SC/715/NG,Shiroro/Rafi/Munya,FC/266/NG,,,NIGER
6265,DAZA,04,MUNYA,18,MUNYA,SC/715/NG,Shiroro/Rafi/Munya,FC/266/NG,,,NIGER
6266,FUKA,05,MUNYA,18,MUNYA,SC/715/NG,Shiroro/Rafi/Munya,FC/266/NG,,,NIGER
6267,GINI,06,MUNYA,18,MUNYA,SC/715/NG,Shiroro/Rafi/Munya,FC/266/NG,,,NIGER
6268,GUNI,07,MUNYA,18,MUNYA,SC/715/NG,Shiroro/Rafi/Munya,FC/266/NG,,,NIGER
6269,KABULA,08,MUNYA,18,MUNYA,SC/715/NG,Shiroro/Rafi/Munya,FC/266/NG,,,NIGER
6270,KAZAI,09,MUNYA,18,MUNYA,SC/715/NG,Shiroro/Rafi/Munya,FC/266/NG,,,NIGER
6271,KUCHI,10,MUNYA,18,MUNYA,SC/715/NG,Shiroro/Rafi/Munya,FC/266/NG,,,NIGER
6272,SARKIN PAWA,11,MUNYA,18,MUNYA,SC/715/NG,Shiroro/Rafi/Munya,FC/266/NG,,,NIGER
6273,ADUNU,01,PAIKORO,19,PAIKORO,SC/716/NG,Booso/Paikoro,FC/260/NG,,,NIGER
6274,CHIMBI,02,PAIKORO,19,PAIKORO,SC/716/NG,Booso/Paikoro,FC/260/NG,,,NIGER
6275,GWAM,03,PAIKORO,19,PAIKORO,SC/716/NG,Booso/Paikoro,FC/260/NG,,,NIGER
6276,ISHAU,04,PAIKORO,19,PAIKORO,SC/716/NG,Booso/Paikoro,FC/260/NG,,,NIGER
6277,JERE,05,PAIKORO,19,PAIKORO,SC/716/NG,Booso/Paikoro,FC/260/NG,,,NIGER
6278,KAFIN KORO,06,PAIKORO,19,PAIKORO,SC/716/NG,Booso/Paikoro,FC/260/NG,,,NIGER
6279,KWANGANA,07,PAIKORO,19,PAIKORO,SC/716/NG,Booso/Paikoro,FC/260/NG,,,NIGER
6280,KWAKUTI,08,PAIKORO,19,PAIKORO,SC/716/NG,Booso/Paikoro,FC/260/NG,,,NIGER
6281,NIKUCHI T/MALLAM,09,PAIKORO,19,PAIKORO,SC/716/NG,Booso/Paikoro,FC/260/NG,,,NIGER
6282,PAIKO CENTRAL,10,PAIKORO,19,PAIKORO,SC/716/NG,Booso/Paikoro,FC/260/NG,,,NIGER
6283,TUTUNGO/JEDNA,11,PAIKORO,19,PAIKORO,SC/716/NG,Booso/Paikoro,FC/260/NG,,,NIGER
6284,KAGARA GARI,01,RAFI,20,RAFI,SC/717/NG,Shiroro/Rafi/Munya,FC/266/NG,,,NIGER
6285,KAKURI,02,RAFI,20,RAFI,SC/717/NG,Shiroro/Rafi/Munya,FC/266/NG,,,NIGER
6286,KONGOMA CENTRAL,03,RAFI,20,RAFI,SC/717/NG,Shiroro/Rafi/Munya,FC/266/NG,,,NIGER
6287,KONGOMA WEST,04,RAFI,20,RAFI,SC/717/NG,Shiroro/Rafi/Munya,FC/266/NG,,,NIGER
6288,KUSHIRKI NORTH,05,RAFI,20,RAFI,SC/717/NG,Shiroro/Rafi/Munya,FC/266/NG,,,NIGER
6289,KUSHIRKI SOUTH,06,RAFI,20,RAFI,SC/717/NG,Shiroro/Rafi/Munya,FC/266/NG,,,NIGER
6290,KUNDU,07,RAFI,20,RAFI,SC/717/NG,Shiroro/Rafi/Munya,FC/266/NG,,,NIGER
6291,SABON GARI,08,RAFI,20,RAFI,SC/717/NG,Shiroro/Rafi/Munya,FC/266/NG,,,NIGER
6292,TEGINA GARI,09,RAFI,20,RAFI,SC/717/NG,Shiroro/Rafi/Munya,FC/266/NG,,,NIGER
6293,TEGINA WEST,10,RAFI,20,RAFI,SC/717/NG,Shiroro/Rafi/Munya,FC/266/NG,,,NIGER
6294,YAKILA,11,RAFI,20,RAFI,SC/717/NG,Shiroro/Rafi/Munya,FC/266/NG,,,NIGER
6295,DARANGI,01,RIJAU,21,RIJAU,SC/718/NG,Magama/Rijau,FC/264/NG,,,NIGER
6296,DUGGE,02,RIJAU,21,RIJAU,SC/718/NG,Magama/Rijau,FC/264/NG,,,NIGER
6297,DUKKU,03,RIJAU,21,RIJAU,SC/718/NG,Magama/Rijau,FC/264/NG,,,NIGER
6298,GENU,04,RIJAU,21,RIJAU,SC/718/NG,Magama/Rijau,FC/264/NG,,,NIGER
6299,JAMA’AKE,05,RIJAU,21,RIJAU,SC/718/NG,Magama/Rijau,FC/264/NG,,,NIGER
6300,RIJAU,06,RIJAU,21,RIJAU,SC/718/NG,Magama/Rijau,FC/264/NG,,,NIGER
6301,SHAMBO,07,RIJAU,21,RIJAU,SC/718/NG,Magama/Rijau,FC/264/NG,,,NIGER
6302,T/MAGAJIYA,08,RIJAU,21,RIJAU,SC/718/NG,Magama/Rijau,FC/264/NG,,,NIGER
6303,USHE,09,RIJAU,21,RIJAU,SC/718/NG,Magama/Rijau,FC/264/NG,,,NIGER
6304,WARARI,10,RIJAU,21,RIJAU,SC/718/NG,Magama/Rijau,FC/264/NG,,,NIGER
6305,ALLAWA,01,SHIRORO,22,SHIRORO,SC/719/NG,Shiroro/Rafi/Munya,FC/266/NG,,,NIGER
6306,BANGAJIYA,02,SHIRORO,22,SHIRORO,SC/719/NG,Shiroro/Rafi/Munya,FC/266/NG,,,NIGER
6307,BASS/KUKOKI,03,SHIRORO,22,SHIRORO,SC/719/NG,Shiroro/Rafi/Munya,FC/266/NG,,,NIGER
6308,EGWA/WGADA,04,SHIRORO,22,SHIRORO,SC/719/NG,Shiroro/Rafi/Munya,FC/266/NG,,,NIGER
6309,ERENA,05,SHIRORO,22,SHIRORO,SC/719/NG,Shiroro/Rafi/Munya,FC/266/NG,,,NIGER
6310,GALKOGO,06,SHIRORO,22,SHIRORO,SC/719/NG,Shiroro/Rafi/Munya,FC/266/NG,,,NIGER
6311,GURMANA,07,SHIRORO,22,SHIRORO,SC/719/NG,Shiroro/Rafi/Munya,FC/266/NG,,,NIGER
6312,GUSSORO,08,SHIRORO,22,SHIRORO,SC/719/NG,Shiroro/Rafi/Munya,FC/266/NG,,,NIGER
6313,KATO,09,SHIRORO,22,SHIRORO,SC/719/NG,Shiroro/Rafi/Munya,FC/266/NG,,,NIGER
6314,KUSHAKA/KUREBE,10,SHIRORO,22,SHIRORO,SC/719/NG,Shiroro/Rafi/Munya,FC/266/NG,,,NIGER
6315,KWALI/CHUKUBA,11,SHIRORO,22,SHIRORO,SC/719/NG,Shiroro/Rafi/Munya,FC/266/NG,,,NIGER
6316,MANTA,12,SHIRORO,22,SHIRORO,SC/719/NG,Shiroro/Rafi/Munya,FC/266/NG,,,NIGER
6317,PINA,13,SHIRORO,22,SHIRORO,SC/719/NG,Shiroro/Rafi/Munya,FC/266/NG,,,NIGER
6318,SHE,14,SHIRORO,22,SHIRORO,SC/719/NG,Shiroro/Rafi/Munya,FC/266/NG,,,NIGER
6319,UBANDOMA,15,SHIRORO,22,SHIRORO,SC/719/NG,Shiroro/Rafi/Munya,FC/266/NG,,,NIGER
6320,BAGAMA ‘A’,01,SULEJA,23,SULEJA,SC/720/NG,Gurara/Suleja/Tapa,FC/262/NG,,,NIGER
6321,BAGAMA ‘B’,02,SULEJA,23,SULEJA,SC/720/NG,Gurara/Suleja/Tapa,FC/262/NG,,,NIGER
6322,HUSHIMI ‘A’,03,SULEJA,23,SULEJA,SC/720/NG,Gurara/Suleja/Tapa,FC/262/NG,,,NIGER
6323,HUSHIMI ‘B’,04,SULEJA,23,SULEJA,SC/720/NG,Gurara/Suleja/Tapa,FC/262/NG,,,NIGER
6324,IKU SOUTH I,05,SULEJA,23,SULEJA,SC/720/NG,Gurara/Suleja/Tapa,FC/262/NG,,,NIGER
6325,IKU SOUTH II,06,SULEJA,23,SULEJA,SC/720/NG,Gurara/Suleja/Tapa,FC/262/NG,,,NIGER
6326,KURMIN SARKI,07,SULEJA,23,SULEJA,SC/720/NG,Gurara/Suleja/Tapa,FC/262/NG,,,NIGER
6327,MAGAJIYA,08,SULEJA,23,SULEJA,SC/720/NG,Gurara/Suleja/Tapa,FC/262/NG,,,NIGER
6328,MAJE,09,SULEJA,23,SULEJA,SC/720/NG,Gurara/Suleja/Tapa,FC/262/NG,,,NIGER
6329,WAMBAI,10,SULEJA,23,SULEJA,SC/720/NG,Gurara/Suleja/Tapa,FC/262/NG,,,NIGER
6330,DOGON KURMI,01,TAFA,24,TAPA,SC/721/NG,Gurara/Suleja/Tapa,FC/262/NG,,,NIGER
6331,GARAM,02,TAFA,24,TAPA,SC/721/NG,Gurara/Suleja/Tapa,FC/262/NG,,,NIGER
6332,IJAWARI,03,TAFA,24,TAPA,SC/721/NG,Gurara/Suleja/Tapa,FC/262/NG,,,NIGER
6333,IJAKORO,04,TAFA,24,TAPA,SC/721/NG,Gurara/Suleja/Tapa,FC/262/NG,,,NIGER
6334,IKU,05,TAFA,24,TAPA,SC/721/NG,Gurara/Suleja/Tapa,FC/262/NG,,,NIGER
6335,NEWBWARI,06,TAFA,24,TAPA,SC/721/NG,Gurara/Suleja/Tapa,FC/262/NG,,,NIGER
6336,WUSE EAST,07,TAFA,24,TAPA,SC/721/NG,Gurara/Suleja/Tapa,FC/262/NG,,,NIGER
6337,WUSE WEST,08,TAFA,24,TAPA,SC/721/NG,Gurara/Suleja/Tapa,FC/262/NG,,,NIGER
6338,ZUMA EAST,09,TAFA,24,TAPA,SC/721/NG,Gurara/Suleja/Tapa,FC/262/NG,,,NIGER
6339,ZUMA WEST,10,TAFA,24,TAPA,SC/721/NG,Gurara/Suleja/Tapa,FC/262/NG,,,NIGER
6340,AKARE,01,WUSHISHI,25,WUSHISHI,SC/722/NG,Kontagora/Wushishi/Mariga/ Mashegu,FC/265/NG,,,NIGER
6341,BARWA,02,WUSHISHI,25,WUSHISHI,SC/722/NG,Kontagora/Wushishi/Mariga/ Mashegu,FC/265/NG,,,NIGER
6342,GWARJIKO,03,WUSHISHI,25,WUSHISHI,SC/722/NG,Kontagora/Wushishi/Mariga/ Mashegu,FC/265/NG,,,NIGER
6343,KANWURI,04,WUSHISHI,25,WUSHISHI,SC/722/NG,Kontagora/Wushishi/Mariga/ Mashegu,FC/265/NG,,,NIGER
6344,KODO,05,WUSHISHI,25,WUSHISHI,SC/722/NG,Kontagora/Wushishi/Mariga/ Mashegu,FC/265/NG,,,NIGER
6345,KWATA,06,WUSHISHI,25,WUSHISHI,SC/722/NG,Kontagora/Wushishi/Mariga/ Mashegu,FC/265/NG,,,NIGER
6346,LOKOGOMA,07,WUSHISHI,25,WUSHISHI,SC/722/NG,Kontagora/Wushishi/Mariga/ Mashegu,FC/265/NG,,,NIGER
6347,MAITO,08,WUSHISHI,25,WUSHISHI,SC/722/NG,Kontagora/Wushishi/Mariga/ Mashegu,FC/265/NG,,,NIGER
6348,SABON GARI,09,WUSHISHI,25,WUSHISHI,SC/722/NG,Kontagora/Wushishi/Mariga/ Mashegu,FC/265/NG,,,NIGER
6349,TUKUNJI/JEMIGI,10,WUSHISHI,25,WUSHISHI,SC/722/NG,Kontagora/Wushishi/Mariga/ Mashegu,FC/265/NG,,,NIGER
6350,ZUNGERU,11,WUSHISHI,25,WUSHISHI,SC/722/NG,Kontagora/Wushishi/Mariga/ Mashegu,FC/265/NG,,,NIGER
6351,IKEREKU,01,ABEOKUTA NORTH,01,ABEOKUTA NORTH,SC/726/OG,Abeokuta North/ Obafemi- Owode/Odeda,FC/267/OG,,,OGUN
6352,IKIJA,02,ABEOKUTA NORTH,01,ABEOKUTA NORTH,SC/726/OG,Abeokuta North/ Obafemi- Owode/Odeda,FC/267/OG,,,OGUN
6353,AGO OKO,03,ABEOKUTA NORTH,01,ABEOKUTA NORTH,SC/726/OG,Abeokuta North/ Obafemi- Owode/Odeda,FC/267/OG,,,OGUN
6354,ILEGA,04,ABEOKUTA NORTH,01,ABEOKUTA NORTH,SC/726/OG,Abeokuta North/ Obafemi- Owode/Odeda,FC/267/OG,,,OGUN
6355,ILUGUN/IBEREK ODO,05,ABEOKUTA NORTH,01,ABEOKUTA NORTH,SC/726/OG,Abeokuta North/ Obafemi- Owode/Odeda,FC/267/OG,,,OGUN
6356,GBAGURA,06,ABEOKUTA NORTH,01,ABEOKUTA NORTH,SC/726/OG,Abeokuta North/ Obafemi- Owode/Odeda,FC/267/OG,,,OGUN
6357,IKA,07,ABEOKUTA NORTH,01,ABEOKUTA NORTH,SC/726/OG,Abeokuta North/ Obafemi- Owode/Odeda,FC/267/OG,,,OGUN
6358,LAFENWA,08,ABEOKUTA NORTH,01,ABEOKUTA NORTH,SC/726/OG,Abeokuta North/ Obafemi- Owode/Odeda,FC/267/OG,,,OGUN
6359,SABO,09,ABEOKUTA NORTH,01,ABEOKUTA NORTH,SC/726/OG,Abeokuta North/ Obafemi- Owode/Odeda,FC/267/OG,,,OGUN
6360,OKE-AGO OWU,10,ABEOKUTA NORTH,01,ABEOKUTA NORTH,SC/726/OG,Abeokuta North/ Obafemi- Owode/Odeda,FC/267/OG,,,OGUN
6361,TOTRO/SOKORI,11,ABEOKUTA NORTH,01,ABEOKUTA NORTH,SC/726/OG,Abeokuta North/ Obafemi- Owode/Odeda,FC/267/OG,,,OGUN
6362,ITA OSIN/OLOMORE,12,ABEOKUTA NORTH,01,ABEOKUTA NORTH,SC/726/OG,Abeokuta North/ Obafemi- Owode/Odeda,FC/267/OG,,,OGUN
6363,OLORUNDA-IJALE,13,ABEOKUTA NORTH,01,ABEOKUTA NORTH,SC/726/OG,Abeokuta North/ Obafemi- Owode/Odeda,FC/267/OG,,,OGUN
6364,IMALA-IDIEMI,14,ABEOKUTA NORTH,01,ABEOKUTA NORTH,SC/726/OG,Abeokuta North/ Obafemi- Owode/Odeda,FC/267/OG,,,OGUN
6365,ISAGA-ILEWO,15,ABEOKUTA NORTH,01,ABEOKUTA NORTH,SC/726/OG,Abeokuta North/ Obafemi- Owode/Odeda,FC/267/OG,,,OGUN
6366,IBARA ORILE/ONISASA,16,ABEOKUTA NORTH,01,ABEOKUTA NORTH,SC/726/OG,Abeokuta North/ Obafemi- Owode/Odeda,FC/267/OG,,,OGUN
6367,AKE I,01,ABEOKUTA SOUTH,02,ABEOKUTA SOUTH I,SC/723/OG,Abeokuta South,FC/268/OG,,,OGUN
6368,AKE II,02,ABEOKUTA SOUTH,02,ABEOKUTA SOUTH I,SC/723/OG,Abeokuta South,FC/268/OG,,,OGUN
6369,AKE III,03,ABEOKUTA SOUTH,02,ABEOKUTA SOUTH I,SC/723/OG,Abeokuta South,FC/268/OG,,,OGUN
6370,KEESI/EMERE,04,ABEOKUTA SOUTH,02,ABEOKUTA SOUTH I,SC/723/OG,Abeokuta South,FC/268/OG,,,OGUN
6371,IJEMO,05,ABEOKUTA SOUTH,02,ABEOKUTA SOUTH I,SC/723/OG,Abeokuta South,FC/268/OG,,,OGUN
6372,ITOKO,06,ABEOKUTA SOUTH,02,ABEOKUTA SOUTH I,SC/723/OG,Abeokuta South,FC/268/OG,,,OGUN
6373,IJAYE/IDIABA,07,ABEOKUTA SOUTH,02,ABEOKUTA SOUTH I,SC/723/OG,Abeokuta South,FC/268/OG,,,OGUN
6374,ERUNBE/OKE IJEUN,08,ABEOKUTA SOUTH,02,ABEOKUTA SOUTH II,SC/724/OG,Abeokuta South,FC/268/OG,,,OGUN
6375,AGO-EGUN/IJESA,09,ABEOKUTA SOUTH,02,ABEOKUTA SOUTH II,SC/724/OG,Abeokuta South,FC/268/OG,,,OGUN
6376,SODEKE/ISALE IJEUN I,10,ABEOKUTA SOUTH,02,ABEOKUTA SOUTH II,SC/724/OG,Abeokuta South,FC/268/OG,,,OGUN
6377,SODEKE/ISALE IJEUN II,11,ABEOKUTA SOUTH,02,ABEOKUTA SOUTH II,SC/724/OG,Abeokuta South,FC/268/OG,,,OGUN
6378,IMO/ISABO,12,ABEOKUTA SOUTH,02,ABEOKUTA SOUTH II,SC/724/OG,Abeokuta South,FC/268/OG,,,OGUN
6379,IGBORE/AGO OBA,13,ABEOKUTA SOUTH,02,ABEOKUTA SOUTH II,SC/724/OG,Abeokuta South,FC/268/OG,,,OGUN
6380,IBARA I,14,ABEOKUTA SOUTH,02,ABEOKUTA SOUTH II,SC/724/OG,Abeokuta South,FC/268/OG,,,OGUN
6381,IBARA II,15,ABEOKUTA SOUTH,02,ABEOKUTA SOUTH II,SC/724/OG,Abeokuta South,FC/268/OG,,,OGUN
6382,OTA I,01,ADO-ODO-OTA,03,ADO/ODO/OTA I,SC/747/OG,Ado-Odo/Ota,FC/269/OG,,,OGUN
6383,OTA II,02,ADO-ODO-OTA,03,ADO/ODO/OTA I,SC/747/OG,Ado-Odo/Ota,FC/269/OG,,,OGUN
6384,OTA III,03,ADO-ODO-OTA,03,ADO/ODO/OTA I,SC/747/OG,Ado-Odo/Ota,FC/269/OG,,,OGUN
6385,SANGO,04,ADO-ODO-OTA,03,ADO/ODO/OTA I,SC/747/OG,Ado-Odo/Ota,FC/269/OG,,,OGUN
6386,IJOKO,05,ADO-ODO-OTA,03,ADO/ODO/OTA I,SC/747/OG,Ado-Odo/Ota,FC/269/OG,,,OGUN
6387,ATAN,06,ADO-ODO-OTA,03,ADO/ODO/OTA I,SC/747/OG,Ado-Odo/Ota,FC/269/OG,,,OGUN
6388,IJU,07,ADO-ODO-OTA,03,ADO/ODO/OTA I,SC/747/OG,Ado-Odo/Ota,FC/269/OG,,,OGUN
6389,ILOGBO,08,ADO-ODO-OTA,03,ADO/ODO/OTA I,SC/747/OG,Ado-Odo/Ota,FC/269/OG,,,OGUN
6390,ADO ODO I,09,ADO-ODO-OTA,03,ADO-ODO/OTA II,SC/748/OG,Ado-Odo/Ota,FC/269/OG,,,OGUN
6391,ADO ODO II,10,ADO-ODO-OTA,03,ADO-ODO/OTA II,SC/748/OG,Ado-Odo/Ota,FC/269/OG,,,OGUN
6392,ERE,11,ADO-ODO-OTA,03,ADO-ODO/OTA II,SC/748/OG,Ado-Odo/Ota,FC/269/OG,,,OGUN
6393,ALAPOTI,12,ADO-ODO-OTA,03,ADO-ODO/OTA II,SC/748/OG,Ado-Odo/Ota,FC/269/OG,,,OGUN
6394,KETU-ADIE-OWE,13,ADO-ODO-OTA,03,ADO-ODO/OTA II,SC/748/OG,Ado-Odo/Ota,FC/269/OG,,,OGUN
6395,IGBESA,14,ADO-ODO-OTA,03,ADO-ODO/OTA II,SC/748/OG,Ado-Odo/Ota,FC/269/OG,,,OGUN
6396,AGBARA I,15,ADO-ODO-OTA,03,ADO-ODO/OTA II,SC/748/OG,Ado-Odo/Ota,FC/269/OG,,,OGUN
6397,AGBARA/EJILA AWORI,16,ADO-ODO-OTA,03,ADO-ODO/OTA II,SC/748/OG,Ado-Odo/Ota,FC/269/OG,,,OGUN
6398,IDOFO,01,EGBADO NORTH,04,EGBADO NORTH I,SC/743/OG,Egbado North/Imeko-Afon,FC/270/OG,,,OGUN
6399,AYETORO I,02,EGBADO NORTH,04,EGBADO NORTH I,SC/743/OG,Egbado North/Imeko-Afon,FC/270/OG,,,OGUN
6400,AYETORO II,03,EGBADO NORTH,04,EGBADO NORTH I,SC/743/OG,Egbado North/Imeko-Afon,FC/270/OG,,,OGUN
6401,SUNWA,04,EGBADO NORTH,04,EGBADO NORTH I,SC/743/OG,Egbado North/Imeko-Afon,FC/270/OG,,,OGUN
6402,IBORO/JOGA,05,EGBADO NORTH,04,EGBADO NORTH I,SC/743/OG,Egbado North/Imeko-Afon,FC/270/OG,,,OGUN
6403,IMASAI,06,EGBADO NORTH,04,EGBADO NORTH I,SC/743/OG,Egbado North/Imeko-Afon,FC/270/OG,,,OGUN
6404,EBUTE-EGBOORO,07,EGBADO NORTH,04,EGBADO NORTH II,SC/744/OG,Egbado North/Imeko-Afon,FC/270/OG,,,OGUN
6405,OHUNBE,08,EGBADO NORTH,04,EGBADO NORTH II,SC/744/OG,Egbado North/Imeko-Afon,FC/270/OG,,,OGUN
6406,IGUA,09,EGBADO NORTH,04,EGBADO NORTH II,SC/744/OG,Egbado North/Imeko-Afon,FC/270/OG,,,OGUN
6407,IJOUN,10,EGBADO NORTH,04,EGBADO NORTH II,SC/744/OG,Egbado North/Imeko-Afon,FC/270/OG,,,OGUN
6408,IBESE,11,EGBADO NORTH,04,EGBADO NORTH I,SC/743/OG,Egbado North/Imeko-Afon,FC/270/OG,,,OGUN
6409,ILARO I,01,EGBADO SOUTH,05,EGBADO SOUTH (ILARO/OWODE),SC/746/OG,Egbado South/Ipokia,FC/271/OG,,,OGUN
6410,ILARO II,02,EGBADO SOUTH,05,EGBADO SOUTH (ILARO/OWODE),SC/746/OG,Egbado South/Ipokia,FC/271/OG,,,OGUN
6411,ILARO III,03,EGBADO SOUTH,05,EGBADO SOUTH (ILARO/OWODE),SC/746/OG,Egbado South/Ipokia,FC/271/OG,,,OGUN
6412,IWOYE,04,EGBADO SOUTH,05,EGBADO SOUTH (ILARO/OWODE),SC/746/OG,Egbado South/Ipokia,FC/271/OG,,,OGUN
6413,IDOGO,05,EGBADO SOUTH,05,EGBADO SOUTH (ILARO/OWODE),SC/746/OG,Egbado South/Ipokia,FC/271/OG,,,OGUN
6414,OKE ODAN,06,EGBADO SOUTH,05,EGBADO SOUTH (ILARO/OWODE),SC/746/OG,Egbado South/Ipokia,FC/271/OG,,,OGUN
6415,OWODE I,07,EGBADO SOUTH,05,EGBADO SOUTH (ILARO/OWODE),SC/746/OG,Egbado South/Ipokia,FC/271/OG,,,OGUN
6416,OWODE II,08,EGBADO SOUTH,05,EGBADO SOUTH (ILARO/OWODE),SC/746/OG,Egbado South/Ipokia,FC/271/OG,,,OGUN
6417,ILOBI/ERINJA,09,EGBADO SOUTH,05,EGBADO SOUTH (ILARO/OWODE),SC/746/OG,Egbado South/Ipokia,FC/271/OG,,,OGUN
6418,AJILETE,10,EGBADO SOUTH,05,EGBADO SOUTH (ILARO/OWODE),SC/746/OG,Egbado South/Ipokia,FC/271/OG,,,OGUN
6419,ABALABI,01,EWEKORO,06,EWEKORO/ITORI/ELERE-ADUBI,SC/730/OG,Ifo/Ewekoro,FC/272/OG,,,OGUN
6420,ASA/YOBO,02,EWEKORO,06,EWEKORO/ITORI/ELERE-ADUBI,SC/730/OG,Ifo/Ewekoro,FC/272/OG,,,OGUN
6421,ARIGBAJO,03,EWEKORO,06,EWEKORO/ITORI/ELERE-ADUBI,SC/730/OG,Ifo/Ewekoro,FC/272/OG,,,OGUN
6422,ITORI,04,EWEKORO,06,EWEKORO/ITORI/ELERE-ADUBI,SC/730/OG,Ifo/Ewekoro,FC/272/OG,,,OGUN
6423,ELERE/ONIGBEDU,05,EWEKORO,06,EWEKORO/ITORI/ELERE-ADUBI,SC/730/OG,Ifo/Ewekoro,FC/272/OG,,,OGUN
6424,PAPA LANTO,06,EWEKORO,06,EWEKORO/ITORI/ELERE-ADUBI,SC/730/OG,Ifo/Ewekoro,FC/272/OG,,,OGUN
6425,WASIMI,07,EWEKORO,06,EWEKORO/ITORI/ELERE-ADUBI,SC/730/OG,Ifo/Ewekoro,FC/272/OG,,,OGUN
6426,MOSAN,08,EWEKORO,06,EWEKORO/ITORI/ELERE-ADUBI,SC/730/OG,Ifo/Ewekoro,FC/272/OG,,,OGUN
6427,OWOWO,09,EWEKORO,06,EWEKORO/ITORI/ELERE-ADUBI,SC/730/OG,Ifo/Ewekoro,FC/272/OG,,,OGUN
6428,OBADA-OKO,10,EWEKORO,06,EWEKORO/ITORI/ELERE-ADUBI,SC/730/OG,Ifo/Ewekoro,FC/272/OG,,,OGUN
6429,IFO I,01,IFO,07,IFO I,SC/728/OG,Ifo/Ewekoro,FC/272/OG,,,OGUN
6430,IFO II,02,IFO,07,IFO I,SC/728/OG,Ifo/Ewekoro,FC/272/OG,,,OGUN
6431,IFO III,03,IFO,07,IFO I,SC/728/OG,Ifo/Ewekoro,FC/272/OG,,,OGUN
6432,AGBADO,04,IFO,07,IFO II,SC/729/OG,Ifo/Ewekoro,FC/272/OG,,,OGUN
6433,ISERI,05,IFO,07,IFO II,SC/729/OG,Ifo/Ewekoro,FC/272/OG,,,OGUN
6434,AJUWON/AKUTE,06,IFO,07,IFO II,SC/729/OG,Ifo/Ewekoro,FC/272/OG,,,OGUN
6435,OKE/ARO/IBARAGUN/ROBIY AN,07,IFO,07,IFO II,SC/729/OG,Ifo/Ewekoro,FC/272/OG,,,OGUN
6436,OSOSUN,08,IFO,07,IFO II,SC/729/OG,Ifo/Ewekoro,FC/272/OG,,,OGUN
6437,SUNREN,09,IFO,07,IFO II,SC/729/OG,Ifo/Ewekoro,FC/272/OG,,,OGUN
6438,COKER,10,IFO,07,IFO I,SC/728/OG,Ifo/Ewekoro,FC/272/OG,,,OGUN
6439,IBOGUN,11,IFO,07,IFO I,SC/728/OG,Ifo/Ewekoro,FC/272/OG,,,OGUN
6440,IJEBU MUSHIN I,01,IJEBU EAST,08,IJEBU EAST AREA,SC/733/OG,Ijebu North/Ijebu East/Ogun Waterside,FC/273/OG,,,OGUN
6441,IJEBU MUSHIN II,02,IJEBU EAST,08,IJEBU EAST AREA,SC/733/OG,Ijebu North/Ijebu East/Ogun Waterside,FC/273/OG,,,OGUN
6442,IJEBU IFE I,03,IJEBU EAST,08,IJEBU EAST AREA,SC/733/OG,Ijebu North/Ijebu East/Ogun Waterside,FC/273/OG,,,OGUN
6443,IJEBU IFE II,04,IJEBU EAST,08,IJEBU EAST AREA,SC/733/OG,Ijebu North/Ijebu East/Ogun Waterside,FC/273/OG,,,OGUN
6444,OWU,05,IJEBU EAST,08,IJEBU EAST AREA,SC/733/OG,Ijebu North/Ijebu East/Ogun Waterside,FC/273/OG,,,OGUN
6445,IKIJA,06,IJEBU EAST,08,IJEBU EAST AREA,SC/733/OG,Ijebu North/Ijebu East/Ogun Waterside,FC/273/OG,,,OGUN
6446,ITELE,07,IJEBU EAST,08,IJEBU EAST AREA,SC/733/OG,Ijebu North/Ijebu East/Ogun Waterside,FC/273/OG,,,OGUN
6447,OGBERE,08,IJEBU EAST,08,IJEBU EAST AREA,SC/733/OG,Ijebu North/Ijebu East/Ogun Waterside,FC/273/OG,,,OGUN
6448,IMOBI I,09,IJEBU EAST,08,IJEBU EAST AREA,SC/733/OG,Ijebu North/Ijebu East/Ogun Waterside,FC/273/OG,,,OGUN
6449,IMOBI II,10,IJEBU EAST,08,IJEBU EAST AREA,SC/733/OG,Ijebu North/Ijebu East/Ogun Waterside,FC/273/OG,,,OGUN
6450,AJEBANDELE,11,IJEBU EAST,08,IJEBU EAST AREA,SC/733/OG,Ijebu North/Ijebu East/Ogun Waterside,FC/273/OG,,,OGUN
6451,AYIKORI,01,IJEBU NORTH,09,IJEBU NORTH I (IJEBU-IGBO),SC/731/OG,Ijebu North/Ijebu East/Ogun Waterside,FC/273/OG,,,OGUN
6452,JAPARA/OJOWO,02,IJEBU NORTH,09,IJEBU NORTH I (IJEBU-IGBO),SC/731/OG,Ijebu North/Ijebu East/Ogun Waterside,FC/273/OG,,,OGUN
6453,OMEN,03,IJEBU NORTH,09,IJEBU NORTH I (IJEBU-IGBO),SC/731/OG,Ijebu North/Ijebu East/Ogun Waterside,FC/273/OG,,,OGUN
6454,OGUN,04,IJEBU NORTH,09,IJEBU NORTH I (IJEBU-IGBO),SC/731/OG,Ijebu North/Ijebu East/Ogun Waterside,FC/273/OG,,,OGUN
6455,OKE AGBO,05,IJEBU NORTH,09,IJEBU NORTH I (IJEBU-IGBO),SC/731/OG,Ijebu North/Ijebu East/Ogun Waterside,FC/273/OG,,,OGUN
6456,OKE SOPIN,06,IJEBU NORTH,09,IJEBU NORTH I (IJEBU-IGBO),SC/731/OG,Ijebu North/Ijebu East/Ogun Waterside,FC/273/OG,,,OGUN
6457,ARO/AWA/ALAPORU,07,IJEBU NORTH,09,IJEBU NORTH II (AGO-IWOYE/ ORU/AWA,SC/732/OG,Ijebu North/Ijebu East/Ogun Waterside,FC/273/OG,,,OGUN
6458,AGO-IWOYE I,08,IJEBU NORTH,09,IJEBU NORTH II (AGO-IWOYE/ ORU/AWA,SC/732/OG,Ijebu North/Ijebu East/Ogun Waterside,FC/273/OG,,,OGUN
6459,AGO-IWOYE II,09,IJEBU NORTH,09,IJEBU NORTH II (AGO-IWOYE/ ORU/AWA,SC/732/OG,Ijebu North/Ijebu East/Ogun Waterside,FC/273/OG,,,OGUN
6460,AKO-ONIGBAGBO/GELEYE,10,IJEBU NORTH,09,IJEBU NORTH II (AGO-IWOYE/ ORU/AWA,SC/732/OG,Ijebu North/Ijebu East/Ogun Waterside,FC/273/OG,,,OGUN
6461,MAMU/EYIRI,11,IJEBU NORTH,09,IJEBU NORTH II (AGO-IWOYE/ ORU/AWA,SC/732/OG,Ijebu North/Ijebu East/Ogun Waterside,FC/273/OG,,,OGUN
6462,ATA/IMUKU,01,IJEBU NORTH EAST,10,IJEBU NORTH EAST ILUGUN-ALARO,SC/737/OG,Ijebu Ode /Odogbolu /Ijebu North East,FC/274/OG,,,OGUN
6463,ODOSIMADEGUN/ODOSEBO RA,02,IJEBU NORTH EAST,10,IJEBU NORTH EAST ILUGUN-ALARO,SC/737/OG,Ijebu Ode /Odogbolu /Ijebu North East,FC/274/OG,,,OGUN
6464,IMEWIRO/ODODEYO/IMOM O,03,IJEBU NORTH EAST,10,IJEBU NORTH EAST ILUGUN-ALARO,SC/737/OG,Ijebu Ode /Odogbolu /Ijebu North East,FC/274/OG,,,OGUN
6465,ODESENLU,04,IJEBU NORTH EAST,10,IJEBU NORTH EAST ILUGUN-ALARO,SC/737/OG,Ijebu Ode /Odogbolu /Ijebu North East,FC/274/OG,,,OGUN
6466,IGEDE/ITAMARUN,05,IJEBU NORTH EAST,10,IJEBU NORTH EAST ILUGUN-ALARO,SC/737/OG,Ijebu Ode /Odogbolu /Ijebu North East,FC/274/OG,,,OGUN
6467,OJU ONA,06,IJEBU NORTH EAST,10,IJEBU NORTH EAST ILUGUN-ALARO,SC/737/OG,Ijebu Ode /Odogbolu /Ijebu North East,FC/274/OG,,,OGUN
6468,OSOYIN,07,IJEBU NORTH EAST,10,IJEBU NORTH EAST ILUGUN-ALARO,SC/737/OG,Ijebu Ode /Odogbolu /Ijebu North East,FC/274/OG,,,OGUN
6469,ILESE,08,IJEBU NORTH EAST,10,IJEBU NORTH EAST ILUGUN-ALARO,SC/737/OG,Ijebu Ode /Odogbolu /Ijebu North East,FC/274/OG,,,OGUN
6470,OKE-ERI/OGBOGBO,09,IJEBU NORTH EAST,10,IJEBU NORTH EAST ILUGUN-ALARO,SC/737/OG,Ijebu Ode /Odogbolu /Ijebu North East,FC/274/OG,,,OGUN
6471,ERUWON,10,IJEBU NORTH EAST,10,IJEBU NORTH EAST ILUGUN-ALARO,SC/737/OG,Ijebu Ode /Odogbolu /Ijebu North East,FC/274/OG,,,OGUN
6472,ISOKU/OSOSA,01,IJEBU ODE,11,IJEBU-ODE,SC/735/OG,Ijebu Ode /Odogbolu /Ijebu North East,FC/274/OG,,,OGUN
6473,ODO-ESA,02,IJEBU ODE,11,IJEBU-ODE,SC/735/OG,Ijebu Ode /Odogbolu /Ijebu North East,FC/274/OG,,,OGUN
6474,ITANTEBO,03,IJEBU ODE,11,IJEBU-ODE,SC/735/OG,Ijebu Ode /Odogbolu /Ijebu North East,FC/274/OG,,,OGUN
6475,IJADE IMEPE O,04,IJEBU ODE,11,IJEBU-ODE,SC/735/OG,Ijebu Ode /Odogbolu /Ijebu North East,FC/274/OG,,,OGUN
6476,IJADE IMEPE II,05,IJEBU ODE,11,IJEBU-ODE,SC/735/OG,Ijebu Ode /Odogbolu /Ijebu North East,FC/274/OG,,,OGUN
6477,PORO GUN I,06,IJEBU ODE,11,IJEBU-ODE,SC/735/OG,Ijebu Ode /Odogbolu /Ijebu North East,FC/274/OG,,,OGUN
6478,PORO GUN II,07,IJEBU ODE,11,IJEBU-ODE,SC/735/OG,Ijebu Ode /Odogbolu /Ijebu North East,FC/274/OG,,,OGUN
6479,IJASI IDEPO,08,IJEBU ODE,11,IJEBU-ODE,SC/735/OG,Ijebu Ode /Odogbolu /Ijebu North East,FC/274/OG,,,OGUN
6480,ODO-EGBO OLIWORO,09,IJEBU ODE,11,IJEBU-ODE,SC/735/OG,Ijebu Ode /Odogbolu /Ijebu North East,FC/274/OG,,,OGUN
6481,ISIWO,10,IJEBU ODE,11,IJEBU-ODE,SC/735/OG,Ijebu Ode /Odogbolu /Ijebu North East,FC/274/OG,,,OGUN
6482,ITAMAPAKO,11,IJEBU ODE,11,IJEBU-ODE,SC/735/OG,Ijebu Ode /Odogbolu /Ijebu North East,FC/274/OG,,,OGUN
6483,IKENNE I,01,IKENNE,12,IKENNE (IREPODUN),SC/740/OG,Ikenne/Shagamu/Remo North,FC/275/OG,,,OGUN
6484,IKENNE II,02,IKENNE,12,IKENNE (IREPODUN),SC/740/OG,Ikenne/Shagamu/Remo North,FC/275/OG,,,OGUN
6485,IPERU I,03,IKENNE,12,IKENNE (IREPODUN),SC/740/OG,Ikenne/Shagamu/Remo North,FC/275/OG,,,OGUN
6486,IPERU II,04,IKENNE,12,IKENNE (IREPODUN),SC/740/OG,Ikenne/Shagamu/Remo North,FC/275/OG,,,OGUN
6487,IPERU III,05,IKENNE,12,IKENNE (IREPODUN),SC/740/OG,Ikenne/Shagamu/Remo North,FC/275/OG,,,OGUN
6488,OGERE I,06,IKENNE,12,IKENNE (IREPODUN),SC/740/OG,Ikenne/Shagamu/Remo North,FC/275/OG,,,OGUN
6489,OGERE II,07,IKENNE,12,IKENNE (IREPODUN),SC/740/OG,Ikenne/Shagamu/Remo North,FC/275/OG,,,OGUN
6490,ILISAN I,08,IKENNE,12,IKENNE (IREPODUN),SC/740/OG,Ikenne/Shagamu/Remo North,FC/275/OG,,,OGUN
6491,ILISAN II,09,IKENNE,12,IKENNE (IREPODUN),SC/740/OG,Ikenne/Shagamu/Remo North,FC/275/OG,,,OGUN
6492,ILISAN/IROLU,10,IKENNE,12,IKENNE (IREPODUN),SC/740/OG,Ikenne/Shagamu/Remo North,FC/275/OG,,,OGUN
6493,IMEKO,01,IMEKO/AFON,13,IMEKO-AFON,SC/742/OG,Ikenne/Shagamu/Remo North,FC/275/OG,,,OGUN
6494,OKE’ AGBEDE/MORIWI/MATELE,02,IMEKO/AFON,13,IMEKO-AFON,SC/742/OG,Egbado North/Imeko-Afon,FC/270/OG,,,OGUN
6495,IDOFA,03,IMEKO/AFON,13,IMEKO-AFON,SC/742/OG,Egbado North/Imeko-Afon,FC/270/OG,,,OGUN
6496,IWOYE/JABATA,04,IMEKO/AFON,13,IMEKO-AFON,SC/742/OG,Egbado North/Imeko-Afon,FC/270/OG,,,OGUN
6497,ILARA/ALAGBE,05,IMEKO/AFON,13,IMEKO-AFON,SC/742/OG,Egbado North/Imeko-Afon,FC/270/OG,,,OGUN
6498,AFON,06,IMEKO/AFON,13,IMEKO-AFON,SC/742/OG,Egbado North/Imeko-Afon,FC/270/OG,,,OGUN
6499,OTAPELE,07,IMEKO/AFON,13,IMEKO-AFON,SC/742/OG,Egbado North/Imeko-Afon,FC/270/OG,,,OGUN
6500,KAJOLA/AGBERIODO,08,IMEKO/AFON,13,IMEKO-AFON,SC/742/OG,Egbado North/Imeko-Afon,FC/270/OG,,,OGUN
6501,OLORUNDA/GBOMO,09,IMEKO/AFON,13,IMEKO-AFON,SC/742/OG,Egbado North/Imeko-Afon,FC/270/OG,,,OGUN
6502,IDIAYIN,10,IMEKO/AFON,13,IMEKO-AFON,SC/742/OG,Egbado North/Imeko-Afon,FC/270/OG,,,OGUN
6503,IPOKIA I,01,IPOKIA,14,IDIROKO IPOKIA,SC/745/OG,Egbado South/Ipokia,FC/271/OG,,,OGUN
6504,IPOKIA II,02,IPOKIA,14,IDIROKO IPOKIA,SC/745/OG,Egbado South/Ipokia,FC/271/OG,,,OGUN
6505,AGOSASA,03,IPOKIA,14,IDIROKO IPOKIA,SC/745/OG,Egbado South/Ipokia,FC/271/OG,,,OGUN
6506,IJOFIN/IDOSA,04,IPOKIA,14,IDIROKO IPOKIA,SC/745/OG,Egbado South/Ipokia,FC/271/OG,,,OGUN
6507,TUBE,05,IPOKIA,14,IDIROKO IPOKIA,SC/745/OG,Egbado South/Ipokia,FC/271/OG,,,OGUN
6508,AGADA,06,IPOKIA,14,IDIROKO IPOKIA,SC/745/OG,Egbado South/Ipokia,FC/271/OG,,,OGUN
6509,MAUN I,07,IPOKIA,14,IDIROKO IPOKIA,SC/745/OG,Egbado South/Ipokia,FC/271/OG,,,OGUN
6510,MAUN II,08,IPOKIA,14,IDIROKO IPOKIA,SC/745/OG,Egbado South/Ipokia,FC/271/OG,,,OGUN
6511,AJEGUNLE,09,IPOKIA,14,IDIROKO IPOKIA,SC/745/OG,Egbado South/Ipokia,FC/271/OG,,,OGUN
6512,IFONYINTEDO,10,IPOKIA,14,IDIROKO IPOKIA,SC/745/OG,Egbado South/Ipokia,FC/271/OG,,,OGUN
6513,IDIROKO,11,IPOKIA,14,IDIROKO IPOKIA,SC/745/OG,Egbado South/Ipokia,FC/271/OG,,,OGUN
6514,IHUNBO/ILASE,12,IPOKIA,14,IDIROKO IPOKIA,SC/745/OG,Egbado South/Ipokia,FC/271/OG,,,OGUN
6515,MOKOLOKI,01,OBAFEMI/OWOD E,15,OBAFEMI/OWODE,SC/727/OG,Abeokuta North/ Obafemi- Owode/Odeda,FC/267/OG,,,OGUN
6516,OFADA,02,OBAFEMI/OWOD E,15,OBAFEMI/OWODE,SC/727/OG,Abeokuta North/ Obafemi- Owode/Odeda,FC/267/OG,,,OGUN
6517,OWODE,03,OBAFEMI/OWOD E,15,OBAFEMI/OWODE,SC/727/OG,Abeokuta North/ Obafemi- Owode/Odeda,FC/267/OG,,,OGUN
6518,AJURA,04,OBAFEMI/OWOD E,15,OBAFEMI/OWODE,SC/727/OG,Abeokuta North/ Obafemi- Owode/Odeda,FC/267/OG,,,OGUN
6519,MOLOKO-ASIPA,05,OBAFEMI/OWOD E,15,OBAFEMI/OWODE,SC/727/OG,Abeokuta North/ Obafemi- Owode/Odeda,FC/267/OG,,,OGUN
6520,ONIDUNDU,06,OBAFEMI/OWOD E,15,OBAFEMI/OWODE,SC/727/OG,Abeokuta North/ Obafemi- Owode/Odeda,FC/267/OG,,,OGUN
6521,OBA,07,OBAFEMI/OWOD E,15,OBAFEMI/OWODE,SC/727/OG,Abeokuta North/ Obafemi- Owode/Odeda,FC/267/OG,,,OGUN
6522,EGBEDA,08,OBAFEMI/OWOD E,15,OBAFEMI/OWODE,SC/727/OG,Abeokuta North/ Obafemi- Owode/Odeda,FC/267/OG,,,OGUN
6523,KAJOLA,09,OBAFEMI/OWOD E,15,OBAFEMI/OWODE,SC/727/OG,Abeokuta North/ Obafemi- Owode/Odeda,FC/267/OG,,,OGUN
6524,OBAFEMI,10,OBAFEMI/OWOD E,15,OBAFEMI/OWODE,SC/727/OG,Abeokuta North/ Obafemi- Owode/Odeda,FC/267/OG,,,OGUN
6525,AJEBO,11,OBAFEMI/OWOD E,15,OBAFEMI/OWODE,SC/727/OG,Abeokuta North/ Obafemi- Owode/Odeda,FC/267/OG,,,OGUN
6526,ALAPAKO-ONI,12,OBAFEMI/OWOD E,15,OBAFEMI/OWODE,SC/727/OG,Abeokuta North/ Obafemi- Owode/Odeda,FC/267/OG,,,OGUN
6527,ODEDA,01,ODEDA,16,ODEDA AREA,SC/725/OG,Abeokuta North/ Obafemi- Owode/Odeda,FC/267/OG,,,OGUN
6528,BALOGUN ITESI,02,ODEDA,16,ODEDA AREA,SC/725/OG,Abeokuta North/ Obafemi- Owode/Odeda,FC/267/OG,,,OGUN
6529,OLODO,03,ODEDA,16,ODEDA AREA,SC/725/OG,Abeokuta North/ Obafemi- Owode/Odeda,FC/267/OG,,,OGUN
6530,ALAGBAGBA,04,ODEDA,16,ODEDA AREA,SC/725/OG,Abeokuta North/ Obafemi- Owode/Odeda,FC/267/OG,,,OGUN
6531,ILUGUN,05,ODEDA,16,ODEDA AREA,SC/725/OG,Abeokuta North/ Obafemi- Owode/Odeda,FC/267/OG,,,OGUN
6532,OSIELE,06,ODEDA,16,ODEDA AREA,SC/725/OG,Abeokuta North/ Obafemi- Owode/Odeda,FC/267/OG,,,OGUN
6533,OBANTOKO,07,ODEDA,16,ODEDA AREA,SC/725/OG,Abeokuta North/ Obafemi- Owode/Odeda,FC/267/OG,,,OGUN
6534,ALABATA,08,ODEDA,16,ODEDA AREA,SC/725/OG,Abeokuta North/ Obafemi- Owode/Odeda,FC/267/OG,,,OGUN
6535,OBETE,09,ODEDA,16,ODEDA AREA,SC/725/OG,Abeokuta North/ Obafemi- Owode/Odeda,FC/267/OG,,,OGUN
6536,OPEJI,10,ODEDA,16,ODEDA AREA,SC/725/OG,Abeokuta North/ Obafemi- Owode/Odeda,FC/267/OG,,,OGUN
6537,IMOSAN,01,ODOGBOLU,17,ODOGBOLU (ALEKKUN-IFESOWAPO/LAPORU,SC/736/OG,Ijebu Ode /Odogbolu /Ijebu North East,FC/274/OG,,,OGUN
6538,IMODI,02,ODOGBOLU,17,ODOGBOLU (ALEKKUN-IFESOWAPO/LAPORU,SC/736/OG,Ijebu Ode /Odogbolu /Ijebu North East,FC/274/OG,,,OGUN
6539,OKUN-OWA,03,ODOGBOLU,17,ODOGBOLU (ALEKKUN-IFESOWAPO/LAPORU,SC/736/OG,Ijebu Ode /Odogbolu /Ijebu North East,FC/274/OG,,,OGUN
6540,ODOGBOLU I,04,ODOGBOLU,17,ODOGBOLU (ALEKKUN-IFESOWAPO/LAPORU,SC/736/OG,Ijebu Ode /Odogbolu /Ijebu North East,FC/274/OG,,,OGUN
6541,ODOGBOLU II,05,ODOGBOLU,17,ODOGBOLU (ALEKKUN-IFESOWAPO/LAPORU,SC/736/OG,Ijebu Ode /Odogbolu /Ijebu North East,FC/274/OG,,,OGUN
6542,AYEPE,06,ODOGBOLU,17,ODOGBOLU (ALEKKUN-IFESOWAPO/LAPORU,SC/736/OG,Ijebu Ode /Odogbolu /Ijebu North East,FC/274/OG,,,OGUN
6543,OSOSA,07,ODOGBOLU,17,ODOGBOLU (ALEKKUN-IFESOWAPO/LAPORU,SC/736/OG,Ijebu Ode /Odogbolu /Ijebu North East,FC/274/OG,,,OGUN
6544,IDOWA,08,ODOGBOLU,17,ODOGBOLU (ALEKKUN-IFESOWAPO/LAPORU,SC/736/OG,Ijebu Ode /Odogbolu /Ijebu North East,FC/274/OG,,,OGUN
6545,IBEFUN,09,ODOGBOLU,17,ODOGBOLU (ALEKKUN-IFESOWAPO/LAPORU,SC/736/OG,Ijebu Ode /Odogbolu /Ijebu North East,FC/274/OG,,,OGUN
6546,ILADO,10,ODOGBOLU,17,ODOGBOLU (ALEKKUN-IFESOWAPO/LAPORU,SC/736/OG,Ijebu Ode /Odogbolu /Ijebu North East,FC/274/OG,,,OGUN
6547,OGBO/MORAIKA/ITA-EPO I,11,ODOGBOLU,17,ODOGBOLU (ALEKKUN-IFESOWAPO/LAPORU,SC/736/OG,Ijebu Ode /Odogbolu /Ijebu North East,FC/274/OG,,,OGUN
6548,ALA/IGBILE,12,ODOGBOLU,17,ODOGBOLU (ALEKKUN-IFESOWAPO/LAPORU,SC/736/OG,Ijebu Ode /Odogbolu /Ijebu North East,FC/274/OG,,,OGUN
6549,JOBORE/IBIDO/IKISE,13,ODOGBOLU,17,ODOGBOLU (ALEKKUN-IFESOWAPO/LAPORU,SC/736/OG,Ijebu Ode /Odogbolu /Ijebu North East,FC/274/OG,,,OGUN
6550,OMU,14,ODOGBOLU,17,ODOGBOLU (ALEKKUN-IFESOWAPO/LAPORU,SC/736/OG,Ijebu Ode /Odogbolu /Ijebu North East,FC/274/OG,,,OGUN
6551,OGBO/MORAIKA/ITA-EPO II,15,ODOGBOLU,17,ODOGBOLU (ALEKKUN-IFESOWAPO/LAPORU,SC/736/OG,Ijebu Ode /Odogbolu /Ijebu North East,FC/274/OG,,,OGUN
6552,IWOPIN,01,OGUN WATER SIDE,18,OGUN WATERSIDE (ABIGI/IBIADE/IWOPIN/ONI),SC/734/OG,Ijebu North/Ijebu East/Ogun Waterside,FC/273/OG,,,OGUN
6553,ONI,02,OGUN WATER SIDE,18,OGUN WATERSIDE (ABIGI/IBIADE/IWOPIN/ONI),SC/734/OG,Ijebu North/Ijebu East/Ogun Waterside,FC/273/OG,,,OGUN
6554,IBIADE,03,OGUN WATER SIDE,18,OGUN WATERSIDE (ABIGI/IBIADE/IWOPIN/ONI),SC/734/OG,Ijebu North/Ijebu East/Ogun Waterside,FC/273/OG,,,OGUN
6555,LUKOGBE/ILUSIN,04,OGUN WATER SIDE,18,OGUN WATERSIDE (ABIGI/IBIADE/IWOPIN/ONI),SC/734/OG,Ijebu North/Ijebu East/Ogun Waterside,FC/273/OG,,,OGUN
6556,ABIGI,05,OGUN WATER SIDE,18,OGUN WATERSIDE (ABIGI/IBIADE/IWOPIN/ONI),SC/734/OG,Ijebu North/Ijebu East/Ogun Waterside,FC/273/OG,,,OGUN
6557,EFIRE,06,OGUN WATER SIDE,18,OGUN WATERSIDE (ABIGI/IBIADE/IWOPIN/ONI),SC/734/OG,Ijebu North/Ijebu East/Ogun Waterside,FC/273/OG,,,OGUN
6558,AYEDE/LOMIRO,07,OGUN WATER SIDE,18,OGUN WATERSIDE (ABIGI/IBIADE/IWOPIN/ONI),SC/734/OG,Ijebu North/Ijebu East/Ogun Waterside,FC/273/OG,,,OGUN
6559,AYILA/ITEBU,08,OGUN WATER SIDE,18,OGUN WATERSIDE (ABIGI/IBIADE/IWOPIN/ONI),SC/734/OG,Ijebu North/Ijebu East/Ogun Waterside,FC/273/OG,,,OGUN
6560,MAKUN/IROKUN,09,OGUN WATER SIDE,18,OGUN WATERSIDE (ABIGI/IBIADE/IWOPIN/ONI),SC/734/OG,Ijebu North/Ijebu East/Ogun Waterside,FC/273/OG,,,OGUN
6561,ODE-OMI,10,OGUN WATER SIDE,18,OGUN WATERSIDE (ABIGI/IBIADE/IWOPIN/ONI),SC/734/OG,Ijebu North/Ijebu East/Ogun Waterside,FC/273/OG,,,OGUN
6562,AYEGBAMI,01,REMO NORTH,19,REMO NORTH (IDARAPO),SC/941/OG,Ikenne/Shagamu/Remo North,FC/275/OG,,,OGUN
6563,IGAN/AJINA,02,REMO NORTH,19,REMO NORTH (IDARAPO),SC/941/OG,Ikenne/Shagamu/Remo North,FC/275/OG,,,OGUN
6564,MOBORODE/OKE-OLA,03,REMO NORTH,19,REMO NORTH (IDARAPO),SC/941/OG,Ikenne/Shagamu/Remo North,FC/275/OG,,,OGUN
6565,ODOFIN/IMAGBO/PETEKUN/ DAWAR,04,REMO NORTH,19,REMO NORTH (IDARAPO),SC/941/OG,Ikenne/Shagamu/Remo North,FC/275/OG,,,OGUN
6566,ILARA,05,REMO NORTH,19,REMO NORTH (IDARAPO),SC/941/OG,Ikenne/Shagamu/Remo North,FC/275/OG,,,OGUN
6567,AKAKA,06,REMO NORTH,19,REMO NORTH (IDARAPO),SC/941/OG,Ikenne/Shagamu/Remo North,FC/275/OG,,,OGUN
6568,IPARA,07,REMO NORTH,19,REMO NORTH (IDARAPO),SC/941/OG,Ikenne/Shagamu/Remo North,FC/275/OG,,,OGUN
6569,ORILE-OKO,08,REMO NORTH,19,REMO NORTH (IDARAPO),SC/941/OG,Ikenne/Shagamu/Remo North,FC/275/OG,,,OGUN
6570,ODE I,09,REMO NORTH,19,REMO NORTH (IDARAPO),SC/941/OG,Ikenne/Shagamu/Remo North,FC/275/OG,,,OGUN
6571,ODE II,10,REMO NORTH,19,REMO NORTH (IDARAPO),SC/941/OG,Ikenne/Shagamu/Remo North,FC/275/OG,,,OGUN
6572,OKO/EPE/ITUNLA I,01,SAGAMU,20,SAGAMU I OFFIN,SC/738/OG,Ikenne/Shagamu/Remo North,FC/275/OG,,,OGUN
6573,OKO/EPE/ITUNLA II,02,SAGAMU,20,SAGAMU I OFFIN,SC/738/OG,Ikenne/Shagamu/Remo North,FC/275/OG,,,OGUN
6574,AYEGBAMI/IJOKUN,03,SAGAMU,20,SAGAMU I OFFIN,SC/738/OG,Ikenne/Shagamu/Remo North,FC/275/OG,,,OGUN
6575,SABO I,04,SAGAMU,20,SAGAMU I OFFIN,SC/738/OG,Ikenne/Shagamu/Remo North,FC/275/OG,,,OGUN
6576,SABO II,05,SAGAMU,20,SAGAMU I OFFIN,SC/738/OG,Ikenne/Shagamu/Remo North,FC/275/OG,,,OGUN
6577,ISUKUN/OYEBAJO,06,SAGAMU,20,SAGAMU I OFFIN,SC/738/OG,Ikenne/Shagamu/Remo North,FC/275/OG,,,OGUN
6578,IJAGBA,07,SAGAMU,20,SAGAMU I OFFIN,SC/738/OG,Ikenne/Shagamu/Remo North,FC/275/OG,,,OGUN
6579,LATAWA,08,SAGAMU,20,SAGAMU I OFFIN,SC/738/OG,Ikenne/Shagamu/Remo North,FC/275/OG,,,OGUN
6580,ODE-LEMO,09,SAGAMU,20,SAGAMU I OFFIN,SC/738/OG,Ikenne/Shagamu/Remo North,FC/275/OG,,,OGUN
6581,OGIJO LIKOSI,10,SAGAMU,20,SAGAMU I OFFIN,SC/738/OG,Ikenne/Shagamu/Remo North,FC/275/OG,,,OGUN
6582,SURULERE,11,SAGAMU,20,SAGAMU II MAKUN,SC/739/OG,Ikenne/Shagamu/Remo North,FC/275/OG,,,OGUN
6583,ISOTE,12,SAGAMU,20,SAGAMU II MAKUN,SC/739/OG,Ikenne/Shagamu/Remo North,FC/275/OG,,,OGUN
6584,SIMAWA/IWELEPE,13,SAGAMU,20,SAGAMU II MAKUN,SC/739/OG,Ikenne/Shagamu/Remo North,FC/275/OG,,,OGUN
6585,AGBOWA,14,SAGAMU,20,SAGAMU II MAKUN,SC/739/OG,Ikenne/Shagamu/Remo North,FC/275/OG,,,OGUN
6586,IBIDO/ITUNA ALARA,15,SAGAMU,20,SAGAMU II MAKUN,SC/739/OG,Ikenne/Shagamu/Remo North,FC/275/OG,,,OGUN
6587,EDO,01,AKOKO NORTH EAST,01,AKOKO NORTH EAST,SC/749/OD,Akoko North East/Akoko North West,FC/276/OD,,,ONDO
6588,EKAN,02,AKOKO NORTH EAST,01,AKOKO NORTH EAST,SC/749/OD,Akoko North East/Akoko North West,FC/276/OD,,,ONDO
6589,IKADO I,03,AKOKO NORTH EAST,01,AKOKO NORTH EAST,SC/749/OD,Akoko North East/Akoko North West,FC/276/OD,,,ONDO
6590,IKADO II,04,AKOKO NORTH EAST,01,AKOKO NORTH EAST,SC/749/OD,Akoko North East/Akoko North West,FC/276/OD,,,ONDO
6591,ILEPA I,05,AKOKO NORTH EAST,01,AKOKO NORTH EAST,SC/749/OD,Akoko North East/Akoko North West,FC/276/OD,,,ONDO
6592,ILEPA II,06,AKOKO NORTH EAST,01,AKOKO NORTH EAST,SC/749/OD,Akoko North East/Akoko North West,FC/276/OD,,,ONDO
6593,ISOWOPO I,07,AKOKO NORTH EAST,01,AKOKO NORTH EAST,SC/749/OD,Akoko North East/Akoko North West,FC/276/OD,,,ONDO
6594,ISOWOPO II,08,AKOKO NORTH EAST,01,AKOKO NORTH EAST,SC/749/OD,Akoko North East/Akoko North West,FC/276/OD,,,ONDO
6595,IYOMETA I,09,AKOKO NORTH EAST,01,AKOKO NORTH EAST,SC/749/OD,Akoko North East/Akoko North West,FC/276/OD,,,ONDO
6596,IYOMETA II,10,AKOKO NORTH EAST,01,AKOKO NORTH EAST,SC/749/OD,Akoko North East/Akoko North West,FC/276/OD,,,ONDO
6597,OORUN I,11,AKOKO NORTH EAST,01,AKOKO NORTH EAST,SC/749/OD,Akoko North East/Akoko North West,FC/276/OD,,,ONDO
6598,OORUN II,12,AKOKO NORTH EAST,01,AKOKO NORTH EAST,SC/749/OD,Akoko North East/Akoko North West,FC/276/OD,,,ONDO
6599,OYINMO,13,AKOKO NORTH EAST,01,AKOKO NORTH EAST,SC/749/OD,Akoko North East/Akoko North West,FC/276/OD,,,ONDO
6600,ARIGIDI/IYE I,01,AKOKO NORTH WEST,02,,,Akoko North East/Akoko North West,FC/276/OD,,,ONDO
6601,ARIGIDI II,02,AKOKO NORTH WEST,02,,,Akoko North East/Akoko North West,FC/276/OD,,,ONDO
6602,OKEAGBE I,03,AKOKO NORTH WEST,02,,,Akoko North East/Akoko North West,FC/276/OD,,,ONDO
6603,OYIN/OGE,04,AKOKO NORTH WEST,02,,,Akoko North East/Akoko North West,FC/276/OD,,,ONDO
6604,AJOWA/GASI/ERITI/GEDE GEDE,05,AKOKO NORTH WEST,02,,,Akoko North East/Akoko North West,FC/276/OD,,,ONDO
6605,OGBAGI,06,AKOKO NORTH WEST,02,,,Akoko North East/Akoko North West,FC/276/OD,,,ONDO
6606,OKE-IRUN/SURULERE,07,AKOKO NORTH WEST,02,,,Akoko North East/Akoko North West,FC/276/OD,,,ONDO
6607,ODO-IRUN/OYINMO,08,AKOKO NORTH WEST,02,,,Akoko North East/Akoko North West,FC/276/OD,,,ONDO
6608,ESE/AFIN,09,AKOKO NORTH WEST,02,,,Akoko North East/Akoko North West,FC/276/OD,,,ONDO
6609,ERUSU/IKARAMU/IBARAM U,10,AKOKO NORTH WEST,02,,,Akoko North East/Akoko North West,FC/276/OD,,,ONDO
6610,EPINMI I,01,AKOKO SOUTH EAST,03,AKOKO SOUTH EAST,SC/752/OD,Akoko South East/Akoko South West,FC/277/OD,,,ONDO
6611,EPINMI II,02,AKOKO SOUTH EAST,03,AKOKO SOUTH EAST,SC/752/OD,Akoko South East/Akoko South West,FC/277/OD,,,ONDO
6612,IFIRA,03,AKOKO SOUTH EAST,03,AKOKO SOUTH EAST,SC/752/OD,Akoko South East/Akoko South West,FC/277/OD,,,ONDO
6613,IPE I,04,AKOKO SOUTH EAST,03,AKOKO SOUTH EAST,SC/752/OD,Akoko South East/Akoko South West,FC/277/OD,,,ONDO
6614,IPE II,05,AKOKO SOUTH EAST,03,AKOKO SOUTH EAST,SC/752/OD,Akoko South East/Akoko South West,FC/277/OD,,,ONDO
6615,IPESI,06,AKOKO SOUTH EAST,03,AKOKO SOUTH EAST,SC/752/OD,Akoko South East/Akoko South West,FC/277/OD,,,ONDO
6616,ISUA I,07,AKOKO SOUTH EAST,03,AKOKO SOUTH EAST,SC/752/OD,Akoko South East/Akoko South West,FC/277/OD,,,ONDO
6617,ISUA II,08,AKOKO SOUTH EAST,03,AKOKO SOUTH EAST,SC/752/OD,Akoko South East/Akoko South West,FC/277/OD,,,ONDO
6618,ISUA III,09,AKOKO SOUTH EAST,03,AKOKO SOUTH EAST,SC/752/OD,Akoko South East/Akoko South West,FC/277/OD,,,ONDO
6619,ISUA IV,10,AKOKO SOUTH EAST,03,AKOKO SOUTH EAST,SC/752/OD,Akoko South East/Akoko South West,FC/277/OD,,,ONDO
6620,SOSAN,11,AKOKO SOUTH EAST,03,AKOKO SOUTH EAST,SC/752/OD,Akoko South East/Akoko South West,FC/277/OD,,,ONDO
6621,OKA I,01,AKOKO SOUTH WEST,04,AKOKO SOUTH WEST I,SC/753/OD,Akoko South East/Akoko South West,FC/277/OD,,,ONDO
6622,OKA II A,02,AKOKO SOUTH WEST,04,AKOKO SOUTH WEST I,SC/753/OD,Akoko South East/Akoko South West,FC/277/OD,,,ONDO
6623,OKA II B,03,AKOKO SOUTH WEST,04,AKOKO SOUTH WEST I,SC/753/OD,Akoko South East/Akoko South West,FC/277/OD,,,ONDO
6624,OKA III A,04,AKOKO SOUTH WEST,04,AKOKO SOUTH WEST I,SC/753/OD,Akoko South East/Akoko South West,FC/277/OD,,,ONDO
6625,OKA III B,05,AKOKO SOUTH WEST,04,AKOKO SOUTH WEST I,SC/753/OD,Akoko South East/Akoko South West,FC/277/OD,,,ONDO
6626,OKA IV,06,AKOKO SOUTH WEST,04,AKOKO SOUTH WEST I,SC/753/OD,Akoko South East/Akoko South West,FC/277/OD,,,ONDO
6627,OKA VA,07,AKOKO SOUTH WEST,04,AKOKO SOUTH WEST I,SC/753/OD,Akoko South East/Akoko South West,FC/277/OD,,,ONDO
6628,OKA VB,08,AKOKO SOUTH WEST,04,AKOKO SOUTH WEST I,SC/753/OD,Akoko South East/Akoko South West,FC/277/OD,,,ONDO
6629,IKUN,09,AKOKO SOUTH WEST,04,AKOKO SOUTH WEST II,SC/754/OD,Akoko South East/Akoko South West,FC/277/OD,,,ONDO
6630,SUPARE I,10,AKOKO SOUTH WEST,04,AKOKO SOUTH WEST II,SC/754/OD,Akoko South East/Akoko South West,FC/277/OD,,,ONDO
6631,SUPARE II,11,AKOKO SOUTH WEST,04,AKOKO SOUTH WEST II,SC/754/OD,Akoko South East/Akoko South West,FC/277/OD,,,ONDO
6632,AKUNGBA I,12,AKOKO SOUTH WEST,04,AKOKO SOUTH WEST II,SC/754/OD,Akoko South East/Akoko South West,FC/277/OD,,,ONDO
6633,AKUNGBA II,13,AKOKO SOUTH WEST,04,AKOKO SOUTH WEST II,SC/754/OD,Akoko South East/Akoko South West,FC/277/OD,,,ONDO
6634,OBA I,14,AKOKO SOUTH WEST,04,AKOKO SOUTH WEST II,SC/754/OD,Akoko South East/Akoko South West,FC/277/OD,,,ONDO
6635,OBA II,15,AKOKO SOUTH WEST,04,AKOKO SOUTH WEST II,SC/754/OD,Akoko South East/Akoko South West,FC/277/OD,,,ONDO
6636,AGAMO/OKEOORE/AKOM OWA,01,AKURE NORTH,05,AKURE NORTH,SC/755/OD,Akure North/Akure South,FC/278/OD,,,ONDO
6637,AYEDE/OGBESE,02,AKURE NORTH,05,AKURE NORTH,SC/755/OD,Akure North/Akure South,FC/278/OD,,,ONDO
6638,AYETORO,03,AKURE NORTH,05,AKURE NORTH,SC/755/OD,Akure North/Akure South,FC/278/OD,,,ONDO
6639,IGBATORO,04,AKURE NORTH,05,AKURE NORTH,SC/755/OD,Akure North/Akure South,FC/278/OD,,,ONDO
6640,IGOBA/ISINIGBO,05,AKURE NORTH,05,AKURE NORTH,SC/755/OD,Akure North/Akure South,FC/278/OD,,,ONDO
6641,ILUABO/ELEYEWO/BOLOR UNDURO,06,AKURE NORTH,05,AKURE NORTH,SC/755/OD,Akure North/Akure South,FC/278/OD,,,ONDO
6642,ISIMIJA/IRADO,07,AKURE NORTH,05,AKURE NORTH,SC/755/OD,Akure North/Akure South,FC/278/OD,,,ONDO
6643,MOFERERE,08,AKURE NORTH,05,AKURE NORTH,SC/755/OD,Akure North/Akure South,FC/278/OD,,,ONDO
6644,OBA ILE,09,AKURE NORTH,05,AKURE NORTH,SC/755/OD,Akure North/Akure South,FC/278/OD,,,ONDO
6645,ODO OJA/IJIGBO,10,AKURE NORTH,05,AKURE NORTH,SC/755/OD,Akure North/Akure South,FC/278/OD,,,ONDO
6646,OKE-AFA/OWODE,11,AKURE NORTH,05,AKURE NORTH,SC/755/OD,Akure North/Akure South,FC/278/OD,,,ONDO
6647,OKE IJU,12,AKURE NORTH,05,AKURE NORTH,SC/755/OD,Akure North/Akure South,FC/278/OD,,,ONDO
6648,APONMU,01,AKURE SOUTH,06,,,Akure North/Akure South,FC/278/OD,,,ONDO
6649,GBOGI/ISIKAN I,02,AKURE SOUTH,06,,,Akure North/Akure South,FC/278/OD,,,ONDO
6650,GBOGI/ISIKAN II,03,AKURE SOUTH,06,,,Akure North/Akure South,FC/278/OD,,,ONDO
6651,IJOMU/OBANLA,04,AKURE SOUTH,06,,,Akure North/Akure South,FC/278/OD,,,ONDO
6652,LISA,05,AKURE SOUTH,06,,,Akure North/Akure South,FC/278/OD,,,ONDO
6653,ODA,06,AKURE SOUTH,06,,,Akure North/Akure South,FC/278/OD,,,ONDO
6654,ODOPETU,07,AKURE SOUTH,06,,,Akure North/Akure South,FC/278/OD,,,ONDO
6655,OKEARO/IROWO I,08,AKURE SOUTH,06,,,Akure North/Akure South,FC/278/OD,,,ONDO
6656,OKEARO/IROWO II,09,AKURE SOUTH,06,,,Akure North/Akure South,FC/278/OD,,,ONDO
6657,OSHODI/ISOLO,10,AKURE SOUTH,06,,,Akure North/Akure South,FC/278/OD,,,ONDO
6658,OWODE/IMUAGUN,11,AKURE SOUTH,06,,,Akure North/Akure South,FC/278/OD,,,ONDO
6659,APO I,01,ESE-ODO,07,ESE ODO,SC/758/OD,Eseodo/Ilaje,FC/282/OD,,,ONDO
6660,APOI II,02,ESE-ODO,07,ESE ODO,SC/758/OD,Eseodo/Ilaje,FC/282/OD,,,ONDO
6661,APOI III,03,ESE-ODO,07,ESE ODO,SC/758/OD,Eseodo/Ilaje,FC/282/OD,,,ONDO
6662,APOI IV,04,ESE-ODO,07,ESE ODO,SC/758/OD,Eseodo/Ilaje,FC/282/OD,,,ONDO
6663,APOI V,05,ESE-ODO,07,ESE ODO,SC/758/OD,Eseodo/Ilaje,FC/282/OD,,,ONDO
6664,AROGBO I,06,ESE-ODO,07,ESE ODO,SC/758/OD,Eseodo/Ilaje,FC/282/OD,,,ONDO
6665,AROGBO II,07,ESE-ODO,07,ESE ODO,SC/758/OD,Eseodo/Ilaje,FC/282/OD,,,ONDO
6666,AROGBO III,08,ESE-ODO,07,ESE ODO,SC/758/OD,Eseodo/Ilaje,FC/282/OD,,,ONDO
6667,UKPARAMA I,09,ESE-ODO,07,ESE ODO,SC/758/OD,Eseodo/Ilaje,FC/282/OD,,,ONDO
6668,UKPARAMA II,10,ESE-ODO,07,ESE ODO,SC/758/OD,Eseodo/Ilaje,FC/282/OD,,,ONDO
6669,ALA-ELEFOSAN,01,IDANRE,08,IDANRE,SC/759/OD,Idanre/Ifedore,FC/279/OD,,,ONDO
6670,ALADE-ATOSIN,02,IDANRE,08,IDANRE,SC/759/OD,Idanre/Ifedore,FC/279/OD,,,ONDO
6671,IDALE LEMIKAN,03,IDANRE,08,IDANRE,SC/759/OD,Idanre/Ifedore,FC/279/OD,,,ONDO
6672,IDALE LOGBOSERE,04,IDANRE,08,IDANRE,SC/759/OD,Idanre/Ifedore,FC/279/OD,,,ONDO
6673,IJOMU/ISURIN,05,IDANRE,08,IDANRE,SC/759/OD,Idanre/Ifedore,FC/279/OD,,,ONDO
6674,IROWO,06,IDANRE,08,IDANRE,SC/759/OD,Idanre/Ifedore,FC/279/OD,,,ONDO
6675,ISALU ETHINPETI,07,IDANRE,08,IDANRE,SC/759/OD,Idanre/Ifedore,FC/279/OD,,,ONDO
6676,ISALU JIGBOKIN,08,IDANRE,08,IDANRE,SC/759/OD,Idanre/Ifedore,FC/279/OD,,,ONDO
6677,OFOSU/ONISERE,09,IDANRE,08,IDANRE,SC/759/OD,Idanre/Ifedore,FC/279/OD,,,ONDO
6678,OWENA APONMU LONA,10,IDANRE,08,IDANRE,SC/759/OD,Idanre/Ifedore,FC/279/OD,,,ONDO
6679,ERO/IBUJI/MARIWO,01,IFEDORE,09,IFEDORE,SC/760/OD,Idanre/Ifedore,FC/279/OD,,,ONDO
6680,IGBARA OKE I,02,IFEDORE,09,IFEDORE,SC/760/OD,Idanre/Ifedore,FC/279/OD,,,ONDO
6681,IGBARA OKE II,03,IFEDORE,09,IFEDORE,SC/760/OD,Idanre/Ifedore,FC/279/OD,,,ONDO
6682,IJARE I,04,IFEDORE,09,IFEDORE,SC/760/OD,Idanre/Ifedore,FC/279/OD,,,ONDO
6683,IJARE II,05,IFEDORE,09,IFEDORE,SC/760/OD,Idanre/Ifedore,FC/279/OD,,,ONDO
6684,OBO/OIKOTA/OGBOSERE,06,IFEDORE,09,IFEDORE,SC/760/OD,Idanre/Ifedore,FC/279/OD,,,ONDO
6685,ILARA I,07,IFEDORE,09,IFEDORE,SC/760/OD,Idanre/Ifedore,FC/279/OD,,,ONDO
6686,ILARA II,08,IFEDORE,09,IFEDORE,SC/760/OD,Idanre/Ifedore,FC/279/OD,,,ONDO
6687,IPOGUN/IBULE,09,IFEDORE,09,IFEDORE,SC/760/OD,Idanre/Ifedore,FC/279/OD,,,ONDO
6688,ISARUN/ERIGI,10,IFEDORE,09,IFEDORE,SC/760/OD,Idanre/Ifedore,FC/279/OD,,,ONDO
6689,AHERI,01,ILAJE,10,,,Eseodo/Ilaje,FC/282/OD,,,ONDO
6690,ETIKAN,02,ILAJE,10,,,Eseodo/Ilaje,FC/282/OD,,,ONDO
6691,MAHIN I,03,ILAJE,10,,,Eseodo/Ilaje,FC/282/OD,,,ONDO
6692,MAHIN II,04,ILAJE,10,,,Eseodo/Ilaje,FC/282/OD,,,ONDO
6693,MAHIN III,05,ILAJE,10,,,Eseodo/Ilaje,FC/282/OD,,,ONDO
6694,MAHIN IV,06,ILAJE,10,,,Eseodo/Ilaje,FC/282/OD,,,ONDO
6695,UGBO I,07,ILAJE,10,,,Eseodo/Ilaje,FC/282/OD,,,ONDO
6696,UGBO II,08,ILAJE,10,,,Eseodo/Ilaje,FC/282/OD,,,ONDO
6697,UGBO III,09,ILAJE,10,,,Eseodo/Ilaje,FC/282/OD,,,ONDO
6698,UGBO IV,10,ILAJE,10,,,Eseodo/Ilaje,FC/282/OD,,,ONDO
6699,UGBO V,11,ILAJE,10,,,Eseodo/Ilaje,FC/282/OD,,,ONDO
6700,UGBO VI,12,ILAJE,10,,,Eseodo/Ilaje,FC/282/OD,,,ONDO
6701,ILE OLUJI I,01,ILEOLUJI/OKE- IGBO,11,ILEOLUJI/OKEIGBO,SC/763/OD,Ileoluji/Okeigbo/Odigbo,FC/280/OD,,,ONDO
6702,ILE OLUJI II,02,ILEOLUJI/OKE- IGBO,11,ILEOLUJI/OKEIGBO,SC/763/OD,Ileoluji/Okeigbo/Odigbo,FC/280/OD,,,ONDO
6703,ILE OLUJI III,03,ILEOLUJI/OKE- IGBO,11,ILEOLUJI/OKEIGBO,SC/763/OD,Ileoluji/Okeigbo/Odigbo,FC/280/OD,,,ONDO
6704,ILE OLUJI IV,04,ILEOLUJI/OKE- IGBO,11,ILEOLUJI/OKEIGBO,SC/763/OD,Ileoluji/Okeigbo/Odigbo,FC/280/OD,,,ONDO
6705,ILE OLUJI V,05,ILEOLUJI/OKE- IGBO,11,ILEOLUJI/OKEIGBO,SC/763/OD,Ileoluji/Okeigbo/Odigbo,FC/280/OD,,,ONDO
6706,ILE OLUJI VI,06,ILEOLUJI/OKE- IGBO,11,ILEOLUJI/OKEIGBO,SC/763/OD,Ileoluji/Okeigbo/Odigbo,FC/280/OD,,,ONDO
6707,OKE-IGBO I,07,ILEOLUJI/OKE- IGBO,11,ILEOLUJI/OKEIGBO,SC/763/OD,Ileoluji/Okeigbo/Odigbo,FC/280/OD,,,ONDO
6708,OKE-IGBO II,08,ILEOLUJI/OKE- IGBO,11,ILEOLUJI/OKEIGBO,SC/763/OD,Ileoluji/Okeigbo/Odigbo,FC/280/OD,,,ONDO
6709,OKE-IGBO III,09,ILEOLUJI/OKE- IGBO,11,ILEOLUJI/OKEIGBO,SC/763/OD,Ileoluji/Okeigbo/Odigbo,FC/280/OD,,,ONDO
6710,OKE-IGBO IV,10,ILEOLUJI/OKE- IGBO,11,ILEOLUJI/OKEIGBO,SC/763/OD,Ileoluji/Okeigbo/Odigbo,FC/280/OD,,,ONDO
6711,AJAGBA I,01,IRELE,12,IRELE,SC/764/OD,Okitipupa/Irele,FC/281/OD,,,ONDO
6712,AJAGBA II,02,IRELE,12,IRELE,SC/764/OD,Okitipupa/Irele,FC/281/OD,,,ONDO
6713,AKOTOGBO I,03,IRELE,12,IRELE,SC/764/OD,Okitipupa/Irele,FC/281/OD,,,ONDO
6714,AKOTOGBO II,04,IRELE,12,IRELE,SC/764/OD,Okitipupa/Irele,FC/281/OD,,,ONDO
6715,IYANSAN/OMI,05,IRELE,12,IRELE,SC/764/OD,Okitipupa/Irele,FC/281/OD,,,ONDO
6716,IRELE I,06,IRELE,12,IRELE,SC/764/OD,Okitipupa/Irele,FC/281/OD,,,ONDO
6717,IRELE II,07,IRELE,12,IRELE,SC/764/OD,Okitipupa/Irele,FC/281/OD,,,ONDO
6718,IRELE III,08,IRELE,12,IRELE,SC/764/OD,Okitipupa/Irele,FC/281/OD,,,ONDO
6719,IRELE IV,09,IRELE,12,IRELE,SC/764/OD,Okitipupa/Irele,FC/281/OD,,,ONDO
6720,IRELE V,10,IRELE,12,IRELE,SC/764/OD,Okitipupa/Irele,FC/281/OD,,,ONDO
6721,AGBABU,01,ODIGBO,13,,,Ileoluji/Okeigbo/Odigbo,FC/280/OD,,,ONDO
6722,AGO-ALAYE,02,ODIGBO,13,,,Ileoluji/Okeigbo/Odigbo,FC/280/OD,,,ONDO
6723,AJUE,03,ODIGBO,13,,,Ileoluji/Okeigbo/Odigbo,FC/280/OD,,,ONDO
6724,ARAROMI OBU,04,ODIGBO,13,,,Ileoluji/Okeigbo/Odigbo,FC/280/OD,,,ONDO
6725,AYESAN,05,ODIGBO,13,,,Ileoluji/Okeigbo/Odigbo,FC/280/OD,,,ONDO
6726,EBIJAW,06,ODIGBO,13,,,Ileoluji/Okeigbo/Odigbo,FC/280/OD,,,ONDO
6727,KOSERU,07,ODIGBO,13,,,Ileoluji/Okeigbo/Odigbo,FC/280/OD,,,ONDO
6728,ODIGBO,08,ODIGBO,13,,,Ileoluji/Okeigbo/Odigbo,FC/280/OD,,,ONDO
6729,ONIPARAGA,09,ODIGBO,13,,,Ileoluji/Okeigbo/Odigbo,FC/280/OD,,,ONDO
6730,ORE I,10,ODIGBO,13,,,Ileoluji/Okeigbo/Odigbo,FC/280/OD,,,ONDO
6731,ORE II,11,ODIGBO,13,,,Ileoluji/Okeigbo/Odigbo,FC/280/OD,,,ONDO
6732,AYEKA/IGODAN/IGBODIG O,01,OKITIPUPA,14,,,Okitipupa/Irele,FC/281/OD,,,ONDO
6733,ERINJE,02,OKITIPUPA,14,,,Okitipupa/Irele,FC/281/OD,,,ONDO
6734,IGBOTAKO I,03,OKITIPUPA,14,,,Okitipupa/Irele,FC/281/OD,,,ONDO
6735,IGBOTAKO II,04,OKITIPUPA,14,,,Okitipupa/Irele,FC/281/OD,,,ONDO
6736,IJU-ODO/EREKITI,05,OKITIPUPA,14,,,Okitipupa/Irele,FC/281/OD,,,ONDO
6737,IKOYA/OLOTO,06,OKITIPUPA,14,,,Okitipupa/Irele,FC/281/OD,,,ONDO
6738,ILUTITUN I,07,OKITIPUPA,14,,,Okitipupa/Irele,FC/281/OD,,,ONDO
6739,ILUTITUN II,08,OKITIPUPA,14,,,Okitipupa/Irele,FC/281/OD,,,ONDO
6740,ILUTITUN III,09,OKITIPUPA,14,,,Okitipupa/Irele,FC/281/OD,,,ONDO
6741,ODE AYE I,10,OKITIPUPA,14,,,Okitipupa/Irele,FC/281/OD,,,ONDO
6742,ODE AYE II,11,OKITIPUPA,14,,,Okitipupa/Irele,FC/281/OD,,,ONDO
6743,OKITIPUPA I,12,OKITIPUPA,14,,,Okitipupa/Irele,FC/281/OD,,,ONDO
6744,OKITIPUPA II,13,OKITIPUPA,14,,,Okitipupa/Irele,FC/281/OD,,,ONDO
6745,ATERU/OTASAN/IGBA,01,ONDO EAST,15,ONDO EAST,SC/769/OD,Ondo East/Ondo West,FC/283/OD,,,ONDO
6746,ASANTAN OJA,02,ONDO EAST,15,ONDO EAST,SC/769/OD,Ondo East/Ondo West,FC/283/OD,,,ONDO
6747,BOLORUNDURO,03,ONDO EAST,15,ONDO EAST,SC/769/OD,Ondo East/Ondo West,FC/283/OD,,,ONDO
6748,EPE,04,ONDO EAST,15,ONDO EAST,SC/769/OD,Ondo East/Ondo West,FC/283/OD,,,ONDO
6749,FAGBO,05,ONDO EAST,15,ONDO EAST,SC/769/OD,Ondo East/Ondo West,FC/283/OD,,,ONDO
6750,OBADA,06,ONDO EAST,15,ONDO EAST,SC/769/OD,Ondo East/Ondo West,FC/283/OD,,,ONDO
6751,OBOTO,07,ONDO EAST,15,ONDO EAST,SC/769/OD,Ondo East/Ondo West,FC/283/OD,,,ONDO
6752,ORISUNMIBARE,08,ONDO EAST,15,ONDO EAST,SC/769/OD,Ondo East/Ondo West,FC/283/OD,,,ONDO
6753,OWENA BRIDGE,09,ONDO EAST,15,ONDO EAST,SC/769/OD,Ondo East/Ondo West,FC/283/OD,,,ONDO
6754,TEPO,10,ONDO EAST,15,ONDO EAST,SC/769/OD,Ondo East/Ondo West,FC/283/OD,,,ONDO
6755,ENUOWA/OBALALU,01,ONDO WEST,16,,,Ondo East/Ondo West,FC/283/OD,,,ONDO
6756,GBAGHENGA/OGBONGBO/ AJAGBA-ALAAFIA,02,ONDO WEST,16,,,Ondo East/Ondo West,FC/283/OD,,,ONDO
6757,IFORE/ODOSIDA/LORO,03,ONDO WEST,16,,,Ondo East/Ondo West,FC/283/OD,,,ONDO
6758,ILUNLA/BAGBE/ODOWO I,04,ONDO WEST,16,,,Ondo East/Ondo West,FC/283/OD,,,ONDO
6759,ILUNLA/BAGBE/ODOWO II,05,ONDO WEST,16,,,Ondo East/Ondo West,FC/283/OD,,,ONDO
6760,LITAYE/OBUNKEKERE/IG BINDO,06,ONDO WEST,16,,,Ondo East/Ondo West,FC/283/OD,,,ONDO
6761,LODASA/IPARUKU/LIJOKA,07,ONDO WEST,16,,,Ondo East/Ondo West,FC/283/OD,,,ONDO
6762,ODOJOMU/ERINKETA/LEG IRI,08,ONDO WEST,16,,,Ondo East/Ondo West,FC/283/OD,,,ONDO
6763,OKEAGUNLA/OKERO/OKE KUTA,09,ONDO WEST,16,,,Ondo East/Ondo West,FC/283/OD,,,ONDO
6764,OKEOTUNBA/OKEDIBO/SO KOTI,10,ONDO WEST,16,,,Ondo East/Ondo West,FC/283/OD,,,ONDO
6765,OKELISA OKEDOKO/OGBODU,11,ONDO WEST,16,,,Ondo East/Ondo West,FC/283/OD,,,ONDO
6766,ORISUNMIBARE/ARAROMI,12,ONDO WEST,16,,,Ondo East/Ondo West,FC/283/OD,,,ONDO
6767,AFO,01,OSE,17,ESE,SC/772/OD,Owo/Ose,FC/284/OD,,,ONDO
6768,IDOANI WARD I,02,OSE,17,ESE,SC/772/OD,Owo/Ose,FC/284/OD,,,ONDO
6769,IDOANI WARD II,03,OSE,17,ESE,SC/772/OD,Owo/Ose,FC/284/OD,,,ONDO
6770,IDOGUN,04,OSE,17,ESE,SC/772/OD,Owo/Ose,FC/284/OD,,,ONDO
6771,IFON WARD I,05,OSE,17,ESE,SC/772/OD,Owo/Ose,FC/284/OD,,,ONDO
6772,IFON WARD II,06,OSE,17,ESE,SC/772/OD,Owo/Ose,FC/284/OD,,,ONDO
6773,IJAGBA,07,OSE,17,ESE,SC/772/OD,Owo/Ose,FC/284/OD,,,ONDO
6774,IKARO ELEGBEKA,08,OSE,17,ESE,SC/772/OD,Owo/Ose,FC/284/OD,,,ONDO
6775,IMERI,09,OSE,17,ESE,SC/772/OD,Owo/Ose,FC/284/OD,,,ONDO
6776,IMORU/ARIMOGIJA,10,OSE,17,ESE,SC/772/OD,Owo/Ose,FC/284/OD,,,ONDO
6777,OKELUSE,11,OSE,17,ESE,SC/772/OD,Owo/Ose,FC/284/OD,,,ONDO
6778,UTE,12,OSE,17,ESE,SC/772/OD,Owo/Ose,FC/284/OD,,,ONDO
6779,AHINOGBE,01,OWO,18,,,Owo/Ose,FC/284/OD,,,ONDO
6780,IGBOROKO I,02,OWO,18,,,Owo/Ose,FC/284/OD,,,ONDO
6781,IGBOROKO II,03,OWO,18,,,Owo/Ose,FC/284/OD,,,ONDO
6782,IJEBU I,04,OWO,18,,,Owo/Ose,FC/284/OD,,,ONDO
6783,IJEBU II,05,OWO,18,,,Owo/Ose,FC/284/OD,,,ONDO
6784,ILORO,06,OWO,18,,,Owo/Ose,FC/284/OD,,,ONDO
6785,IPELE,07,OWO,18,,,Owo/Ose,FC/284/OD,,,ONDO
6786,ISAIPEN,08,OWO,18,,,Owo/Ose,FC/284/OD,,,ONDO
6787,ISUADA/IPENMEN/IDASEN/ OBA SOOTO,09,OWO,18,,,Owo/Ose,FC/284/OD,,,ONDO
6788,IYARE,10,OWO,18,,,Owo/Ose,FC/284/OD,,,ONDO
6789,USO/EURE ILE,11,OWO,18,,,Owo/Ose,FC/284/OD,,,ONDO
6790,IWAR,01,ATAKUMOSA EAST,01,ATAKUNMOSA EAST AND WEST,SC/783/OS,Atakunmosa East/ Atakunmosa West/Ilesha East/Ilesha West,FC/288/OS,,,OSUN
6791,IGANGAN,02,ATAKUMOSA EAST,01,ATAKUNMOSA EAST AND WEST,SC/783/OS,Atakunmosa East/ Atakunmosa West/Ilesha East/Ilesha West,FC/288/OS,,,OSUN
6792,IPOLE,03,ATAKUMOSA EAST,01,ATAKUNMOSA EAST AND WEST,SC/783/OS,Atakunmosa East/ Atakunmosa West/Ilesha East/Ilesha West,FC/288/OS,,,OSUN
6793,IPERINDO,04,ATAKUMOSA EAST,01,ATAKUNMOSA EAST AND WEST,SC/783/OS,Atakunmosa East/ Atakunmosa West/Ilesha East/Ilesha West,FC/288/OS,,,OSUN
6794,ETI-ONI,05,ATAKUMOSA EAST,01,ATAKUNMOSA EAST AND WEST,SC/783/OS,Atakunmosa East/ Atakunmosa West/Ilesha East/Ilesha West,FC/288/OS,,,OSUN
6795,AJEGUNLE,06,ATAKUMOSA EAST,01,ATAKUNMOSA EAST AND WEST,SC/783/OS,Atakunmosa East/ Atakunmosa West/Ilesha East/Ilesha West,FC/288/OS,,,OSUN
6796,FOREST RESERVE I,07,ATAKUMOSA EAST,01,ATAKUNMOSA EAST AND WEST,SC/783/OS,Atakunmosa East/ Atakunmosa West/Ilesha East/Ilesha West,FC/288/OS,,,OSUN
6797,FOREST RESERVE II,08,ATAKUMOSA EAST,01,ATAKUNMOSA EAST AND WEST,SC/783/OS,Atakunmosa East/ Atakunmosa West/Ilesha East/Ilesha West,FC/288/OS,,,OSUN
6798,FAFORIJI,09,ATAKUMOSA EAST,01,ATAKUNMOSA EAST AND WEST,SC/783/OS,Atakunmosa East/ Atakunmosa West/Ilesha East/Ilesha West,FC/288/OS,,,OSUN
6799,AJEGANDELE,10,ATAKUMOSA EAST,01,ATAKUNMOSA EAST AND WEST,SC/783/OS,Atakunmosa East/ Atakunmosa West/Ilesha East/Ilesha West,FC/288/OS,,,OSUN
6800,OSU I,01,ATAKUNMOSA WEST,02,,,Atakunmosa East/ Atakunmosa West/Ilesha East/Ilesha West,FC/288/OS,,,OSUN
6801,OSU II,02,ATAKUNMOSA WEST,02,,,Atakunmosa East/ Atakunmosa West/Ilesha East/Ilesha West,FC/288/OS,,,OSUN
6802,OSU III,03,ATAKUNMOSA WEST,02,,,Atakunmosa East/ Atakunmosa West/Ilesha East/Ilesha West,FC/288/OS,,,OSUN
6803,IBODI,04,ATAKUNMOSA WEST,02,,,Atakunmosa East/ Atakunmosa West/Ilesha East/Ilesha West,FC/288/OS,,,OSUN
6804,IFELODUN,05,ATAKUNMOSA WEST,02,,,Atakunmosa East/ Atakunmosa West/Ilesha East/Ilesha West,FC/288/OS,,,OSUN
6805,ITA GUNMODI,06,ATAKUNMOSA WEST,02,,,Atakunmosa East/ Atakunmosa West/Ilesha East/Ilesha West,FC/288/OS,,,OSUN
6806,OKE BODE,07,ATAKUNMOSA WEST,02,,,Atakunmosa East/ Atakunmosa West/Ilesha East/Ilesha West,FC/288/OS,,,OSUN
6807,ISA OBI,08,ATAKUNMOSA WEST,02,,,Atakunmosa East/ Atakunmosa West/Ilesha East/Ilesha West,FC/288/OS,,,OSUN
6808,MUROKO,09,ATAKUNMOSA WEST,02,,,Atakunmosa East/ Atakunmosa West/Ilesha East/Ilesha West,FC/288/OS,,,OSUN
6809,IFEWARA I,10,ATAKUNMOSA WEST,02,,,Atakunmosa East/ Atakunmosa West/Ilesha East/Ilesha West,FC/288/OS,,,OSUN
6810,IFEWARA II,11,ATAKUNMOSA WEST,02,,,Atakunmosa East/ Atakunmosa West/Ilesha East/Ilesha West,FC/288/OS,,,OSUN
6811,BALOGUN,01,AYEDADE,03,AYEDADE,SC/792/OS,Ayedaade/Irewole/Isokan,FC/292/OS,,,OSUN
6812,OTUN-BALOGUN,02,AYEDADE,03,AYEDADE,SC/792/OS,Ayedaade/Irewole/Isokan,FC/292/OS,,,OSUN
6813,OLUFI,03,AYEDADE,03,AYEDADE,SC/792/OS,Ayedaade/Irewole/Isokan,FC/292/OS,,,OSUN
6814,OTUN-OLUFI,04,AYEDADE,03,AYEDADE,SC/792/OS,Ayedaade/Irewole/Isokan,FC/292/OS,,,OSUN
6815,IJUGBE/OKE-ESO/OKE- OWU,05,AYEDADE,03,AYEDADE,SC/792/OS,Ayedaade/Irewole/Isokan,FC/292/OS,,,OSUN
6816,LAGERE/AMOLA,06,AYEDADE,03,AYEDADE,SC/792/OS,Ayedaade/Irewole/Isokan,FC/292/OS,,,OSUN
6817,GBONGAN,07,AYEDADE,03,AYEDADE,SC/792/OS,Ayedaade/Irewole/Isokan,FC/292/OS,,,OSUN
6818,ODE-OMU RURAL,08,AYEDADE,03,AYEDADE,SC/792/OS,Ayedaade/Irewole/Isokan,FC/292/OS,,,OSUN
6819,OBALUFON,09,AYEDADE,03,AYEDADE,SC/792/OS,Ayedaade/Irewole/Isokan,FC/292/OS,,,OSUN
6820,ANLUGBUA,10,AYEDADE,03,AYEDADE,SC/792/OS,Ayedaade/Irewole/Isokan,FC/292/OS,,,OSUN
6821,ARAROMI-OWU,11,AYEDADE,03,AYEDADE,SC/792/OS,Ayedaade/Irewole/Isokan,FC/292/OS,,,OSUN
6822,OLUPONNA I,01,AYEDIRE,04,AYEDIRE,SC/793/OS,Ayedire/Iwo/Ola-Oluwa,FC/291/OS,,,OSUN
6823,OLUPONNA II,02,AYEDIRE,04,AYEDIRE,SC/793/OS,Ayedire/Iwo/Ola-Oluwa,FC/291/OS,,,OSUN
6824,OLUPONNA III,03,AYEDIRE,04,AYEDIRE,SC/793/OS,Ayedire/Iwo/Ola-Oluwa,FC/291/OS,,,OSUN
6825,OKE-OSUN,04,AYEDIRE,04,AYEDIRE,SC/793/OS,Ayedire/Iwo/Ola-Oluwa,FC/291/OS,,,OSUN
6826,ILE-OGBO I,05,AYEDIRE,04,AYEDIRE,SC/793/OS,Ayedire/Iwo/Ola-Oluwa,FC/291/OS,,,OSUN
6827,ILE OGBO II,06,AYEDIRE,04,AYEDIRE,SC/793/OS,Ayedire/Iwo/Ola-Oluwa,FC/291/OS,,,OSUN
6828,ILE-OGBO III,07,AYEDIRE,04,AYEDIRE,SC/793/OS,Ayedire/Iwo/Ola-Oluwa,FC/291/OS,,,OSUN
6829,ILE-OGBO IV,08,AYEDIRE,04,AYEDIRE,SC/793/OS,Ayedire/Iwo/Ola-Oluwa,FC/291/OS,,,OSUN
6830,KUTA I,09,AYEDIRE,04,AYEDIRE,SC/793/OS,Ayedire/Iwo/Ola-Oluwa,FC/291/OS,,,OSUN
6831,KUTA II,10,AYEDIRE,04,AYEDIRE,SC/793/OS,Ayedire/Iwo/Ola-Oluwa,FC/291/OS,,,OSUN
6832,OKE OMI OTAN,01,BOLUWA-DURO,05,BORIPE/BOLUWA-DURO,SC/775/OS,Boluwaduro/Ifedayo/Ila,FC/287/OS,,,OSUN
6833,OKE-ODE OTAN,02,BOLUWA-DURO,05,BORIPE/BOLUWA-DURO,SC/775/OS,Boluwaduro/Ifedayo/Ila,FC/287/OS,,,OSUN
6834,OKE-OTAN,03,BOLUWA-DURO,05,BORIPE/BOLUWA-DURO,SC/775/OS,Boluwaduro/Ifedayo/Ila,FC/287/OS,,,OSUN
6835,GBELERU OBAALA I,04,BOLUWA-DURO,05,BORIPE/BOLUWA-DURO,SC/775/OS,Boluwaduro/Ifedayo/Ila,FC/287/OS,,,OSUN
6836,GBELERU OBAALA II,05,BOLUWA-DURO,05,BORIPE/BOLUWA-DURO,SC/775/OS,Boluwaduro/Ifedayo/Ila,FC/287/OS,,,OSUN
6837,OBANLA ILORO,06,BOLUWA-DURO,05,BORIPE/BOLUWA-DURO,SC/775/OS,Boluwaduro/Ifedayo/Ila,FC/287/OS,,,OSUN
6838,ERIPA,07,BOLUWA-DURO,05,BORIPE/BOLUWA-DURO,SC/775/OS,Boluwaduro/Ifedayo/Ila,FC/287/OS,,,OSUN
6839,OKE IRUN,08,BOLUWA-DURO,05,BORIPE/BOLUWA-DURO,SC/775/OS,Boluwaduro/Ifedayo/Ila,FC/287/OS,,,OSUN
6840,IRESI I,09,BOLUWA-DURO,05,BORIPE/BOLUWA-DURO,SC/775/OS,Boluwaduro/Ifedayo/Ila,FC/287/OS,,,OSUN
6841,IRESI II,10,BOLUWA-DURO,05,BORIPE/BOLUWA-DURO,SC/775/OS,Boluwaduro/Ifedayo/Ila,FC/287/OS,,,OSUN
6842,OLOTI IRAGBIJI,01,BORIPE,06,,,Odo-Otin/Ifelodun/Boripe,FC/286/OS,,,OSUN
6843,OJA-OBA,02,BORIPE,06,,,Odo-Otin/Ifelodun/Boripe,FC/286/OS,,,OSUN
6844,COLLEGE/EGBEDA ROAD,03,BORIPE,06,,,Odo-Otin/Ifelodun/Boripe,FC/286/OS,,,OSUN
6845,ISALE-OYO,04,BORIPE,06,,,Odo-Otin/Ifelodun/Boripe,FC/286/OS,,,OSUN
6846,AAGBA,05,BORIPE,06,,,Odo-Otin/Ifelodun/Boripe,FC/286/OS,,,OSUN
6847,ORORUWO,06,BORIPE,06,,,Odo-Otin/Ifelodun/Boripe,FC/286/OS,,,OSUN
6848,ADA I,07,BORIPE,06,,,Odo-Otin/Ifelodun/Boripe,FC/286/OS,,,OSUN
6849,ADA II,08,BORIPE,06,,,Odo-Otin/Ifelodun/Boripe,FC/286/OS,,,OSUN
6850,ISALE ASA IREE,09,BORIPE,06,,,Odo-Otin/Ifelodun/Boripe,FC/286/OS,,,OSUN
6851,OKE ESA/OGI,10,BORIPE,06,,,Odo-Otin/Ifelodun/Boripe,FC/286/OS,,,OSUN
6852,OKE AREE,11,BORIPE,06,,,Odo-Otin/Ifelodun/Boripe,FC/286/OS,,,OSUN
6853,OLOBA/ATAPARA,01,EDE NORTH,07,EDE NORTH,SC/794/OS,Ede North/Ede South/ Egbedore/Ejigbo,FC/293/OS,,,OSUN
6854,ABODUNDE/SAGBA,02,EDE NORTH,07,EDE NORTH,SC/794/OS,Ede North/Ede South/ Egbedore/Ejigbo,FC/293/OS,,,OSUN
6855,OLOGUN/AGBAAKIN,03,EDE NORTH,07,EDE NORTH,SC/794/OS,Ede North/Ede South/ Egbedore/Ejigbo,FC/293/OS,,,OSUN
6856,OLUSOKUN,04,EDE NORTH,07,EDE NORTH,SC/794/OS,Ede North/Ede South/ Egbedore/Ejigbo,FC/293/OS,,,OSUN
6857,ALUSEKERE,05,EDE NORTH,07,EDE NORTH,SC/794/OS,Ede North/Ede South/ Egbedore/Ejigbo,FC/293/OS,,,OSUN
6858,SABO/AGBONGBE I,06,EDE NORTH,07,EDE NORTH,SC/794/OS,Ede North/Ede South/ Egbedore/Ejigbo,FC/293/OS,,,OSUN
6859,SABO/AGBONGBE II,07,EDE NORTH,07,EDE NORTH,SC/794/OS,Ede North/Ede South/ Egbedore/Ejigbo,FC/293/OS,,,OSUN
6860,ISIBO/BUHARI-ISOLA,08,EDE NORTH,07,EDE NORTH,SC/794/OS,Ede North/Ede South/ Egbedore/Ejigbo,FC/293/OS,,,OSUN
6861,APASO,09,EDE NORTH,07,EDE NORTH,SC/794/OS,Ede North/Ede South/ Egbedore/Ejigbo,FC/293/OS,,,OSUN
6862,JAGUN/JAGUN EDE,10,EDE NORTH,07,EDE NORTH,SC/794/OS,Ede North/Ede South/ Egbedore/Ejigbo,FC/293/OS,,,OSUN
6863,BARA EJEMU,11,EDE NORTH,07,EDE NORTH,SC/794/OS,Ede North/Ede South/ Egbedore/Ejigbo,FC/293/OS,,,OSUN
6864,BABANLA/AGATE,01,EDE SOUTH,08,EDE SOUTH,SC/795/OS,Ede North/Ede South/ Egbedore/Ejigbo,FC/293/OS,,,OSUN
6865,BA KUYE,02,EDE SOUTH,08,EDE SOUTH,SC/795/OS,Ede North/Ede South/ Egbedore/Ejigbo,FC/293/OS,,,OSUN
6866,ASUNMO,03,EDE SOUTH,08,EDE SOUTH,SC/795/OS,Ede North/Ede South/ Egbedore/Ejigbo,FC/293/OS,,,OSUN
6867,ALAJUE I,04,EDE SOUTH,08,EDE SOUTH,SC/795/OS,Ede North/Ede South/ Egbedore/Ejigbo,FC/293/OS,,,OSUN
6868,ALAJUE II,05,EDE SOUTH,08,EDE SOUTH,SC/795/OS,Ede North/Ede South/ Egbedore/Ejigbo,FC/293/OS,,,OSUN
6869,OLDAN,06,EDE SOUTH,08,EDE SOUTH,SC/795/OS,Ede North/Ede South/ Egbedore/Ejigbo,FC/293/OS,,,OSUN
6870,BABASANYA,07,EDE SOUTH,08,EDE SOUTH,SC/795/OS,Ede North/Ede South/ Egbedore/Ejigbo,FC/293/OS,,,OSUN
6871,SE KONA,08,EDE SOUTH,08,EDE SOUTH,SC/795/OS,Ede North/Ede South/ Egbedore/Ejigbo,FC/293/OS,,,OSUN
6872,OLOKI/AKODA,09,EDE SOUTH,08,EDE SOUTH,SC/795/OS,Ede North/Ede South/ Egbedore/Ejigbo,FC/293/OS,,,OSUN
6873,LOOGUN,10,EDE SOUTH,08,EDE SOUTH,SC/795/OS,Ede North/Ede South/ Egbedore/Ejigbo,FC/293/OS,,,OSUN
6874,AWO/ABUDO,01,EGBEDORE,09,EGBEDORE,SC/796/OS,Ede North/Ede South/ Egbedore/Ejigbo,FC/293/OS,,,OSUN
6875,ARA I,02,EGBEDORE,09,EGBEDORE,SC/796/OS,Ede North/Ede South/ Egbedore/Ejigbo,FC/293/OS,,,OSUN
6876,ARA II,03,EGBEDORE,09,EGBEDORE,SC/796/OS,Ede North/Ede South/ Egbedore/Ejigbo,FC/293/OS,,,OSUN
6877,IDO-OSUN,04,EGBEDORE,09,EGBEDORE,SC/796/OS,Ede North/Ede South/ Egbedore/Ejigbo,FC/293/OS,,,OSUN
6878,IRAGBERE I,05,EGBEDORE,09,EGBEDORE,SC/796/OS,Ede North/Ede South/ Egbedore/Ejigbo,FC/293/OS,,,OSUN
6879,IRAGBERE II,06,EGBEDORE,09,EGBEDORE,SC/796/OS,Ede North/Ede South/ Egbedore/Ejigbo,FC/293/OS,,,OSUN
6880,IWOYE/IDO/ORIGO,07,EGBEDORE,09,EGBEDORE,SC/796/OS,Ede North/Ede South/ Egbedore/Ejigbo,FC/293/OS,,,OSUN
6881,IKOTUN,08,EGBEDORE,09,EGBEDORE,SC/796/OS,Ede North/Ede South/ Egbedore/Ejigbo,FC/293/OS,,,OSUN
6882,OJO/ARO,09,EGBEDORE,09,EGBEDORE,SC/796/OS,Ede North/Ede South/ Egbedore/Ejigbo,FC/293/OS,,,OSUN
6883,OKINNI/OLORUNSOGO/OF ATEDO,10,EGBEDORE,09,EGBEDORE,SC/796/OS,Ede North/Ede South/ Egbedore/Ejigbo,FC/293/OS,,,OSUN
6884,ELEJIGBO ‘A’,01,EJIGBO,10,EJIGBO,SC/800/OS,Ede North/Ede South/ Egbedore/Ejigbo,FC/293/OS,,,OSUN
6885,ELEJIGBO ‘B’/OSOLO,02,EJIGBO,10,EJIGBO,SC/800/OS,Ede North/Ede South/ Egbedore/Ejigbo,FC/293/OS,,,OSUN
6886,ELEJIGBO ‘C’/MAPO,03,EJIGBO,10,EJIGBO,SC/800/OS,Ede North/Ede South/ Egbedore/Ejigbo,FC/293/OS,,,OSUN
6887,ELEJIGBO ‘D’/EJEMU,04,EJIGBO,10,EJIGBO,SC/800/OS,Ede North/Ede South/ Egbedore/Ejigbo,FC/293/OS,,,OSUN
6888,LELJIGBO/AYEGBOGBO,05,EJIGBO,10,EJIGBO,SC/800/OS,Ede North/Ede South/ Egbedore/Ejigbo,FC/293/OS,,,OSUN
6889,OLA/AYE/AGURODO,06,EJIGBO,10,EJIGBO,SC/800/OS,Ede North/Ede South/ Egbedore/Ejigbo,FC/293/OS,,,OSUN
6890,IFEODAN’A’/OWU-ILE,07,EJIGBO,10,EJIGBO,SC/800/OS,Ede North/Ede South/ Egbedore/Ejigbo,FC/293/OS,,,OSUN
6891,IFEODAN ‘B’/MASIFA,08,EJIGBO,10,EJIGBO,SC/800/OS,Ede North/Ede South/ Egbedore/Ejigbo,FC/293/OS,,,OSUN
6892,ILAWO/ISOKO/ISUNDUNRI N,09,EJIGBO,10,EJIGBO,SC/800/OS,Ede North/Ede South/ Egbedore/Ejigbo,FC/293/OS,,,OSUN
6893,INISA/AATO/IGBON,10,EJIGBO,10,EJIGBO,SC/800/OS,Ede North/Ede South/ Egbedore/Ejigbo,FC/293/OS,,,OSUN
6894,INISA II/AFAAKE/AYEGUNLE,11,EJIGBO,10,EJIGBO,SC/800/OS,Ede North/Ede South/ Egbedore/Ejigbo,FC/293/OS,,,OSUN
6895,ILARE I,01,IFE CENTRAL,11,IFE CENTRAL,SC/784/OS,Ife Central/Ife North/Ife South/Ife East ,FC/290/OS,,,OSUN
6896,ILARE II,02,IFE CENTRAL,11,IFE CENTRAL,SC/784/OS,Ife Central/Ife North/Ife South/Ife East ,FC/290/OS,,,OSUN
6897,ILARE III,03,IFE CENTRAL,11,IFE CENTRAL,SC/784/OS,Ife Central/Ife North/Ife South/Ife East ,FC/290/OS,,,OSUN
6898,ILARE IV,04,IFE CENTRAL,11,IFE CENTRAL,SC/784/OS,Ife Central/Ife North/Ife South/Ife East ,FC/290/OS,,,OSUN
6899,IREMO I (AJEBANDELE),05,IFE CENTRAL,11,IFE CENTRAL,SC/784/OS,Ife Central/Ife North/Ife South/Ife East ,FC/290/OS,,,OSUN
6900,IREMO II (ELEYELE),06,IFE CENTRAL,11,IFE CENTRAL,SC/784/OS,Ife Central/Ife North/Ife South/Ife East ,FC/290/OS,,,OSUN
6901,IREMO III,07,IFE CENTRAL,11,IFE CENTRAL,SC/784/OS,Ife Central/Ife North/Ife South/Ife East ,FC/290/OS,,,OSUN
6902,IREMO IV,08,IFE CENTRAL,11,IFE CENTRAL,SC/784/OS,Ife Central/Ife North/Ife South/Ife East ,FC/290/OS,,,OSUN
6903,IREMO V,09,IFE CENTRAL,11,IFE CENTRAL,SC/784/OS,Ife Central/Ife North/Ife South/Ife East ,FC/290/OS,,,OSUN
6904,AKARABATA,10,IFE CENTRAL,11,IFE CENTRAL,SC/784/OS,Ife Central/Ife North/Ife South/Ife East ,FC/290/OS,,,OSUN
6905,MORE OJAJA,11,IFE CENTRAL,11,IFE CENTRAL,SC/784/OS,Ife Central/Ife North/Ife South/Ife East ,FC/290/OS,,,OSUN
6906,OYI,01,IFEDAYO,12,IFEDAYO,SC/778/OS,Boluwaduro/Ifedayo/Ila,FC/287/OS,,,OSUN
6907,AYETIORO,02,IFEDAYO,12,IFEDAYO,SC/778/OS,Boluwaduro/Ifedayo/Ila,FC/287/OS,,,OSUN
6908,ISINMI,03,IFEDAYO,12,IFEDAYO,SC/778/OS,Boluwaduro/Ifedayo/Ila,FC/287/OS,,,OSUN
6909,BALOGUN,04,IFEDAYO,12,IFEDAYO,SC/778/OS,Boluwaduro/Ifedayo/Ila,FC/287/OS,,,OSUN
6910,OBAALE,05,IFEDAYO,12,IFEDAYO,SC/778/OS,Boluwaduro/Ifedayo/Ila,FC/287/OS,,,OSUN
6911,AWORO/OKE-ILA RURAL,06,IFEDAYO,12,IFEDAYO,SC/778/OS,Boluwaduro/Ifedayo/Ila,FC/287/OS,,,OSUN
6912,ASAONI,07,IFEDAYO,12,IFEDAYO,SC/778/OS,Boluwaduro/Ifedayo/Ila,FC/287/OS,,,OSUN
6913,CO-OPERATIVE,08,IFEDAYO,12,IFEDAYO,SC/778/OS,Boluwaduro/Ifedayo/Ila,FC/287/OS,,,OSUN
6914,AKESIN,09,IFEDAYO,12,IFEDAYO,SC/778/OS,Boluwaduro/Ifedayo/Ila,FC/287/OS,,,OSUN
6915,TEMIDIRE,10,IFEDAYO,12,IFEDAYO,SC/778/OS,Boluwaduro/Ifedayo/Ila,FC/287/OS,,,OSUN
6916,MORE,01,IFE EAST,13,IFE EAST,SC/785/OS,Ife Central/Ife North/Ife South/Ife East ,FC/290/OS,,,OSUN
6917,ILODE I,02,IFE EAST,13,IFE EAST,SC/785/OS,Ife Central/Ife North/Ife South/Ife East ,FC/290/OS,,,OSUN
6918,OLODE II,03,IFE EAST,13,IFE EAST,SC/785/OS,Ife Central/Ife North/Ife South/Ife East ,FC/290/OS,,,OSUN
6919,OKEREWE I,04,IFE EAST,13,IFE EAST,SC/785/OS,Ife Central/Ife North/Ife South/Ife East ,FC/290/OS,,,OSUN
6920,OKEREWE II,05,IFE EAST,13,IFE EAST,SC/785/OS,Ife Central/Ife North/Ife South/Ife East ,FC/290/OS,,,OSUN
6921,OKEREWE III,06,IFE EAST,13,IFE EAST,SC/785/OS,Ife Central/Ife North/Ife South/Ife East ,FC/290/OS,,,OSUN
6922,YEKEMI,07,IFE EAST,13,IFE EAST,SC/785/OS,Ife Central/Ife North/Ife South/Ife East ,FC/290/OS,,,OSUN
6923,MODAKEKE I,08,IFE EAST,13,IFE EAST,SC/785/OS,Ife Central/Ife North/Ife South/Ife East ,FC/290/OS,,,OSUN
6924,MODAKEKE II,09,IFE EAST,13,IFE EAST,SC/785/OS,Ife Central/Ife North/Ife South/Ife East ,FC/290/OS,,,OSUN
6925,MODAKEKE III,10,IFE EAST,13,IFE EAST,SC/785/OS,Ife Central/Ife North/Ife South/Ife East ,FC/290/OS,,,OSUN
6926,EESA IKIRUN,01,IFELODUN,14,IFELODUN,SC/776/OS,Odo-Otin/Ifelodun/Boripe,FC/286/OS,,,OSUN
6927,AMOLA IKIRUN,02,IFELODUN,14,IFELODUN,SC/776/OS,Odo-Otin/Ifelodun/Boripe,FC/286/OS,,,OSUN
6928,OWODE IKIRUN,03,IFELODUN,14,IFELODUN,SC/776/OS,Odo-Otin/Ifelodun/Boripe,FC/286/OS,,,OSUN
6929,ISALE/OKE AFO,04,IFELODUN,14,IFELODUN,SC/776/OS,Odo-Otin/Ifelodun/Boripe,FC/286/OS,,,OSUN
6930,IKIRUN RURAL,05,IFELODUN,14,IFELODUN,SC/776/OS,Odo-Otin/Ifelodun/Boripe,FC/286/OS,,,OSUN
6931,"STATION ROAD, IKIRUN",06,IFELODUN,14,IFELODUN,SC/776/OS,Odo-Otin/Ifelodun/Boripe,FC/286/OS,,,OSUN
6932,OKERBA IKIRUN,07,IFELODUN,14,IFELODUN,SC/776/OS,Odo-Otin/Ifelodun/Boripe,FC/286/OS,,,OSUN
6933,OLONDE IKIRUN,08,IFELODUN,14,IFELODUN,SC/776/OS,Odo-Otin/Ifelodun/Boripe,FC/286/OS,,,OSUN
6934,IBA I,09,IFELODUN,14,IFELODUN,SC/776/OS,Odo-Otin/Ifelodun/Boripe,FC/286/OS,,,OSUN
6935,IBA II,10,IFELODUN,14,IFELODUN,SC/776/OS,Odo-Otin/Ifelodun/Boripe,FC/286/OS,,,OSUN
6936,OBAGUN,11,IFELODUN,14,IFELODUN,SC/776/OS,Odo-Otin/Ifelodun/Boripe,FC/286/OS,,,OSUN
6937,EKOENDE/EKO AJALA,12,IFELODUN,14,IFELODUN,SC/776/OS,Odo-Otin/Ifelodun/Boripe,FC/286/OS,,,OSUN
6938,ASIPA/AKINALU,01,IFE NORTH,15,IFE NORTH,SC/786/OS,Ife Central/Ife North/Ife South/Ife East ,FC/290/OS,,,OSUN
6939,EDUNABON I,02,IFE NORTH,15,IFE NORTH,SC/786/OS,Ife Central/Ife North/Ife South/Ife East ,FC/290/OS,,,OSUN
6940,EDUNABON II,03,IFE NORTH,15,IFE NORTH,SC/786/OS,Ife Central/Ife North/Ife South/Ife East ,FC/290/OS,,,OSUN
6941,FAMIA,04,IFE NORTH,15,IFE NORTH,SC/786/OS,Ife Central/Ife North/Ife South/Ife East ,FC/290/OS,,,OSUN
6942,YAKOYO,05,IFE NORTH,15,IFE NORTH,SC/786/OS,Ife Central/Ife North/Ife South/Ife East ,FC/290/OS,,,OSUN
6943,IPETUMODU I,06,IFE NORTH,15,IFE NORTH,SC/786/OS,Ife Central/Ife North/Ife South/Ife East ,FC/290/OS,,,OSUN
6944,IPETUMODU II,07,IFE NORTH,15,IFE NORTH,SC/786/OS,Ife Central/Ife North/Ife South/Ife East ,FC/290/OS,,,OSUN
6945,MOKO,08,IFE NORTH,15,IFE NORTH,SC/786/OS,Ife Central/Ife North/Ife South/Ife East ,FC/290/OS,,,OSUN
6946,OYERE I,09,IFE NORTH,15,IFE NORTH,SC/786/OS,Ife Central/Ife North/Ife South/Ife East ,FC/290/OS,,,OSUN
6947,OYERE II,10,IFE NORTH,15,IFE NORTH,SC/786/OS,Ife Central/Ife North/Ife South/Ife East ,FC/290/OS,,,OSUN
6948,AYESAN,01,IFE SOUTH,16,IFE SOUTH,SC/787/OS,Ife Central/Ife North/Ife South/Ife East ,FC/290/OS,,,OSUN
6949,IKIJA I,02,IFE SOUTH,16,IFE SOUTH,SC/787/OS,Ife Central/Ife North/Ife South/Ife East ,FC/290/OS,,,OSUN
6950,IKIJA II,03,IFE SOUTH,16,IFE SOUTH,SC/787/OS,Ife Central/Ife North/Ife South/Ife East ,FC/290/OS,,,OSUN
6951,OGBON ARE,04,IFE SOUTH,16,IFE SOUTH,SC/787/OS,Ife Central/Ife North/Ife South/Ife East ,FC/290/OS,,,OSUN
6952,MEFOWORADE,05,IFE SOUTH,16,IFE SOUTH,SC/787/OS,Ife Central/Ife North/Ife South/Ife East ,FC/290/OS,,,OSUN
6953,OKE OWENA,06,IFE SOUTH,16,IFE SOUTH,SC/787/OS,Ife Central/Ife North/Ife South/Ife East ,FC/290/OS,,,OSUN
6954,OLODE,07,IFE SOUTH,16,IFE SOUTH,SC/787/OS,Ife Central/Ife North/Ife South/Ife East ,FC/290/OS,,,OSUN
6955,OSI,08,IFE SOUTH,16,IFE SOUTH,SC/787/OS,Ife Central/Ife North/Ife South/Ife East ,FC/290/OS,,,OSUN
6956,KERE,09,IFE SOUTH,16,IFE SOUTH,SC/787/OS,Ife Central/Ife North/Ife South/Ife East ,FC/290/OS,,,OSUN
6957,ABIRI OGUDU,10,IFE SOUTH,16,IFE SOUTH,SC/787/OS,Ife Central/Ife North/Ife South/Ife East ,FC/290/OS,,,OSUN
6958,AYE,11,IFE SOUTH,16,IFE SOUTH,SC/787/OS,Ife Central/Ife North/Ife South/Ife East ,FC/290/OS,,,OSUN
6959,EJIGBO I,01,ILA,17,ILA,SC/777/OS,Boluwaduro/Ifedayo/Ila,FC/287/OS,,,OSUN
6960,EJIGBO II,02,ILA,17,ILA,SC/777/OS,Boluwaduro/Ifedayo/Ila,FC/287/OS,,,OSUN
6961,EJIGBO III,03,ILA,17,ILA,SC/777/OS,Boluwaduro/Ifedayo/Ila,FC/287/OS,,,OSUN
6962,ISEDO I,04,ILA,17,ILA,SC/777/OS,Boluwaduro/Ifedayo/Ila,FC/287/OS,,,OSUN
6963,ISEDO II,05,ILA,17,ILA,SC/777/OS,Boluwaduro/Ifedayo/Ila,FC/287/OS,,,OSUN
6964,IPERIN,06,ILA,17,ILA,SC/777/OS,Boluwaduro/Ifedayo/Ila,FC/287/OS,,,OSUN
6965,EYINDI,07,ILA,17,ILA,SC/777/OS,Boluwaduro/Ifedayo/Ila,FC/287/OS,,,OSUN
6966,OKE-OLA,08,ILA,17,ILA,SC/777/OS,Boluwaduro/Ifedayo/Ila,FC/287/OS,,,OSUN
6967,OKE-EDE,09,ILA,17,ILA,SC/777/OS,Boluwaduro/Ifedayo/Ila,FC/287/OS,,,OSUN
6968,EYINDI/IPERIN,10,ILA,17,ILA,SC/777/OS,Boluwaduro/Ifedayo/Ila,FC/287/OS,,,OSUN
6969,AJABA/EDEMOSI/ABAORA NGUN,11,ILA,17,ILA,SC/777/OS,Boluwaduro/Ifedayo/Ila,FC/287/OS,,,OSUN
6970,OKESA,01,ILESA EAST,18,ILESA EAST,SC/788/OS,Atakunmosa East/ Atakunmosa West/Ilesha East/Ilesha West,FC/288/OS,,,OSUN
6971,IMO,02,ILESA EAST,18,ILESA EAST,SC/788/OS,Atakunmosa East/ Atakunmosa West/Ilesha East/Ilesha West,FC/288/OS,,,OSUN
6972,IFOSAN/OKE-ESO,03,ILESA EAST,18,ILESA EAST,SC/788/OS,Atakunmosa East/ Atakunmosa West/Ilesha East/Ilesha West,FC/288/OS,,,OSUN
6973,ITISIN/OGUDU,04,ILESA EAST,18,ILESA EAST,SC/788/OS,Atakunmosa East/ Atakunmosa West/Ilesha East/Ilesha West,FC/288/OS,,,OSUN
6974,IJAMO,05,ILESA EAST,18,ILESA EAST,SC/788/OS,Atakunmosa East/ Atakunmosa West/Ilesha East/Ilesha West,FC/288/OS,,,OSUN
6975,UPPER AND LOWER IJOKA,06,ILESA EAST,18,ILESA EAST,SC/788/OS,Atakunmosa East/ Atakunmosa West/Ilesha East/Ilesha West,FC/288/OS,,,OSUN
6976,ILORO/IROYE,07,ILESA EAST,18,ILESA EAST,SC/788/OS,Atakunmosa East/ Atakunmosa West/Ilesha East/Ilesha West,FC/288/OS,,,OSUN
6977,ISAR,08,ILESA EAST,18,ILESA EAST,SC/788/OS,Atakunmosa East/ Atakunmosa West/Ilesha East/Ilesha West,FC/288/OS,,,OSUN
6978,ILERIN,09,ILESA EAST,18,ILESA EAST,SC/788/OS,Atakunmosa East/ Atakunmosa West/Ilesha East/Ilesha West,FC/288/OS,,,OSUN
6979,BOLORUNDURO,10,ILESA EAST,18,ILESA EAST,SC/788/OS,Atakunmosa East/ Atakunmosa West/Ilesha East/Ilesha West,FC/288/OS,,,OSUN
6980,BILADU,11,ILESA EAST,18,ILESA EAST,SC/788/OS,Atakunmosa East/ Atakunmosa West/Ilesha East/Ilesha West,FC/288/OS,,,OSUN
6981,ITAKOGUN,01,ILESA WEST,19,ILESA WEST,SC/789/OS,Atakunmosa East/ Atakunmosa West/Ilesha East/Ilesha West,FC/288/OS,,,OSUN
6982,LOWER EGBEDI,02,ILESA WEST,19,ILESA WEST,SC/789/OS,Atakunmosa East/ Atakunmosa West/Ilesha East/Ilesha West,FC/288/OS,,,OSUN
6983,UPPER AND LOWER IGBOGI,03,ILESA WEST,19,ILESA WEST,SC/789/OS,Atakunmosa East/ Atakunmosa West/Ilesha East/Ilesha West,FC/288/OS,,,OSUN
6984,OMOFE/IDASA,04,ILESA WEST,19,ILESA WEST,SC/789/OS,Atakunmosa East/ Atakunmosa West/Ilesha East/Ilesha West,FC/288/OS,,,OSUN
6985,ISOKUN,05,ILESA WEST,19,ILESA WEST,SC/789/OS,Atakunmosa East/ Atakunmosa West/Ilesha East/Ilesha West,FC/288/OS,,,OSUN
6986,IKOTI/ARAROMI,06,ILESA WEST,19,ILESA WEST,SC/789/OS,Atakunmosa East/ Atakunmosa West/Ilesha East/Ilesha West,FC/288/OS,,,OSUN
6987,ILAJE,07,ILESA WEST,19,ILESA WEST,SC/789/OS,Atakunmosa East/ Atakunmosa West/Ilesha East/Ilesha West,FC/288/OS,,,OSUN
6988,ISIDA/IKOTI,08,ILESA WEST,19,ILESA WEST,SC/789/OS,Atakunmosa East/ Atakunmosa West/Ilesha East/Ilesha West,FC/288/OS,,,OSUN
6989,REJA,09,ILESA WEST,19,ILESA WEST,SC/789/OS,Atakunmosa East/ Atakunmosa West/Ilesha East/Ilesha West,FC/288/OS,,,OSUN
6990,AYEDO,10,ILESA WEST,19,ILESA WEST,SC/789/OS,Atakunmosa East/ Atakunmosa West/Ilesha East/Ilesha West,FC/288/OS,,,OSUN
6991,OLOBU A,01,IREPODUN,20,IREPODUN/ORULU,SC/779/OS,Irepodun/Olorunda/Osogbo/Orolu,FC/285/OS,,,OSUN
6992,OLOBU B,02,IREPODUN,20,IREPODUN/ORULU,SC/779/OS,Irepodun/Olorunda/Osogbo/Orolu,FC/285/OS,,,OSUN
6993,OLOBU C,03,IREPODUN,20,IREPODUN/ORULU,SC/779/OS,Irepodun/Olorunda/Osogbo/Orolu,FC/285/OS,,,OSUN
6994,OLOBU D,04,IREPODUN,20,IREPODUN/ORULU,SC/779/OS,Irepodun/Olorunda/Osogbo/Orolu,FC/285/OS,,,OSUN
6995,BARA A,05,IREPODUN,20,IREPODUN/ORULU,SC/779/OS,Irepodun/Olorunda/Osogbo/Orolu,FC/285/OS,,,OSUN
6996,BARA B,06,IREPODUN,20,IREPODUN/ORULU,SC/779/OS,Irepodun/Olorunda/Osogbo/Orolu,FC/285/OS,,,OSUN
6997,ELERIN A,07,IREPODUN,20,IREPODUN/ORULU,SC/779/OS,Irepodun/Olorunda/Osogbo/Orolu,FC/285/OS,,,OSUN
6998,ELERIN B,08,IREPODUN,20,IREPODUN/ORULU,SC/779/OS,Irepodun/Olorunda/Osogbo/Orolu,FC/285/OS,,,OSUN
6999,ELERIN C,09,IREPODUN,20,IREPODUN/ORULU,SC/779/OS,Irepodun/Olorunda/Osogbo/Orolu,FC/285/OS,,,OSUN
7000,ELERIN D,10,IREPODUN,20,IREPODUN/ORULU,SC/779/OS,Irepodun/Olorunda/Osogbo/Orolu,FC/285/OS,,,OSUN
7001,ELERIN E,11,IREPODUN,20,IREPODUN/ORULU,SC/779/OS,Irepodun/Olorunda/Osogbo/Orolu,FC/285/OS,,,OSUN
7002,IKIRE A,01,IREWOLE,21,IREWOLE/ISOKAN,SC/797/OS,Ayedaade/Irewole/Isokan,FC/292/OS,,,OSUN
7003,IKIRE B,02,IREWOLE,21,IREWOLE/ISOKAN,SC/797/OS,Ayedaade/Irewole/Isokan,FC/292/OS,,,OSUN
7004,IKIRE C,03,IREWOLE,21,IREWOLE/ISOKAN,SC/797/OS,Ayedaade/Irewole/Isokan,FC/292/OS,,,OSUN
7005,IKIRE D,04,IREWOLE,21,IREWOLE/ISOKAN,SC/797/OS,Ayedaade/Irewole/Isokan,FC/292/OS,,,OSUN
7006,IKIRE E,05,IREWOLE,21,IREWOLE/ISOKAN,SC/797/OS,Ayedaade/Irewole/Isokan,FC/292/OS,,,OSUN
7007,IKIRE F,06,IREWOLE,21,IREWOLE/ISOKAN,SC/797/OS,Ayedaade/Irewole/Isokan,FC/292/OS,,,OSUN
7008,IKIRE G,07,IREWOLE,21,IREWOLE/ISOKAN,SC/797/OS,Ayedaade/Irewole/Isokan,FC/292/OS,,,OSUN
7009,IKIRE H,08,IREWOLE,21,IREWOLE/ISOKAN,SC/797/OS,Ayedaade/Irewole/Isokan,FC/292/OS,,,OSUN
7010,IKIRE I,09,IREWOLE,21,IREWOLE/ISOKAN,SC/797/OS,Ayedaade/Irewole/Isokan,FC/292/OS,,,OSUN
7011,IKIRE J,10,IREWOLE,21,IREWOLE/ISOKAN,SC/797/OS,Ayedaade/Irewole/Isokan,FC/292/OS,,,OSUN
7012,IKIRE K,11,IREWOLE,21,IREWOLE/ISOKAN,SC/797/OS,Ayedaade/Irewole/Isokan,FC/292/OS,,,OSUN
7013,OLUKOYI (OJA-OSUN),01,ISOKAN,22,,,Ayedaade/Irewole/Isokan,FC/292/OS,,,OSUN
7014,OSA IKOYI (OLOKE),02,ISOKAN,22,,,Ayedaade/Irewole/Isokan,FC/292/OS,,,OSUN
7015,ASALU IKOYI (ABIRI),03,ISOKAN,22,,,Ayedaade/Irewole/Isokan,FC/292/OS,,,OSUN
7016,ORANRAN WARD,04,ISOKAN,22,,,Ayedaade/Irewole/Isokan,FC/292/OS,,,OSUN
7017,IDOGUN WARD,05,ISOKAN,22,,,Ayedaade/Irewole/Isokan,FC/292/OS,,,OSUN
7018,ALAPOMU I (ODO-OSUN),06,ISOKAN,22,,,Ayedaade/Irewole/Isokan,FC/292/OS,,,OSUN
7019,ALAPOMU II,07,ISOKAN,22,,,Ayedaade/Irewole/Isokan,FC/292/OS,,,OSUN
7020,ASALU (MOGIMOGI),08,ISOKAN,22,,,Ayedaade/Irewole/Isokan,FC/292/OS,,,OSUN
7021,OOSA (ADIFA),09,ISOKAN,22,,,Ayedaade/Irewole/Isokan,FC/292/OS,,,OSUN
7022,AWALA I,10,ISOKAN,22,,,Ayedaade/Irewole/Isokan,FC/292/OS,,,OSUN
7023,AWALA II,11,ISOKAN,22,,,Ayedaade/Irewole/Isokan,FC/292/OS,,,OSUN
7024,ISALE OBA I,01,IWO,23,IWO,SC/798/OS,Ayedire/Iwo/Ola-Oluwa,FC/291/OS,,,OSUN
7025,ISALE OBA II,02,IWO,23,IWO,SC/798/OS,Ayedire/Iwo/Ola-Oluwa,FC/291/OS,,,OSUN
7026,ISALE OBA III,03,IWO,23,IWO,SC/798/OS,Ayedire/Iwo/Ola-Oluwa,FC/291/OS,,,OSUN
7027,ISALE OBA IV,04,IWO,23,IWO,SC/798/OS,Ayedire/Iwo/Ola-Oluwa,FC/291/OS,,,OSUN
7028,MOLETE I,05,IWO,23,IWO,SC/798/OS,Ayedire/Iwo/Ola-Oluwa,FC/291/OS,,,OSUN
7029,NOLETE II,06,IWO,23,IWO,SC/798/OS,Ayedire/Iwo/Ola-Oluwa,FC/291/OS,,,OSUN
7030,MOLETE III,07,IWO,23,IWO,SC/798/OS,Ayedire/Iwo/Ola-Oluwa,FC/291/OS,,,OSUN
7031,OKE-ADAN I,08,IWO,23,IWO,SC/798/OS,Ayedire/Iwo/Ola-Oluwa,FC/291/OS,,,OSUN
7032,OKE-ADAN II,09,IWO,23,IWO,SC/798/OS,Ayedire/Iwo/Ola-Oluwa,FC/291/OS,,,OSUN
7033,OKE-ADAN III,10,IWO,23,IWO,SC/798/OS,Ayedire/Iwo/Ola-Oluwa,FC/291/OS,,,OSUN
7034,GIDIGBO I,11,IWO,23,IWO,SC/798/OS,Ayedire/Iwo/Ola-Oluwa,FC/291/OS,,,OSUN
7035,GIDIGBO II,12,IWO,23,IWO,SC/798/OS,Ayedire/Iwo/Ola-Oluwa,FC/291/OS,,,OSUN
7036,GIDIGBO III,13,IWO,23,IWO,SC/798/OS,Ayedire/Iwo/Ola-Oluwa,FC/291/OS,,,OSUN
7037,OKE OBA I,14,IWO,23,IWO,SC/798/OS,Ayedire/Iwo/Ola-Oluwa,FC/291/OS,,,OSUN
7038,OKE OBA II,15,IWO,23,IWO,SC/798/OS,Ayedire/Iwo/Ola-Oluwa,FC/291/OS,,,OSUN
7039,IBOKUN,01,OBOKUN,24,OBOKUN,SC/790/OS,Obokun/Oriade,FC/289/OS,,,OSUN
7040,IPETU-ILE/ADAOWODE,02,OBOKUN,24,OBOKUN,SC/790/OS,Obokun/Oriade,FC/289/OS,,,OSUN
7041,ILAHUN/IKINYINWA,03,OBOKUN,24,OBOKUN,SC/790/OS,Obokun/Oriade,FC/289/OS,,,OSUN
7042,ILASE/IDOMINASI,04,OBOKUN,24,OBOKUN,SC/790/OS,Obokun/Oriade,FC/289/OS,,,OSUN
7043,EESUN/IDO-OKO,05,OBOKUN,24,OBOKUN,SC/790/OS,Obokun/Oriade,FC/289/OS,,,OSUN
7044,IMESI-ILE,06,OBOKUN,24,OBOKUN,SC/790/OS,Obokun/Oriade,FC/289/OS,,,OSUN
7045,ESA-OKE,07,OBOKUN,24,OBOKUN,SC/790/OS,Obokun/Oriade,FC/289/OS,,,OSUN
7046,OTAN-ILE,08,OBOKUN,24,OBOKUN,SC/790/OS,Obokun/Oriade,FC/289/OS,,,OSUN
7047,ESA-ODO,09,OBOKUN,24,OBOKUN,SC/790/OS,Obokun/Oriade,FC/289/OS,,,OSUN
7048,ILARE,10,OBOKUN,24,OBOKUN,SC/790/OS,Obokun/Oriade,FC/289/OS,,,OSUN
7049,OBA/OJOMU,01,ODO-OTIN,25,ODO-OTIN,SC/780/OS,Odo-Otin/Ifelodun/Boripe,FC/286/OS,,,OSUN
7050,BAALE,02,ODO-OTIN,25,ODO-OTIN,SC/780/OS,Odo-Otin/Ifelodun/Boripe,FC/286/OS,,,OSUN
7051,IGBAYE,03,ODO-OTIN,25,ODO-OTIN,SC/780/OS,Odo-Otin/Ifelodun/Boripe,FC/286/OS,,,OSUN
7052,FAJI/OPETE,04,ODO-OTIN,25,ODO-OTIN,SC/780/OS,Odo-Otin/Ifelodun/Boripe,FC/286/OS,,,OSUN
7053,EKOSIN/IYEKU,05,ODO-OTIN,25,ODO-OTIN,SC/780/OS,Odo-Otin/Ifelodun/Boripe,FC/286/OS,,,OSUN
7054,ORE/AGBEYE,06,ODO-OTIN,25,ODO-OTIN,SC/780/OS,Odo-Otin/Ifelodun/Boripe,FC/286/OS,,,OSUN
7055,IJABE/ILA ODO,07,ODO-OTIN,25,ODO-OTIN,SC/780/OS,Odo-Otin/Ifelodun/Boripe,FC/286/OS,,,OSUN
7056,OKUA/EKUSA,08,ODO-OTIN,25,ODO-OTIN,SC/780/OS,Odo-Otin/Ifelodun/Boripe,FC/286/OS,,,OSUN
7057,ASI/ASABA,09,ODO-OTIN,25,ODO-OTIN,SC/780/OS,Odo-Otin/Ifelodun/Boripe,FC/286/OS,,,OSUN
7058,OLUNISA,10,ODO-OTIN,25,ODO-OTIN,SC/780/OS,Odo-Otin/Ifelodun/Boripe,FC/286/OS,,,OSUN
7059,OLUKOTUN,11,ODO-OTIN,25,ODO-OTIN,SC/780/OS,Odo-Otin/Ifelodun/Boripe,FC/286/OS,,,OSUN
7060,ESA-OTUN BAALE OFE,12,ODO-OTIN,25,ODO-OTIN,SC/780/OS,Odo-Otin/Ifelodun/Boripe,FC/286/OS,,,OSUN
7061,JAGUN OSI BAALE ODE,13,ODO-OTIN,25,ODO-OTIN,SC/780/OS,Odo-Otin/Ifelodun/Boripe,FC/286/OS,,,OSUN
7062,OLOYAN ELEMOSHO,14,ODO-OTIN,25,ODO-OTIN,SC/780/OS,Odo-Otin/Ifelodun/Boripe,FC/286/OS,,,OSUN
7063,OSOLO/OPARIN,15,ODO-OTIN,25,ODO-OTIN,SC/780/OS,Odo-Otin/Ifelodun/Boripe,FC/286/OS,,,OSUN
7064,TELEMU,01,OLA-OLUWA,26,OLA-OLUWA,SC/799/OS,Ayedire/Iwo/Ola-Oluwa,FC/291/OS,,,OSUN
7065,ASAMU/ILEMOWU,02,OLA-OLUWA,26,OLA-OLUWA,SC/799/OS,Ayedire/Iwo/Ola-Oluwa,FC/291/OS,,,OSUN
7066,OGBAAGBA I,03,OLA-OLUWA,26,OLA-OLUWA,SC/799/OS,Ayedire/Iwo/Ola-Oluwa,FC/291/OS,,,OSUN
7067,OGBAAGBA II,04,OLA-OLUWA,26,OLA-OLUWA,SC/799/OS,Ayedire/Iwo/Ola-Oluwa,FC/291/OS,,,OSUN
7068,IKIRE ILE/IWARA,05,OLA-OLUWA,26,OLA-OLUWA,SC/799/OS,Ayedire/Iwo/Ola-Oluwa,FC/291/OS,,,OSUN
7069,ISERO/IKONMOFIN,06,OLA-OLUWA,26,OLA-OLUWA,SC/799/OS,Ayedire/Iwo/Ola-Oluwa,FC/291/OS,,,OSUN
7070,OBAMORO/ILE-OGO,07,OLA-OLUWA,26,OLA-OLUWA,SC/799/OS,Ayedire/Iwo/Ola-Oluwa,FC/291/OS,,,OSUN
7071,BODE-OSI,08,OLA-OLUWA,26,OLA-OLUWA,SC/799/OS,Ayedire/Iwo/Ola-Oluwa,FC/291/OS,,,OSUN
7072,AJAGBA/ILO OKE,09,OLA-OLUWA,26,OLA-OLUWA,SC/799/OS,Ayedire/Iwo/Ola-Oluwa,FC/291/OS,,,OSUN
7073,ASA AJAGUNLASE,10,OLA-OLUWA,26,OLA-OLUWA,SC/799/OS,Ayedire/Iwo/Ola-Oluwa,FC/291/OS,,,OSUN
7074,AGOWANDE,01,OLORUNDA,27,OLORUNDA,SC/781/OS,Irepodun/Olorunda/Osogbo/Orolu,FC/285/OS,,,OSUN
7075,BALOGUN,02,OLORUNDA,27,OLORUNDA,SC/781/OS,Irepodun/Olorunda/Osogbo/Orolu,FC/285/OS,,,OSUN
7076,AKOGUN,03,OLORUNDA,27,OLORUNDA,SC/781/OS,Irepodun/Olorunda/Osogbo/Orolu,FC/285/OS,,,OSUN
7077,ATELEWO,04,OLORUNDA,27,OLORUNDA,SC/781/OS,Irepodun/Olorunda/Osogbo/Orolu,FC/285/OS,,,OSUN
7078,OWOOPE,05,OLORUNDA,27,OLORUNDA,SC/781/OS,Irepodun/Olorunda/Osogbo/Orolu,FC/285/OS,,,OSUN
7079,OWODE I,06,OLORUNDA,27,OLORUNDA,SC/781/OS,Irepodun/Olorunda/Osogbo/Orolu,FC/285/OS,,,OSUN
7080,OWODE II,07,OLORUNDA,27,OLORUNDA,SC/781/OS,Irepodun/Olorunda/Osogbo/Orolu,FC/285/OS,,,OSUN
7081,AYETORO,08,OLORUNDA,27,OLORUNDA,SC/781/OS,Irepodun/Olorunda/Osogbo/Orolu,FC/285/OS,,,OSUN
7082,OBA-ILE,09,OLORUNDA,27,OLORUNDA,SC/781/OS,Irepodun/Olorunda/Osogbo/Orolu,FC/285/OS,,,OSUN
7083,OBA-OKE,10,OLORUNDA,27,OLORUNDA,SC/781/OS,Irepodun/Olorunda/Osogbo/Orolu,FC/285/OS,,,OSUN
7084,ILIE,11,OLORUNDA,27,OLORUNDA,SC/781/OS,Irepodun/Olorunda/Osogbo/Orolu,FC/285/OS,,,OSUN
7085,ERIN-OKE,01,ORIADE,28,ORIADE,SC/791/OS,Obokun/Oriade,FC/289/OS,,,OSUN
7086,ERIN-IJESA,02,ORIADE,28,ORIADE,SC/791/OS,Obokun/Oriade,FC/289/OS,,,OSUN
7087,IJEBU JESA,03,ORIADE,28,ORIADE,SC/791/OS,Obokun/Oriade,FC/289/OS,,,OSUN
7088,IWOYE,04,ORIADE,28,ORIADE,SC/791/OS,Obokun/Oriade,FC/289/OS,,,OSUN
7089,IKEJI-ILE,05,ORIADE,28,ORIADE,SC/791/OS,Obokun/Oriade,FC/289/OS,,,OSUN
7090,IRA,06,ORIADE,28,ORIADE,SC/791/OS,Obokun/Oriade,FC/289/OS,,,OSUN
7091,IKEJI ARAKIJI/OWENA,07,ORIADE,28,ORIADE,SC/791/OS,Obokun/Oriade,FC/289/OS,,,OSUN
7092,APOTI/DGBAJA,08,ORIADE,28,ORIADE,SC/791/OS,Obokun/Oriade,FC/289/OS,,,OSUN
7093,IPETU IJESA I,09,ORIADE,28,ORIADE,SC/791/OS,Obokun/Oriade,FC/289/OS,,,OSUN
7094,IPETU IJESA II,10,ORIADE,28,ORIADE,SC/791/OS,Obokun/Oriade,FC/289/OS,,,OSUN
7095,IJEDA ILOKO,11,ORIADE,28,ORIADE,SC/791/OS,Obokun/Oriade,FC/289/OS,,,OSUN
7096,ERINMO/IWARAJA,12,ORIADE,28,ORIADE,SC/791/OS,Obokun/Oriade,FC/289/OS,,,OSUN
7097,OLUFON OROLU A,01,OROLU,29,,,Irepodun/Olorunda/Osogbo/Orolu,FC/285/OS,,,OSUN
7098,OLUSON OROLU B,02,OROLU,29,,,Irepodun/Olorunda/Osogbo/Orolu,FC/285/OS,,,OSUN
7099,OLUFON OROLU C,03,OROLU,29,,,Irepodun/Olorunda/Osogbo/Orolu,FC/285/OS,,,OSUN
7100,OLUFON OROLU D,04,OROLU,29,,,Irepodun/Olorunda/Osogbo/Orolu,FC/285/OS,,,OSUN
7101,ORUFON OROLU E,05,OROLU,29,,,Irepodun/Olorunda/Osogbo/Orolu,FC/285/OS,,,OSUN
7102,OLUFON OROLU F,06,OROLU,29,,,Irepodun/Olorunda/Osogbo/Orolu,FC/285/OS,,,OSUN
7103,OLUFON OROLUG,07,OROLU,29,,,Irepodun/Olorunda/Osogbo/Orolu,FC/285/OS,,,OSUN
7104,ORUFON OROLU H,08,OROLU,29,,,Irepodun/Olorunda/Osogbo/Orolu,FC/285/OS,,,OSUN
7105,OLUFON OROLU I,09,OROLU,29,,,Irepodun/Olorunda/Osogbo/Orolu,FC/285/OS,,,OSUN
7106,OLUFON OROLU J,10,OROLU,29,,,Irepodun/Olorunda/Osogbo/Orolu,FC/285/OS,,,OSUN
7107,ATAOJA A,01,OSOGBO,30,OSOGBO,SC/782/OS,Irepodun/Olorunda/Osogbo/Orolu,FC/285/OS,,,OSUN
7108,ATAOJA B,02,OSOGBO,30,OSOGBO,SC/782/OS,Irepodun/Olorunda/Osogbo/Orolu,FC/285/OS,,,OSUN
7109,ATAOJA C,03,OSOGBO,30,OSOGBO,SC/782/OS,Irepodun/Olorunda/Osogbo/Orolu,FC/285/OS,,,OSUN
7110,ATAOJA D,04,OSOGBO,30,OSOGBO,SC/782/OS,Irepodun/Olorunda/Osogbo/Orolu,FC/285/OS,,,OSUN
7111,ATAOJA E,05,OSOGBO,30,OSOGBO,SC/782/OS,Irepodun/Olorunda/Osogbo/Orolu,FC/285/OS,,,OSUN
7112,OTUN JAGUN B,06,OSOGBO,30,OSOGBO,SC/782/OS,Irepodun/Olorunda/Osogbo/Orolu,FC/285/OS,,,OSUN
7113,ALAGBA,07,OSOGBO,30,OSOGBO,SC/782/OS,Irepodun/Olorunda/Osogbo/Orolu,FC/285/OS,,,OSUN
7114,ARE-AGO,08,OSOGBO,30,OSOGBO,SC/782/OS,Irepodun/Olorunda/Osogbo/Orolu,FC/285/OS,,,OSUN
7115,JAGUN A,09,OSOGBO,30,OSOGBO,SC/782/OS,Irepodun/Olorunda/Osogbo/Orolu,FC/285/OS,,,OSUN
7116,JAGUN B,10,OSOGBO,30,OSOGBO,SC/782/OS,Irepodun/Olorunda/Osogbo/Orolu,FC/285/OS,,,OSUN
7117,BABA KEKERE,11,OSOGBO,30,OSOGBO,SC/782/OS,Irepodun/Olorunda/Osogbo/Orolu,FC/285/OS,,,OSUN
7118,OTUN JAGUN A,12,OSOGBO,30,OSOGBO,SC/782/OS,Irepodun/Olorunda/Osogbo/Orolu,FC/285/OS,,,OSUN
7119,EKETA,13,OSOGBO,30,OSOGBO,SC/782/OS,Irepodun/Olorunda/Osogbo/Orolu,FC/285/OS,,,OSUN
7120,OTUN BALOGUN A,14,OSOGBO,30,OSOGBO,SC/782/OS,Irepodun/Olorunda/Osogbo/Orolu,FC/285/OS,,,OSUN
7121,EKERIN,15,OSOGBO,30,OSOGBO,SC/782/OS,Irepodun/Olorunda/Osogbo/Orolu,FC/285/OS,,,OSUN
7122,ILORA I,01,AFIJIO,01,AFIJIO,SC/801/OY,Afijio/Oyo East/Oyo West/ Atiba,FC/294/OY,,,OYO
7123,ILORA II,02,AFIJIO,01,AFIJIO,SC/801/OY,Afijio/Oyo East/Oyo West/ Atiba,FC/294/OY,,,OYO
7124,ILORA III,03,AFIJIO,01,AFIJIO,SC/801/OY,Afijio/Oyo East/Oyo West/ Atiba,FC/294/OY,,,OYO
7125,FIDITI I,04,AFIJIO,01,AFIJIO,SC/801/OY,Afijio/Oyo East/Oyo West/ Atiba,FC/294/OY,,,OYO
7126,FIDITI II,05,AFIJIO,01,AFIJIO,SC/801/OY,Afijio/Oyo East/Oyo West/ Atiba,FC/294/OY,,,OYO
7127,AWE I,06,AFIJIO,01,AFIJIO,SC/801/OY,Afijio/Oyo East/Oyo West/ Atiba,FC/294/OY,,,OYO
7128,AWE II,07,AFIJIO,01,AFIJIO,SC/801/OY,Afijio/Oyo East/Oyo West/ Atiba,FC/294/OY,,,OYO
7129,AKINMORIN/JOBELE,08,AFIJIO,01,AFIJIO,SC/801/OY,Afijio/Oyo East/Oyo West/ Atiba,FC/294/OY,,,OYO
7130,IWARE,09,AFIJIO,01,AFIJIO,SC/801/OY,Afijio/Oyo East/Oyo West/ Atiba,FC/294/OY,,,OYO
7131,IMINI,10,AFIJIO,01,AFIJIO,SC/801/OY,Afijio/Oyo East/Oyo West/ Atiba,FC/294/OY,,,OYO
7132,IKEREKU,01,AKINYELE,02,,,Akinyele/Lagelu,FC/295/OY,,,OYO
7133,OLANLA/OBODA/LADODE,02,AKINYELE,02,,,Akinyele/Lagelu,FC/295/OY,,,OYO
7134,ARULOGUN/ENIOSA/AROR O,03,AKINYELE,02,,,Akinyele/Lagelu,FC/295/OY,,,OYO
7135,OLODE/AMOSUN/ONIDUN DU,04,AKINYELE,02,,,Akinyele/Lagelu,FC/295/OY,,,OYO
7136,OJO-EMO/MONIYA,05,AKINYELE,02,,,Akinyele/Lagelu,FC/295/OY,,,OYO
7137,AKINYELE/ISABIYI/IREPO DUN,06,AKINYELE,02,,,Akinyele/Lagelu,FC/295/OY,,,OYO
7138,IWOKOTO/TALONTAN/IDI ORO,07,AKINYELE,02,,,Akinyele/Lagelu,FC/295/OY,,,OYO
7139,OJOO/AJIBODE/LANIBA,08,AKINYELE,02,,,Akinyele/Lagelu,FC/295/OY,,,OYO
7140,IJAYE/OJEDEJI,09,AKINYELE,02,,,Akinyele/Lagelu,FC/295/OY,,,OYO
7141,AJIBADE/ALABATA/ELEKU RU,10,AKINYELE,02,,,Akinyele/Lagelu,FC/295/OY,,,OYO
7142,ORORISAOKO/OKEGBEMI/ MELE,11,AKINYELE,02,,,Akinyele/Lagelu,FC/295/OY,,,OYO
7143,IROKO,12,AKINYELE,02,,,Akinyele/Lagelu,FC/295/OY,,,OYO
7144,OKE-AFIN I,01,ATIBA,03,ATIBA,SC/830/OY,Afijio/Oyo East/Oyo West/ Atiba,FC/294/OY,,,OYO
7145,OKE-AFIN II,02,ATIBA,03,ATIBA,SC/830/OY,Afijio/Oyo East/Oyo West/ Atiba,FC/294/OY,,,OYO
7146,AREMO,03,ATIBA,03,ATIBA,SC/830/OY,Afijio/Oyo East/Oyo West/ Atiba,FC/294/OY,,,OYO
7147,BASHORUN,04,ATIBA,03,ATIBA,SC/830/OY,Afijio/Oyo East/Oyo West/ Atiba,FC/294/OY,,,OYO
7148,AGUNPOPO I,05,ATIBA,03,ATIBA,SC/830/OY,Afijio/Oyo East/Oyo West/ Atiba,FC/294/OY,,,OYO
7149,AGUNPOPO II,06,ATIBA,03,ATIBA,SC/830/OY,Afijio/Oyo East/Oyo West/ Atiba,FC/294/OY,,,OYO
7150,AGUNOPOPO III,07,ATIBA,03,ATIBA,SC/830/OY,Afijio/Oyo East/Oyo West/ Atiba,FC/294/OY,,,OYO
7151,ASHIPA I,08,ATIBA,03,ATIBA,SC/830/OY,Afijio/Oyo East/Oyo West/ Atiba,FC/294/OY,,,OYO
7152,ASHIPA II,09,ATIBA,03,ATIBA,SC/830/OY,Afijio/Oyo East/Oyo West/ Atiba,FC/294/OY,,,OYO
7153,ASHIPA III,10,ATIBA,03,ATIBA,SC/830/OY,Afijio/Oyo East/Oyo West/ Atiba,FC/294/OY,,,OYO
7154,TEDE I,01,ATISBO,04,SAKI EAST AND ATISBO,SC/818/OY,Saki East/Saki West/Atisbo,FC/299/OY,,,OYO
7155,TEDE II,02,ATISBO,04,SAKI EAST AND ATISBO,SC/818/OY,Saki East/Saki West/Atisbo,FC/299/OY,,,OYO
7156,IRAWO I,03,ATISBO,04,SAKI EAST AND ATISBO,SC/818/OY,Saki East/Saki West/Atisbo,FC/299/OY,,,OYO
7157,IRAWO II,04,ATISBO,04,SAKI EAST AND ATISBO,SC/818/OY,Saki East/Saki West/Atisbo,FC/299/OY,,,OYO
7158,OFIKI,05,ATISBO,04,SAKI EAST AND ATISBO,SC/818/OY,Saki East/Saki West/Atisbo,FC/299/OY,,,OYO
7159,ALAGA,06,ATISBO,04,SAKI EAST AND ATISBO,SC/818/OY,Saki East/Saki West/Atisbo,FC/299/OY,,,OYO
7160,AGO ARE,07,ATISBO,04,SAKI EAST AND ATISBO,SC/818/OY,Saki East/Saki West/Atisbo,FC/299/OY,,,OYO
7161,AGO ARE II,08,ATISBO,04,SAKI EAST AND ATISBO,SC/818/OY,Saki East/Saki West/Atisbo,FC/299/OY,,,OYO
7162,OWO/AGUNREGE/SABE,09,ATISBO,04,SAKI EAST AND ATISBO,SC/818/OY,Saki East/Saki West/Atisbo,FC/299/OY,,,OYO
7163,BASHI,10,ATISBO,04,SAKI EAST AND ATISBO,SC/818/OY,Saki East/Saki West/Atisbo,FC/299/OY,,,OYO
7164,ERUNMU,01,EGBEDA,05,EGBEDA,SC/806/OY,Egbeda/Ona-Ara,FC/296/OY,,,OYO
7165,AYEDE/ALUGBO/KOLOKO,02,EGBEDA,05,EGBEDA,SC/806/OY,Egbeda/Ona-Ara,FC/296/OY,,,OYO
7166,OWOBAALE/KASUMU,03,EGBEDA,05,EGBEDA,SC/806/OY,Egbeda/Ona-Ara,FC/296/OY,,,OYO
7167,OLODAN/AJIWOGBO,04,EGBEDA,05,EGBEDA,SC/806/OY,Egbeda/Ona-Ara,FC/296/OY,,,OYO
7168,OLODO/KUMIPAYI I,05,EGBEDA,05,EGBEDA,SC/806/OY,Egbeda/Ona-Ara,FC/296/OY,,,OYO
7169,OLODO II,06,EGBEDA,05,EGBEDA,SC/806/OY,Egbeda/Ona-Ara,FC/296/OY,,,OYO
7170,OLODO III,07,EGBEDA,05,EGBEDA,SC/806/OY,Egbeda/Ona-Ara,FC/296/OY,,,OYO
7171,OSEGERE AWAYE,08,EGBEDA,05,EGBEDA,SC/806/OY,Egbeda/Ona-Ara,FC/296/OY,,,OYO
7172,EGBEDA,09,EGBEDA,05,EGBEDA,SC/806/OY,Egbeda/Ona-Ara,FC/296/OY,,,OYO
7173,OLODO/ALAKIA,10,EGBEDA,05,EGBEDA,SC/806/OY,Egbeda/Ona-Ara,FC/296/OY,,,OYO
7174,OLUBADAN/ESTATE,11,EGBEDA,05,EGBEDA,SC/806/OY,Egbeda/Ona-Ara,FC/296/OY,,,OYO
7175,"WARD I, N2",01,IBADAN NORTH,06,,,Ibadan North,FC/307/OY,,,OYO
7176,"WARD II, N3",02,IBADAN NORTH,06,,,Ibadan North,FC/307/OY,,,OYO
7177,"WARD III, N4",03,IBADAN NORTH,06,,,Ibadan North,FC/307/OY,,,OYO
7178,"WARD IV, N5A",04,IBADAN NORTH,06,,,Ibadan North,FC/307/OY,,,OYO
7179,"WARD V, N5A",05,IBADAN NORTH,06,,,Ibadan North,FC/307/OY,,,OYO
7180,"WARD V, N5B",06,IBADAN NORTH,06,,,Ibadan North,FC/307/OY,,,OYO
7181,"WARD VI, N6A PART I",07,IBADAN NORTH,06,,,Ibadan North,FC/307/OY,,,OYO
7182,"WARD VII, N6A PART II",08,IBADAN NORTH,06,,,Ibadan North,FC/307/OY,,,OYO
7183,"WARD VIII, N6A PART III",09,IBADAN NORTH,06,,,Ibadan North,FC/307/OY,,,OYO
7184,"WARD IX, N6B PART I",10,IBADAN NORTH,06,,,Ibadan North,FC/307/OY,,,OYO
7185,"WARD X, N6B PART II",11,IBADAN NORTH,06,,,Ibadan North,FC/307/OY,,,OYO
7186,"WARD XI, NWA",12,IBADAN NORTH,06,,,Ibadan North,FC/307/OY,,,OYO
7187,"WARD XII,NWB",13,IBADAN NORTH,06,,,Ibadan North,FC/307/OY,,,OYO
7188,WARD I EI,01,IBADAN NORTH EAST,07,,,Ibadan North East/Ibadan South East,FC/305/OY,,,OYO
7189,WARD II E2,02,IBADAN NORTH EAST,07,,,Ibadan North East/Ibadan South East,FC/305/OY,,,OYO
7190,WARD III E3,03,IBADAN NORTH EAST,07,,,Ibadan North East/Ibadan South East,FC/305/OY,,,OYO
7191,WARD IV E4,04,IBADAN NORTH EAST,07,,,Ibadan North East/Ibadan South East,FC/305/OY,,,OYO
7192,WARD V E5 (A),05,IBADAN NORTH EAST,07,,,Ibadan North East/Ibadan South East,FC/305/OY,,,OYO
7193,WARD VI E5 (B),06,IBADAN NORTH EAST,07,,,Ibadan North East/Ibadan South East,FC/305/OY,,,OYO
7194,WARD VII E6,07,IBADAN NORTH EAST,07,,,Ibadan North East/Ibadan South East,FC/305/OY,,,OYO
7195,WARD VIII E7 (I),08,IBADAN NORTH EAST,07,,,Ibadan North East/Ibadan South East,FC/305/OY,,,OYO
7196,WARD IX E7 (II),09,IBADAN NORTH EAST,07,,,Ibadan North East/Ibadan South East,FC/305/OY,,,OYO
7197,WARD X 8,10,IBADAN NORTH EAST,07,,,Ibadan North East/Ibadan South East,FC/305/OY,,,OYO
7198,WARD XI E9 (I),11,IBADAN NORTH EAST,07,,,Ibadan North East/Ibadan South East,FC/305/OY,,,OYO
7199,WARD XII E9 (II),12,IBADAN NORTH EAST,07,,,Ibadan North East/Ibadan South East,FC/305/OY,,,OYO
7200,"WARD I, NI (PART1)",01,IBADAN NORTH WEST,08,IBADAN NORTH WEST,SC/805/OY,Ibadan South West/Ibadan North West,FC/306/OY,,,OYO
7201,"WARD 2, NI, (PART II)",02,IBADAN NORTH WEST,08,IBADAN NORTH WEST,SC/805/OY,Ibadan South West/Ibadan North West,FC/306/OY,,,OYO
7202,"WARD 3, NW I",03,IBADAN NORTH WEST,08,IBADAN NORTH WEST,SC/805/OY,Ibadan South West/Ibadan North West,FC/306/OY,,,OYO
7203,"WARD 4, NW 2",04,IBADAN NORTH WEST,08,IBADAN NORTH WEST,SC/805/OY,Ibadan South West/Ibadan North West,FC/306/OY,,,OYO
7204,"WARD 5, NW 3 (PART I)",05,IBADAN NORTH WEST,08,IBADAN NORTH WEST,SC/805/OY,Ibadan South West/Ibadan North West,FC/306/OY,,,OYO
7205,"WARD 6, NW 3 (PART I)",06,IBADAN NORTH WEST,08,IBADAN NORTH WEST,SC/805/OY,Ibadan South West/Ibadan North West,FC/306/OY,,,OYO
7206,"WARD 7, NW 4",07,IBADAN NORTH WEST,08,IBADAN NORTH WEST,SC/805/OY,Ibadan South West/Ibadan North West,FC/306/OY,,,OYO
7207,"WARD 8, NW5",08,IBADAN NORTH WEST,08,IBADAN NORTH WEST,SC/805/OY,Ibadan South West/Ibadan North West,FC/306/OY,,,OYO
7208,"WARD 9, NW6",09,IBADAN NORTH WEST,08,IBADAN NORTH WEST,SC/805/OY,Ibadan South West/Ibadan North West,FC/306/OY,,,OYO
7209,"WARD 10, NW 7",10,IBADAN NORTH WEST,08,IBADAN NORTH WEST,SC/805/OY,Ibadan South West/Ibadan North West,FC/306/OY,,,OYO
7210,"WARD 11, NW 7",11,IBADAN NORTH WEST,08,IBADAN NORTH WEST,SC/805/OY,Ibadan South West/Ibadan North West,FC/306/OY,,,OYO
7211,CI,01,IBADAN SOUTH EAST,09,,,Ibadan North East/Ibadan South East,FC/305/OY,,,OYO
7212,SI,02,IBADAN SOUTH EAST,09,,,Ibadan North East/Ibadan South East,FC/305/OY,,,OYO
7213,S2A,03,IBADAN SOUTH EAST,09,,,Ibadan North East/Ibadan South East,FC/305/OY,,,OYO
7214,S2B,04,IBADAN SOUTH EAST,09,,,Ibadan North East/Ibadan South East,FC/305/OY,,,OYO
7215,S3,05,IBADAN SOUTH EAST,09,,,Ibadan North East/Ibadan South East,FC/305/OY,,,OYO
7216,S4A,06,IBADAN SOUTH EAST,09,,,Ibadan North East/Ibadan South East,FC/305/OY,,,OYO
7217,S4B,07,IBADAN SOUTH EAST,09,,,Ibadan North East/Ibadan South East,FC/305/OY,,,OYO
7218,S5,08,IBADAN SOUTH EAST,09,,,Ibadan North East/Ibadan South East,FC/305/OY,,,OYO
7219,S6A,09,IBADAN SOUTH EAST,09,,,Ibadan North East/Ibadan South East,FC/305/OY,,,OYO
7220,S6B,10,IBADAN SOUTH EAST,09,,,Ibadan North East/Ibadan South East,FC/305/OY,,,OYO
7221,S7A,11,IBADAN SOUTH EAST,09,,,Ibadan North East/Ibadan South East,FC/305/OY,,,OYO
7222,S7B,12,IBADAN SOUTH EAST,09,,,Ibadan North East/Ibadan South East,FC/305/OY,,,OYO
7223,WARD ICS,01,IBADAN SOUTH WEST,10,,,Ibadan South West/Ibadan North West,FC/306/OY,,,OYO
7224,WARD 2SWI,02,IBADAN SOUTH WEST,10,,,Ibadan South West/Ibadan North West,FC/306/OY,,,OYO
7225,WARD 3SW2,03,IBADAN SOUTH WEST,10,,,Ibadan South West/Ibadan North West,FC/306/OY,,,OYO
7226,WARD SW3A & 3B,04,IBADAN SOUTH WEST,10,,,Ibadan South West/Ibadan North West,FC/306/OY,,,OYO
7227,WARD 5,05,IBADAN SOUTH WEST,10,,,Ibadan South West/Ibadan North West,FC/306/OY,,,OYO
7228,WARD 6,06,IBADAN SOUTH WEST,10,,,Ibadan South West/Ibadan North West,FC/306/OY,,,OYO
7229,WARD 7,07,IBADAN SOUTH WEST,10,,,Ibadan South West/Ibadan North West,FC/306/OY,,,OYO
7230,WARD 8,08,IBADAN SOUTH WEST,10,,,Ibadan South West/Ibadan North West,FC/306/OY,,,OYO
7231,WARD 9,09,IBADAN SOUTH WEST,10,,,Ibadan South West/Ibadan North West,FC/306/OY,,,OYO
7232,WARD 10,10,IBADAN SOUTH WEST,10,,,Ibadan South West/Ibadan North West,FC/306/OY,,,OYO
7233,WARD 11,11,IBADAN SOUTH WEST,10,,,Ibadan South West/Ibadan North West,FC/306/OY,,,OYO
7234,WARD 12,12,IBADAN SOUTH WEST,10,,,Ibadan South West/Ibadan North West,FC/306/OY,,,OYO
7235,IDERE I (MOLETE),01,IBARAPA CENTRAL,11,IBARAPA NORTH & IBARAPA CENTRAL,SC/815/OY,Ibarapa Central/Ibarapa North,FC/297/OY,,,OYO
7236,IDERE II OMINIGBO/OKE OBA),02,IBARAPA CENTRAL,11,IBARAPA NORTH & IBARAPA CENTRAL,SC/815/OY,Ibarapa Central/Ibarapa North,FC/297/OY,,,OYO
7237,IDERE III (KOSO/APA),03,IBARAPA CENTRAL,11,IBARAPA NORTH & IBARAPA CENTRAL,SC/815/OY,Ibarapa Central/Ibarapa North,FC/297/OY,,,OYO
7238,IBEREKODO I (PATAOJU),04,IBARAPA CENTRAL,11,IBARAPA NORTH & IBARAPA CENTRAL,SC/815/OY,Ibarapa Central/Ibarapa North,FC/297/OY,,,OYO
7239,"IBEREKODO II, (AGOORO/ITABAALE)",05,IBARAPA CENTRAL,11,IBARAPA NORTH & IBARAPA CENTRAL,SC/815/OY,Ibarapa Central/Ibarapa North,FC/297/OY,,,OYO
7240,IDOFIN/SAGANUN IDOFIN I&II,06,IBARAPA CENTRAL,11,IBARAPA NORTH & IBARAPA CENTRAL,SC/815/OY,Ibarapa Central/Ibarapa North,FC/297/OY,,,OYO
7241,IGBOLE/PAKO,07,IBARAPA CENTRAL,11,IBARAPA NORTH & IBARAPA CENTRAL,SC/815/OY,Ibarapa Central/Ibarapa North,FC/297/OY,,,OYO
7242,ISALE-OBA,08,IBARAPA CENTRAL,11,IBARAPA NORTH & IBARAPA CENTRAL,SC/815/OY,Ibarapa Central/Ibarapa North,FC/297/OY,,,OYO
7243,OKESERIN I & II,09,IBARAPA CENTRAL,11,IBARAPA NORTH & IBARAPA CENTRAL,SC/815/OY,Ibarapa Central/Ibarapa North,FC/297/OY,,,OYO
7244,OKE-ODO,10,IBARAPA CENTRAL,11,IBARAPA NORTH & IBARAPA CENTRAL,SC/815/OY,Ibarapa Central/Ibarapa North,FC/297/OY,,,OYO
7245,ERUWA I,01,IBARAPA EAST,12,IBARAPA EAST,SC/816/OY,Ibarapa East/Ido,FC/298/OY,,,OYO
7246,ERUWA II,02,IBARAPA EAST,12,IBARAPA EAST,SC/816/OY,Ibarapa East/Ido,FC/298/OY,,,OYO
7247,ERUWA III,03,IBARAPA EAST,12,IBARAPA EAST,SC/816/OY,Ibarapa East/Ido,FC/298/OY,,,OYO
7248,ERUWA IV,04,IBARAPA EAST,12,IBARAPA EAST,SC/816/OY,Ibarapa East/Ido,FC/298/OY,,,OYO
7249,ERUWA V,05,IBARAPA EAST,12,IBARAPA EAST,SC/816/OY,Ibarapa East/Ido,FC/298/OY,,,OYO
7250,ERUWA VI,06,IBARAPA EAST,12,IBARAPA EAST,SC/816/OY,Ibarapa East/Ido,FC/298/OY,,,OYO
7251,LANLATE I,07,IBARAPA EAST,12,IBARAPA EAST,SC/816/OY,Ibarapa East/Ido,FC/298/OY,,,OYO
7252,LANLATE II,08,IBARAPA EAST,12,IBARAPA EAST,SC/816/OY,Ibarapa East/Ido,FC/298/OY,,,OYO
7253,LANLATE III,09,IBARAPA EAST,12,IBARAPA EAST,SC/816/OY,Ibarapa East/Ido,FC/298/OY,,,OYO
7254,LANLATE IV,10,IBARAPA EAST,12,IBARAPA EAST,SC/816/OY,Ibarapa East/Ido,FC/298/OY,,,OYO
7255,AYETE I,01,IBARAPA NORTH,13,IBARAPA NORTH & IBARAPA CENTRAL,SC/815/OY,Ibarapa Central/Ibarapa North,FC/297/OY,,,OYO
7256,AYETE II,02,IBARAPA NORTH,13,IBARAPA NORTH & IBARAPA CENTRAL,SC/815/OY,Ibarapa Central/Ibarapa North,FC/297/OY,,,OYO
7257,IGANGAN I,03,IBARAPA NORTH,13,IBARAPA NORTH & IBARAPA CENTRAL,SC/815/OY,Ibarapa Central/Ibarapa North,FC/297/OY,,,OYO
7258,IGANGAN II,04,IBARAPA NORTH,13,IBARAPA NORTH & IBARAPA CENTRAL,SC/815/OY,Ibarapa Central/Ibarapa North,FC/297/OY,,,OYO
7259,IGANGA III,05,IBARAPA NORTH,13,IBARAPA NORTH & IBARAPA CENTRAL,SC/815/OY,Ibarapa Central/Ibarapa North,FC/297/OY,,,OYO
7260,IGANGA IV,06,IBARAPA NORTH,13,IBARAPA NORTH & IBARAPA CENTRAL,SC/815/OY,Ibarapa Central/Ibarapa North,FC/297/OY,,,OYO
7261,OFIKI I,07,IBARAPA NORTH,13,IBARAPA NORTH & IBARAPA CENTRAL,SC/815/OY,Ibarapa Central/Ibarapa North,FC/297/OY,,,OYO
7262,OFIKI II,08,IBARAPA NORTH,13,IBARAPA NORTH & IBARAPA CENTRAL,SC/815/OY,Ibarapa Central/Ibarapa North,FC/297/OY,,,OYO
7263,TAPA I,09,IBARAPA NORTH,13,IBARAPA NORTH & IBARAPA CENTRAL,SC/815/OY,Ibarapa Central/Ibarapa North,FC/297/OY,,,OYO
7264,TAPA II,10,IBARAPA NORTH,13,IBARAPA NORTH & IBARAPA CENTRAL,SC/815/OY,Ibarapa Central/Ibarapa North,FC/297/OY,,,OYO
7265,ABA EMO/OLAJU/ALAKO,01,IDO,14,IDO,SC/817/OY,Ibarapa East/Ido,FC/298/OY,,,OYO
7266,AKUFO/IDIGBA/ARAROMI,02,IDO,14,IDO,SC/817/OY,Ibarapa East/Ido,FC/298/OY,,,OYO
7267,AKINWARE/AKINDELE,03,IDO,14,IDO,SC/817/OY,Ibarapa East/Ido,FC/298/OY,,,OYO
7268,APETE/AYEGUN/AWOTAN,04,IDO,14,IDO,SC/817/OY,Ibarapa East/Ido,FC/298/OY,,,OYO
7269,BATAKE/IDI-IYA,05,IDO,14,IDO,SC/817/OY,Ibarapa East/Ido,FC/298/OY,,,OYO
7270,IRINWYUSI/KOGUO/ODETO LA,06,IDO,14,IDO,SC/817/OY,Ibarapa East/Ido,FC/298/OY,,,OYO
7271,FENWA/OGUNLA/ELENUSO NSO,07,IDO,14,IDO,SC/817/OY,Ibarapa East/Ido,FC/298/OY,,,OYO
7272,IDO/ONIKEDE/OKUNA AWO,08,IDO,14,IDO,SC/817/OY,Ibarapa East/Ido,FC/298/OY,,,OYO
7273,OMI ADIO/OMI ONIGBAGBO BAKATARI,09,IDO,14,IDO,SC/817/OY,Ibarapa East/Ido,FC/298/OY,,,OYO
7274,"OGUNDELE/ALAHO/SIBA/IDI
-AHUN",10,IDO,14,IDO,SC/817/OY,Ibarapa East/Ido,FC/298/OY,,,OYO
7275,AGORO,01,IREPO,15,IREPO & OLORUNSOGO,SC/819/OY,Irepo/Orelope/Olorunsogo,FC/300/OY,,,OYO
7276,AJUGUNNA,02,IREPO,15,IREPO & OLORUNSOGO,SC/819/OY,Irepo/Orelope/Olorunsogo,FC/300/OY,,,OYO
7277,ATIPA,03,IREPO,15,IREPO & OLORUNSOGO,SC/819/OY,Irepo/Orelope/Olorunsogo,FC/300/OY,,,OYO
7278,IBA I,04,IREPO,15,IREPO & OLORUNSOGO,SC/819/OY,Irepo/Orelope/Olorunsogo,FC/300/OY,,,OYO
7279,IBA II,05,IREPO,15,IREPO & OLORUNSOGO,SC/819/OY,Irepo/Orelope/Olorunsogo,FC/300/OY,,,OYO
7280,IBA III,06,IREPO,15,IREPO & OLORUNSOGO,SC/819/OY,Irepo/Orelope/Olorunsogo,FC/300/OY,,,OYO
7281,IBA IV,07,IREPO,15,IREPO & OLORUNSOGO,SC/819/OY,Irepo/Orelope/Olorunsogo,FC/300/OY,,,OYO
7282,IBA V,08,IREPO,15,IREPO & OLORUNSOGO,SC/819/OY,Irepo/Orelope/Olorunsogo,FC/300/OY,,,OYO
7283,IKOLABA,09,IREPO,15,IREPO & OLORUNSOGO,SC/819/OY,Irepo/Orelope/Olorunsogo,FC/300/OY,,,OYO
7284,LAHA/AJANA,10,IREPO,15,IREPO & OLORUNSOGO,SC/819/OY,Irepo/Orelope/Olorunsogo,FC/300/OY,,,OYO
7285,ADO-AWAYE,01,ISEYIN,16,ISEYIN AND ITESIWAJU,SC/820/OY,Iseyin/Itesiwaju/Kajola/ Iwajowa,FC/301/OY,,,OYO
7286,AKINWUMI/OSOOGUN,02,ISEYIN,16,ISEYIN AND ITESIWAJU,SC/820/OY,Iseyin/Itesiwaju/Kajola/ Iwajowa,FC/301/OY,,,OYO
7287,EKUNLE I,03,ISEYIN,16,ISEYIN AND ITESIWAJU,SC/820/OY,Iseyin/Itesiwaju/Kajola/ Iwajowa,FC/301/OY,,,OYO
7288,EKUNLE II,04,ISEYIN,16,ISEYIN AND ITESIWAJU,SC/820/OY,Iseyin/Itesiwaju/Kajola/ Iwajowa,FC/301/OY,,,OYO
7289,FARAMORA,05,ISEYIN,16,ISEYIN AND ITESIWAJU,SC/820/OY,Iseyin/Itesiwaju/Kajola/ Iwajowa,FC/301/OY,,,OYO
7290,IJEMBA/OKE-OLA/OKE-OJA,06,ISEYIN,16,ISEYIN AND ITESIWAJU,SC/820/OY,Iseyin/Itesiwaju/Kajola/ Iwajowa,FC/301/OY,,,OYO
7291,ISALU I,07,ISEYIN,16,ISEYIN AND ITESIWAJU,SC/820/OY,Iseyin/Itesiwaju/Kajola/ Iwajowa,FC/301/OY,,,OYO
7292,ISALU II,08,ISEYIN,16,ISEYIN AND ITESIWAJU,SC/820/OY,Iseyin/Itesiwaju/Kajola/ Iwajowa,FC/301/OY,,,OYO
7293,KOSO I,09,ISEYIN,16,ISEYIN AND ITESIWAJU,SC/820/OY,Iseyin/Itesiwaju/Kajola/ Iwajowa,FC/301/OY,,,OYO
7294,KOSO II,10,ISEYIN,16,ISEYIN AND ITESIWAJU,SC/820/OY,Iseyin/Itesiwaju/Kajola/ Iwajowa,FC/301/OY,,,OYO
7295,LADOGAN/OKE EYIN,11,ISEYIN,16,ISEYIN AND ITESIWAJU,SC/820/OY,Iseyin/Itesiwaju/Kajola/ Iwajowa,FC/301/OY,,,OYO
7296,BABAODE,01,ITESIWAJU,17,ISEYIN AND ITESIWAJU,SC/820/OY,Iseyin/Itesiwaju/Kajola/ Iwajowa,FC/301/OY,,,OYO
7297,IGBOJAIYE,02,ITESIWAJU,17,ISEYIN AND ITESIWAJU,SC/820/OY,Iseyin/Itesiwaju/Kajola/ Iwajowa,FC/301/OY,,,OYO
7298,IPAPO,03,ITESIWAJU,17,ISEYIN AND ITESIWAJU,SC/820/OY,Iseyin/Itesiwaju/Kajola/ Iwajowa,FC/301/OY,,,OYO
7299,KOMU,04,ITESIWAJU,17,ISEYIN AND ITESIWAJU,SC/820/OY,Iseyin/Itesiwaju/Kajola/ Iwajowa,FC/301/OY,,,OYO
7300,OKAKA I,05,ITESIWAJU,17,ISEYIN AND ITESIWAJU,SC/820/OY,Iseyin/Itesiwaju/Kajola/ Iwajowa,FC/301/OY,,,OYO
7301,OKAKA II,06,ITESIWAJU,17,ISEYIN AND ITESIWAJU,SC/820/OY,Iseyin/Itesiwaju/Kajola/ Iwajowa,FC/301/OY,,,OYO
7302,OKE AMU,07,ITESIWAJU,17,ISEYIN AND ITESIWAJU,SC/820/OY,Iseyin/Itesiwaju/Kajola/ Iwajowa,FC/301/OY,,,OYO
7303,OUT I,08,ITESIWAJU,17,ISEYIN AND ITESIWAJU,SC/820/OY,Iseyin/Itesiwaju/Kajola/ Iwajowa,FC/301/OY,,,OYO
7304,OUT II,09,ITESIWAJU,17,ISEYIN AND ITESIWAJU,SC/820/OY,Iseyin/Itesiwaju/Kajola/ Iwajowa,FC/301/OY,,,OYO
7305,OWODE/IPAPO,10,ITESIWAJU,17,ISEYIN AND ITESIWAJU,SC/820/OY,Iseyin/Itesiwaju/Kajola/ Iwajowa,FC/301/OY,,,OYO
7306,AGBAAKIN I,01,IWAJOWA,18,IWAJOWA,SC/822/OY,Iseyin/Itesiwaju/Kajola/ Iwajowa,FC/301/OY,,,OYO
7307,AGBAKIN II,02,IWAJOWA,18,IWAJOWA,SC/822/OY,Iseyin/Itesiwaju/Kajola/ Iwajowa,FC/301/OY,,,OYO
7308,IWERE ILE I,03,IWAJOWA,18,IWAJOWA,SC/822/OY,Iseyin/Itesiwaju/Kajola/ Iwajowa,FC/301/OY,,,OYO
7309,IWERE ILE II,04,IWAJOWA,18,IWAJOWA,SC/822/OY,Iseyin/Itesiwaju/Kajola/ Iwajowa,FC/301/OY,,,OYO
7310,IWERE ILE III,05,IWAJOWA,18,IWAJOWA,SC/822/OY,Iseyin/Itesiwaju/Kajola/ Iwajowa,FC/301/OY,,,OYO
7311,IWERE ILE IV,06,IWAJOWA,18,IWAJOWA,SC/822/OY,Iseyin/Itesiwaju/Kajola/ Iwajowa,FC/301/OY,,,OYO
7312,SABIGANA I,07,IWAJOWA,18,IWAJOWA,SC/822/OY,Iseyin/Itesiwaju/Kajola/ Iwajowa,FC/301/OY,,,OYO
7313,SABIGANA II,08,IWAJOWA,18,IWAJOWA,SC/822/OY,Iseyin/Itesiwaju/Kajola/ Iwajowa,FC/301/OY,,,OYO
7314,SABIGANA II,09,IWAJOWA,18,IWAJOWA,SC/822/OY,Iseyin/Itesiwaju/Kajola/ Iwajowa,FC/301/OY,,,OYO
7315,SABIGANA IV,10,IWAJOWA,18,IWAJOWA,SC/822/OY,Iseyin/Itesiwaju/Kajola/ Iwajowa,FC/301/OY,,,OYO
7316,AYETORO-OKE I,01,KAJOLA,19,KAJOLA,SC/821/OY,Iseyin/Itesiwaju/Kajola/ Iwajowa,FC/301/OY,,,OYO
7317,ELERO,02,KAJOLA,19,KAJOLA,SC/821/OY,Iseyin/Itesiwaju/Kajola/ Iwajowa,FC/301/OY,,,OYO
7318,GBELEKALE I&II,03,KAJOLA,19,KAJOLA,SC/821/OY,Iseyin/Itesiwaju/Kajola/ Iwajowa,FC/301/OY,,,OYO
7319,EBA-OGAN,04,KAJOLA,19,KAJOLA,SC/821/OY,Iseyin/Itesiwaju/Kajola/ Iwajowa,FC/301/OY,,,OYO
7320,IJO,05,KAJOLA,19,KAJOLA,SC/821/OY,Iseyin/Itesiwaju/Kajola/ Iwajowa,FC/301/OY,,,OYO
7321,ILAJI OKE/IWERE-OKE,06,KAJOLA,19,KAJOLA,SC/821/OY,Iseyin/Itesiwaju/Kajola/ Iwajowa,FC/301/OY,,,OYO
7322,IMOBA/OKE-OGUN,07,KAJOLA,19,KAJOLA,SC/821/OY,Iseyin/Itesiwaju/Kajola/ Iwajowa,FC/301/OY,,,OYO
7323,ISEMI-ILE/IMIA/ILUA,08,KAJOLA,19,KAJOLA,SC/821/OY,Iseyin/Itesiwaju/Kajola/ Iwajowa,FC/301/OY,,,OYO
7324,ISIA,09,KAJOLA,19,KAJOLA,SC/821/OY,Iseyin/Itesiwaju/Kajola/ Iwajowa,FC/301/OY,,,OYO
7325,KAJOLA,10,KAJOLA,19,KAJOLA,SC/821/OY,Iseyin/Itesiwaju/Kajola/ Iwajowa,FC/301/OY,,,OYO
7326,OLELE,11,KAJOLA,19,KAJOLA,SC/821/OY,Iseyin/Itesiwaju/Kajola/ Iwajowa,FC/301/OY,,,OYO
7327,AJARA/OPEODU,01,LAGELU,20,LAGELU,SC/823/OY,Akinyele/Lagelu,FC/295/OY,,,OYO
7328,APATERE/KUFFI/OGUNBOD E/OGO,02,LAGELU,20,LAGELU,SC/823/OY,Akinyele/Lagelu,FC/295/OY,,,OYO
7329,ARULOGUNEHIN/KELEBE,03,LAGELU,20,LAGELU,SC/823/OY,Akinyele/Lagelu,FC/295/OY,,,OYO
7330,EJIOKU/IGBON/ARIKU,04,LAGELU,20,LAGELU,SC/823/OY,Akinyele/Lagelu,FC/295/OY,,,OYO
7331,LAGELU MARKET/KAJOLA/GBENA,05,LAGELU,20,LAGELU,SC/823/OY,Akinyele/Lagelu,FC/295/OY,,,OYO
7332,LAGUN,06,LAGELU,20,LAGELU,SC/823/OY,Akinyele/Lagelu,FC/295/OY,,,OYO
7333,LALUPON I,07,LAGELU,20,LAGELU,SC/823/OY,Akinyele/Lagelu,FC/295/OY,,,OYO
7334,LALUPON II,08,LAGELU,20,LAGELU,SC/823/OY,Akinyele/Lagelu,FC/295/OY,,,OYO
7335,LALUPON III,09,LAGELU,20,LAGELU,SC/823/OY,Akinyele/Lagelu,FC/295/OY,,,OYO
7336,OFA-IGBO,10,LAGELU,20,LAGELU,SC/823/OY,Akinyele/Lagelu,FC/295/OY,,,OYO
7337,OGUNJANA/OLOWODE/OGB URO,11,LAGELU,20,LAGELU,SC/823/OY,Akinyele/Lagelu,FC/295/OY,,,OYO
7338,OGUNREMI/OGUNSINA,12,LAGELU,20,LAGELU,SC/823/OY,Akinyele/Lagelu,FC/295/OY,,,OYO
7339,OYEDEJI/OLODE/KUTAYI,13,LAGELU,20,LAGELU,SC/823/OY,Akinyele/Lagelu,FC/295/OY,,,OYO
7340,SAGBE/PABIEKUN,14,LAGELU,20,LAGELU,SC/823/OY,Akinyele/Lagelu,FC/295/OY,,,OYO
7341,ABOGUNDE,01,OGBOMOSO NORTH,21,OGBOMOSO NORTH,SC/824/OY,Ogbomoso North/ Ogbomoso South/Orire,FC/302/OY,,,OYO
7342,AAJE/OGUNBADO/OKE AGBEDE,02,OGBOMOSO NORTH,21,OGBOMOSO NORTH,SC/824/OY,Ogbomoso North/ Ogbomoso South/Orire,FC/302/OY,,,OYO
7343,AGUODO/MASIFA,03,OGBOMOSO NORTH,21,OGBOMOSO NORTH,SC/824/OY,Ogbomoso North/ Ogbomoso South/Orire,FC/302/OY,,,OYO
7344,ISALE AFON,04,OGBOMOSO NORTH,21,OGBOMOSO NORTH,SC/824/OY,Ogbomoso North/ Ogbomoso South/Orire,FC/302/OY,,,OYO
7345,ISALE ALAASA,05,OGBOMOSO NORTH,21,OGBOMOSO NORTH,SC/824/OY,Ogbomoso North/ Ogbomoso South/Orire,FC/302/OY,,,OYO
7346,ISALE ORA/SAJA,06,OGBOMOSO NORTH,21,OGBOMOSO NORTH,SC/824/OY,Ogbomoso North/ Ogbomoso South/Orire,FC/302/OY,,,OYO
7347,JAGUN,07,OGBOMOSO NORTH,21,OGBOMOSO NORTH,SC/824/OY,Ogbomoso North/ Ogbomoso South/Orire,FC/302/OY,,,OYO
7348,OKELERIN,08,OGBOMOSO NORTH,21,OGBOMOSO NORTH,SC/824/OY,Ogbomoso North/ Ogbomoso South/Orire,FC/302/OY,,,OYO
7349,OSUPA,09,OGBOMOSO NORTH,21,OGBOMOSO NORTH,SC/824/OY,Ogbomoso North/ Ogbomoso South/Orire,FC/302/OY,,,OYO
7350,SABO/TAARA,10,OGBOMOSO NORTH,21,OGBOMOSO NORTH,SC/824/OY,Ogbomoso North/ Ogbomoso South/Orire,FC/302/OY,,,OYO
7351,AKATA,01,OGBOMOSO,22,OGBOMOSO SOUTH,SC/825/OY,Ogbomoso North/ Ogbomoso South/Orire,FC/302/OY,,,OYO
7352,ALAPATA,02,OGBOMOSO,22,OGBOMOSO SOUTH,SC/825/OY,Ogbomoso North/ Ogbomoso South/Orire,FC/302/OY,,,OYO
7353,AROWOMOLE,03,OGBOMOSO,22,OGBOMOSO SOUTH,SC/825/OY,Ogbomoso North/ Ogbomoso South/Orire,FC/302/OY,,,OYO
7354,IBAPON,04,OGBOMOSO,22,OGBOMOSO SOUTH,SC/825/OY,Ogbomoso North/ Ogbomoso South/Orire,FC/302/OY,,,OYO
7355,IJERU I,05,OGBOMOSO,22,OGBOMOSO SOUTH,SC/825/OY,Ogbomoso North/ Ogbomoso South/Orire,FC/302/OY,,,OYO
7356,IJERU II,06,OGBOMOSO,22,OGBOMOSO SOUTH,SC/825/OY,Ogbomoso North/ Ogbomoso South/Orire,FC/302/OY,,,OYO
7357,ILOGBO,07,OGBOMOSO,22,OGBOMOSO SOUTH,SC/825/OY,Ogbomoso North/ Ogbomoso South/Orire,FC/302/OY,,,OYO
7358,ISOKO,08,OGBOMOSO,22,OGBOMOSO SOUTH,SC/825/OY,Ogbomoso North/ Ogbomoso South/Orire,FC/302/OY,,,OYO
7359,LAGBEDU,09,OGBOMOSO,22,OGBOMOSO SOUTH,SC/825/OY,Ogbomoso North/ Ogbomoso South/Orire,FC/302/OY,,,OYO
7360,OKE-OLA/FARM SETTLEMENT,10,OGBOMOSO,22,OGBOMOSO SOUTH,SC/825/OY,Ogbomoso North/ Ogbomoso South/Orire,FC/302/OY,,,OYO
7361,AJAAWA I,01,OGO-OLUWA,23,OGO-OLUWA AND SURULERE,SC/832/OY,Ogo-Oluwa/Surulere,FC/303/OY,,,OYO
7362,AJAAWA II,02,OGO-OLUWA,23,OGO-OLUWA AND SURULERE,SC/832/OY,Ogo-Oluwa/Surulere,FC/303/OY,,,OYO
7363,AYEDE,03,OGO-OLUWA,23,OGO-OLUWA AND SURULERE,SC/832/OY,Ogo-Oluwa/Surulere,FC/303/OY,,,OYO
7364,AAYETORO,04,OGO-OLUWA,23,OGO-OLUWA AND SURULERE,SC/832/OY,Ogo-Oluwa/Surulere,FC/303/OY,,,OYO
7365,IDEWURE,05,OGO-OLUWA,23,OGO-OLUWA AND SURULERE,SC/832/OY,Ogo-Oluwa/Surulere,FC/303/OY,,,OYO
7366,LAGBEDU,06,OGO-OLUWA,23,OGO-OLUWA AND SURULERE,SC/832/OY,Ogo-Oluwa/Surulere,FC/303/OY,,,OYO
7367,MOWOLOWO/IWOATE,07,OGO-OLUWA,23,OGO-OLUWA AND SURULERE,SC/832/OY,Ogo-Oluwa/Surulere,FC/303/OY,,,OYO
7368,ODO-OBA,08,OGO-OLUWA,23,OGO-OLUWA AND SURULERE,SC/832/OY,Ogo-Oluwa/Surulere,FC/303/OY,,,OYO
7369,OPETE,09,OGO-OLUWA,23,OGO-OLUWA AND SURULERE,SC/832/OY,Ogo-Oluwa/Surulere,FC/303/OY,,,OYO
7370,OMATOKUN,10,OGO-OLUWA,23,OGO-OLUWA AND SURULERE,SC/832/OY,Ogo-Oluwa/Surulere,FC/303/OY,,,OYO
7371,ABOKE (ABOYUN OGUN),01,OLORUNSOGO,24,IREPO & OLORUNSOGO,SC/819/OY,Irepo/Orelope/Olorunsogo,FC/300/OY,,,OYO
7372,ELERUGBA/ELEHINKE/SAG BON (APERU),02,OLORUNSOGO,24,IREPO & OLORUNSOGO,SC/819/OY,Irepo/Orelope/Olorunsogo,FC/300/OY,,,OYO
7373,IKOLABA/OBADIMO,03,OLORUNSOGO,24,IREPO & OLORUNSOGO,SC/819/OY,Irepo/Orelope/Olorunsogo,FC/300/OY,,,OYO
7374,ONIGBETI I,04,OLORUNSOGO,24,IREPO & OLORUNSOGO,SC/819/OY,Irepo/Orelope/Olorunsogo,FC/300/OY,,,OYO
7375,ONIGBETI II/SAAGBON AGORO (SANTO),05,OLORUNSOGO,24,IREPO & OLORUNSOGO,SC/819/OY,Irepo/Orelope/Olorunsogo,FC/300/OY,,,OYO
7376,ONIGBETI III & IV (AGBENI),06,OLORUNSOGO,24,IREPO & OLORUNSOGO,SC/819/OY,Irepo/Orelope/Olorunsogo,FC/300/OY,,,OYO
7377,OPA/OGUNYIYI,07,OLORUNSOGO,24,IREPO & OLORUNSOGO,SC/819/OY,Irepo/Orelope/Olorunsogo,FC/300/OY,,,OYO
7378,SERIKI I*ABOSINO (OKIN),08,OLORUNSOGO,24,IREPO & OLORUNSOGO,SC/819/OY,Irepo/Orelope/Olorunsogo,FC/300/OY,,,OYO
7379,SERIKI II (AGBELE),09,OLORUNSOGO,24,IREPO & OLORUNSOGO,SC/819/OY,Irepo/Orelope/Olorunsogo,FC/300/OY,,,OYO
7380,WARO/APATA-ALAJE,10,OLORUNSOGO,24,IREPO & OLORUNSOGO,SC/819/OY,Irepo/Orelope/Olorunsogo,FC/300/OY,,,OYO
7381,AYEGUN,01,OLUYOLE,25,OLUYOLE,SC/826/OY,Oluyole,FC/304/OY,,,OYO
7382,IDI-IROKO/IKEREKU,02,OLUYOLE,25,OLUYOLE,SC/826/OY,Oluyole,FC/304/OY,,,OYO
7383,IDI-OSAN/EGBEDA-ATUBA,03,OLUYOLE,25,OLUYOLE,SC/826/OY,Oluyole,FC/304/OY,,,OYO
7384,MOSLEM/OGBERE,04,OLUYOLE,25,OLUYOLE,SC/826/OY,Oluyole,FC/304/OY,,,OYO
7385,ODO-ONA NLA,05,OLUYOLE,25,OLUYOLE,SC/826/OY,Oluyole,FC/304/OY,,,OYO
7386,OKANHINDE/LAGUNDE,06,OLUYOLE,25,OLUYOLE,SC/826/OY,Oluyole,FC/304/OY,,,OYO
7387,OLOMI/OLURINDE,07,OLUYOLE,25,OLUYOLE,SC/826/OY,Oluyole,FC/304/OY,,,OYO
7388,OLONDE/ABA-NLA,08,OLUYOLE,25,OLUYOLE,SC/826/OY,Oluyole,FC/304/OY,,,OYO
7389,ONIPE,09,OLUYOLE,25,OLUYOLE,SC/826/OY,Oluyole,FC/304/OY,,,OYO
7390,ORISUNBARE/OJO-EKUN,10,OLUYOLE,25,OLUYOLE,SC/826/OY,Oluyole,FC/304/OY,,,OYO
7391,AKANRAN/OLORUNDA,01,ONA-ARA,26,ONA-ARA,SC/827/OY,Egbeda/Ona-Ara,FC/296/OY,,,OYO
7392,ARAROMI/APERIN,02,ONA-ARA,26,ONA-ARA,SC/827/OY,Egbeda/Ona-Ara,FC/296/OY,,,OYO
7393,BADEKU,03,ONA-ARA,26,ONA-ARA,SC/827/OY,Egbeda/Ona-Ara,FC/296/OY,,,OYO
7394,GBADA EFON,04,ONA-ARA,26,ONA-ARA,SC/827/OY,Egbeda/Ona-Ara,FC/296/OY,,,OYO
7395,ODIODE YALE/ODIAPERIN,05,ONA-ARA,26,ONA-ARA,SC/827/OY,Egbeda/Ona-Ara,FC/296/OY,,,OYO
7396,OGBERE,06,ONA-ARA,26,ONA-ARA,SC/827/OY,Egbeda/Ona-Ara,FC/296/OY,,,OYO
7397,OGBERE TIOYA,07,ONA-ARA,26,ONA-ARA,SC/827/OY,Egbeda/Ona-Ara,FC/296/OY,,,OYO
7398,OJOKU/AJIA,08,ONA-ARA,26,ONA-ARA,SC/827/OY,Egbeda/Ona-Ara,FC/296/OY,,,OYO
7399,OLORUNSOGO,09,ONA-ARA,26,ONA-ARA,SC/827/OY,Egbeda/Ona-Ara,FC/296/OY,,,OYO
7400,OLODE/GBEDUN/OJEBODE,10,ONA-ARA,26,ONA-ARA,SC/827/OY,Egbeda/Ona-Ara,FC/296/OY,,,OYO
7401,OREMEJI/AGUGU,11,ONA-ARA,26,ONA-ARA,SC/827/OY,Egbeda/Ona-Ara,FC/296/OY,,,OYO
7402,AALEPATA,01,OORELOPE,27,OORELOPE,SC/828/OY,Irepo/Orelope/Olorunsogo,FC/300/OY,,,OYO
7403,AARE,02,OORELOPE,27,OORELOPE,SC/828/OY,Irepo/Orelope/Olorunsogo,FC/300/OY,,,OYO
7404,BONNI,03,OORELOPE,27,OORELOPE,SC/828/OY,Irepo/Orelope/Olorunsogo,FC/300/OY,,,OYO
7405,IGBOPE/IYEYE I,04,OORELOPE,27,OORELOPE,SC/828/OY,Irepo/Orelope/Olorunsogo,FC/300/OY,,,OYO
7406,IGBOPE/IYEYE II,05,OORELOPE,27,OORELOPE,SC/828/OY,Irepo/Orelope/Olorunsogo,FC/300/OY,,,OYO
7407,IGI ISUBU,06,OORELOPE,27,OORELOPE,SC/828/OY,Irepo/Orelope/Olorunsogo,FC/300/OY,,,OYO
7408,ONE ONIBODE I,07,OORELOPE,27,OORELOPE,SC/828/OY,Irepo/Orelope/Olorunsogo,FC/300/OY,,,OYO
7409,ONA ONIBODE II,08,OORELOPE,27,OORELOPE,SC/828/OY,Irepo/Orelope/Olorunsogo,FC/300/OY,,,OYO
7410,ONA ONIBODE III,09,OORELOPE,27,OORELOPE,SC/828/OY,Irepo/Orelope/Olorunsogo,FC/300/OY,,,OYO
7411,ONIGBOH/ALAMO/OKERE,10,OORELOPE,27,OORELOPE,SC/828/OY,Irepo/Orelope/Olorunsogo,FC/300/OY,,,OYO
7412,ORIIRE I,01,ORIIRE,28,ORIIRE,SC/829/OY,Ogbomoso North/ Ogbomoso South/Orire,FC/302/OY,,,OYO
7413,ORIIRE II,02,ORIIRE,28,ORIIRE,SC/829/OY,Ogbomoso North/ Ogbomoso South/Orire,FC/302/OY,,,OYO
7414,ORIIRE III,03,ORIIRE,28,ORIIRE,SC/829/OY,Ogbomoso North/ Ogbomoso South/Orire,FC/302/OY,,,OYO
7415,ORIIRE IV,04,ORIIRE,28,ORIIRE,SC/829/OY,Ogbomoso North/ Ogbomoso South/Orire,FC/302/OY,,,OYO
7416,ORIIRE V,05,ORIIRE,28,ORIIRE,SC/829/OY,Ogbomoso North/ Ogbomoso South/Orire,FC/302/OY,,,OYO
7417,ORIIRE VI,06,ORIIRE,28,ORIIRE,SC/829/OY,Ogbomoso North/ Ogbomoso South/Orire,FC/302/OY,,,OYO
7418,ORIIRE VII,07,ORIIRE,28,ORIIRE,SC/829/OY,Ogbomoso North/ Ogbomoso South/Orire,FC/302/OY,,,OYO
7419,ORIIRE VIII,08,ORIIRE,28,ORIIRE,SC/829/OY,Ogbomoso North/ Ogbomoso South/Orire,FC/302/OY,,,OYO
7420,ORIIRE IX,09,ORIIRE,28,ORIIRE,SC/829/OY,Ogbomoso North/ Ogbomoso South/Orire,FC/302/OY,,,OYO
7421,ORIIRE X,10,ORIIRE,28,ORIIRE,SC/829/OY,Ogbomoso North/ Ogbomoso South/Orire,FC/302/OY,,,OYO
7422,AGBOYE/MOLETE,01,OYO EAST,29,OYO WEST & OYO EAST,SC/831/OY,Afijio/Oyo East/Oyo West/ Atiba,FC/294/OY,,,OYO
7423,AJAGBA,02,OYO EAST,29,OYO WEST & OYO EAST,SC/831/OY,Afijio/Oyo East/Oyo West/ Atiba,FC/294/OY,,,OYO
7424,ALAODI/MODEKE,03,OYO EAST,29,OYO WEST & OYO EAST,SC/831/OY,Afijio/Oyo East/Oyo West/ Atiba,FC/294/OY,,,OYO
7425,APAARA,04,OYO EAST,29,OYO WEST & OYO EAST,SC/831/OY,Afijio/Oyo East/Oyo West/ Atiba,FC/294/OY,,,OYO
7426,APINNI,05,OYO EAST,29,OYO WEST & OYO EAST,SC/831/OY,Afijio/Oyo East/Oyo West/ Atiba,FC/294/OY,,,OYO
7427,BALOGUN,06,OYO EAST,29,OYO WEST & OYO EAST,SC/831/OY,Afijio/Oyo East/Oyo West/ Atiba,FC/294/OY,,,OYO
7428,JABATA,07,OYO EAST,29,OYO WEST & OYO EAST,SC/831/OY,Afijio/Oyo East/Oyo West/ Atiba,FC/294/OY,,,OYO
7429,OKE APO,08,OYO EAST,29,OYO WEST & OYO EAST,SC/831/OY,Afijio/Oyo East/Oyo West/ Atiba,FC/294/OY,,,OYO
7430,OLUAJO,09,OYO EAST,29,OYO WEST & OYO EAST,SC/831/OY,Afijio/Oyo East/Oyo West/ Atiba,FC/294/OY,,,OYO
7431,OWODE/ARAROMI,10,OYO EAST,29,OYO WEST & OYO EAST,SC/831/OY,Afijio/Oyo East/Oyo West/ Atiba,FC/294/OY,,,OYO
7432,AKEETAN,01,OYO WEST,30,OYO WEST & OYO EAST,SC/831/OY,Afijio/Oyo East/Oyo West/ Atiba,FC/294/OY,,,OYO
7433,AJOKIDERO/AKEWUGBERU,02,OYO WEST,30,OYO WEST & OYO EAST,SC/831/OY,Afijio/Oyo East/Oyo West/ Atiba,FC/294/OY,,,OYO
7434,FASOLA/SOKU,03,OYO WEST,30,OYO WEST & OYO EAST,SC/831/OY,Afijio/Oyo East/Oyo West/ Atiba,FC/294/OY,,,OYO
7435,ISEKE,04,OYO WEST,30,OYO WEST & OYO EAST,SC/831/OY,Afijio/Oyo East/Oyo West/ Atiba,FC/294/OY,,,OYO
7436,ISOKUN I,05,OYO WEST,30,OYO WEST & OYO EAST,SC/831/OY,Afijio/Oyo East/Oyo West/ Atiba,FC/294/OY,,,OYO
7437,ISOKUN II,06,OYO WEST,30,OYO WEST & OYO EAST,SC/831/OY,Afijio/Oyo East/Oyo West/ Atiba,FC/294/OY,,,OYO
7438,IYAJI,07,OYO WEST,30,OYO WEST & OYO EAST,SC/831/OY,Afijio/Oyo East/Oyo West/ Atiba,FC/294/OY,,,OYO
7439,OPAPA,08,OYO WEST,30,OYO WEST & OYO EAST,SC/831/OY,Afijio/Oyo East/Oyo West/ Atiba,FC/294/OY,,,OYO
7440,OWODE,09,OYO WEST,30,OYO WEST & OYO EAST,SC/831/OY,Afijio/Oyo East/Oyo West/ Atiba,FC/294/OY,,,OYO
7441,PAKOYI/IDODE,10,OYO WEST,30,OYO WEST & OYO EAST,SC/831/OY,Afijio/Oyo East/Oyo West/ Atiba,FC/294/OY,,,OYO
7442,AGBONLE,1,SAKI EAST,31,SAKI EAST AND ATISBO,SC/818/OY,Saki East/Saki West/Atisbo,FC/299/OY,,,OYO
7443,AGO AMODU I,02,SAKI EAST,31,SAKI EAST AND ATISBO,SC/818/OY,Saki East/Saki West/Atisbo,FC/299/OY,,,OYO
7444,AGO AMODU II,03,SAKI EAST,31,SAKI EAST AND ATISBO,SC/818/OY,Saki East/Saki West/Atisbo,FC/299/OY,,,OYO
7445,OGBOORO I,04,SAKI EAST,31,SAKI EAST AND ATISBO,SC/818/OY,Saki East/Saki West/Atisbo,FC/299/OY,,,OYO
7446,OGBOORO II,05,SAKI EAST,31,SAKI EAST AND ATISBO,SC/818/OY,Saki East/Saki West/Atisbo,FC/299/OY,,,OYO
7447,OJE OWODE I,06,SAKI EAST,31,SAKI EAST AND ATISBO,SC/818/OY,Saki East/Saki West/Atisbo,FC/299/OY,,,OYO
7448,OJE OWODE II,07,SAKI EAST,31,SAKI EAST AND ATISBO,SC/818/OY,Saki East/Saki West/Atisbo,FC/299/OY,,,OYO
7449,SEPETERI I,08,SAKI EAST,31,SAKI EAST AND ATISBO,SC/818/OY,Saki East/Saki West/Atisbo,FC/299/OY,,,OYO
7450,SEPETERI II,09,SAKI EAST,31,SAKI EAST AND ATISBO,SC/818/OY,Saki East/Saki West/Atisbo,FC/299/OY,,,OYO
7451,SEPETERI III,10,SAKI EAST,31,SAKI EAST AND ATISBO,SC/818/OY,Saki East/Saki West/Atisbo,FC/299/OY,,,OYO
7452,SEPERETERI IV,11,SAKI EAST,31,SAKI EAST AND ATISBO,SC/818/OY,Saki East/Saki West/Atisbo,FC/299/OY,,,OYO
7453,AGNMU/KOOKO,1,SAKI WEST,32,SAKI WEST,SC/804/OY,Saki East/Saki West/Atisbo,FC/299/OY,,,OYO
7454,AJENGUNLE,02,SAKI WEST,32,SAKI WEST,SC/804/OY,Saki East/Saki West/Atisbo,FC/299/OY,,,OYO
7455,BAGI,03,SAKI WEST,32,SAKI WEST,SC/804/OY,Saki East/Saki West/Atisbo,FC/299/OY,,,OYO
7456,EKO-KAN MUA,04,SAKI WEST,32,SAKI WEST,SC/804/OY,Saki East/Saki West/Atisbo,FC/299/OY,,,OYO
7457,IYA,05,SAKI WEST,32,SAKI WEST,SC/804/OY,Saki East/Saki West/Atisbo,FC/299/OY,,,OYO
7458,OGIDIGBO/KINNKINN,06,SAKI WEST,32,SAKI WEST,SC/804/OY,Saki East/Saki West/Atisbo,FC/299/OY,,,OYO
7459,OKE-ORO,07,SAKI WEST,32,SAKI WEST,SC/804/OY,Saki East/Saki West/Atisbo,FC/299/OY,,,OYO
7460,OKERE I,08,SAKI WEST,32,SAKI WEST,SC/804/OY,Saki East/Saki West/Atisbo,FC/299/OY,,,OYO
7461,OKERE II,09,SAKI WEST,32,SAKI WEST,SC/804/OY,Saki East/Saki West/Atisbo,FC/299/OY,,,OYO
7462,SANGOTE/BOODA/OJUA/BA ABO,10,SAKI WEST,32,SAKI WEST,SC/804/OY,Saki East/Saki West/Atisbo,FC/299/OY,,,OYO
7463,SEPETERI/BAPON,11,SAKI WEST,32,SAKI WEST,SC/804/OY,Saki East/Saki West/Atisbo,FC/299/OY,,,OYO
7464,BAAYE-OJE,1,SURULERE,33,OGO-OLUWA AND SURULERE,SC/832/OY,Ogo-Oluwa/Surulere,FC/303/OY,,,OYO
7465,IGBON/GAMBARI,02,SURULERE,33,OGO-OLUWA AND SURULERE,SC/832/OY,Ogo-Oluwa/Surulere,FC/303/OY,,,OYO
7466,IRESAADU I (IRESAAPA),03,SURULERE,33,OGO-OLUWA AND SURULERE,SC/832/OY,Ogo-Oluwa/Surulere,FC/303/OY,,,OYO
7467,IRESAADU II (AROLU),04,SURULERE,33,OGO-OLUWA AND SURULERE,SC/832/OY,Ogo-Oluwa/Surulere,FC/303/OY,,,OYO
7468,IRESAADU III,05,SURULERE,33,OGO-OLUWA AND SURULERE,SC/832/OY,Ogo-Oluwa/Surulere,FC/303/OY,,,OYO
7469,IRESAADU IV (IREGBA),06,SURULERE,33,OGO-OLUWA AND SURULERE,SC/832/OY,Ogo-Oluwa/Surulere,FC/303/OY,,,OYO
7470,IWOFIN,07,SURULERE,33,OGO-OLUWA AND SURULERE,SC/832/OY,Ogo-Oluwa/Surulere,FC/303/OY,,,OYO
7471,OKO I,08,SURULERE,33,OGO-OLUWA AND SURULERE,SC/832/OY,Ogo-Oluwa/Surulere,FC/303/OY,,,OYO
7472,OKO II (ILAJUE),09,SURULERE,33,OGO-OLUWA AND SURULERE,SC/832/OY,Ogo-Oluwa/Surulere,FC/303/OY,,,OYO
7473,OKO III (MAYIN),10,SURULERE,33,OGO-OLUWA AND SURULERE,SC/832/OY,Ogo-Oluwa/Surulere,FC/303/OY,,,OYO
7474,BARKIN LADI,01,BARKIN LADI,01,BARKIN LADI,SC/833/PL,Barkin Ladi/Riyom,FC/310/PL,,,PLATEAU
7475,GASSA/SHO,02,BARKIN LADI,01,BARKIN LADI,SC/833/PL,Barkin Ladi/Riyom,FC/310/PL,,,PLATEAU
7476,GINDIN AKWATI,03,BARKIN LADI,01,BARKIN LADI,SC/833/PL,Barkin Ladi/Riyom,FC/310/PL,,,PLATEAU
7477,KEIPANG,04,BARKIN LADI,01,BARKIN LADI,SC/833/PL,Barkin Ladi/Riyom,FC/310/PL,,,PLATEAU
7478,KAPWIS,05,BARKIN LADI,01,BARKIN LADI,SC/833/PL,Barkin Ladi/Riyom,FC/310/PL,,,PLATEAU
7479,KURRA FALLS,06,BARKIN LADI,01,BARKIN LADI,SC/833/PL,Barkin Ladi/Riyom,FC/310/PL,,,PLATEAU
7480,LOBIRING,07,BARKIN LADI,01,BARKIN LADI,SC/833/PL,Barkin Ladi/Riyom,FC/310/PL,,,PLATEAU
7481,MARIT/MAZAT,08,BARKIN LADI,01,BARKIN LADI,SC/833/PL,Barkin Ladi/Riyom,FC/310/PL,,,PLATEAU
7482,RAFAN,09,BARKIN LADI,01,BARKIN LADI,SC/833/PL,Barkin Ladi/Riyom,FC/310/PL,,,PLATEAU
7483,TAFAN,10,BARKIN LADI,01,BARKIN LADI,SC/833/PL,Barkin Ladi/Riyom,FC/310/PL,,,PLATEAU
7484,ZABOT,11,BARKIN LADI,01,BARKIN LADI,SC/833/PL,Barkin Ladi/Riyom,FC/310/PL,,,PLATEAU
7485,BUHIT,01,BASSA,02,,,Jos North/Bassa ,FC/308/PL,,,PLATEAU
7486,BUJI,02,BASSA,02,,,Jos North/Bassa ,FC/308/PL,,,PLATEAU
7487,GABIA,03,BASSA,02,,,Jos North/Bassa ,FC/308/PL,,,PLATEAU
7488,RURUM,04,BASSA,02,,,Jos North/Bassa ,FC/308/PL,,,PLATEAU
7489,JENGRE,05,BASSA,02,,,Jos North/Bassa ,FC/308/PL,,,PLATEAU
7490,KADAMO,06,BASSA,02,,,Jos North/Bassa ,FC/308/PL,,,PLATEAU
7491,KAKKEK,07,BASSA,02,,,Jos North/Bassa ,FC/308/PL,,,PLATEAU
7492,KASURU,08,BASSA,02,,,Jos North/Bassa ,FC/308/PL,,,PLATEAU
7493,KIMAKPA,09,BASSA,02,,,Jos North/Bassa ,FC/308/PL,,,PLATEAU
7494,KISHIKA,10,BASSA,02,,,Jos North/Bassa ,FC/308/PL,,,PLATEAU
7495,MAFARA,11,BASSA,02,,,Jos North/Bassa ,FC/308/PL,,,PLATEAU
7496,RIMI,12,BASSA,02,,,Jos North/Bassa ,FC/308/PL,,,PLATEAU
7497,TAAGBE,13,BASSA,02,,,Jos North/Bassa ,FC/308/PL,,,PLATEAU
7498,TAHU,14,BASSA,02,,,Jos North/Bassa ,FC/308/PL,,,PLATEAU
7499,ZABOLO,15,BASSA,02,,,Jos North/Bassa ,FC/308/PL,,,PLATEAU
7500,ZOBWO,16,BASSA,02,,,Jos North/Bassa ,FC/308/PL,,,PLATEAU
7501,BOKKOS,01,BOKKOS,03,BOKKOS,SC/836/PL,Bokkos/Mangu,FC/311/PL,,,PLATEAU
7502,BUTURA,02,BOKKOS,03,BOKKOS,SC/836/PL,Bokkos/Mangu,FC/311/PL,,,PLATEAU
7503,DAFFO,03,BOKKOS,03,BOKKOS,SC/836/PL,Bokkos/Mangu,FC/311/PL,,,PLATEAU
7504,DAMWAI,04,BOKKOS,03,BOKKOS,SC/836/PL,Bokkos/Mangu,FC/311/PL,,,PLATEAU
7505,KWATAS,05,BOKKOS,03,BOKKOS,SC/836/PL,Bokkos/Mangu,FC/311/PL,,,PLATEAU
7506,MANGOR,06,BOKKOS,03,BOKKOS,SC/836/PL,Bokkos/Mangu,FC/311/PL,,,PLATEAU
7507,MBAR/MANGAR,07,BOKKOS,03,BOKKOS,SC/836/PL,Bokkos/Mangu,FC/311/PL,,,PLATEAU
7508,MANGUNA,08,BOKKOS,03,BOKKOS,SC/836/PL,Bokkos/Mangu,FC/311/PL,,,PLATEAU
7509,MUSHERE CENTRAL,09,BOKKOS,03,BOKKOS,SC/836/PL,Bokkos/Mangu,FC/311/PL,,,PLATEAU
7510,MUNSHER WEST,10,BOKKOS,03,BOKKOS,SC/836/PL,Bokkos/Mangu,FC/311/PL,,,PLATEAU
7511,RICHIA,11,BOKKOS,03,BOKKOS,SC/836/PL,Bokkos/Mangu,FC/311/PL,,,PLATEAU
7512,SHA,12,BOKKOS,03,BOKKOS,SC/836/PL,Bokkos/Mangu,FC/311/PL,,,PLATEAU
7513,TANGUR,13,BOKKOS,03,BOKKOS,SC/836/PL,Bokkos/Mangu,FC/311/PL,,,PLATEAU
7514,TOFF,14,BOKKOS,03,BOKKOS,SC/836/PL,Bokkos/Mangu,FC/311/PL,,,PLATEAU
7515,FEDERE,01,JOS EAST,04,JOS EAST,SC/837/PL,Jos South/Jos East,FC/309/PL,,,PLATEAU
7516,BOBUR A,02,JOS EAST,04,JOS EAST,SC/837/PL,Jos South/Jos East,FC/309/PL,,,PLATEAU
7517,BOBUR B,03,JOS EAST,04,JOS EAST,SC/837/PL,Jos South/Jos East,FC/309/PL,,,PLATEAU
7518,FURSUM,04,JOS EAST,04,JOS EAST,SC/837/PL,Jos South/Jos East,FC/309/PL,,,PLATEAU
7519,JARAWAN KOGI,05,JOS EAST,04,JOS EAST,SC/837/PL,Jos South/Jos East,FC/309/PL,,,PLATEAU
7520,MAIGEMU,06,JOS EAST,04,JOS EAST,SC/837/PL,Jos South/Jos East,FC/309/PL,,,PLATEAU
7521,MAIJUJU,07,JOS EAST,04,JOS EAST,SC/837/PL,Jos South/Jos East,FC/309/PL,,,PLATEAU
7522,SHERE EAST,08,JOS EAST,04,JOS EAST,SC/837/PL,Jos South/Jos East,FC/309/PL,,,PLATEAU
7523,SHERE WEST,09,JOS EAST,04,JOS EAST,SC/837/PL,Jos South/Jos East,FC/309/PL,,,PLATEAU
7524,ZANDI,10,JOS EAST,04,JOS EAST,SC/837/PL,Jos South/Jos East,FC/309/PL,,,PLATEAU
7525,ABBA NA SHEHU,01,JOS NORTH,05,JOS NORTH,SC/838/PL,Jos North/Bassa ,FC/308/PL,,,PLATEAU
7526,ALI-KAZAURE,02,JOS NORTH,05,JOS NORTH,SC/838/PL,Jos North/Bassa ,FC/308/PL,,,PLATEAU
7527,GARBA DAHO,03,JOS NORTH,05,JOS WEST,SC/839/PL,Jos North/Bassa ,FC/308/PL,,,PLATEAU
7528,GANGARE,04,JOS NORTH,05,JOS WEST,SC/839/PL,Jos North/Bassa ,FC/308/PL,,,PLATEAU
7529,IBRAHIM KATSINA,05,JOS NORTH,05,JOS NORTH,SC/838/PL,Jos North/Bassa ,FC/308/PL,,,PLATEAU
7530,JENTA ADAMU,06,JOS NORTH,05,JOS WEST,SC/839/PL,Jos North/Bassa ,FC/308/PL,,,PLATEAU
7531,JENTA APATA,07,JOS NORTH,05,JOS NORTH,SC/838/PL,Jos North/Bassa ,FC/308/PL,,,PLATEAU
7532,JOS-JARAWA,08,JOS NORTH,05,JOS NORTH,SC/838/PL,Jos North/Bassa ,FC/308/PL,,,PLATEAU
7533,MARAGUTA A,09,JOS NORTH,05,JOS NORTH,SC/838/PL,Jos North/Bassa ,FC/308/PL,,,PLATEAU
7534,MARAGUTA B,10,JOS NORTH,05,JOS NORTH,SC/838/PL,Jos North/Bassa ,FC/308/PL,,,PLATEAU
7535,SARKIN ARABA,11,JOS NORTH,05,JOS WEST,SC/839/PL,Jos North/Bassa ,FC/308/PL,,,PLATEAU
7536,TAFAWA-BALEWA,12,JOS NORTH,05,JOS WEST,SC/839/PL,Jos North/Bassa ,FC/308/PL,,,PLATEAU
7537,TUDUN WADA KABONG,13,JOS NORTH,05,JOS WEST,SC/839/PL,Jos North/Bassa ,FC/308/PL,,,PLATEAU
7538,VANDERPUYE,14,JOS NORTH,05,JOS WEST,SC/839/PL,Jos North/Bassa ,FC/308/PL,,,PLATEAU
7539,BUKURU,01,JOS SOUTH,06,JOS SOUTH,SC/840/PL,Jos South/Jos East,FC/309/PL,,,PLATEAU
7540,DU,02,JOS SOUTH,06,JOS SOUTH,SC/840/PL,Jos South/Jos East,FC/309/PL,,,PLATEAU
7541,GIRING,03,JOS SOUTH,06,JOS SOUTH,SC/840/PL,Jos South/Jos East,FC/309/PL,,,PLATEAU
7542,GYEL A,04,JOS SOUTH,06,JOS SOUTH,SC/840/PL,Jos South/Jos East,FC/309/PL,,,PLATEAU
7543,GYEL B,05,JOS SOUTH,06,JOS SOUTH,SC/840/PL,Jos South/Jos East,FC/309/PL,,,PLATEAU
7544,KURU A,06,JOS SOUTH,06,JOS SOUTH,SC/840/PL,Jos South/Jos East,FC/309/PL,,,PLATEAU
7545,KURU B,07,JOS SOUTH,06,JOS SOUTH,SC/840/PL,Jos South/Jos East,FC/309/PL,,,PLATEAU
7546,SHEN,08,JOS SOUTH,06,JOS SOUTH,SC/840/PL,Jos South/Jos East,FC/309/PL,,,PLATEAU
7547,TURU,09,JOS SOUTH,06,JOS SOUTH,SC/840/PL,Jos South/Jos East,FC/309/PL,,,PLATEAU
7548,VWANG,10,JOS SOUTH,06,JOS SOUTH,SC/840/PL,Jos South/Jos East,FC/309/PL,,,PLATEAU
7549,ZAWANG A,11,JOS SOUTH,06,JOS SOUTH,SC/840/PL,Jos South/Jos East,FC/309/PL,,,PLATEAU
7550,ZAWANG B,12,JOS SOUTH,06,JOS SOUTH,SC/840/PL,Jos South/Jos East,FC/309/PL,,,PLATEAU
7551,BIRBYANG,01,KANAM,07,KANTANA,SC/845/PL,Kanke/Pankshin/Kanam,FC/312/PL,,,PLATEAU
7552,DENGI,02,KANAM,07,KANAM,SC/844/PL,Kanke/Pankshin/Kanam,FC/312/PL,,,PLATEAU
7553,DUGUB,03,KANAM,07,KANTANA,SC/845/PL,Kanke/Pankshin/Kanam,FC/312/PL,,,PLATEAU
7554,GADDI,04,KANAM,07,KANTANA,SC/845/PL,Kanke/Pankshin/Kanam,FC/312/PL,,,PLATEAU
7555,GARGA,05,KANAM,07,KANTANA,SC/845/PL,Kanke/Pankshin/Kanam,FC/312/PL,,,PLATEAU
7556,GUMSHER,06,KANAM,07,KANAM,SC/844/PL,Kanke/Pankshin/Kanam,FC/312/PL,,,PLATEAU
7557,GWAMLAR,07,KANAM,07,KANAM,SC/844/PL,Kanke/Pankshin/Kanam,FC/312/PL,,,PLATEAU
7558,JARKI,08,KANAM,07,KANTANA,SC/845/PL,Kanke/Pankshin/Kanam,FC/312/PL,,,PLATEAU
7559,JOM,09,KANAM,07,KANTANA,SC/845/PL,Kanke/Pankshin/Kanam,FC/312/PL,,,PLATEAU
7560,KANAM,10,KANAM,07,KANAM,SC/844/PL,Kanke/Pankshin/Kanam,FC/312/PL,,,PLATEAU
7561,KANTANA,11,KANAM,07,KANTANA,SC/845/PL,Kanke/Pankshin/Kanam,FC/312/PL,,,PLATEAU
7562,KUNKYAM,12,KANAM,07,KANAM,SC/844/PL,Kanke/Pankshin/Kanam,FC/312/PL,,,PLATEAU
7563,MUNBUTBO,13,KANAM,07,KANTANA,SC/845/PL,Kanke/Pankshin/Kanam,FC/312/PL,,,PLATEAU
7564,NAMARAN,14,KANAM,07,KANAM,SC/844/PL,Kanke/Pankshin/Kanam,FC/312/PL,,,PLATEAU
7565,AMPANG EAST,01,KANKE,08,KANKE,SC/841/PL,Kanke/Pankshin/Kanam,FC/312/PL,,,PLATEAU
7566,AMPER CHIKA A,02,KANKE,08,KANKE,SC/841/PL,Kanke/Pankshin/Kanam,FC/312/PL,,,PLATEAU
7567,AMPER CHIKA B,03,KANKE,08,KANKE,SC/841/PL,Kanke/Pankshin/Kanam,FC/312/PL,,,PLATEAU
7568,AMPER SERI,04,KANKE,08,KANKE,SC/841/PL,Kanke/Pankshin/Kanam,FC/312/PL,,,PLATEAU
7569,DAWAKI,05,KANKE,08,KANKE,SC/841/PL,Kanke/Pankshin/Kanam,FC/312/PL,,,PLATEAU
7570,GARRAM,06,KANKE,08,KANKE,SC/841/PL,Kanke/Pankshin/Kanam,FC/312/PL,,,PLATEAU
7571,KABWIR PADA,07,KANKE,08,KANKE,SC/841/PL,Kanke/Pankshin/Kanam,FC/312/PL,,,PLATEAU
7572,KABWIR/GYANGYANG,08,KANKE,08,KANKE,SC/841/PL,Kanke/Pankshin/Kanam,FC/312/PL,,,PLATEAU
7573,LANGSHI,09,KANKE,08,KANKE,SC/841/PL,Kanke/Pankshin/Kanam,FC/312/PL,,,PLATEAU
7574,NEMEL,10,KANKE,08,KANKE,SC/841/PL,Kanke/Pankshin/Kanam,FC/312/PL,,,PLATEAU
7575,FUNYALAND,01,LANG-TANG NORTH,09,LANGTANG CENTRAL,SC/847/PL,Langtang North/Langtang South,FC/314/PL,,,PLATEAU
7576,JAT,02,LANG-TANG NORTH,09,LANGTANG CENTRAL,SC/847/PL,Langtang North/Langtang South,FC/314/PL,,,PLATEAU
7577,KELLER,03,LANG-TANG NORTH,09,LANGTANG CENTRAL,SC/847/PL,Langtang North/Langtang South,FC/314/PL,,,PLATEAU
7578,KUFFEN,04,LANG-TANG NORTH,09,LANGTANG NORTH,SC/846/PL,Langtang North/Langtang South,FC/314/PL,,,PLATEAU
7579,KWALLAK,05,LANG-TANG NORTH,09,LANGTANG CENTRAL,SC/847/PL,Langtang North/Langtang South,FC/314/PL,,,PLATEAU
7580,KWANPE,06,LANG-TANG NORTH,09,LANGTANG CENTRAL,SC/847/PL,Langtang North/Langtang South,FC/314/PL,,,PLATEAU
7581,LIPCHOK,07,LANG-TANG NORTH,09,LANGTANG NORTH,SC/846/PL,Langtang North/Langtang South,FC/314/PL,,,PLATEAU
7582,MBAN/ZAMKO,08,LANG-TANG NORTH,09,LANGTANG NORTH,SC/846/PL,Langtang North/Langtang South,FC/314/PL,,,PLATEAU
7583,NYER,09,LANG-TANG NORTH,09,LANGTANG NORTH,SC/846/PL,Langtang North/Langtang South,FC/314/PL,,,PLATEAU
7584,PAJAT,10,LANG-TANG NORTH,09,LANGTANG NORTH,SC/846/PL,Langtang North/Langtang South,FC/314/PL,,,PLATEAU
7585,PIL-GANI,11,LANG-TANG NORTH,09,LANGTANG CENTRAL,SC/847/PL,Langtang North/Langtang South,FC/314/PL,,,PLATEAU
7586,PISHE/VASHE,12,LANG-TANG NORTH,09,LANGTANG CENTRAL,SC/847/PL,Langtang North/Langtang South,FC/314/PL,,,PLATEAU
7587,REAK,13,LANG-TANG NORTH,09,LANGTANG CENTRAL,SC/847/PL,Langtang North/Langtang South,FC/314/PL,,,PLATEAU
7588,WAROK,14,LANG-TANG NORTH,09,LANGTANG CENTRAL,SC/847/PL,Langtang North/Langtang South,FC/314/PL,,,PLATEAU
7589,DADIN KOWA,01,LANG-TANG SOUTH,10,LANGTANG SOUTH (MABUDI),SC/848/PL,Langtang North/Langtang South,FC/314/PL,,,PLATEAU
7590,FAJUL,02,LANG-TANG SOUTH,10,LANGTANG SOUTH (MABUDI),SC/848/PL,Langtang North/Langtang South,FC/314/PL,,,PLATEAU
7591,GAMAKAI,03,LANG-TANG SOUTH,10,LANGTANG SOUTH (MABUDI),SC/848/PL,Langtang North/Langtang South,FC/314/PL,,,PLATEAU
7592,LASHEL,04,LANG-TANG SOUTH,10,LANGTANG SOUTH (MABUDI),SC/848/PL,Langtang North/Langtang South,FC/314/PL,,,PLATEAU
7593,MABUDI,05,LANG-TANG SOUTH,10,LANGTANG SOUTH (MABUDI),SC/848/PL,Langtang North/Langtang South,FC/314/PL,,,PLATEAU
7594,MAGAMA,06,LANG-TANG SOUTH,10,LANGTANG SOUTH (MABUDI),SC/848/PL,Langtang North/Langtang South,FC/314/PL,,,PLATEAU
7595,SABON GIDA,07,LANG-TANG SOUTH,10,LANGTANG SOUTH (MABUDI),SC/848/PL,Langtang North/Langtang South,FC/314/PL,,,PLATEAU
7596,TAL GWANG,08,LANG-TANG SOUTH,10,LANGTANG SOUTH (MABUDI),SC/848/PL,Langtang North/Langtang South,FC/314/PL,,,PLATEAU
7597,TIMBOL,09,LANG-TANG SOUTH,10,LANGTANG SOUTH (MABUDI),SC/848/PL,Langtang North/Langtang South,FC/314/PL,,,PLATEAU
7598,TURAKI,10,LANG-TANG SOUTH,10,LANGTANG SOUTH (MABUDI),SC/848/PL,Langtang North/Langtang South,FC/314/PL,,,PLATEAU
7599,AMPANG WEST,01,MANGU,11,MANGU SOUTH,SC/849/PL,Bokkos/Mangu,FC/311/PL,,,PLATEAU
7600,CHANSO,02,MANGU,11,MANGU NORTH,SC/850/PL,Bokkos/Mangu,FC/311/PL,,,PLATEAU
7601,GINDIRI 1,03,MANGU,11,MANGU NORTH,SC/850/PL,Bokkos/Mangu,FC/311/PL,,,PLATEAU
7602,GINDIRI 11,04,MANGU,11,MANGU NORTH,SC/850/PL,Bokkos/Mangu,FC/311/PL,,,PLATEAU
7603,JANNARET,05,MANGU,11,MANGU NORTH,SC/850/PL,Bokkos/Mangu,FC/311/PL,,,PLATEAU
7604,JIPAL/CHAKFEM,06,MANGU,11,MANGU SOUTH,SC/849/PL,Bokkos/Mangu,FC/311/PL,,,PLATEAU
7605,KADUNU,07,MANGU,11,MANGU NORTH,SC/850/PL,Bokkos/Mangu,FC/311/PL,,,PLATEAU
7606,KERANG,08,MANGU,11,MANGU SOUTH,SC/849/PL,Bokkos/Mangu,FC/311/PL,,,PLATEAU
7607,KOMBUN,09,MANGU,11,MANGU SOUTH,SC/849/PL,Bokkos/Mangu,FC/311/PL,,,PLATEAU
7608,LANGAI,10,MANGU,11,MANGU NORTH,SC/850/PL,Bokkos/Mangu,FC/311/PL,,,PLATEAU
7609,MANGU 1,11,MANGU,11,MANGU SOUTH,SC/849/PL,Bokkos/Mangu,FC/311/PL,,,PLATEAU
7610,MANGU TOWN 11,12,MANGU,11,MANGU SOUTH,SC/849/PL,Bokkos/Mangu,FC/311/PL,,,PLATEAU
7611,MANGUN,13,MANGU,11,MANGU SOUTH,SC/849/PL,Bokkos/Mangu,FC/311/PL,,,PLATEAU
7612,MANGUN HALLE,14,MANGU,11,MANGU SOUTH,SC/849/PL,Bokkos/Mangu,FC/311/PL,,,PLATEAU
7613,PANYAM,15,MANGU,11,MANGU NORTH,SC/850/PL,Bokkos/Mangu,FC/311/PL,,,PLATEAU
7614,PUSHIT,16,MANGU,11,MANGU NORTH,SC/850/PL,Bokkos/Mangu,FC/311/PL,,,PLATEAU
7615,BALTEP,01,MIKANG,12,MIKANG,SC/851/PL,Mikang/Qua’an/Pan/Shedam,FC/315/PL,,,PLATEAU
7616,GARKAWA CENTRAL,02,MIKANG,12,MIKANG,SC/851/PL,Mikang/Qua’an/Pan/Shedam,FC/315/PL,,,PLATEAU
7617,GARKAWA NORTH,03,MIKANG,12,MIKANG,SC/851/PL,Mikang/Qua’an/Pan/Shedam,FC/315/PL,,,PLATEAU
7618,GARKAWA NORTH EAST,04,MIKANG,12,MIKANG,SC/851/PL,Mikang/Qua’an/Pan/Shedam,FC/315/PL,,,PLATEAU
7619,KOENOEM A,05,MIKANG,12,MIKANG,SC/851/PL,Mikang/Qua’an/Pan/Shedam,FC/315/PL,,,PLATEAU
7620,KOENOEM B,06,MIKANG,12,MIKANG,SC/851/PL,Mikang/Qua’an/Pan/Shedam,FC/315/PL,,,PLATEAU
7621,LALIN,07,MIKANG,12,MIKANG,SC/851/PL,Mikang/Qua’an/Pan/Shedam,FC/315/PL,,,PLATEAU
7622,PIAPUNG A,08,MIKANG,12,MIKANG,SC/851/PL,Mikang/Qua’an/Pan/Shedam,FC/315/PL,,,PLATEAU
7623,PIAPUNG B,09,MIKANG,12,MIKANG,SC/851/PL,Mikang/Qua’an/Pan/Shedam,FC/315/PL,,,PLATEAU
7624,TUNKUS,10,MIKANG,12,MIKANG,SC/851/PL,Mikang/Qua’an/Pan/Shedam,FC/315/PL,,,PLATEAU
7625,CHIP,01,PANKSHIN,13,PANKSHIN SOUTH,SC/843/PL,Kanke/Pankshin/Kanam,FC/312/PL,,,PLATEAU
7626,DOK-PAI,02,PANKSHIN,13,PANKSHIN SOUTH,SC/843/PL,Kanke/Pankshin/Kanam,FC/312/PL,,,PLATEAU
7627,FIER,03,PANKSHIN,13,PANKSHIN NORTH,SC/842/PL,Kanke/Pankshin/Kanam,FC/312/PL,,,PLATEAU
7628,JIBLIK,04,PANKSHIN,13,PANKSHIN SOUTH,SC/843/PL,Kanke/Pankshin/Kanam,FC/312/PL,,,PLATEAU
7629,KADUNG,05,PANKSHIN,13,PANKSHIN NORTH,SC/842/PL,Kanke/Pankshin/Kanam,FC/312/PL,,,PLATEAU
7630,KANGSHU,06,PANKSHIN,13,PANKSHIN NORTH,SC/842/PL,Kanke/Pankshin/Kanam,FC/312/PL,,,PLATEAU
7631,LANKAN,07,PANKSHIN,13,PANKSHIN SOUTH,SC/843/PL,Kanke/Pankshin/Kanam,FC/312/PL,,,PLATEAU
7632,PANKSHIN CENTRAL,08,PANKSHIN,13,PANKSHIN NORTH,SC/842/PL,Kanke/Pankshin/Kanam,FC/312/PL,,,PLATEAU
7633,PANKSHIN CHIGWONG,09,PANKSHIN,13,PANKSHIN NORTH,SC/842/PL,Kanke/Pankshin/Kanam,FC/312/PL,,,PLATEAU
7634,PANKSHIN SOUTH(BELNING),10,PANKSHIN,13,PANKSHIN NORTH,SC/842/PL,Kanke/Pankshin/Kanam,FC/312/PL,,,PLATEAU
7635,TAL,11,PANKSHIN,13,PANKSHIN SOUTH,SC/843/PL,Kanke/Pankshin/Kanam,FC/312/PL,,,PLATEAU
7636,WOKKOS,12,PANKSHIN,13,PANKSHIN NORTH,SC/842/PL,Kanke/Pankshin/Kanam,FC/312/PL,,,PLATEAU
7637,BWALL,01,QU AN PAN,14,QUA’AN PAN SOUTH,SC/853/PL,Mikang/Qua’an/Pan/Shedam,FC/315/PL,,,PLATEAU
7638,DOEMAK GOECHIM,02,QU AN PAN,14,QUA’AN PAN NORTH,SC/852/PL,Mikang/Qua’an/Pan/Shedam,FC/315/PL,,,PLATEAU
7639,DOEMAK KOPLONG,03,QU AN PAN,14,QUA’AN PAN NORTH,SC/852/PL,Mikang/Qua’an/Pan/Shedam,FC/315/PL,,,PLATEAU
7640,KOKA-KASUWA,04,QU AN PAN,14,QUA’AN PAN NORTH,SC/852/PL,Mikang/Qua’an/Pan/Shedam,FC/315/PL,,,PLATEAU
7641,KURGWI,05,QU AN PAN,14,QUA’AN PAN SOUTH,SC/853/PL,Mikang/Qua’an/Pan/Shedam,FC/315/PL,,,PLATEAU
7642,KWA,06,QU AN PAN,14,QUA’AN PAN NORTH,SC/852/PL,Mikang/Qua’an/Pan/Shedam,FC/315/PL,,,PLATEAU
7643,KWALLA MOEDA,07,QU AN PAN,14,QUA’AN PAN SOUTH,SC/853/PL,Mikang/Qua’an/Pan/Shedam,FC/315/PL,,,PLATEAU
7644,KWALLA YITLA AR,08,QU AN PAN,14,QUA’AN PAN SOUTH,SC/853/PL,Mikang/Qua’an/Pan/Shedam,FC/315/PL,,,PLATEAU
7645,KWANDE,09,QU AN PAN,14,QUA’AN PAN SOUTH,SC/853/PL,Mikang/Qua’an/Pan/Shedam,FC/315/PL,,,PLATEAU
7646,KWANG,10,QU AN PAN,14,QUA’AN PAN NORTH,SC/852/PL,Mikang/Qua’an/Pan/Shedam,FC/315/PL,,,PLATEAU
7647,NAMU,11,QU AN PAN,14,QUA’AN PAN SOUTH,SC/853/PL,Mikang/Qua’an/Pan/Shedam,FC/315/PL,,,PLATEAU
7648,ATTAKAR,01,RIYOM,15,RIYOM,SC/854/PL,Barkin Ladi/Riyom,FC/310/PL,,,PLATEAU
7649,BUM,02,RIYOM,15,RIYOM,SC/854/PL,Barkin Ladi/Riyom,FC/310/PL,,,PLATEAU
7650,DANTO,03,RIYOM,15,RIYOM,SC/854/PL,Barkin Ladi/Riyom,FC/310/PL,,,PLATEAU
7651,JOL/KWI,04,RIYOM,15,RIYOM,SC/854/PL,Barkin Ladi/Riyom,FC/310/PL,,,PLATEAU
7652,RA-HOSS,05,RIYOM,15,RIYOM,SC/854/PL,Barkin Ladi/Riyom,FC/310/PL,,,PLATEAU
7653,RIM,06,RIYOM,15,RIYOM,SC/854/PL,Barkin Ladi/Riyom,FC/310/PL,,,PLATEAU
7654,RIYOM,07,RIYOM,15,RIYOM,SC/854/PL,Barkin Ladi/Riyom,FC/310/PL,,,PLATEAU
7655,SHARUBUTU,08,RIYOM,15,RIYOM,SC/854/PL,Barkin Ladi/Riyom,FC/310/PL,,,PLATEAU
7656,SOPP,09,RIYOM,15,RIYOM,SC/854/PL,Barkin Ladi/Riyom,FC/310/PL,,,PLATEAU
7657,TA-HOSS,10,RIYOM,15,RIYOM,SC/854/PL,Barkin Ladi/Riyom,FC/310/PL,,,PLATEAU
7658,DERTENG,01,SHENDAM,16,SHENDAM,SC/855/PL,Mikang/Qua’an/Pan/Shedam,FC/315/PL,,,PLATEAU
7659,KALONG,02,SHENDAM,16,SHENDAM,SC/855/PL,Mikang/Qua’an/Pan/Shedam,FC/315/PL,,,PLATEAU
7660,KURUNGBOU A,03,SHENDAM,16,SHENDAM,SC/855/PL,Mikang/Qua’an/Pan/Shedam,FC/315/PL,,,PLATEAU
7661,KURUNGBOU B,04,SHENDAM,16,SHENDAM,SC/855/PL,Mikang/Qua’an/Pan/Shedam,FC/315/PL,,,PLATEAU
7662,KOEKAT,05,SHENDAM,16,SHENDAM,SC/855/PL,Mikang/Qua’an/Pan/Shedam,FC/315/PL,,,PLATEAU
7663,PANGSHOM,06,SHENDAM,16,SHENDAM,SC/855/PL,Mikang/Qua’an/Pan/Shedam,FC/315/PL,,,PLATEAU
7664,POESHIP,07,SHENDAM,16,SHENDAM,SC/855/PL,Mikang/Qua’an/Pan/Shedam,FC/315/PL,,,PLATEAU
7665,SHENDAM CENTRAL A,08,SHENDAM,16,SHENDAM,SC/855/PL,Mikang/Qua’an/Pan/Shedam,FC/315/PL,,,PLATEAU
7666,SHENDAM CENTRAL B,09,SHENDAM,16,SHENDAM,SC/855/PL,Mikang/Qua’an/Pan/Shedam,FC/315/PL,,,PLATEAU
7667,SHIMANKAR,10,SHENDAM,16,SHENDAM,SC/855/PL,Mikang/Qua’an/Pan/Shedam,FC/315/PL,,,PLATEAU
7668,YELWA,11,SHENDAM,16,SHENDAM,SC/855/PL,Mikang/Qua’an/Pan/Shedam,FC/315/PL,,,PLATEAU
7669,BASHAR,01,WASE,17,WASE,SC/856/PL,Wase,FC/313/PL,,,PLATEAU
7670,DANBIRAM,02,WASE,17,WASE,SC/856/PL,Wase,FC/313/PL,,,PLATEAU
7671,GUDUS,03,WASE,17,WASE,SC/856/PL,Wase,FC/313/PL,,,PLATEAU
7672,KADARKO,04,WASE,17,WASE,SC/856/PL,Wase,FC/313/PL,,,PLATEAU
7673,KUMBONG,05,WASE,17,WASE,SC/856/PL,Wase,FC/313/PL,,,PLATEAU
7674,KUMBUR,06,WASE,17,WASE,SC/856/PL,Wase,FC/313/PL,,,PLATEAU
7675,KUYAMBANA,07,WASE,17,WASE,SC/856/PL,Wase,FC/313/PL,,,PLATEAU
7676,MAVO,08,WASE,17,WASE,SC/856/PL,Wase,FC/313/PL,,,PLATEAU
7677,NYALUM/KAMPANI,09,WASE,17,WASE,SC/856/PL,Wase,FC/313/PL,,,PLATEAU
7678,SALUWE,10,WASE,17,WASE,SC/856/PL,Wase,FC/313/PL,,,PLATEAU
7679,WASE TOFA,11,WASE,17,WASE,SC/856/PL,Wase,FC/313/PL,,,PLATEAU
7680,YOLA-WAKAT,12,WASE,17,WASE,SC/856/PL,Wase,FC/313/PL,,,PLATEAU
7681,ABUA I,01,ABUA-ODUAL,01,ABUA/ODUAL,SC/857/RV,Abua-Odual/Ahaoda East,FC/316/RV,,,RIVERS
7682,ABUA II,02,ABUA-ODUAL,01,ABUA/ODUAL,SC/857/RV,Abua-Odual/Ahaoda East,FC/316/RV,,,RIVERS
7683,ABUA III,03,ABUA-ODUAL,01,ABUA/ODUAL,SC/857/RV,Abua-Odual/Ahaoda East,FC/316/RV,,,RIVERS
7684,ABUA IV,04,ABUA-ODUAL,01,ABUA/ODUAL,SC/857/RV,Abua-Odual/Ahaoda East,FC/316/RV,,,RIVERS
7685,EMUGHAN I,05,ABUA-ODUAL,01,ABUA/ODUAL,SC/857/RV,Abua-Odual/Ahaoda East,FC/316/RV,,,RIVERS
7686,EMUGHAN II,06,ABUA-ODUAL,01,ABUA/ODUAL,SC/857/RV,Abua-Odual/Ahaoda East,FC/316/RV,,,RIVERS
7687,OTAPHA,07,ABUA-ODUAL,01,ABUA/ODUAL,SC/857/RV,Abua-Odual/Ahaoda East,FC/316/RV,,,RIVERS
7688,OKPEDEN,08,ABUA-ODUAL,01,ABUA/ODUAL,SC/857/RV,Abua-Odual/Ahaoda East,FC/316/RV,,,RIVERS
7689,AGADA,09,ABUA-ODUAL,01,ABUA/ODUAL,SC/857/RV,Abua-Odual/Ahaoda East,FC/316/RV,,,RIVERS
7690,EMELEGO,10,ABUA-ODUAL,01,ABUA/ODUAL,SC/857/RV,Abua-Odual/Ahaoda East,FC/316/RV,,,RIVERS
7691,EMAGO-KUGBO,11,ABUA-ODUAL,01,ABUA/ODUAL,SC/857/RV,Abua-Odual/Ahaoda East,FC/316/RV,,,RIVERS
7692,AKANI,12,ABUA-ODUAL,01,ABUA/ODUAL,SC/857/RV,Abua-Odual/Ahaoda East,FC/316/RV,,,RIVERS
7693,ANYU,13,ABUA-ODUAL,01,ABUA/ODUAL,SC/857/RV,Abua-Odual/Ahaoda East,FC/316/RV,,,RIVERS
7694,AHOADA I,01,AHODA EAST,02,AHOADA EAST I,SC/858/RV,Abua-Odual/Ahaoda East,FC/316/RV,,,RIVERS
7695,AHOADA II,02,AHODA EAST,02,AHOADA EAST I,SC/858/RV,Abua-Odual/Ahaoda East,FC/316/RV,,,RIVERS
7696,AHOADA II,03,AHODA EAST,02,AHOADA EAST I,SC/858/RV,Abua-Odual/Ahaoda East,FC/316/RV,,,RIVERS
7697,AHOADA IV,04,AHODA EAST,02,AHOADA EAST I,SC/858/RV,Abua-Odual/Ahaoda East,FC/316/RV,,,RIVERS
7698,UPATA I,05,AHODA EAST,02,AHOADA EAST II,SC/859/RV,Abua-Odual/Ahaoda East,FC/316/RV,,,RIVERS
7699,UPATA II,06,AHODA EAST,02,AHOADA EAST II,SC/859/RV,Abua-Odual/Ahaoda East,FC/316/RV,,,RIVERS
7700,UPATA II,07,AHODA EAST,02,AHOADA EAST II,SC/859/RV,Abua-Odual/Ahaoda East,FC/316/RV,,,RIVERS
7701,UPATA IV,08,AHODA EAST,02,AHOADA EAST II,SC/859/RV,Abua-Odual/Ahaoda East,FC/316/RV,,,RIVERS
7702,UPATA V,09,AHODA EAST,02,AHOADA EAST II,SC/859/RV,Abua-Odual/Ahaoda East,FC/316/RV,,,RIVERS
7703,UPATA VI,10,AHODA EAST,02,AHOADA EAST II,SC/859/RV,Abua-Odual/Ahaoda East,FC/316/RV,,,RIVERS
7704,AKOH I,11,AHODA EAST,02,AHOADA EAST I,SC/858/RV,Abua-Odual/Ahaoda East,FC/316/RV,,,RIVERS
7705,AKOH II,12,AHODA EAST,02,AHOADA EAST I,SC/858/RV,Abua-Odual/Ahaoda East,FC/316/RV,,,RIVERS
7706,AKOH III,13,AHODA EAST,02,AHOADA EAST I,SC/858/RV,Abua-Odual/Ahaoda East,FC/316/RV,,,RIVERS
7707,EDIRO I,01,AHOADA WEST,03,AHOADA WEST,SC/860/RV,Ahoada West/Ogba Egbema,FC/317/RV,,,RIVERS
7708,EDIRO II,02,AHOADA WEST,03,AHOADA WEST,SC/860/RV,Ahoada West/Ogba Egbema,FC/317/RV,,,RIVERS
7709,JOINKRAMA,03,AHOADA WEST,03,AHOADA WEST,SC/860/RV,Ahoada West/Ogba Egbema,FC/317/RV,,,RIVERS
7710,OKARKI,04,AHOADA WEST,03,AHOADA WEST,SC/860/RV,Ahoada West/Ogba Egbema,FC/317/RV,,,RIVERS
7711,IGBUDUYA I,05,AHOADA WEST,03,AHOADA WEST,SC/860/RV,Ahoada West/Ogba Egbema,FC/317/RV,,,RIVERS
7712,IGBUDUYA II,06,AHOADA WEST,03,AHOADA WEST,SC/860/RV,Ahoada West/Ogba Egbema,FC/317/RV,,,RIVERS
7713,IGBUDUYA III,07,AHOADA WEST,03,AHOADA WEST,SC/860/RV,Ahoada West/Ogba Egbema,FC/317/RV,,,RIVERS
7714,IGBUDUYA IV,08,AHOADA WEST,03,AHOADA WEST,SC/860/RV,Ahoada West/Ogba Egbema,FC/317/RV,,,RIVERS
7715,UBIE I,09,AHOADA WEST,03,AHOADA WEST,SC/860/RV,Ahoada West/Ogba Egbema,FC/317/RV,,,RIVERS
7716,UBIE II,10,AHOADA WEST,03,AHOADA WEST,SC/860/RV,Ahoada West/Ogba Egbema,FC/317/RV,,,RIVERS
7717,UBIE III,11,AHOADA WEST,03,AHOADA WEST,SC/860/RV,Ahoada West/Ogba Egbema,FC/317/RV,,,RIVERS
7718,UBIE IV,12,AHOADA WEST,03,AHOADA WEST,SC/860/RV,Ahoada West/Ogba Egbema,FC/317/RV,,,RIVERS
7719,MANUEL I,01,AKUKUTORU,04,AKUKU-TORU II,SC/862/RV,Akuku-Toru/Asari-Toru,FC/319/RV,,,RIVERS
7720,MANUEL II,02,AKUKUTORU,04,AKUKU-TORU II,SC/862/RV,Akuku-Toru/Asari-Toru,FC/319/RV,,,RIVERS
7721,MANUEL III,03,AKUKUTORU,04,AKUKU-TORU II,SC/862/RV,Akuku-Toru/Asari-Toru,FC/319/RV,,,RIVERS
7722,GRIGGS I,04,AKUKUTORU,04,AKUKU-TORU I,SC/861/RV,Akuku-Toru/Asari-Toru,FC/319/RV,,,RIVERS
7723,GRIGGS II,05,AKUKUTORU,04,AKUKU-TORU I,SC/861/RV,Akuku-Toru/Asari-Toru,FC/319/RV,,,RIVERS
7724,GRIGGS III,06,AKUKUTORU,04,AKUKU-TORU I,SC/861/RV,Akuku-Toru/Asari-Toru,FC/319/RV,,,RIVERS
7725,GEORGEWILL I,07,AKUKUTORU,04,AKUKU-TORU II,SC/862/RV,Akuku-Toru/Asari-Toru,FC/319/RV,,,RIVERS
7726,GEORGEWILL II,08,AKUKUTORU,04,AKUKU-TORU II,SC/862/RV,Akuku-Toru/Asari-Toru,FC/319/RV,,,RIVERS
7727,GEORGEWILL III,09,AKUKUTORU,04,AKUKU-TORU II,SC/862/RV,Akuku-Toru/Asari-Toru,FC/319/RV,,,RIVERS
7728,JACK I,10,AKUKUTORU,04,AKUKU-TORU I,SC/861/RV,Akuku-Toru/Asari-Toru,FC/319/RV,,,RIVERS
7729,JACK II,11,AKUKUTORU,04,AKUKU-TORU I,SC/861/RV,Akuku-Toru/Asari-Toru,FC/319/RV,,,RIVERS
7730,JACK III,12,AKUKUTORU,04,AKUKU-TORU I,SC/861/RV,Akuku-Toru/Asari-Toru,FC/319/RV,,,RIVERS
7731,ALISE GROUP,13,AKUKUTORU,04,AKUKU-TORU I,SC/861/RV,Akuku-Toru/Asari-Toru,FC/319/RV,,,RIVERS
7732,OBONOMA,14,AKUKUTORU,04,AKUKU-TORU I,SC/861/RV,Akuku-Toru/Asari-Toru,FC/319/RV,,,RIVERS
7733,KALU I,15,AKUKUTORU,04,AKUKU-TORU II,SC/862/RV,Akuku-Toru/Asari-Toru,FC/319/RV,,,RIVERS
7734,KALU II,16,AKUKUTORU,04,AKUKU-TORU II,SC/862/RV,Akuku-Toru/Asari-Toru,FC/319/RV,,,RIVERS
7735,NORTH/SOUTH GROUP,17,AKUKUTORU,04,AKUKU-TORU II,SC/862/RV,Akuku-Toru/Asari-Toru,FC/319/RV,,,RIVERS
7736,NGO TOWN,01,ANDONI,05,ANDONI I,SC/863/RV,Opobo/Nkoro/Andoni,FC/321/RV,,,RIVERS
7737,UNYEGALA,02,ANDONI,05,ANDONI I,SC/863/RV,Opobo/Nkoro/Andoni,FC/321/RV,,,RIVERS
7738,AGWUT-OBOLO,03,ANDONI,05,ANDONI I,SC/863/RV,Opobo/Nkoro/Andoni,FC/321/RV,,,RIVERS
7739,ADEKE,04,ANDONI,05,ANDONI I,SC/863/RV,Opobo/Nkoro/Andoni,FC/321/RV,,,RIVERS
7740,IKURU TOWN,05,ANDONI,05,ANDONI I,SC/863/RV,Opobo/Nkoro/Andoni,FC/321/RV,,,RIVERS
7741,UNYEADA I,06,ANDONI,05,ANDONI I,SC/863/RV,Opobo/Nkoro/Andoni,FC/321/RV,,,RIVERS
7742,UNYEADA II,07,ANDONI,05,ANDONI I,SC/863/RV,Opobo/Nkoro/Andoni,FC/321/RV,,,RIVERS
7743,SAMANGA,08,ANDONI,05,ANDONI I,SC/863/RV,Opobo/Nkoro/Andoni,FC/321/RV,,,RIVERS
7744,ASARAMA,09,ANDONI,05,ANDONI I,SC/863/RV,Opobo/Nkoro/Andoni,FC/321/RV,,,RIVERS
7745,ATABA I,10,ANDONI,05,ANDONI I,SC/863/RV,Opobo/Nkoro/Andoni,FC/321/RV,,,RIVERS
7746,ATABA II,11,ANDONI,05,ANDONI I,SC/863/RV,Opobo/Nkoro/Andoni,FC/321/RV,,,RIVERS
7747,BUGUMA SOUTH,01,ASARI-TORU,06,ASARI-TORU I,SC/864/RV,Akuku-Toru/Asari-Toru,FC/319/RV,,,RIVERS
7748,BUGUMA EAST,02,ASARI-TORU,06,ASARI-TORU I,SC/864/RV,Akuku-Toru/Asari-Toru,FC/319/RV,,,RIVERS
7749,BUGUMA EAST I,03,ASARI-TORU,06,ASARI-TORU I,SC/864/RV,Akuku-Toru/Asari-Toru,FC/319/RV,,,RIVERS
7750,BUGUMA EAST II,04,ASARI-TORU,06,ASARI-TORU I,SC/864/RV,Akuku-Toru/Asari-Toru,FC/319/RV,,,RIVERS
7751,BUGUMA SOUTH WEST,05,ASARI-TORU,06,ASARI-TORU I,SC/864/RV,Akuku-Toru/Asari-Toru,FC/319/RV,,,RIVERS
7752,BUGUMA NORTH EAST,06,ASARI-TORU,06,ASARI-TORU I,SC/864/RV,Akuku-Toru/Asari-Toru,FC/319/RV,,,RIVERS
7753,BUGUMA WEST,07,ASARI-TORU,06,ASARI-TORU II,SC/865/RV,Akuku-Toru/Asari-Toru,FC/319/RV,,,RIVERS
7754,BUGUMA NORTH WEST I,08,ASARI-TORU,06,ASARI-TORU II,SC/865/RV,Akuku-Toru/Asari-Toru,FC/319/RV,,,RIVERS
7755,BUGUMA NORTH WEST II,09,ASARI-TORU,06,ASARI-TORU II,SC/865/RV,Akuku-Toru/Asari-Toru,FC/319/RV,,,RIVERS
7756,BUGUMA EAST WEST,10,ASARI-TORU,06,ASARI-TORU II,SC/865/RV,Akuku-Toru/Asari-Toru,FC/319/RV,,,RIVERS
7757,TSIA GROUP I,11,ASARI-TORU,06,ASARI-TORU II,SC/865/RV,Akuku-Toru/Asari-Toru,FC/319/RV,,,RIVERS
7758,TSIA GROUP II,12,ASARI-TORU,06,ASARI-TORU II,SC/865/RV,Akuku-Toru/Asari-Toru,FC/319/RV,,,RIVERS
7759,WEST CENTRAL GROUP,13,ASARI-TORU,06,ASARI-TORU II,SC/865/RV,Akuku-Toru/Asari-Toru,FC/319/RV,,,RIVERS
7760,WARD I COAL BEACH,01,BONNY,07,BONNY,SC/866/RV,Degema/Bonny,FC/318/RV,,,RIVERS
7761,WARD II COURT/ADA ALLISON,02,BONNY,07,BONNY,SC/866/RV,Degema/Bonny,FC/318/RV,,,RIVERS
7762,WARD III OROSIRIRI,03,BONNY,07,BONNY,SC/866/RV,Degema/Bonny,FC/318/RV,,,RIVERS
7763,WARD IV NEW LAYOUT,04,BONNY,07,BONNY,SC/866/RV,Degema/Bonny,FC/318/RV,,,RIVERS
7764,WARD V FINIMA,05,BONNY,07,BONNY,SC/866/RV,Degema/Bonny,FC/318/RV,,,RIVERS
7765,WARD VI ABALAMABIE,06,BONNY,07,BONNY,SC/866/RV,Degema/Bonny,FC/318/RV,,,RIVERS
7766,WARD VII DEMA ABBEY,07,BONNY,07,BONNY,SC/866/RV,Degema/Bonny,FC/318/RV,,,RIVERS
7767,WARD VIII DAN JUMBO/BERESIRI,08,BONNY,07,BONNY,SC/866/RV,Degema/Bonny,FC/318/RV,,,RIVERS
7768,WARD IX NANABIE,09,BONNY,07,BONNY,SC/866/RV,Degema/Bonny,FC/318/RV,,,RIVERS
7769,WARD X OLOMA/AYAMINIMA,10,BONNY,07,BONNY,SC/866/RV,Degema/Bonny,FC/318/RV,,,RIVERS
7770,WARD XI PETERSIDE,11,BONNY,07,BONNY,SC/866/RV,Degema/Bonny,FC/318/RV,,,RIVERS
7771,WARD XIIKALAIBIAMA,12,BONNY,07,BONNY,SC/866/RV,Degema/Bonny,FC/318/RV,,,RIVERS
7772,BAKANA  I,01,DEGEMA,08,DEGEMA,SC/867/RV,Degema/Bonny,FC/318/RV,,,RIVERS
7773,BAKANA II,02,DEGEMA,08,DEGEMA,SC/867/RV,Degema/Bonny,FC/318/RV,,,RIVERS
7774,BAKANA III,03,DEGEMA,08,DEGEMA,SC/867/RV,Degema/Bonny,FC/318/RV,,,RIVERS
7775,BAKANA IV,04,DEGEMA,08,DEGEMA,SC/867/RV,Degema/Bonny,FC/318/RV,,,RIVERS
7776,BAKANA V,05,DEGEMA,08,DEGEMA,SC/867/RV,Degema/Bonny,FC/318/RV,,,RIVERS
7777,BAKANA VI,06,DEGEMA,08,DEGEMA,SC/867/RV,Degema/Bonny,FC/318/RV,,,RIVERS
7778,TOMBIA I,07,DEGEMA,08,DEGEMA,SC/867/RV,Degema/Bonny,FC/318/RV,,,RIVERS
7779,TOMBIA II,08,DEGEMA,08,DEGEMA,SC/867/RV,Degema/Bonny,FC/318/RV,,,RIVERS
7780,TOMBIA III,09,DEGEMA,08,DEGEMA,SC/867/RV,Degema/Bonny,FC/318/RV,,,RIVERS
7781,TOMBIA IV,10,DEGEMA,08,DEGEMA,SC/867/RV,Degema/Bonny,FC/318/RV,,,RIVERS
7782,DEGEMA I,11,DEGEMA,08,DEGEMA,SC/867/RV,Degema/Bonny,FC/318/RV,,,RIVERS
7783,DEGEMA II,12,DEGEMA,08,DEGEMA,SC/867/RV,Degema/Bonny,FC/318/RV,,,RIVERS
7784,DEGEMA III,13,DEGEMA,08,DEGEMA,SC/867/RV,Degema/Bonny,FC/318/RV,,,RIVERS
7785,OBUAMA,14,DEGEMA,08,DEGEMA,SC/867/RV,Degema/Bonny,FC/318/RV,,,RIVERS
7786,BUKUMA,15,DEGEMA,08,DEGEMA,SC/867/RV,Degema/Bonny,FC/318/RV,,,RIVERS
7787,BILLE,16,DEGEMA,08,DEGEMA,SC/867/RV,Degema/Bonny,FC/318/RV,,,RIVERS
7788,KE/OLD BAKANA,17,DEGEMA,08,DEGEMA,SC/867/RV,Degema/Bonny,FC/318/RV,,,RIVERS
7789,WARD I  ALESA,01,ELEME,09,ELEME,SC/869/RV,Eleme/Tai/Oyigbo,FC/322/RV,,,RIVERS
7790,WARD II ALODE,02,ELEME,09,ELEME,SC/869/RV,Eleme/Tai/Oyigbo,FC/322/RV,,,RIVERS
7791,WARD III OGALE,03,ELEME,09,ELEME,SC/869/RV,Eleme/Tai/Oyigbo,FC/322/RV,,,RIVERS
7792,WARD IV EBURU,04,ELEME,09,ELEME,SC/869/RV,Eleme/Tai/Oyigbo,FC/322/RV,,,RIVERS
7793,WARD V EKPORO,05,ELEME,09,ELEME,SC/869/RV,Eleme/Tai/Oyigbo,FC/322/RV,,,RIVERS
7794,WARD VI ETEO,06,ELEME,09,ELEME,SC/869/RV,Eleme/Tai/Oyigbo,FC/322/RV,,,RIVERS
7795,WARD VII ONNE,07,ELEME,09,ELEME,SC/869/RV,Eleme/Tai/Oyigbo,FC/322/RV,,,RIVERS
7796,WARD VIII AGBONCHIA,08,ELEME,09,ELEME,SC/869/RV,Eleme/Tai/Oyigbo,FC/322/RV,,,RIVERS
7797,WARD IX AKPAJO,09,ELEME,09,ELEME,SC/869/RV,Eleme/Tai/Oyigbo,FC/322/RV,,,RIVERS
7798,WARD X ALETO,10,ELEME,09,ELEME,SC/869/RV,Eleme/Tai/Oyigbo,FC/322/RV,,,RIVERS
7799,OGBAKIRI I,01,EMOHUA,10,EMOHUA,SC/868/RV,Ikwerre/Umohua,FC/324/RV,,,RIVERS
7800,OGBAKIRI II,02,EMOHUA,10,EMOHUA,SC/868/RV,Ikwerre/Umohua,FC/324/RV,,,RIVERS
7801,EMOHUA I,03,EMOHUA,10,EMOHUA,SC/868/RV,Ikwerre/Umohua,FC/324/RV,,,RIVERS
7802,EMOHUA II,04,EMOHUA,10,EMOHUA,SC/868/RV,Ikwerre/Umohua,FC/324/RV,,,RIVERS
7803,OBELLE,05,EMOHUA,10,EMOHUA,SC/868/RV,Ikwerre/Umohua,FC/324/RV,,,RIVERS
7804,IBAA,06,EMOHUA,10,EMOHUA,SC/868/RV,Ikwerre/Umohua,FC/324/RV,,,RIVERS
7805,RUNDELE,07,EMOHUA,10,EMOHUA,SC/868/RV,Ikwerre/Umohua,FC/324/RV,,,RIVERS
7806,RUMUEKPE,08,EMOHUA,10,EMOHUA,SC/868/RV,Ikwerre/Umohua,FC/324/RV,,,RIVERS
7807,ELELE ALIMINI,09,EMOHUA,10,EMOHUA,SC/868/RV,Ikwerre/Umohua,FC/324/RV,,,RIVERS
7808,OMUDIOGA/AKPABU/I TU,10,EMOHUA,10,EMOHUA,SC/868/RV,Ikwerre/Umohua,FC/324/RV,,,RIVERS
7809,EGBEDA,11,EMOHUA,10,EMOHUA,SC/868/RV,Ikwerre/Umohua,FC/324/RV,,,RIVERS
7810,UBIMNI,12,EMOHUA,10,EMOHUA,SC/868/RV,Ikwerre/Umohua,FC/324/RV,,,RIVERS
7811,ODEGU I,13,EMOHUA,10,EMOHUA,SC/868/RV,Ikwerre/Umohua,FC/324/RV,,,RIVERS
7812,ODEGU II,14,EMOHUA,10,EMOHUA,SC/868/RV,Ikwerre/Umohua,FC/324/RV,,,RIVERS
7813,AFARA,01,ETCHE,11,ETCHE II,SC/871/RV,Etche/Omuma,FC/325/RV,,,RIVERS
7814,EGBU,02,ETCHE,11,ETCHE I,SC/870/RV,Etche/Omuma,FC/325/RV,,,RIVERS
7815,IGBO I,03,ETCHE,11,ETCHE II,SC/871/RV,Etche/Omuma,FC/325/RV,,,RIVERS
7816,IGBO II,04,ETCHE,11,ETCHE II,SC/871/RV,Etche/Omuma,FC/325/RV,,,RIVERS
7817,IGBO III,05,ETCHE,11,ETCHE II,SC/871/RV,Etche/Omuma,FC/325/RV,,,RIVERS
7818,EGWI,06,ETCHE,11,ETCHE II,SC/871/RV,Etche/Omuma,FC/325/RV,,,RIVERS
7819,NIHI,07,ETCHE,11,ETCHE II,SC/871/RV,Etche/Omuma,FC/325/RV,,,RIVERS
7820,ODUFOR,08,ETCHE,11,ETCHE II,SC/871/RV,Etche/Omuma,FC/325/RV,,,RIVERS
7821,OBIBI/AKWUKABI,09,ETCHE,11,ETCHE I,SC/870/RV,Etche/Omuma,FC/325/RV,,,RIVERS
7822,OBITE,10,ETCHE,11,ETCHE I,SC/870/RV,Etche/Omuma,FC/325/RV,,,RIVERS
7823,OKEHI,11,ETCHE,11,ETCHE I,SC/870/RV,Etche/Omuma,FC/325/RV,,,RIVERS
7824,OZUZU,12,ETCHE,11,ETCHE I,SC/870/RV,Etche/Omuma,FC/325/RV,,,RIVERS
7825,ULUKWO,13,ETCHE,11,ETCHE I,SC/870/RV,Etche/Omuma,FC/325/RV,,,RIVERS
7826,IGBODO,14,ETCHE,11,ETCHE II,SC/871/RV,Etche/Omuma,FC/325/RV,,,RIVERS
7827,AKWA/ODOGWA,15,ETCHE,11,ETCHE II,SC/871/RV,Etche/Omuma,FC/325/RV,,,RIVERS
7828,AKPOKU/UMUOYE,16,ETCHE,11,ETCHE I,SC/870/RV,Etche/Omuma,FC/325/RV,,,RIVERS
7829,NDASHI,17,ETCHE,11,ETCHE I,SC/870/RV,Etche/Omuma,FC/325/RV,,,RIVERS
7830,MBA,18,ETCHE,11,ETCHE I,SC/870/RV,Etche/Omuma,FC/325/RV,,,RIVERS
7831,OWU,19,ETCHE,11,ETCHE I,SC/870/RV,Etche/Omuma,FC/325/RV,,,RIVERS
7832,BODO I,01,GOKANA,12,GOKANA,SC/872/RV,Khana/Gokana,FC/323/RV,,,RIVERS
7833,BODO II,02,GOKANA,12,GOKANA,SC/872/RV,Khana/Gokana,FC/323/RV,,,RIVERS
7834,BODO III,03,GOKANA,12,GOKANA,SC/872/RV,Khana/Gokana,FC/323/RV,,,RIVERS
7835,B-DERE,04,GOKANA,12,GOKANA,SC/872/RV,Khana/Gokana,FC/323/RV,,,RIVERS
7836,K-DERE I,05,GOKANA,12,GOKANA,SC/872/RV,Khana/Gokana,FC/323/RV,,,RIVERS
7837,K-DERE II,06,GOKANA,12,GOKANA,SC/872/RV,Khana/Gokana,FC/323/RV,,,RIVERS
7838,BOMU I,07,GOKANA,12,GOKANA,SC/872/RV,Khana/Gokana,FC/323/RV,,,RIVERS
7839,BOMU II,08,GOKANA,12,GOKANA,SC/872/RV,Khana/Gokana,FC/323/RV,,,RIVERS
7840,KPOR/LEWE/GBE,09,GOKANA,12,GOKANA,SC/872/RV,Khana/Gokana,FC/323/RV,,,RIVERS
7841,MOGHO,10,GOKANA,12,GOKANA,SC/872/RV,Khana/Gokana,FC/323/RV,,,RIVERS
7842,NEWOI/GIOKO/BARAK O,11,GOKANA,12,GOKANA,SC/872/RV,Khana/Gokana,FC/323/RV,,,RIVERS
7843,BIARA I,12,GOKANA,12,GOKANA,SC/872/RV,Khana/Gokana,FC/323/RV,,,RIVERS
7844,BIARA II,13,GOKANA,12,GOKANA,SC/872/RV,Khana/Gokana,FC/323/RV,,,RIVERS
7845,DERIKEN/DEEYOR/NWENBIARA,14,GOKANA,12,GOKANA,SC/872/RV,Khana/Gokana,FC/323/RV,,,RIVERS
7846,YEGHE I,15,GOKANA,12,GOKANA,SC/872/RV,Khana/Gokana,FC/323/RV,,,RIVERS
7847,YEGHE II,16,GOKANA,12,GOKANA,SC/872/RV,Khana/Gokana,FC/323/RV,,,RIVERS
7848,BERA,17,GOKANA,12,GOKANA,SC/872/RV,Khana/Gokana,FC/323/RV,,,RIVERS
7849,ISIOKPO I,01,IKWERRE,13,IKWERE I,SC/873/RV,Ikwerre/Umohua,FC/324/RV,,,RIVERS
7850,ISIOKPO II,02,IKWERRE,13,IKWERE I,SC/873/RV,Ikwerre/Umohua,FC/324/RV,,,RIVERS
7851,ELELE I,03,IKWERRE,13,IKWERE I,SC/873/RV,Ikwerre/Umohua,FC/324/RV,,,RIVERS
7852,ELELE II,04,IKWERRE,13,IKWERE I,SC/873/RV,Ikwerre/Umohua,FC/324/RV,,,RIVERS
7853,OMERELU,05,IKWERRE,13,IKWERE I,SC/873/RV,Ikwerre/Umohua,FC/324/RV,,,RIVERS
7854,APANI,06,IKWERRE,13,IKWERE I,SC/873/RV,Ikwerre/Umohua,FC/324/RV,,,RIVERS
7855,UMUANWA,07,IKWERRE,13,IKWERE I,SC/873/RV,Ikwerre/Umohua,FC/324/RV,,,RIVERS
7856,UBIMA,08,IKWERRE,13,IKWERE I,SC/873/RV,Ikwerre/Umohua,FC/324/RV,,,RIVERS
7857,OMAGWA,09,IKWERRE,13,IKWERE I,SC/873/RV,Ikwerre/Umohua,FC/324/RV,,,RIVERS
7858,OMADEME/IPO,10,IKWERRE,13,IKWERE I,SC/873/RV,Ikwerre/Umohua,FC/324/RV,,,RIVERS
7859,OZUAHA,11,IKWERRE,13,IKWERE I,SC/873/RV,Ikwerre/Umohua,FC/324/RV,,,RIVERS
7860,IGWURUTA,12,IKWERRE,13,IKWERE I,SC/873/RV,Ikwerre/Umohua,FC/324/RV,,,RIVERS
7861,ALUU,13,IKWERRE,13,IKWERE I,SC/873/RV,Ikwerre/Umohua,FC/324/RV,,,RIVERS
7862,BORI,01,KHANA,14,KHANA I,SC/874/RV,Khana/Gokana,FC/323/RV,,,RIVERS
7863,ZAAKPON,02,KHANA,14,KHANA I,SC/874/RV,Khana/Gokana,FC/323/RV,,,RIVERS
7864,LLUEKU/AYOKURU,03,KHANA,14,,,Khana/Gokana,FC/323/RV,,,RIVERS
7865,SOGHO,04,KHANA,14,,,Khana/Gokana,FC/323/RV,,,RIVERS
7866,OKWALI,05,KHANA,14,,,Khana/Gokana,FC/323/RV,,,RIVERS
7867,KAANI,06,KHANA,14,KHANA I,SC/874/RV,Khana/Gokana,FC/323/RV,,,RIVERS
7868,BARGHA,07,KHANA,14,,,Khana/Gokana,FC/323/RV,,,RIVERS
7869,TAABAA,08,KHANA,14,,,Khana/Gokana,FC/323/RV,,,RIVERS
7870,BEERI,09,KHANA,14,,,Khana/Gokana,FC/323/RV,,,RIVERS
7871,BANE,10,KHANA,14,KHANA I,SC/874/RV,Khana/Gokana,FC/323/RV,,,RIVERS
7872,KONO/KWAWA,11,KHANA,14,KHANA I,SC/874/RV,Khana/Gokana,FC/323/RV,,,RIVERS
7873,WHYAA KARA,12,KHANA,14,KHANA I,SC/874/RV,Khana/Gokana,FC/323/RV,,,RIVERS
7874,BOUE,13,KHANA,14,KHANA I,SC/874/RV,Khana/Gokana,FC/323/RV,,,RIVERS
7875,UEGWERE,14,KHANA,14,KHANA I,SC/874/RV,Khana/Gokana,FC/323/RV,,,RIVERS
7876,GWARA/KAA/FEKEN,15,KHANA,14,KHANA I,SC/874/RV,Khana/Gokana,FC/323/RV,,,RIVERS
7877,OPUOKO/KALAOKO,16,KHANA,14,KHANA II,SC/875/RV,Khana/Gokana,FC/323/RV,,,RIVERS
7878,SH/BETEM/K.BAABBE,17,KHANA,14,KHANA I,SC/874/RV,Khana/Gokana,FC/323/RV,,,RIVERS
7879,BAEN/KPEAN/DUBARO,18,KHANA,14,KHANA I,SC/874/RV,Khana/Gokana,FC/323/RV,,,RIVERS
7880,LORRE/LUEBE/KPAA,19,KHANA,14,KHANA II,SC/875/RV,Khana/Gokana,FC/323/RV,,,RIVERS
7881,WARD I ORO-IGWE,01,OBIO/AKPOR,15,OBIO/AKPOR I,SC/876/RV,Obio Akpor,FC/326/RV,,,RIVERS
7882,WARD II RUMUODARA,02,OBIO/AKPOR,15,OBIO/AKPOR I,SC/876/RV,Obio Akpor,FC/326/RV,,,RIVERS
7883,WARD III RUMUOKWU (2B),03,OBIO/AKPOR,15,OBIO/AKPOR I,SC/876/RV,Obio Akpor,FC/326/RV,,,RIVERS
7884,WARD IV RUMUODOMAYA (3A),04,OBIO/AKPOR,15,OBIO/AKPOR I,SC/876/RV,Obio Akpor,FC/326/RV,,,RIVERS
7885,WARD V ELELENWO (3B),05,OBIO/AKPOR,15,OBIO/AKPOR I,SC/876/RV,Obio Akpor,FC/326/RV,,,RIVERS
7886,WARD VI WORJI,06,OBIO/AKPOR,15,OBIO/AKPOR I,SC/876/RV,Obio Akpor,FC/326/RV,,,RIVERS
7887,WARD VII RUMUOKORO,07,OBIO/AKPOR,15,OBIO/AKPOR I,SC/876/RV,Obio Akpor,FC/326/RV,,,RIVERS
7888,WARD VIII RUMUOMASI,08,OBIO/AKPOR,15,OBIO/AKPOR I,SC/876/RV,Obio Akpor,FC/326/RV,,,RIVERS
7889,WARD IX RUMUEME (7A),09,OBIO/AKPOR,15,OBIO/AKPOR II,SC/877/RV,Obio Akpor,FC/326/RV,,,RIVERS
7890,WARD X   RUMUEME (7B),10,OBIO/AKPOR,15,OBIO/AKPOR II,SC/877/RV,Obio Akpor,FC/326/RV,,,RIVERS
7891,WARD XI RUMUEME(7C),11,OBIO/AKPOR,15,OBIO/AKPOR II,SC/877/RV,Obio Akpor,FC/326/RV,,,RIVERS
7892,WARD XII RUMUIGBO (8A),12,OBIO/AKPOR,15,OBIO/AKPOR II,SC/877/RV,Obio Akpor,FC/326/RV,,,RIVERS
7893,WARD XIII RUMUKWUJA(8B),13,OBIO/AKPOR,15,OBIO/AKPOR II,SC/877/RV,Obio Akpor,FC/326/RV,,,RIVERS
7894,WARD XIV RUKPOKU,14,OBIO/AKPOR,15,OBIO/AKPOR II,SC/877/RV,Obio Akpor,FC/326/RV,,,RIVERS
7895,WARD XV CHOBA,15,OBIO/AKPOR,15,OBIO/AKPOR II,SC/877/RV,Obio Akpor,FC/326/RV,,,RIVERS
7896,WARD XVI OXUOBA/OGBOGORO,16,OBIO/AKPOR,15,OBIO/AKPOR II,SC/877/RV,Obio Akpor,FC/326/RV,,,RIVERS
7897,WARD XVII RUMUOLUMENI,17,OBIO/AKPOR,15,OBIO/AKPOR II,SC/877/RV,Obio Akpor,FC/326/RV,,,RIVERS
7898,OMOKU TOWN I (OBOSI),01,OGBA/EGBEMA/NDO NI,16,(OGBA/EGBEMA/NDONI) ONELGA I,SC/878/RV,Ahoada West/Ogba Egbema,FC/317/RV,,,RIVERS
7899,OMOKU TOWN II (OBAKATO),02,OGBA/EGBEMA/NDO NI,16,(OGBA/EGBEMA/NDONI) ONELGA I,SC/878/RV,Ahoada West/Ogba Egbema,FC/317/RV,,,RIVERS
7900,OMOKU TOWN III (USOMINI),03,OGBA/EGBEMA/NDO NI,16,(OGBA/EGBEMA/NDONI) ONELGA I,SC/878/RV,Ahoada West/Ogba Egbema,FC/317/RV,,,RIVERS
7901,OMOKU TOWN IV,04,OGBA/EGBEMA/NDO NI,16,(OGBA/EGBEMA/NDONI) ONELGA I,SC/878/RV,Ahoada West/Ogba Egbema,FC/317/RV,,,RIVERS
7902,OMOKU TOWN V,05,OGBA/EGBEMA/NDO NI,16,(OGBA/EGBEMA/NDONI) ONELGA I,SC/878/RV,Ahoada West/Ogba Egbema,FC/317/RV,,,RIVERS
7903,USOMINI I (NORTH),06,OGBA/EGBEMA/NDO NI,16,ONELGA II,SC/879/RV,Ahoada West/Ogba Egbema,FC/317/RV,,,RIVERS
7904,USOMINI II (SOUTH),07,OGBA/EGBEMA/NDO NI,16,ONELGA II,SC/879/RV,Ahoada West/Ogba Egbema,FC/317/RV,,,RIVERS
7905,IGBURU,08,OGBA/EGBEMA/NDO NI,16,(OGBA/EGBEMA/NDONI) ONELGA I,SC/878/RV,Ahoada West/Ogba Egbema,FC/317/RV,,,RIVERS
7906,EGI I,09,OGBA/EGBEMA/NDO NI,16,(OGBA/EGBEMA/NDONI) ONELGA I,SC/878/RV,Ahoada West/Ogba Egbema,FC/317/RV,,,RIVERS
7907,EGI II,10,OGBA/EGBEMA/NDO NI,16,(OGBA/EGBEMA/NDONI) ONELGA I,SC/878/RV,Ahoada West/Ogba Egbema,FC/317/RV,,,RIVERS
7908,EGI III,11,OGBA/EGBEMA/NDO NI,16,(OGBA/EGBEMA/NDONI) ONELGA I,SC/878/RV,Ahoada West/Ogba Egbema,FC/317/RV,,,RIVERS
7909,EGI IV,12,OGBA/EGBEMA/NDO NI,16,(OGBA/EGBEMA/NDONI) ONELGA I,SC/878/RV,Ahoada West/Ogba Egbema,FC/317/RV,,,RIVERS
7910,EGBEMA I,13,OGBA/EGBEMA/NDO NI,16,ONELGA II,SC/879/RV,Ahoada West/Ogba Egbema,FC/317/RV,,,RIVERS
7911,EGBEMA II,14,OGBA/EGBEMA/NDO NI,16,ONELGA II,SC/879/RV,Ahoada West/Ogba Egbema,FC/317/RV,,,RIVERS
7912,NDONI I,15,OGBA/EGBEMA/NDO NI,16,ONELGA II,SC/879/RV,Ahoada West/Ogba Egbema,FC/317/RV,,,RIVERS
7913,NDONI II,16,OGBA/EGBEMA/NDO NI,16,ONELGA II,SC/879/RV,Ahoada West/Ogba Egbema,FC/317/RV,,,RIVERS
7914,NDONI III,17,OGBA/EGBEMA/NDO NI,16,ONELGA II,SC/879/RV,Ahoada West/Ogba Egbema,FC/317/RV,,,RIVERS
7915,OGU I,01,OGU/BOLO,17,OGU/BOLO,SC/880/RV,Okrika/Ogu-Bolo,FC/320/RV,,,RIVERS
7916,OGU II,02,OGU/BOLO,17,OGU/BOLO,SC/880/RV,Okrika/Ogu-Bolo,FC/320/RV,,,RIVERS
7917,OGU III,03,OGU/BOLO,17,OGU/BOLO,SC/880/RV,Okrika/Ogu-Bolo,FC/320/RV,,,RIVERS
7918,OGU IV,04,OGU/BOLO,17,OGU/BOLO,SC/880/RV,Okrika/Ogu-Bolo,FC/320/RV,,,RIVERS
7919,OGU V,05,OGU/BOLO,17,OGU/BOLO,SC/880/RV,Okrika/Ogu-Bolo,FC/320/RV,,,RIVERS
7920,OGU VI,06,OGU/BOLO,17,OGU/BOLO,SC/880/RV,Okrika/Ogu-Bolo,FC/320/RV,,,RIVERS
7921,BOLO I,07,OGU/BOLO,17,OGU/BOLO,SC/880/RV,Okrika/Ogu-Bolo,FC/320/RV,,,RIVERS
7922,BOLO II,08,OGU/BOLO,17,OGU/BOLO,SC/880/RV,Okrika/Ogu-Bolo,FC/320/RV,,,RIVERS
7923,BOLO III,09,OGU/BOLO,17,OGU/BOLO,SC/880/RV,Okrika/Ogu-Bolo,FC/320/RV,,,RIVERS
7924,BOLO IV,10,OGU/BOLO,17,OGU/BOLO,SC/880/RV,Okrika/Ogu-Bolo,FC/320/RV,,,RIVERS
7925,WAKAMA,11,OGU/BOLO,17,OGU/BOLO,SC/880/RV,Okrika/Ogu-Bolo,FC/320/RV,,,RIVERS
7926,ELE,12,OGU/BOLO,17,OGU/BOLO,SC/880/RV,Okrika/Ogu-Bolo,FC/320/RV,,,RIVERS
7927,OKIRKA I,01,OKRIKA,18,OKRIKA,SC/881/RV,Okrika/Ogu-Bolo,FC/320/RV,,,RIVERS
7928,OKRIKA II,02,OKRIKA,18,OKRIKA,SC/881/RV,Okrika/Ogu-Bolo,FC/320/RV,,,RIVERS
7929,OKRIKA III,03,OKRIKA,18,OKRIKA,SC/881/RV,Okrika/Ogu-Bolo,FC/320/RV,,,RIVERS
7930,OKRIKA IV,04,OKRIKA,18,OKRIKA,SC/881/RV,Okrika/Ogu-Bolo,FC/320/RV,,,RIVERS
7931,OKRIKA V,05,OKRIKA,18,OKRIKA,SC/881/RV,Okrika/Ogu-Bolo,FC/320/RV,,,RIVERS
7932,OKRIKA VI,06,OKRIKA,18,OKRIKA,SC/881/RV,Okrika/Ogu-Bolo,FC/320/RV,,,RIVERS
7933,OKRIKA VIII,07,OKRIKA,18,OKRIKA,SC/881/RV,Okrika/Ogu-Bolo,FC/320/RV,,,RIVERS
7934,OGAN,08,OKRIKA,18,OKRIKA,SC/881/RV,Okrika/Ogu-Bolo,FC/320/RV,,,RIVERS
7935,KALIO,09,OKRIKA,18,OKRIKA,SC/881/RV,Okrika/Ogu-Bolo,FC/320/RV,,,RIVERS
7936,OGOLOMA I,10,OKRIKA,18,OKRIKA,SC/881/RV,Okrika/Ogu-Bolo,FC/320/RV,,,RIVERS
7937,OGOLOMA II,11,OKRIKA,18,OKRIKA,SC/881/RV,Okrika/Ogu-Bolo,FC/320/RV,,,RIVERS
7938,OGOLOMA III,12,OKRIKA,18,OKRIKA,SC/881/RV,Okrika/Ogu-Bolo,FC/320/RV,,,RIVERS
7939,EBIRI-DIKEOMUO COMMUNITY,01,OMUMA,19,OMUMA,SC/882/RV,Etche/Omuma,FC/325/RV,,,RIVERS
7940,ARIRAMIRI/OWUAHIA COMMUNITY,02,OMUMA,19,OMUMA,SC/882/RV,Etche/Omuma,FC/325/RV,,,RIVERS
7941,OBIOHIA COMMUNITY,03,OMUMA,19,OMUMA,SC/882/RV,Etche/Omuma,FC/325/RV,,,RIVERS
7942,OHIMOGHO COMMUNITY,04,OMUMA,19,OMUMA,SC/882/RV,Etche/Omuma,FC/325/RV,,,RIVERS
7943,OYORO COMMUNITY,05,OMUMA,19,OMUMA,SC/882/RV,Etche/Omuma,FC/325/RV,,,RIVERS
7944,OFEH COMMUNITY,06,OMUMA,19,OMUMA,SC/882/RV,Etche/Omuma,FC/325/RV,,,RIVERS
7945,UMUOGHIA I COMMUNITY,07,OMUMA,19,OMUMA,SC/882/RV,Etche/Omuma,FC/325/RV,,,RIVERS
7946,UMUOGHIA II COMMUNITY,08,OMUMA,19,OMUMA,SC/882/RV,Etche/Omuma,FC/325/RV,,,RIVERS
7947,OBIBI/AJULOKE COMMUNITY,09,OMUMA,19,OMUMA,SC/882/RV,Etche/Omuma,FC/325/RV,,,RIVERS
7948,UMUAJULOKE COMMUNITY,10,OMUMA,19,OMUMA,SC/882/RV,Etche/Omuma,FC/325/RV,,,RIVERS
7949,KALAIBIAMA I,01,OPOBO/NKORO,20,OPOBO/NKORO,SC/883/RV,Opobo/Nkoro/Andoni,FC/321/RV,,,RIVERS
7950,KALAIBIAMA II,02,OPOBO/NKORO,20,OPOBO/NKORO,SC/883/RV,Opobo/Nkoro/Andoni,FC/321/RV,,,RIVERS
7951,DIEPRI,03,OPOBO/NKORO,20,OPOBO/NKORO,SC/883/RV,Opobo/Nkoro/Andoni,FC/321/RV,,,RIVERS
7952,UKONU,04,OPOBO/NKORO,20,OPOBO/NKORO,SC/883/RV,Opobo/Nkoro/Andoni,FC/321/RV,,,RIVERS
7953,DAPPAYE AMAKIRI I,05,OPOBO/NKORO,20,OPOBO/NKORO,SC/883/RV,Opobo/Nkoro/Andoni,FC/321/RV,,,RIVERS
7954,DAPPAYE AMAKIRI II,06,OPOBO/NKORO,20,OPOBO/NKORO,SC/883/RV,Opobo/Nkoro/Andoni,FC/321/RV,,,RIVERS
7955,JAJA,07,OPOBO/NKORO,20,OPOBO/NKORO,SC/883/RV,Opobo/Nkoro/Andoni,FC/321/RV,,,RIVERS
7956,QUEEN’S TOWN/KALAMA,08,OPOBO/NKORO,20,OPOBO/NKORO,SC/883/RV,Opobo/Nkoro/Andoni,FC/321/RV,,,RIVERS
7957,NKORO I,09,OPOBO/NKORO,20,OPOBO/NKORO,SC/883/RV,Opobo/Nkoro/Andoni,FC/321/RV,,,RIVERS
7958,NKORO II,10,OPOBO/NKORO,20,OPOBO/NKORO,SC/883/RV,Opobo/Nkoro/Andoni,FC/321/RV,,,RIVERS
7959,NKORO III,11,OPOBO/NKORO,20,OPOBO/NKORO,SC/883/RV,Opobo/Nkoro/Andoni,FC/321/RV,,,RIVERS
7960,OKOLOMA,01,OYIGBO,21,OYIGBO,SC/884/RV,Eleme/Tai/Oyigbo,FC/322/RV,,,RIVERS
7961,OBEAKPU,02,OYIGBO,21,OYIGBO,SC/884/RV,Eleme/Tai/Oyigbo,FC/322/RV,,,RIVERS
7962,OBGERU,03,OYIGBO,21,OYIGBO,SC/884/RV,Eleme/Tai/Oyigbo,FC/322/RV,,,RIVERS
7963,UMUAGBAI,04,OYIGBO,21,OYIGBO,SC/884/RV,Eleme/Tai/Oyigbo,FC/322/RV,,,RIVERS
7964,AZUOGU,05,OYIGBO,21,OYIGBO,SC/884/RV,Eleme/Tai/Oyigbo,FC/322/RV,,,RIVERS
7965,OBETE,06,OYIGBO,21,OYIGBO,SC/884/RV,Eleme/Tai/Oyigbo,FC/322/RV,,,RIVERS
7966,ASA,07,OYIGBO,21,OYIGBO,SC/884/RV,Eleme/Tai/Oyigbo,FC/322/RV,,,RIVERS
7967,OYIGBO WEST,08,OYIGBO,21,OYIGBO,SC/884/RV,Eleme/Tai/Oyigbo,FC/322/RV,,,RIVERS
7968,OYIGBO CENTRAL,09,OYIGBO,21,OYIGBO,SC/884/RV,Eleme/Tai/Oyigbo,FC/322/RV,,,RIVERS
7969,KOM-KOM,10,OYIGBO,21,OYIGBO,SC/884/RV,Eleme/Tai/Oyigbo,FC/322/RV,,,RIVERS
7970,PORT HARCOURT WARD I,01,PORT HARCOURT,22,PORT-HARCOURT II,SC/886/RV,Port Harcourt II,FC/328/RV,,,RIVERS
7971,PORT HARCOURT WARD II,02,PORT HARCOURT,22,PORT-HARCOURT II,SC/886/RV,Port Harcourt II,FC/328/RV,,,RIVERS
7972,PORT HARCOURT WARD III,03,PORT HARCOURT,22,PORT-HARCOURT II,SC/886/RV,Port Harcourt II,FC/328/RV,,,RIVERS
7973,PORT HARCOURT WARD IV,04,PORT HARCOURT,22,,,,,,,RIVERS
7974,PORT HARCOURT WARD V,05,PORT HARCOURT,22,,,,,,,RIVERS
7975,PORT HARCOURT WARD VI,06,PORT HARCOURT,22,,,,,,,RIVERS
7976,PORT HARCOURT WARD VII,07,PORT HARCOURT,22,,,,,,,RIVERS
7977,PORT HARCOURT WARD VIII,08,PORT HARCOURT,22,,,,,,,RIVERS
7978,PORT HARCOURT WARD IX,09,PORT HARCOURT,22,,,,,,,RIVERS
7979,PORT HARCOURT WARD X,10,PORT HARCOURT,22,,,,,,,RIVERS
7980,PORT HARCOURT WARD XI,11,PORT HARCOURT,22,,,,,,,RIVERS
7981,PORT HARCOURT WARD XII,12,PORT HARCOURT,22,,,,,,,RIVERS
7982,PORT HARCOURT WARD XIII,13,PORT HARCOURT,22,,,,,,,RIVERS
7983,PORT HARCOURT WARD XIV,14,PORT HARCOURT,22,,,,,,,RIVERS
7984,PORT HARCOURT WARD XV,15,PORT HARCOURT,22,,,,,,,RIVERS
7985,PORT HARCOURT WARD XVI,16,PORT HARCOURT,22,,,,,,,RIVERS
7986,PORT HARCOURT WARD XVII,17,PORT HARCOURT,22,,,,,,,RIVERS
7987,PORT HARCOURT WARD XVIII,18,PORT HARCOURT,22,,,,,,,RIVERS
7988,PORT HARCOURT WARD XIX,19,PORT HARCOURT,22,,,,,,,RIVERS
7989,PORT HARCOURT WARD XX,20,PORT HARCOURT,22,,,,,,,RIVERS
7990,WARD I,01,TAI,23,TAI,SC/888/RV,Eleme/Tai/Oyigbo,FC/322/RV,,,RIVERS
7991,WARD II,02,TAI,23,TAI,SC/888/RV,Eleme/Tai/Oyigbo,FC/322/RV,,,RIVERS
7992,WARD III,03,TAI,23,TAI,SC/888/RV,Eleme/Tai/Oyigbo,FC/322/RV,,,RIVERS
7993,WARD IV,04,TAI,23,TAI,SC/888/RV,Eleme/Tai/Oyigbo,FC/322/RV,,,RIVERS
7994,WARD V,05,TAI,23,TAI,SC/888/RV,Eleme/Tai/Oyigbo,FC/322/RV,,,RIVERS
7995,WARD VI,06,TAI,23,TAI,SC/888/RV,Eleme/Tai/Oyigbo,FC/322/RV,,,RIVERS
7996,WARD VII,07,TAI,23,TAI,SC/888/RV,Eleme/Tai/Oyigbo,FC/322/RV,,,RIVERS
7997,WARD VIII,08,TAI,23,TAI,SC/888/RV,Eleme/Tai/Oyigbo,FC/322/RV,,,RIVERS
7998,WARD IX,09,TAI,23,TAI,SC/888/RV,Eleme/Tai/Oyigbo,FC/322/RV,,,RIVERS
7999,WARD X,10,TAI,23,TAI,SC/888/RV,Eleme/Tai/Oyigbo,FC/322/RV,,,RIVERS
8000,INNAME,01,BENJI,01,BINJI,SC/889/SO,Binji/Silame,FC/334/SO,,,SOKOTO
8001,SAMAMA,02,BENJI,01,BINJI,SC/889/SO,Binji/Silame,FC/334/SO,,,SOKOTO
8002,BINJI,03,BENJI,01,BINJI,SC/889/SO,Binji/Silame,FC/334/SO,,,SOKOTO
8003,JAMMALI,04,BENJI,01,BINJI,SC/889/SO,Binji/Silame,FC/334/SO,,,SOKOTO
8004,T/KOSE,05,BENJI,01,BINJI,SC/889/SO,Binji/Silame,FC/334/SO,,,SOKOTO
8005,GAWAZZA,06,BENJI,01,BINJI,SC/889/SO,Binji/Silame,FC/334/SO,,,SOKOTO
8006,MAIKULKI,07,BENJI,01,BINJI,SC/889/SO,Binji/Silame,FC/334/SO,,,SOKOTO
8007,BUNKARI,08,BENJI,01,BINJI,SC/889/SO,Binji/Silame,FC/334/SO,,,SOKOTO
8008,SOORO GABAS,09,BENJI,01,BINJI,SC/889/SO,Binji/Silame,FC/334/SO,,,SOKOTO
8009,SORO YAMMA,10,BENJI,01,BINJI,SC/889/SO,Binji/Silame,FC/334/SO,,,SOKOTO
8010,BODINGNA/TAUMA,01,BODINGA,02,BODINGA SOUTH,SC/891/SO,Dange-Shuni/Bodinga/Tureta,FC/337/SO,,,SOKOTO
8011,BAGARAWA,02,BODINGA,02,BODINGA NORTH,SC/890/SO,Dange-Shuni/Bodinga/Tureta,FC/337/SO,,,SOKOTO
8012,MAZAN GARI/JIRGA/KAURA MIYO,03,BODINGA,02,BODINGA SOUTH,SC/891/SO,Dange-Shuni/Bodinga/Tureta,FC/337/SO,,,SOKOTO
8013,SIFAWA/LUKUYAWA,04,BODINGA,02,BODINGA SOUTH,SC/891/SO,Dange-Shuni/Bodinga/Tureta,FC/337/SO,,,SOKOTO
8014,BADAU/DARHELA,05,BODINGA,02,BODINGA SOUTH,SC/891/SO,Dange-Shuni/Bodinga/Tureta,FC/337/SO,,,SOKOTO
8015,DINGYADU/BADAWA,06,BODINGA,02,BODINGA SOUTH,SC/891/SO,Dange-Shuni/Bodinga/Tureta,FC/337/SO,,,SOKOTO
8016,TULLUWA/KULAFASA,07,BODINGA,02,BODINGA SOUTH,SC/891/SO,Dange-Shuni/Bodinga/Tureta,FC/337/SO,,,SOKOTO
8017,DANCHADI,08,BODINGA,02,BODINGA NORTH,SC/890/SO,Dange-Shuni/Bodinga/Tureta,FC/337/SO,,,SOKOTO
8018,BANGI/DABAGA,09,BODINGA,02,BODINGA NORTH,SC/890/SO,Dange-Shuni/Bodinga/Tureta,FC/337/SO,,,SOKOTO
8019,K. LALLE,10,BODINGA,02,BODINGA NORTH,SC/890/SO,Dange-Shuni/Bodinga/Tureta,FC/337/SO,,,SOKOTO
8020,TAKATUKU/MADORAWA,11,BODINGA,02,BODINGA NORTH,SC/890/SO,Dange-Shuni/Bodinga/Tureta,FC/337/SO,,,SOKOTO
8021,DANGE,01,DANGE/SHUNI,03,DANGE SHUNI,SC/892/SO,Dange-Shuni/Bodinga/Tureta,FC/337/SO,,,SOKOTO
8022,WABABE/SALAU,02,DANGE/SHUNI,03,DANGE SHUNI,SC/892/SO,Dange-Shuni/Bodinga/Tureta,FC/337/SO,,,SOKOTO
8023,BODAI/JURGA,03,DANGE/SHUNI,03,DANGE SHUNI,SC/892/SO,Dange-Shuni/Bodinga/Tureta,FC/337/SO,,,SOKOTO
8024,FAJALDU,04,DANGE/SHUNI,03,DANGE SHUNI,SC/892/SO,Dange-Shuni/Bodinga/Tureta,FC/337/SO,,,SOKOTO
8025,SHUNI,05,DANGE/SHUNI,03,DANGE SHUNI,SC/892/SO,Dange-Shuni/Bodinga/Tureta,FC/337/SO,,,SOKOTO
8026,RUDU/G/MANDE/AMANAWA,06,DANGE/SHUNI,03,DANGE SHUNI,SC/892/SO,Dange-Shuni/Bodinga/Tureta,FC/337/SO,,,SOKOTO
8027,TSAFANADE,07,DANGE/SHUNI,03,DANGE SHUNI,SC/892/SO,Dange-Shuni/Bodinga/Tureta,FC/337/SO,,,SOKOTO
8028,RIKINA/TUNTUBE/TSEHE,08,DANGE/SHUNI,03,DANGE SHUNI,SC/892/SO,Dange-Shuni/Bodinga/Tureta,FC/337/SO,,,SOKOTO
8029,GIERE/GAJARA,09,DANGE/SHUNI,03,DANGE SHUNI,SC/892/SO,Dange-Shuni/Bodinga/Tureta,FC/337/SO,,,SOKOTO
8030,RIKINA,10,DANGE/SHUNI,03,DANGE SHUNI,SC/892/SO,Dange-Shuni/Bodinga/Tureta,FC/337/SO,,,SOKOTO
8031,R/GIDADO,11,DANGE/SHUNI,03,DANGE SHUNI,SC/892/SO,Dange-Shuni/Bodinga/Tureta,FC/337/SO,,,SOKOTO
8032,GADA,01,GADA,04,GADA EAST,SC/893/SO,Goronyo/Gada,FC/330/SO,,,SOKOTO
8033,KADDI,02,GADA,04,GADA EAST,SC/893/SO,Goronyo/Gada,FC/330/SO,,,SOKOTO
8034,KADADIN BUDA,03,GADA,04,GADA WEST,SC/894/SO,Goronyo/Gada,FC/330/SO,,,SOKOTO
8035,GILBADI,04,GADA,04,GADA EAST,SC/893/SO,Goronyo/Gada,FC/330/SO,,,SOKOTO
8036,TSITSE,05,GADA,04,GADA EAST,SC/893/SO,Goronyo/Gada,FC/330/SO,,,SOKOTO
8037,KAFFE,06,GADA,04,GADA EAST,SC/893/SO,Goronyo/Gada,FC/330/SO,,,SOKOTO
8038,DUKAMAJE/ILAH,07,GADA,04,,,Goronyo/Gada,FC/330/SO,,,SOKOTO
8039,KYADAWA/HOLAI,08,GADA,04,GADA WEST,SC/894/SO,Goronyo/Gada,FC/330/SO,,,SOKOTO
8040,KIRI,09,GADA,04,GADA WEST,SC/894/SO,Goronyo/Gada,FC/330/SO,,,SOKOTO
8041,KADASSAKA,10,GADA,04,GADA WEST,SC/894/SO,Goronyo/Gada,FC/330/SO,,,SOKOTO
8042,KWARMA,11,GADA,04,GADA WEST,SC/894/SO,Goronyo/Gada,FC/330/SO,,,SOKOTO
8043,GORONYO,01,GORONYO,05,GORONYO,SC/895/SO,Goronyo/Gada,FC/330/SO,,,SOKOTO
8044,GIYAWA,02,GORONYO,05,GORONYO,SC/895/SO,Goronyo/Gada,FC/330/SO,,,SOKOTO
8045,BOYEKAI,03,GORONYO,05,GORONYO,SC/895/SO,Goronyo/Gada,FC/330/SO,,,SOKOTO
8046,KAGARA,04,GORONYO,05,GORONYO,SC/895/SO,Goronyo/Gada,FC/330/SO,,,SOKOTO
8047,KWAKWAZO,05,GORONYO,05,GORONYO,SC/895/SO,Goronyo/Gada,FC/330/SO,,,SOKOTO
8048,KOJIYO,06,GORONYO,05,GORONYO,SC/895/SO,Goronyo/Gada,FC/330/SO,,,SOKOTO
8049,RIMAWA,07,GORONYO,05,GORONYO,SC/895/SO,Goronyo/Gada,FC/330/SO,,,SOKOTO
8050,SHINAKA,08,GORONYO,05,GORONYO,SC/895/SO,Goronyo/Gada,FC/330/SO,,,SOKOTO
8051,S/GARI-DOLE/DAN/TASAKKO,09,GORONYO,05,GORONYO,SC/895/SO,Goronyo/Gada,FC/330/SO,,,SOKOTO
8052,BIRJINGO,10,GORONYO,05,GORONYO,SC/895/SO,Goronyo/Gada,FC/330/SO,,,SOKOTO
8053,TAKAKUME,11,GORONYO,05,GORONYO,SC/895/SO,Goronyo/Gada,FC/330/SO,,,SOKOTO
8054,KARFEN SARKI,01,GUDU,06,GUDU,SC/896/SO,Tangaza/Gudu,FC/333/SO,,,SOKOTO
8055,CHILAS/MAKUYA,02,GUDU,06,GUDU,SC/896/SO,Tangaza/Gudu,FC/333/SO,,,SOKOTO
8056,BACHAKA,03,GUDU,06,GUDU,SC/896/SO,Tangaza/Gudu,FC/333/SO,,,SOKOTO
8057,GWAZANGE/BOTO,04,GUDU,06,GUDU,SC/896/SO,Tangaza/Gudu,FC/333/SO,,,SOKOTO
8058,KURDULA,05,GUDU,06,GUDU,SC/896/SO,Tangaza/Gudu,FC/333/SO,,,SOKOTO
8059,BALLE,06,GUDU,06,GUDU,SC/896/SO,Tangaza/Gudu,FC/333/SO,,,SOKOTO
8060,AWULKITI,07,GUDU,06,GUDU,SC/896/SO,Tangaza/Gudu,FC/333/SO,,,SOKOTO
8061,KARFEN CHANA,08,GUDU,06,GUDU,SC/896/SO,Tangaza/Gudu,FC/333/SO,,,SOKOTO
8062,MARAKEN BORI,09,GUDU,06,GUDU,SC/896/SO,Tangaza/Gudu,FC/333/SO,,,SOKOTO
8063,TULDUN DOYA,10,GUDU,06,GUDU,SC/896/SO,Tangaza/Gudu,FC/333/SO,,,SOKOTO
8064,ASRA/KUDU,01,GWADABAWA,07,GWADABAWA NORTH,SC/897/SO,Illela/Gwadabawa,FC/332/SO,,,SOKOTO
8065,ASARA AREWA,02,GWADABAWA,07,GWADABAWA NORTH,SC/897/SO,Illela/Gwadabawa,FC/332/SO,,,SOKOTO
8066,ATAKWANYO,03,GWADABAWA,07,GWADABAWA NORTH,SC/897/SO,Illela/Gwadabawa,FC/332/SO,,,SOKOTO
8067,CHIMMOLA/KUDU,04,GWADABAWA,07,GWADABAWA SOUTH,SC/898/SO,Illela/Gwadabawa,FC/332/SO,,,SOKOTO
8068,CHIMMOLA/AREWA,05,GWADABAWA,07,GWADABAWA SOUTH,SC/898/SO,Illela/Gwadabawa,FC/332/SO,,,SOKOTO
8069,GWADABAWA,06,GWADABAWA,07,GWADABAWA NORTH,SC/897/SO,Illela/Gwadabawa,FC/332/SO,,,SOKOTO
8070,GIDAN KAYA,07,GWADABAWA,07,GWADABAWA SOUTH,SC/898/SO,Illela/Gwadabawa,FC/332/SO,,,SOKOTO
8071,GIGANE,08,GWADABAWA,07,GWADABAWA NORTH,SC/897/SO,Illela/Gwadabawa,FC/332/SO,,,SOKOTO
8072,MAMMANDE,09,GWADABAWA,07,GWADABAWA SOUTH,SC/898/SO,Illela/Gwadabawa,FC/332/SO,,,SOKOTO
8073,SALAME,10,GWADABAWA,07,GWADABAWA SOUTH,SC/898/SO,Illela/Gwadabawa,FC/332/SO,,,SOKOTO
8074,HUCHI,11,GWADABAWA,07,GWADABAWA SOUTH,SC/898/SO,Illela/Gwadabawa,FC/332/SO,,,SOKOTO
8075,ILLELA,01,ILLELA,08,ILLELA,SC/899/SO,Illela/Gwadabawa,FC/332/SO,,,SOKOTO
8076,KALMALO,02,ILLELA,08,ILLELA,SC/899/SO,Illela/Gwadabawa,FC/332/SO,,,SOKOTO
8077,DAMBA,03,ILLELA,08,ILLELA,SC/899/SO,Illela/Gwadabawa,FC/332/SO,,,SOKOTO
8078,DARNA/SABON GARI,04,ILLELA,08,ILLELA,SC/899/SO,Illela/Gwadabawa,FC/332/SO,,,SOKOTO
8079,DARNA/TSOLAWO,05,ILLELA,08,ILLELA,SC/899/SO,Illela/Gwadabawa,FC/332/SO,,,SOKOTO
8080,G/HAMMA,06,ILLELA,08,ILLELA,SC/899/SO,Illela/Gwadabawa,FC/332/SO,,,SOKOTO
8081,ARABA,07,ILLELA,08,ILLELA,SC/899/SO,Illela/Gwadabawa,FC/332/SO,,,SOKOTO
8082,GARU,08,ILLELA,08,ILLELA,SC/899/SO,Illela/Gwadabawa,FC/332/SO,,,SOKOTO
8083,R. GATI,09,ILLELA,08,ILLELA,SC/899/SO,Illela/Gwadabawa,FC/332/SO,,,SOKOTO
8084,TOZAI,10,ILLELA,08,ILLELA,SC/899/SO,Illela/Gwadabawa,FC/332/SO,,,SOKOTO
8085,G/KATTA,11,ILLELA,08,ILLELA,SC/899/SO,Illela/Gwadabawa,FC/332/SO,,,SOKOTO
8086,ISA NORTH,01,ISA,09,ISA,SC/900/SO,Isa/Sabon Birni,FC/329/SO,,,SOKOTO
8087,ISA SOUTH,02,ISA,09,ISA,SC/900/SO,Isa/Sabon Birni,FC/329/SO,,,SOKOTO
8088,TURBA,03,ISA,09,ISA,SC/900/SO,Isa/Sabon Birni,FC/329/SO,,,SOKOTO
8089,TSABREN SARKIN DARA  I,04,ISA,09,ISA,SC/900/SO,Isa/Sabon Birni,FC/329/SO,,,SOKOTO
8090,TIDI BALE,05,ISA,09,ISA,SC/900/SO,Isa/Sabon Birni,FC/329/SO,,,SOKOTO
8091,BARGAJA,06,ISA,09,ISA,SC/900/SO,Isa/Sabon Birni,FC/329/SO,,,SOKOTO
8092,YANFAKO,07,ISA,09,ISA,SC/900/SO,Isa/Sabon Birni,FC/329/SO,,,SOKOTO
8093,TOZA I,08,ISA,09,ISA,SC/900/SO,Isa/Sabon Birni,FC/329/SO,,,SOKOTO
8094,GEBE ‘A’,09,ISA,09,ISA,SC/900/SO,Isa/Sabon Birni,FC/329/SO,,,SOKOTO
8095,GEBE ‘B’,10,ISA,09,ISA,SC/900/SO,Isa/Sabon Birni,FC/329/SO,,,SOKOTO
8096,KWARE,01,KWARE,10,KWARE,SC/901/SO,Kware/Wamakko,FC/335/SO,,,SOKOTO
8097,BANKANU/R/KADE,02,KWARE,10,KWARE,SC/901/SO,Kware/Wamakko,FC/335/SO,,,SOKOTO
8098,BASANSAN,03,KWARE,10,KWARE,SC/901/SO,Kware/Wamakko,FC/335/SO,,,SOKOTO
8099,S/BIRNIG. KARMA,04,KWARE,10,KWARE,SC/901/SO,Kware/Wamakko,FC/335/SO,,,SOKOTO
8100,H/ALI/MARABAWA,05,KWARE,10,KWARE,SC/901/SO,Kware/Wamakko,FC/335/SO,,,SOKOTO
8101,G/MODIBBO/G.AKWARA,06,KWARE,10,KWARE,SC/901/SO,Kware/Wamakko,FC/335/SO,,,SOKOTO
8102,G. RUGGA,07,KWARE,10,KWARE,SC/901/SO,Kware/Wamakko,FC/335/SO,,,SOKOTO
8103,DURBAWA,08,KWARE,10,KWARE,SC/901/SO,Kware/Wamakko,FC/335/SO,,,SOKOTO
8104,TUNGA/MALLAMAWA,09,KWARE,10,KWARE,SC/901/SO,Kware/Wamakko,FC/335/SO,,,SOKOTO
8105,KABANGA,10,KWARE,10,KWARE,SC/901/SO,Kware/Wamakko,FC/335/SO,,,SOKOTO
8106,TSAKI/WALAKAE,11,KWARE,10,KWARE,SC/901/SO,Kware/Wamakko,FC/335/SO,,,SOKOTO
8107,KEBBE EAST,01,KEBBE,11,KEBBE,SC/902/SO,Kebbe/Tambuwal,FC/339/SO,,,SOKOTO
8108,KEBBE WEST,02,KEBBE,11,KEBBE,SC/902/SO,Kebbe/Tambuwal,FC/339/SO,,,SOKOTO
8109,MARGAI-A,03,KEBBE,11,KEBBE,SC/902/SO,Kebbe/Tambuwal,FC/339/SO,,,SOKOTO
8110,MARGAI-B,04,KEBBE,11,KEBBE,SC/902/SO,Kebbe/Tambuwal,FC/339/SO,,,SOKOTO
8111,KUCHI,05,KEBBE,11,KEBBE,SC/902/SO,Kebbe/Tambuwal,FC/339/SO,,,SOKOTO
8112,NASA GUDU,06,KEBBE,11,KEBBE,SC/902/SO,Kebbe/Tambuwal,FC/339/SO,,,SOKOTO
8113,SANGI,07,KEBBE,11,KEBBE,SC/902/SO,Kebbe/Tambuwal,FC/339/SO,,,SOKOTO
8114,FAKKU,08,KEBBE,11,KEBBE,SC/902/SO,Kebbe/Tambuwal,FC/339/SO,,,SOKOTO
8115,UNGUSHI,09,KEBBE,11,KEBBE,SC/902/SO,Kebbe/Tambuwal,FC/339/SO,,,SOKOTO
8116,GIRKAU,10,KEBBE,11,KEBBE,SC/902/SO,Kebbe/Tambuwal,FC/339/SO,,,SOKOTO
8117,RABAH,01,RABAH,12,RABAH,SC/903/SO,Wurno/Rabah,FC/331/SO,,,SOKOTO
8118,RIJI/M/KUJERA,02,RABAH,12,RABAH,SC/903/SO,Wurno/Rabah,FC/331/SO,,,SOKOTO
8119,RARA,03,RABAH,12,RABAH,SC/903/SO,Wurno/Rabah,FC/331/SO,,,SOKOTO
8120,GWADDODI/G/BUWAI,04,RABAH,12,RABAH,SC/903/SO,Wurno/Rabah,FC/331/SO,,,SOKOTO
8121,GAWAKUKE,05,RABAH,12,RABAH,SC/903/SO,Wurno/Rabah,FC/331/SO,,,SOKOTO
8122,GANDI ‘A’,06,RABAH,12,RABAH,SC/903/SO,Wurno/Rabah,FC/331/SO,,,SOKOTO
8123,GANDI ‘B’,07,RABAH,12,RABAH,SC/903/SO,Wurno/Rabah,FC/331/SO,,,SOKOTO
8124,TSAMIYA,08,RABAH,12,RABAH,SC/903/SO,Wurno/Rabah,FC/331/SO,,,SOKOTO
8125,YARTSAKUWA,09,RABAH,12,RABAH,SC/903/SO,Wurno/Rabah,FC/331/SO,,,SOKOTO
8126,KURYA,10,RABAH,12,RABAH,SC/903/SO,Wurno/Rabah,FC/331/SO,,,SOKOTO
8127,TURSA,11,RABAH,12,RABAH,SC/903/SO,Wurno/Rabah,FC/331/SO,,,SOKOTO
8128,S/BIRNI EAST,01,S/BIRNI,13,SABON BIRIN NORTH,SC/904/SO,Isa/Sabon Birni,FC/329/SO,,,SOKOTO
8129,S/BIRNI WEST,02,S/BIRNI,13,SABON BIRIN NORTH,SC/904/SO,Isa/Sabon Birni,FC/329/SO,,,SOKOTO
8130,TSAMAYE,03,S/BIRNI,13,SABON BIRIN NORTH,SC/904/SO,Isa/Sabon Birni,FC/329/SO,,,SOKOTO
8131,UNGUWAR LALLE,04,S/BIRNI,13,SABON BIRIN NORTH,SC/904/SO,Isa/Sabon Birni,FC/329/SO,,,SOKOTO
8132,TARA,05,S/BIRNI,13,SABON BIRIN SOUTH,SC/905/SO,Isa/Sabon Birni,FC/329/SO,,,SOKOTO
8133,GATAWA,06,S/BIRNI,13,SABON BIRIN SOUTH,SC/905/SO,Isa/Sabon Birni,FC/329/SO,,,SOKOTO
8134,KURAWA,07,S/BIRNI,13,SABON BIRIN SOUTH,SC/905/SO,Isa/Sabon Birni,FC/329/SO,,,SOKOTO
8135,GANGARA,08,S/BIRNI,13,SABON BIRIN SOUTH,SC/905/SO,Isa/Sabon Birni,FC/329/SO,,,SOKOTO
8136,KALGO,09,S/BIRNI,13,SABON BIRIN SOUTH,SC/905/SO,Isa/Sabon Birni,FC/329/SO,,,SOKOTO
8137,MAKUWANA,10,S/BIRNI,13,SABON BIRIN NORTH,SC/904/SO,Isa/Sabon Birni,FC/329/SO,,,SOKOTO
8138,LAJINGE,11,S/BIRNI,13,SABON BIRIN SOUTH,SC/905/SO,Isa/Sabon Birni,FC/329/SO,,,SOKOTO
8139,JAREDI,01,SHAGARI,14,SHAGARI,SC/906/SO,Yabo/Shagari,FC/338/SO,,,SOKOTO
8140,HORO BIRNI,02,SHAGARI,14,SHAGARI,SC/906/SO,Yabo/Shagari,FC/338/SO,,,SOKOTO
8141,DANDIN MAHE,03,SHAGARI,14,SHAGARI,SC/906/SO,Yabo/Shagari,FC/338/SO,,,SOKOTO
8142,KAMBAMA,04,SHAGARI,14,SHAGARI,SC/906/SO,Yabo/Shagari,FC/338/SO,,,SOKOTO
8143,GANGAM,05,SHAGARI,14,SHAGARI,SC/906/SO,Yabo/Shagari,FC/338/SO,,,SOKOTO
8144,LAMBARA,06,SHAGARI,14,SHAGARI,SC/906/SO,Yabo/Shagari,FC/338/SO,,,SOKOTO
8145,SHAGARI,07,SHAGARI,14,SHAGARI,SC/906/SO,Yabo/Shagari,FC/338/SO,,,SOKOTO
8146,SANYINNAWAL,08,SHAGARI,14,SHAGARI,SC/906/SO,Yabo/Shagari,FC/338/SO,,,SOKOTO
8147,KAJIJI,09,SHAGARI,14,SHAGARI,SC/906/SO,Yabo/Shagari,FC/338/SO,,,SOKOTO
8148,MANDERA,10,SHAGARI,14,SHAGARI,SC/906/SO,Yabo/Shagari,FC/338/SO,,,SOKOTO
8149,GANDE EAST,01,SILAME,15,SILAME,SC/907/SO,Binji/Silame,FC/334/SO,,,SOKOTO
8150,GANDE WEST,02,SILAME,15,SILAME,SC/907/SO,Binji/Silame,FC/334/SO,,,SOKOTO
8151,KATAMI NORTH,03,SILAME,15,SILAME,SC/907/SO,Binji/Silame,FC/334/SO,,,SOKOTO
8152,KATAMI SOUTH,04,SILAME,15,SILAME,SC/907/SO,Binji/Silame,FC/334/SO,,,SOKOTO
8153,KUBODU NORTH,05,SILAME,15,SILAME,SC/907/SO,Binji/Silame,FC/334/SO,,,SOKOTO
8154,KUBODU SOUTH,06,SILAME,15,SILAME,SC/907/SO,Binji/Silame,FC/334/SO,,,SOKOTO
8155,LABANI,07,SILAME,15,SILAME,SC/907/SO,Binji/Silame,FC/334/SO,,,SOKOTO
8156,MARAFA EAST,08,SILAME,15,SILAME,SC/907/SO,Binji/Silame,FC/334/SO,,,SOKOTO
8157,MARAFA WEST,09,SILAME,15,SILAME,SC/907/SO,Binji/Silame,FC/334/SO,,,SOKOTO
8158,SILAME,10,SILAME,15,SILAME,SC/907/SO,Binji/Silame,FC/334/SO,,,SOKOTO
8159,WAZIRI ‘A’,01,SOKOTO NORTH,16,SOKOTO NORTH,SC/908/SO,Sokoto North/Sokoto South,FC/336/SO,,,SOKOTO
8160,WAZIRI ‘B’,02,SOKOTO NORTH,16,SOKOTO NORTH,SC/908/SO,Sokoto North/Sokoto South,FC/336/SO,,,SOKOTO
8161,WARIRI ‘C’,03,SOKOTO NORTH,16,SOKOTO NORTH,SC/908/SO,Sokoto North/Sokoto South,FC/336/SO,,,SOKOTO
8162,MAGAJIN GARI ‘A’,04,SOKOTO NORTH,16,SOKOTO NORTH II,SC/909/SO,Sokoto North/Sokoto South,FC/336/SO,,,SOKOTO
8163,MAGARIN GARI ‘B’,05,SOKOTO NORTH,16,SOKOTO NORTH II,SC/909/SO,Sokoto North/Sokoto South,FC/336/SO,,,SOKOTO
8164,SHIYAR ADAR GIDAN IGWAI,06,SOKOTO NORTH,16,SOKOTO NORTH II,SC/909/SO,Sokoto North/Sokoto South,FC/336/SO,,,SOKOTO
8165,MAGAJIN RAFI ‘A’,07,SOKOTO NORTH,16,SOKOTO NORTH,SC/908/SO,Sokoto North/Sokoto South,FC/336/SO,,,SOKOTO
8166,MAGAJIN RAFI ‘B’,08,SOKOTO NORTH,16,SOKOTO NORTH,SC/908/SO,Sokoto North/Sokoto South,FC/336/SO,,,SOKOTO
8167,S/MUSULMI ‘A’,09,SOKOTO NORTH,16,SOKOTO NORTH II,SC/909/SO,Sokoto North/Sokoto South,FC/336/SO,,,SOKOTO
8168,S/MUSULMI ‘B’,10,SOKOTO NORTH,16,SOKOTO NORTH II,SC/909/SO,Sokoto North/Sokoto South,FC/336/SO,,,SOKOTO
8169,S/ADAR GANDU,11,SOKOTO NORTH,16,SOKOTO NORTH II,SC/909/SO,Sokoto North/Sokoto South,FC/336/SO,,,SOKOTO
8170,R/DOROWA ‘A’,01,SOKOTO SOUTH,17,SOKOTO SOUTH II,SC/911/SO,Sokoto North/Sokoto South,FC/336/SO,,,SOKOTO
8171,R/DOROWA ‘B’,02,SOKOTO SOUTH,17,SOKOTO SOUTH II,SC/911/SO,Sokoto North/Sokoto South,FC/336/SO,,,SOKOTO
8172,T/WADA ‘A’,03,SOKOTO SOUTH,17,SOKOTO SOUTH I,SC/910/SO,Sokoto North/Sokoto South,FC/336/SO,,,SOKOTO
8173,T/WADA ‘B’,04,SOKOTO SOUTH,17,SOKOTO SOUTH I,SC/910/SO,Sokoto North/Sokoto South,FC/336/SO,,,SOKOTO
8174,S/ZAMFARA ‘A’,05,SOKOTO SOUTH,17,SOKOTO SOUTH II,SC/911/SO,Sokoto North/Sokoto South,FC/336/SO,,,SOKOTO
8175,S/ZAMFARA ‘B’,06,SOKOTO SOUTH,17,SOKOTO SOUTH II,SC/911/SO,Sokoto North/Sokoto South,FC/336/SO,,,SOKOTO
8176,GAGI ‘A’,07,SOKOTO SOUTH,17,SOKOTO SOUTH I,SC/910/SO,Sokoto North/Sokoto South,FC/336/SO,,,SOKOTO
8177,GAGI ‘B’,08,SOKOTO SOUTH,17,SOKOTO SOUTH I,SC/910/SO,Sokoto North/Sokoto South,FC/336/SO,,,SOKOTO
8178,GAGI ‘C’,09,SOKOTO SOUTH,17,SOKOTO SOUTH I,SC/910/SO,Sokoto North/Sokoto South,FC/336/SO,,,SOKOTO
8179,S/ADAR KWANNI,10,SOKOTO SOUTH,17,,,Sokoto North/Sokoto South,FC/336/SO,,,SOKOTO
8180,S/ADAR KOFAR ATIKU,11,SOKOTO SOUTH,17,,,Sokoto North/Sokoto South,FC/336/SO,,,SOKOTO
8181,ROMMON SARKI,01,TAMBUWAL,18,TAMBUWAL WEST,SC/912/SO,Kebbe/Tambuwal,FC/339/SO,,,SOKOTO
8182,BAKAYA S/BIRNI,02,TAMBUWAL,18,TAMBUWAL WEST,SC/912/SO,Kebbe/Tambuwal,FC/339/SO,,,SOKOTO
8183,BASHIRE/MAIKADA,03,TAMBUWAL,18,TAMBUWAL WEST,SC/912/SO,Kebbe/Tambuwal,FC/339/SO,,,SOKOTO
8184,BAGIDA/LUKINGO,04,TAMBUWAL,18,TAMBUWAL WEST,SC/912/SO,Kebbe/Tambuwal,FC/339/SO,,,SOKOTO
8185,TAMBUWAL/SHINFIRI,05,TAMBUWAL,18,TAMBUWAL WEST,SC/912/SO,Kebbe/Tambuwal,FC/339/SO,,,SOKOTO
8186,FAGA/ALASAN,06,TAMBUWAL,18,TAMBUWAL WEST,SC/912/SO,Kebbe/Tambuwal,FC/339/SO,,,SOKOTO
8187,DOGON-DAJI/SALA,07,TAMBUWAL,18,TAMBUWAL EAST,SC/913/SO,Kebbe/Tambuwal,FC/339/SO,,,SOKOTO
8188,SANYINNA,08,TAMBUWAL,18,TAMBUWAL EAST,SC/913/SO,Kebbe/Tambuwal,FC/339/SO,,,SOKOTO
8189,BARKEJI/NABAGUDA,09,TAMBUWAL,18,TAMBUWAL EAST,SC/913/SO,Kebbe/Tambuwal,FC/339/SO,,,SOKOTO
8190,JABO/KAGARA,10,TAMBUWAL,18,TAMBUWAL EAST,SC/913/SO,Kebbe/Tambuwal,FC/339/SO,,,SOKOTO
8191,SAIDA/GOSHE,11,TAMBUWAL,18,TAMBUWAL EAST,SC/913/SO,Kebbe/Tambuwal,FC/339/SO,,,SOKOTO
8192,TANGAZA,01,TANGAZA,19,TANGAZA,SC/914/SO,Tangaza/Gudu,FC/333/SO,,,SOKOTO
8193,RUWA-WURI,02,TANGAZA,19,TANGAZA,SC/914/SO,Tangaza/Gudu,FC/333/SO,,,SOKOTO
8194,RAKA,03,TANGAZA,19,TANGAZA,SC/914/SO,Tangaza/Gudu,FC/333/SO,,,SOKOTO
8195,SALEWA,04,TANGAZA,19,TANGAZA,SC/914/SO,Tangaza/Gudu,FC/333/SO,,,SOKOTO
8196,GIDAN MADI,05,TANGAZA,19,TANGAZA,SC/914/SO,Tangaza/Gudu,FC/333/SO,,,SOKOTO
8197,SUTTI,06,TANGAZA,19,TANGAZA,SC/914/SO,Tangaza/Gudu,FC/333/SO,,,SOKOTO
8198,KWACCE-HUYU,07,TANGAZA,19,TANGAZA,SC/914/SO,Tangaza/Gudu,FC/333/SO,,,SOKOTO
8199,KALANJENI,08,TANGAZA,19,TANGAZA,SC/914/SO,Tangaza/Gudu,FC/333/SO,,,SOKOTO
8200,MAGONHO,09,TANGAZA,19,TANGAZA,SC/914/SO,Tangaza/Gudu,FC/333/SO,,,SOKOTO
8201,SAKKWAI,10,TANGAZA,19,TANGAZA,SC/914/SO,Tangaza/Gudu,FC/333/SO,,,SOKOTO
8202,DUMA,01,TURETA,20,TURETA,SC/915/SO,Dange-Shuni/Bodinga/Tureta,FC/337/SO,,,SOKOTO
8203,LOFA,02,TURETA,20,TURETA,SC/915/SO,Dange-Shuni/Bodinga/Tureta,FC/337/SO,,,SOKOTO
8204,TSAMIYA,03,TURETA,20,TURETA,SC/915/SO,Dange-Shuni/Bodinga/Tureta,FC/337/SO,,,SOKOTO
8205,BARAYAR GIWA,04,TURETA,20,TURETA,SC/915/SO,Dange-Shuni/Bodinga/Tureta,FC/337/SO,,,SOKOTO
8206,FURA GIRKE,05,TURETA,20,TURETA,SC/915/SO,Dange-Shuni/Bodinga/Tureta,FC/337/SO,,,SOKOTO
8207,LAMBAR TURETA,06,TURETA,20,TURETA,SC/915/SO,Dange-Shuni/Bodinga/Tureta,FC/337/SO,,,SOKOTO
8208,TURETA GARI,07,TURETA,20,TURETA,SC/915/SO,Dange-Shuni/Bodinga/Tureta,FC/337/SO,,,SOKOTO
8209,KURUWA,08,TURETA,20,TURETA,SC/915/SO,Dange-Shuni/Bodinga/Tureta,FC/337/SO,,,SOKOTO
8210,GIDAN KARE/BIMASA,09,TURETA,20,TURETA,SC/915/SO,Dange-Shuni/Bodinga/Tureta,FC/337/SO,,,SOKOTO
8211,KWARARE,10,TURETA,20,TURETA,SC/915/SO,Dange-Shuni/Bodinga/Tureta,FC/337/SO,,,SOKOTO
8212,ARKILLA,01,WAMAKKO,21,WAMAKKO,SC/916/SO,Kware/Wamakko,FC/335/SO,,,SOKOTO
8213,BADO/KASARAWA,02,WAMAKKO,21,WAMAKKO,SC/916/SO,Kware/Wamakko,FC/335/SO,,,SOKOTO
8214,GUMBI/WAJAKE,03,WAMAKKO,21,WAMAKKO,SC/916/SO,Kware/Wamakko,FC/335/SO,,,SOKOTO
8215,KALAMBAINA/GIRABSHI,04,WAMAKKO,21,WAMAKKO,SC/916/SO,Kware/Wamakko,FC/335/SO,,,SOKOTO
8216,G/HAMIDU/G/KAYA,05,WAMAKKO,21,WAMAKKO,SC/916/SO,Kware/Wamakko,FC/335/SO,,,SOKOTO
8217,G/BUBU/G/YARO,06,WAMAKKO,21,WAMAKKO,SC/916/SO,Kware/Wamakko,FC/335/SO,,,SOKOTO
8218,WAMAKKO,07,WAMAKKO,21,WAMAKKO,SC/916/SO,Kware/Wamakko,FC/335/SO,,,SOKOTO
8219,DUNDAYE/GUMBURAWA,08,WAMAKKO,21,WAMAKKO,SC/916/SO,Kware/Wamakko,FC/335/SO,,,SOKOTO
8220,K/KIMBA/GEDEWA,09,WAMAKKO,21,WAMAKKO,SC/916/SO,Kware/Wamakko,FC/335/SO,,,SOKOTO
8221,GWAMATSE,10,WAMAKKO,21,WAMAKKO,SC/916/SO,Kware/Wamakko,FC/335/SO,,,SOKOTO
8222,KAMMATA,11,WAMAKKO,21,WAMAKKO,SC/916/SO,Kware/Wamakko,FC/335/SO,,,SOKOTO
8223,MARAFA,01,WURNO,22,WURNO,SC/917/SO,Wurno/Rabah,FC/331/SO,,,SOKOTO
8224,MAGARYA,02,WURNO,22,WURNO,SC/917/SO,Wurno/Rabah,FC/331/SO,,,SOKOTO
8225,DANKEMU,03,WURNO,22,WURNO,SC/917/SO,Wurno/Rabah,FC/331/SO,,,SOKOTO
8226,DIMBISO,04,WURNO,22,WURNO,SC/917/SO,Wurno/Rabah,FC/331/SO,,,SOKOTO
8227,KWARGADA,05,WURNO,22,WURNO,SC/917/SO,Wurno/Rabah,FC/331/SO,,,SOKOTO
8228,CHACHO/MARANONA,06,WURNO,22,WURNO,SC/917/SO,Wurno/Rabah,FC/331/SO,,,SOKOTO
8229,DINAWA,07,WURNO,22,WURNO,SC/917/SO,Wurno/Rabah,FC/331/SO,,,SOKOTO
8230,ACHIDA,08,WURNO,22,WURNO,SC/917/SO,Wurno/Rabah,FC/331/SO,,,SOKOTO
8231,ALKAMMU/GYELGEL,09,WURNO,22,WURNO,SC/917/SO,Wurno/Rabah,FC/331/SO,,,SOKOTO
8232,LAHODU/G/BANGO,10,WURNO,22,WURNO,SC/917/SO,Wurno/Rabah,FC/331/SO,,,SOKOTO
8233,KWASARE/SISAWA,11,WURNO,22,WURNO,SC/917/SO,Wurno/Rabah,FC/331/SO,,,SOKOTO
8234,FAKKA,01,YABO,23,YABO,SC/918/SO,Yabo/Shagari,FC/338/SO,,,SOKOTO
8235,BINGAJE,02,YABO,23,YABO,SC/918/SO,Yabo/Shagari,FC/338/SO,,,SOKOTO
8236,BINJI,03,YABO,23,YABO,SC/918/SO,Yabo/Shagari,FC/338/SO,,,SOKOTO
8237,TORANKAWA,04,YABO,23,YABO,SC/918/SO,Yabo/Shagari,FC/338/SO,,,SOKOTO
8238,BUGGAR IYA,05,YABO,23,YABO,SC/918/SO,Yabo/Shagari,FC/338/SO,,,SOKOTO
8239,YABO ‘A’,06,YABO,23,YABO,SC/918/SO,Yabo/Shagari,FC/338/SO,,,SOKOTO
8240,YABO ‘B’,07,YABO,23,YABO,SC/918/SO,Yabo/Shagari,FC/338/SO,,,SOKOTO
8241,KILGORI,08,YABO,23,YABO,SC/918/SO,Yabo/Shagari,FC/338/SO,,,SOKOTO
8242,BIRNIN RUWA,09,YABO,23,YABO,SC/918/SO,Yabo/Shagari,FC/338/SO,,,SOKOTO
8243,BAKALE,10,YABO,23,YABO,SC/918/SO,Yabo/Shagari,FC/338/SO,,,SOKOTO
8244,ALIM GORA,01,ARDO KOLA,01,ARDO-KOLA,SC/925/TR,Karim Lamido/Lau/Ardo-Kola,FC/345/TR,,,TARABA
8245,ARDO-KOLA,02,ARDO KOLA,01,ARDO-KOLA,SC/925/TR,Karim Lamido/Lau/Ardo-Kola,FC/345/TR,,,TARABA
8246,IWARE,03,ARDO KOLA,01,ARDO-KOLA,SC/925/TR,Karim Lamido/Lau/Ardo-Kola,FC/345/TR,,,TARABA
8247,JAURO YINU,04,ARDO KOLA,01,ARDO-KOLA,SC/925/TR,Karim Lamido/Lau/Ardo-Kola,FC/345/TR,,,TARABA
8248,LAMIDO BORNO,05,ARDO KOLA,01,ARDO-KOLA,SC/925/TR,Karim Lamido/Lau/Ardo-Kola,FC/345/TR,,,TARABA
8249,MAYO RANEWO,06,ARDO KOLA,01,ARDO-KOLA,SC/925/TR,Karim Lamido/Lau/Ardo-Kola,FC/345/TR,,,TARABA
8250,SARKIN DUTSE,07,ARDO KOLA,01,ARDO-KOLA,SC/925/TR,Karim Lamido/Lau/Ardo-Kola,FC/345/TR,,,TARABA
8251,SUNKANI,08,ARDO KOLA,01,ARDO-KOLA,SC/925/TR,Karim Lamido/Lau/Ardo-Kola,FC/345/TR,,,TARABA
8252,TAU,09,ARDO KOLA,01,ARDO-KOLA,SC/925/TR,Karim Lamido/Lau/Ardo-Kola,FC/345/TR,,,TARABA
8253,ZONGON KOMBI,10,ARDO KOLA,01,ARDO-KOLA,SC/925/TR,Karim Lamido/Lau/Ardo-Kola,FC/345/TR,,,TARABA
8254,BADAKOSHI,01,BALI,02,BALI I,SC/919/TR,Bali/Gassol,FC/340/TR,,,TARABA
8255,BALI ‘A’,02,BALI,02,BALI I,SC/919/TR,Bali/Gassol,FC/340/TR,,,TARABA
8256,BALI ‘B’,03,BALI,02,BALI I,SC/919/TR,Bali/Gassol,FC/340/TR,,,TARABA
8257,GANGDOLE,04,BALI,02,BALI II,SC/920/TR,Bali/Gassol,FC/340/TR,,,TARABA
8258,GANGLARI,05,BALI,02,BALI II,SC/920/TR,Bali/Gassol,FC/340/TR,,,TARABA
8259,GANGTIBA,06,BALI,02,BALI II,SC/920/TR,Bali/Gassol,FC/340/TR,,,TARABA
8260,GANGMATA,07,BALI,02,BALI II,SC/920/TR,Bali/Gassol,FC/340/TR,,,TARABA
8261,KAIGAM,08,BALI,02,,,Bali/Gassol,FC/340/TR,,,TARABA
8262,MAIHULA,09,BALI,02,BALI I,SC/919/TR,Bali/Gassol,FC/340/TR,,,TARABA
8263,SANTAI,10,BALI,02,BALI I,SC/919/TR,Bali/Gassol,FC/340/TR,,,TARABA
8264,TAKALAFIYA,11,BALI,02,BALI I,SC/919/TR,Bali/Gassol,FC/340/TR,,,TARABA
8265,AKATE,01,DONGA,03,DONDA,SC/939/TR,Takum/Donga/Ussa,FC/341/TR,,,TARABA
8266,ASIBITI,02,DONGA,03,DONDA,SC/939/TR,Takum/Donga/Ussa,FC/341/TR,,,TARABA
8267,FADA,03,DONGA,03,DONDA,SC/939/TR,Takum/Donga/Ussa,FC/341/TR,,,TARABA
8268,GAYAMA,04,DONGA,03,DONDA,SC/939/TR,Takum/Donga/Ussa,FC/341/TR,,,TARABA
8269,GINDIN DUTSE,05,DONGA,03,DONDA,SC/939/TR,Takum/Donga/Ussa,FC/341/TR,,,TARABA
8270,GYATTA AURE,06,DONGA,03,DONDA,SC/939/TR,Takum/Donga/Ussa,FC/341/TR,,,TARABA
8271,KADARKO,07,DONGA,03,DONDA,SC/939/TR,Takum/Donga/Ussa,FC/341/TR,,,TARABA
8272,MARRABA,08,DONGA,03,DONDA,SC/939/TR,Takum/Donga/Ussa,FC/341/TR,,,TARABA
8273,NYITA,09,DONGA,03,DONDA,SC/939/TR,Takum/Donga/Ussa,FC/341/TR,,,TARABA
8274,SUNTAI,10,DONGA,03,DONDA,SC/939/TR,Takum/Donga/Ussa,FC/341/TR,,,TARABA
8275,GALUMJINA,01,GASHAKA,04,GASHAKA,SC/940/TR,Sardauna/Kurmi/Gashaka,FC/342/TR,,,TARABA
8276,GANG GUMI,02,GASHAKA,04,GASHAKA,SC/940/TR,Sardauna/Kurmi/Gashaka,FC/342/TR,,,TARABA
8277,GARBABI,03,GASHAKA,04,GASHAKA,SC/940/TR,Sardauna/Kurmi/Gashaka,FC/342/TR,,,TARABA
8278,GASHAKA,04,GASHAKA,04,GASHAKA,SC/940/TR,Sardauna/Kurmi/Gashaka,FC/342/TR,,,TARABA
8279,GAYA,05,GASHAKA,04,GASHAKA,SC/940/TR,Sardauna/Kurmi/Gashaka,FC/342/TR,,,TARABA
8280,JAMTARI,06,GASHAKA,04,GASHAKA,SC/940/TR,Sardauna/Kurmi/Gashaka,FC/342/TR,,,TARABA
8281,MAI-IDANU,07,GASHAKA,04,GASHAKA,SC/940/TR,Sardauna/Kurmi/Gashaka,FC/342/TR,,,TARABA
8282,MAYO SELBE,08,GASHAKA,04,GASHAKA,SC/940/TR,Sardauna/Kurmi/Gashaka,FC/342/TR,,,TARABA
8283,SERTI ‘’A’’,09,GASHAKA,04,GASHAKA,SC/940/TR,Sardauna/Kurmi/Gashaka,FC/342/TR,,,TARABA
8284,SERTI ‘’B’’,10,GASHAKA,04,GASHAKA,SC/940/TR,Sardauna/Kurmi/Gashaka,FC/342/TR,,,TARABA
8285,GASSOL,01,GASSOL,05,GASSOL I,SC/921/TR,Bali/Gassol,FC/340/TR,,,TARABA
8286,GUNDUMA,02,GASSOL,05,GASSOL II,SC/922/TR,Bali/Gassol,FC/340/TR,,,TARABA
8287,MUTUM BIYU I,03,GASSOL,05,GASSOL II,SC/922/TR,Bali/Gassol,FC/340/TR,,,TARABA
8288,MUTUM BIYU II,04,GASSOL,05,GASSOL II,SC/922/TR,Bali/Gassol,FC/340/TR,,,TARABA
8289,NAMNAI,05,GASSOL,05,GASSOL II,SC/922/TR,Bali/Gassol,FC/340/TR,,,TARABA
8290,SABON GIDA,06,GASSOL,05,GASSOL I,SC/921/TR,Bali/Gassol,FC/340/TR,,,TARABA
8291,SARKIN SHIRA,07,GASSOL,05,GASSOL II,SC/922/TR,Bali/Gassol,FC/340/TR,,,TARABA
8292,SENDIRDE,08,GASSOL,05,GASSOL I,SC/921/TR,Bali/Gassol,FC/340/TR,,,TARABA
8293,TUTARE,09,GASSOL,05,GASSOL II,SC/922/TR,Bali/Gassol,FC/340/TR,,,TARABA
8294,WUROJAM,10,GASSOL,05,GASSOL I,SC/921/TR,Bali/Gassol,FC/340/TR,,,TARABA
8295,WURYO,11,GASSOL,05,GASSOL I,SC/921/TR,Bali/Gassol,FC/340/TR,,,TARABA
8296,YERIMA,12,GASSOL,05,GASSOL I,SC/921/TR,Bali/Gassol,FC/340/TR,,,TARABA
8297,DAMPAR I,01,IBI,06,IBI,SC/938/TR,Ibi/Wukari,FC/343/TR,,,TARABA
8298,DAMPAR II,02,IBI,06,IBI,SC/938/TR,Ibi/Wukari,FC/343/TR,,,TARABA
8299,DARMPAR III,03,IBI,06,IBI,SC/938/TR,Ibi/Wukari,FC/343/TR,,,TARABA
8300,IBI NWONYO I,04,IBI,06,IBI,SC/938/TR,Ibi/Wukari,FC/343/TR,,,TARABA
8301,IBI NWONYO II,05,IBI,06,IBI,SC/938/TR,Ibi/Wukari,FC/343/TR,,,TARABA
8302,IBI RIMI UKU I,06,IBI,06,IBI,SC/938/TR,Ibi/Wukari,FC/343/TR,,,TARABA
8303,IBI RIMI UKU II,07,IBI,06,IBI,SC/938/TR,Ibi/Wukari,FC/343/TR,,,TARABA
8304,SARKIN KUDU I,08,IBI,06,IBI,SC/938/TR,Ibi/Wukari,FC/343/TR,,,TARABA
8305,SARKIN KUDU II,09,IBI,06,IBI,SC/938/TR,Ibi/Wukari,FC/343/TR,,,TARABA
8306,SARKIN KUDU III,10,IBI,06,IBI,SC/938/TR,Ibi/Wukari,FC/343/TR,,,TARABA
8307,ABBARE YELWA,01,JALINGO,07,JALINGO II,SC/924/TR,Jalingo/Yorro/Zing,FC/344/TR,,,TARABA
8308,BARADE,02,JALINGO,07,JALINGO I,SC/923/TR,Jalingo/Yorro/Zing,FC/344/TR,,,TARABA
8309,KACHALLA SEMBE,03,JALINGO,07,JALINGO II,SC/924/TR,Jalingo/Yorro/Zing,FC/344/TR,,,TARABA
8310,KONA,04,JALINGO,07,JALINGO II,SC/924/TR,Jalingo/Yorro/Zing,FC/344/TR,,,TARABA
8311,MAJIDADI,05,JALINGO,07,JALINGO II,SC/924/TR,Jalingo/Yorro/Zing,FC/344/TR,,,TARABA
8312,MAYO GOI,06,JALINGO,07,JALINGO I,SC/923/TR,Jalingo/Yorro/Zing,FC/344/TR,,,TARABA
8313,SARKIN DAWAKI,07,JALINGO,07,JALINGO II,SC/924/TR,Jalingo/Yorro/Zing,FC/344/TR,,,TARABA
8314,SINTALI,08,JALINGO,07,JALINGO I,SC/923/TR,Jalingo/Yorro/Zing,FC/344/TR,,,TARABA
8315,TURAKI ‘’A’’,09,JALINGO,07,JALINGO I,SC/923/TR,Jalingo/Yorro/Zing,FC/344/TR,,,TARABA
8316,TURAKI ‘’B’’,10,JALINGO,07,JALINGO I,SC/923/TR,Jalingo/Yorro/Zing,FC/344/TR,,,TARABA
8317,AMAR,01,LAMIDO,08,KARIM LAMIDO II,SC/935/TR,Karim Lamido/Lau/Ardo-Kola,FC/345/TR,,,TARABA
8318,ANDAMIN,02,LAMIDO,08,KARIM LAMIDO II,SC/935/TR,Karim Lamido/Lau/Ardo-Kola,FC/345/TR,,,TARABA
8319,BACHAMA,03,LAMIDO,08,KARIM LAMIDO II,SC/935/TR,Karim Lamido/Lau/Ardo-Kola,FC/345/TR,,,TARABA
8320,BIKWIN,04,LAMIDO,08,KARIM LAMIDO I,SC/934/TR,Karim Lamido/Lau/Ardo-Kola,FC/345/TR,,,TARABA
8321,DAROFAI,05,LAMIDO,08,KARIM LAMIDO II,SC/935/TR,Karim Lamido/Lau/Ardo-Kola,FC/345/TR,,,TARABA
8322,DIDANGO,06,LAMIDO,08,KARIM LAMIDO II,SC/935/TR,Karim Lamido/Lau/Ardo-Kola,FC/345/TR,,,TARABA
8323,JEN ARDIDO,07,LAMIDO,08,KARIM LAMIDO I,SC/934/TR,Karim Lamido/Lau/Ardo-Kola,FC/345/TR,,,TARABA
8324,JEN KAIGAMA,08,LAMIDO,08,KARIM LAMIDO I,SC/934/TR,Karim Lamido/Lau/Ardo-Kola,FC/345/TR,,,TARABA
8325,KARIM ‘’A’,09,LAMIDO,08,KARIM LAMIDO I,SC/934/TR,Karim Lamido/Lau/Ardo-Kola,FC/345/TR,,,TARABA
8326,KARIMA ‘’B’’,10,LAMIDO,08,KARIM LAMIDO I,SC/934/TR,Karim Lamido/Lau/Ardo-Kola,FC/345/TR,,,TARABA
8327,KWANCHI,11,LAMIDO,08,KARIM LAMIDO II,SC/935/TR,Karim Lamido/Lau/Ardo-Kola,FC/345/TR,,,TARABA
8328,ABONG,01,KURMI,09,,,Sardauna/Kurmi/Gashaka,FC/342/TR,,,TARABA
8329,AKWENTO/BOKO,02,KURMI,09,,,Sardauna/Kurmi/Gashaka,FC/342/TR,,,TARABA
8330,ASHUKU/ENEME,03,KURMI,09,,,Sardauna/Kurmi/Gashaka,FC/342/TR,,,TARABA
8331,BAISSA,04,KURMI,09,,,Sardauna/Kurmi/Gashaka,FC/342/TR,,,TARABA
8332,BENTE/GALEA,05,KURMI,09,,,Sardauna/Kurmi/Gashaka,FC/342/TR,,,TARABA
8333,BISSAULA,06,KURMI,09,,,Sardauna/Kurmi/Gashaka,FC/342/TR,,,TARABA
8334,DIDAN,07,KURMI,09,,,Sardauna/Kurmi/Gashaka,FC/342/TR,,,TARABA
8335,NDAFORO/GWANDA,08,KURMI,09,,,Sardauna/Kurmi/Gashaka,FC/342/TR,,,TARABA
8336,NJUWANDE,09,KURMI,09,,,Sardauna/Kurmi/Gashaka,FC/342/TR,,,TARABA
8337,NYIDO/TOSSO,10,KURMI,09,,,Sardauna/Kurmi/Gashaka,FC/342/TR,,,TARABA
8338,ABBARE I,01,LAU,10,LAU,SC/941/TR,Karim Lamido/Lau/Ardo-Kola,FC/345/TR,,,TARABA
8339,ABBARE II,02,LAU,10,LAU,SC/941/TR,Karim Lamido/Lau/Ardo-Kola,FC/345/TR,,,TARABA
8340,DONADDA,03,LAU,10,LAU,SC/941/TR,Karim Lamido/Lau/Ardo-Kola,FC/345/TR,,,TARABA
8341,GARIN DOGO,04,LAU,10,LAU,SC/941/TR,Karim Lamido/Lau/Ardo-Kola,FC/345/TR,,,TARABA
8342,GARIN MAGAJI,05,LAU,10,LAU,SC/941/TR,Karim Lamido/Lau/Ardo-Kola,FC/345/TR,,,TARABA
8343,JIMLARI,06,LAU,10,LAU,SC/941/TR,Karim Lamido/Lau/Ardo-Kola,FC/345/TR,,,TARABA
8344,KUNINI,07,LAU,10,LAU,SC/941/TR,Karim Lamido/Lau/Ardo-Kola,FC/345/TR,,,TARABA
8345,LAU I,08,LAU,10,LAU,SC/941/TR,Karim Lamido/Lau/Ardo-Kola,FC/345/TR,,,TARABA
8346,LAU II,09,LAU,10,LAU,SC/941/TR,Karim Lamido/Lau/Ardo-Kola,FC/345/TR,,,TARABA
8347,MAYOLOPE,10,LAU,10,LAU,SC/941/TR,Karim Lamido/Lau/Ardo-Kola,FC/345/TR,,,TARABA
8348,GEMBU ‘’A’’,01,SARDAUNA,11,GEMBU,SC/929/TR,Sardauna/Kurmi/Gashaka,FC/342/TR,,,TARABA
8349,GEMBU ‘’B’’,02,SARDAUNA,11,GEMBU,SC/929/TR,Sardauna/Kurmi/Gashaka,FC/342/TR,,,TARABA
8350,KABRI,03,SARDAUNA,11,MBAMNGA,SC/931/TR,Sardauna/Kurmi/Gashaka,FC/342/TR,,,TARABA
8351,KAKARA,04,SARDAUNA,11,NGUROJE,SC/930/TR,Sardauna/Kurmi/Gashaka,FC/342/TR,,,TARABA
8352,MAGU,05,SARDAUNA,11,NGUROJE,SC/930/TR,Sardauna/Kurmi/Gashaka,FC/342/TR,,,TARABA
8353,MAYUO-NDAGA,06,SARDAUNA,11,GEMBU,SC/929/TR,Sardauna/Kurmi/Gashaka,FC/342/TR,,,TARABA
8354,MBAMNGA,07,SARDAUNA,11,MBAMNGA,SC/931/TR,Sardauna/Kurmi/Gashaka,FC/342/TR,,,TARABA
8355,NDUM-YAJI,08,SARDAUNA,11,NGUROJE,SC/930/TR,Sardauna/Kurmi/Gashaka,FC/342/TR,,,TARABA
8356,NGUROJE,09,SARDAUNA,11,NGUROJE,SC/930/TR,Sardauna/Kurmi/Gashaka,FC/342/TR,,,TARABA
8357,TITONG,10,SARDAUNA,11,GEMBU,SC/929/TR,Sardauna/Kurmi/Gashaka,FC/342/TR,,,TARABA
8358,WARWAR,11,SARDAUNA,11,MBAMNGA,SC/931/TR,Sardauna/Kurmi/Gashaka,FC/342/TR,,,TARABA
8359,BETE,01,TAKUM,12,KASHIMBILA,SC/927/TR,Takum/Donga/Ussa,FC/341/TR,,,TARABA
8360,CHANCHANJI,02,TAKUM,12,TAKUM I,SC/926/TR,Takum/Donga/Ussa,FC/341/TR,,,TARABA
8361,DUTSE,03,TAKUM,12,TAKUM I,SC/926/TR,Takum/Donga/Ussa,FC/341/TR,,,TARABA
8362,FETE,04,TAKUM,12,KASHIMBILA,SC/927/TR,Takum/Donga/Ussa,FC/341/TR,,,TARABA
8363,GAHAWETON,05,TAKUM,12,TAKUM I,SC/926/TR,Takum/Donga/Ussa,FC/341/TR,,,TARABA
8364,KASHIBILA,06,TAKUM,12,KASHIMBILA,SC/927/TR,Takum/Donga/Ussa,FC/341/TR,,,TARABA
8365,MANYA,07,TAKUM,12,TAKUM I,SC/926/TR,Takum/Donga/Ussa,FC/341/TR,,,TARABA
8366,ROGO,08,TAKUM,12,TAKUM I,SC/926/TR,Takum/Donga/Ussa,FC/341/TR,,,TARABA
8367,SHIBONG,09,TAKUM,12,KASHIMBILA,SC/927/TR,Takum/Donga/Ussa,FC/341/TR,,,TARABA
8368,TIKARI,10,TAKUM,12,TAKUM I,SC/926/TR,Takum/Donga/Ussa,FC/341/TR,,,TARABA
8369,YUKUBEN,11,TAKUM,12,KASHIMBILA,SC/927/TR,Takum/Donga/Ussa,FC/341/TR,,,TARABA
8370,BIKA,01,USSA,13,,,Takum/Donga/Ussa,FC/341/TR,,,TARABA
8371,FIKYU,02,USSA,13,USSA/LIKAM,SC/928/TR,Takum/Donga/Ussa,FC/341/TR,,,TARABA
8372,JENUWA,03,USSA,13,,,Takum/Donga/Ussa,FC/341/TR,,,TARABA
8373,KPAMBO,04,USSA,13,USSA/LIKAM,SC/928/TR,Takum/Donga/Ussa,FC/341/TR,,,TARABA
8374,KPAMBO PURI,05,USSA,13,USSA/LIKAM,SC/928/TR,Takum/Donga/Ussa,FC/341/TR,,,TARABA
8375,KWAMBAI,06,USSA,13,,,Takum/Donga/Ussa,FC/341/TR,,,TARABA
8376,KWESATI,07,USSA,13,USSA/LIKAM,SC/928/TR,Takum/Donga/Ussa,FC/341/TR,,,TARABA
8377,LISSAM I,08,USSA,13,USSA/LIKAM,SC/928/TR,Takum/Donga/Ussa,FC/341/TR,,,TARABA
8378,LISSAM II,09,USSA,13,USSA/LIKAM,SC/928/TR,Takum/Donga/Ussa,FC/341/TR,,,TARABA
8379,LUMBU/KPAKYA,10,USSA,13,USSA/LIKAM,SC/928/TR,Takum/Donga/Ussa,FC/341/TR,,,TARABA
8380,RUFU,11,USSA,13,USSA/LIKAM,SC/928/TR,Takum/Donga/Ussa,FC/341/TR,,,TARABA
8381,AKWANA,01,WUKARI,14,WUKARI I,SC/936/TR,Ibi/Wukari,FC/343/TR,,,TARABA
8382,AVYI,02,WUKARI,14,WUKARI II,SC/937/TR,Ibi/Wukari,FC/343/TR,,,TARABA
8383,BANTAJE,03,WUKARI,14,WUKARI II,SC/937/TR,Ibi/Wukari,FC/343/TR,,,TARABA
8384,CHONKU,04,WUKARI,14,WUKARI I,SC/936/TR,Ibi/Wukari,FC/343/TR,,,TARABA
8385,HOSPITAL,05,WUKARI,14,WUKARI I,SC/936/TR,Ibi/Wukari,FC/343/TR,,,TARABA
8386,JIBU,06,WUKARI,14,WUKARI II,SC/937/TR,Ibi/Wukari,FC/343/TR,,,TARABA
8387,KENTE,07,WUKARI,14,WUKARI I,SC/936/TR,Ibi/Wukari,FC/343/TR,,,TARABA
8388,PUJE,08,WUKARI,14,WUKARI II,SC/937/TR,Ibi/Wukari,FC/343/TR,,,TARABA
8389,RAFIN KADA,09,WUKARI,14,WUKARI I,SC/936/TR,Ibi/Wukari,FC/343/TR,,,TARABA
8390,TSOKUNDI,10,WUKARI,14,WUKARI II,SC/937/TR,Ibi/Wukari,FC/343/TR,,,TARABA
8391,KASSA I,01,YORRO,15,YORRO,SC/942/TR,Jalingo/Yorro/Zing,FC/344/TR,,,TARABA
8392,KASSA II,02,YORRO,15,YORRO,SC/942/TR,Jalingo/Yorro/Zing,FC/344/TR,,,TARABA
8393,NYAJA I,03,YORRO,15,YORRO,SC/942/TR,Jalingo/Yorro/Zing,FC/344/TR,,,TARABA
8394,NYAJA II,04,YORRO,15,YORRO,SC/942/TR,Jalingo/Yorro/Zing,FC/344/TR,,,TARABA
8395,PANTISAWA I,05,YORRO,15,YORRO,SC/942/TR,Jalingo/Yorro/Zing,FC/344/TR,,,TARABA
8396,PANTISAWA II,06,YORRO,15,YORRO,SC/942/TR,Jalingo/Yorro/Zing,FC/344/TR,,,TARABA
8397,PUPULE I,07,YORRO,15,YORRO,SC/942/TR,Jalingo/Yorro/Zing,FC/344/TR,,,TARABA
8398,PUPULE II,08,YORRO,15,YORRO,SC/942/TR,Jalingo/Yorro/Zing,FC/344/TR,,,TARABA
8399,PUPULE III,09,YORRO,15,YORRO,SC/942/TR,Jalingo/Yorro/Zing,FC/344/TR,,,TARABA
8400,SUMBU I,10,YORRO,15,YORRO,SC/942/TR,Jalingo/Yorro/Zing,FC/344/TR,,,TARABA
8401,SUMBU II,11,YORRO,15,YORRO,SC/942/TR,Jalingo/Yorro/Zing,FC/344/TR,,,TARABA
8402,BITAKO,01,ZING,16,ZING,SC/933/TR,Jalingo/Yorro/Zing,FC/344/TR,,,TARABA
8403,BUBONG,02,ZING,16,ZING,SC/933/TR,Jalingo/Yorro/Zing,FC/344/TR,,,TARABA
8404,DINDING,03,ZING,16,ZING,SC/933/TR,Jalingo/Yorro/Zing,FC/344/TR,,,TARABA
8405,LAMMA,04,ZING,16,ZING,SC/933/TR,Jalingo/Yorro/Zing,FC/344/TR,,,TARABA
8406,MONKI ‘’A’’,05,ZING,16,ZING,SC/933/TR,Jalingo/Yorro/Zing,FC/344/TR,,,TARABA
8407,MONKIN ‘’A’’,06,ZING,16,ZING,SC/933/TR,Jalingo/Yorro/Zing,FC/344/TR,,,TARABA
8408,YAKOKO,07,ZING,16,ZING,SC/933/TR,Jalingo/Yorro/Zing,FC/344/TR,,,TARABA
8409,ZING AI,08,ZING,16,ZING,SC/933/TR,Jalingo/Yorro/Zing,FC/344/TR,,,TARABA
8410,ZING AII,09,ZING,16,ZING,SC/933/TR,Jalingo/Yorro/Zing,FC/344/TR,,,TARABA
8411,ZING ‘’B’,10,ZING,16,ZING,SC/933/TR,Jalingo/Yorro/Zing,FC/344/TR,,,TARABA
8412,DAGONA,01,BADE,01,BADE WEST,SC/944/YB,Bade/Jakusko,FC/346/YB,,,YOBE
8413,GWIO-KURA,02,BADE,01,BADE EAST,SC/943/YB,Bade/Jakusko,FC/346/YB,,,YOBE
8414,KATUZU,03,BADE,01,BADE EAST,SC/943/YB,Bade/Jakusko,FC/346/YB,,,YOBE
8415,LAWAN AUDU/LAWAN AL-WALI,04,BADE,01,BADE EAST,SC/943/YB,Bade/Jakusko,FC/346/YB,,,YOBE
8416,LAWAN FANNAMI,05,BADE,01,BADE EAST,SC/943/YB,Bade/Jakusko,FC/346/YB,,,YOBE
8417,LAWAN MUSA,06,BADE,01,BADE EAST,SC/943/YB,Bade/Jakusko,FC/346/YB,,,YOBE
8418,SARKIN HAUSAWA,07,BADE,01,BADE EAST,SC/943/YB,Bade/Jakusko,FC/346/YB,,,YOBE
8419,TAGALI/SUGUM,08,BADE,01,BADE WEST,SC/944/YB,Bade/Jakusko,FC/346/YB,,,YOBE
8420,USUR/DAWAYO,09,BADE,01,BADE WEST,SC/944/YB,Bade/Jakusko,FC/346/YB,,,YOBE
8421,ZANGON MUSA/ZANGO UMARU,10,BADE,01,BADE EAST,SC/943/YB,Bade/Jakusko,FC/346/YB,,,YOBE
8422,BAYAMARI,01,BURSUARI,02,BURSARI,SC/945/YB,Bursari/Geidam/Yunusari,FC/347/YB,,,YOBE
8423,DAMNAWA/JULURI,02,BURSUARI,02,BURSARI,SC/945/YB,Bursari/Geidam/Yunusari,FC/347/YB,,,YOBE
8424,DANANI,03,BURSUARI,02,BURSARI,SC/945/YB,Bursari/Geidam/Yunusari,FC/347/YB,,,YOBE
8425,DAPCHI,04,BURSUARI,02,BURSARI,SC/945/YB,Bursari/Geidam/Yunusari,FC/347/YB,,,YOBE
8426,GARUN DOLE/GARIN ALKALI,05,BURSUARI,02,BURSARI,SC/945/YB,Bursari/Geidam/Yunusari,FC/347/YB,,,YOBE
8427,GUBA,06,BURSUARI,02,BURSARI,SC/945/YB,Bursari/Geidam/Yunusari,FC/347/YB,,,YOBE
8428,GUJI/METALARI,07,BURSUARI,02,BURSARI,SC/945/YB,Bursari/Geidam/Yunusari,FC/347/YB,,,YOBE
8429,KALIYARI,08,BURSUARI,02,BURSARI,SC/945/YB,Bursari/Geidam/Yunusari,FC/347/YB,,,YOBE
8430,KURNAWA,09,BURSUARI,02,BURSARI,SC/945/YB,Bursari/Geidam/Yunusari,FC/347/YB,,,YOBE
8431,MASABA,10,BURSUARI,02,BURSARI,SC/945/YB,Bursari/Geidam/Yunusari,FC/347/YB,,,YOBE
8432,BINDIGARI/FAWARI,01,DAMATURU,03,DAMATURU I,SC/946/YB,Damaturu/Gujba/Gulani/ Tarmuwa,FC/348/YB,,,YOBE
8433,DAMAKASU,02,DAMATURU,03,DAMATURU II,SC/947/YB,Damaturu/Gujba/Gulani/ Tarmuwa,FC/348/YB,,,YOBE
8434,DAMATURU CENTRAL,03,DAMATURU,03,DAMATURU I,SC/946/YB,Damaturu/Gujba/Gulani/ Tarmuwa,FC/348/YB,,,YOBE
8435,GABIR/MADURI,04,DAMATURU,03,DAMATURU II,SC/947/YB,Damaturu/Gujba/Gulani/ Tarmuwa,FC/348/YB,,,YOBE
8436,KALALLAWA/GABAI,05,DAMATURU,03,DAMATURU II,SC/947/YB,Damaturu/Gujba/Gulani/ Tarmuwa,FC/348/YB,,,YOBE
8437,KUKARETA/WARSALA,06,DAMATURU,03,DAMATURU II,SC/947/YB,Damaturu/Gujba/Gulani/ Tarmuwa,FC/348/YB,,,YOBE
8438,MAISANDARI/WAZIRI IBRAHIM ESTATE,07,DAMATURU,03,DAMATURU II,SC/947/YB,Damaturu/Gujba/Gulani/ Tarmuwa,FC/348/YB,,,YOBE
8439,MURFA KALAM,08,DAMATURU,03,DAMATURU II,SC/947/YB,Damaturu/Gujba/Gulani/ Tarmuwa,FC/348/YB,,,YOBE
8440,NAYINAWA,09,DAMATURU,03,DAMATURU I,SC/946/YB,Damaturu/Gujba/Gulani/ Tarmuwa,FC/348/YB,,,YOBE
8441,NJIWAJU/GWANGE,10,DAMATURU,03,DAMATURU I,SC/946/YB,Damaturu/Gujba/Gulani/ Tarmuwa,FC/348/YB,,,YOBE
8442,SASAWA/KABARU,11,DAMATURU,03,DAMATURU II,SC/947/YB,Damaturu/Gujba/Gulani/ Tarmuwa,FC/348/YB,,,YOBE
8443,DAYA/CHANA,01,FIKA,04,FIKA/NGALDA,SC/948/YB,Fika/Fune,FC/349/YB,,,YOBE
8444,FIKA/ANZE,02,FIKA,04,GOYA/NGEJI,SC/949/YB,Fika/Fune,FC/349/YB,,,YOBE
8445,GADAKA/SHEMBIRE,03,FIKA,04,FIKA/NGALDA,SC/948/YB,Fika/Fune,FC/349/YB,,,YOBE
8446,GUDI/DOKI/DODO WOLI,04,FIKA,04,FIKA/NGALDA,SC/948/YB,Fika/Fune,FC/349/YB,,,YOBE
8447,JANGA/BOZA/FA. SAWA/T. NANI,05,FIKA,04,GOYA/NGEJI,SC/949/YB,Fika/Fune,FC/349/YB,,,YOBE
8448,MUBI/FUSAMI/GARIN WAYO,06,FIKA,04,FIKA/NGALDA,SC/948/YB,Fika/Fune,FC/349/YB,,,YOBE
8449,NGALDA/DUMBULWA,07,FIKA,04,GOYA/NGEJI,SC/949/YB,Fika/Fune,FC/349/YB,,,YOBE
8450,SHOYE/GARIN ABB,08,FIKA,04,FIKA/NGALDA,SC/948/YB,Fika/Fune,FC/349/YB,,,YOBE
8451,TURMI/MALURI,09,FIKA,04,GOYA/NGEJI,SC/949/YB,Fika/Fune,FC/349/YB,,,YOBE
8452,ZANGAYA/MAZA UN,10,FIKA,04,GOYA/NGEJI,SC/949/YB,Fika/Fune,FC/349/YB,,,YOBE
8453,ABAKIRE/NGENLSHENGELE/SHA MKA,01,FUNE,05,DAMAGUM,SC/950/YB,Fika/Fune,FC/349/YB,,,YOBE
8454,ALAGARNO,02,FUNE,05,JAJERE,SC/951/YB,Fika/Fune,FC/349/YB,,,YOBE
8455,BORNO KIJI/NGARHO/BEBBENDE,03,FUNE,05,JAJERE,SC/951/YB,Fika/Fune,FC/349/YB,,,YOBE
8456,DAMAGUM TOWN,04,FUNE,05,DAMAGUM,SC/950/YB,Fika/Fune,FC/349/YB,,,YOBE
8457,DAURA/BULANYIWA/DUBBUL/BAU WA,05,FUNE,05,DAMAGUM,SC/950/YB,Fika/Fune,FC/349/YB,,,YOBE
8458,DOGON KUKA/GISHIWARI/GUNUNU,06,FUNE,05,DAMAGUM,SC/950/YB,Fika/Fune,FC/349/YB,,,YOBE
8459,FUNE/NGELZARMA/MILBIYAR/LA WA M KALAMA,07,FUNE,05,DAMAGUM,SC/950/YB,Fika/Fune,FC/349/YB,,,YOBE
8460,GABA TASHA/AIGADA/DUMBULWA,08,FUNE,05,DAMAGUM,SC/950/YB,Fika/Fune,FC/349/YB,,,YOBE
8461,GUDUGURKA/MARMARI,09,FUNE,05,JAJERE,SC/951/YB,Fika/Fune,FC/349/YB,,,YOBE
8462,JAJERE/BANELLAWA/BABBARE,10,FUNE,05,JAJERE,SC/951/YB,Fika/Fune,FC/349/YB,,,YOBE
8463,KAYERI,11,FUNE,05,JAJERE,SC/951/YB,Fika/Fune,FC/349/YB,,,YOBE
8464,KOLLERE/KEFAJE,12,FUNE,05,JAJERE,SC/951/YB,Fika/Fune,FC/349/YB,,,YOBE
8465,MASHIO,13,FUNE,05,JAJERE,SC/951/YB,Fika/Fune,FC/349/YB,,,YOBE
8466,ASHEIKRI,01,GEIDAM,06,GEIDAM NORTH,SC/953/YB,Bursari/Geidam/Yunusari,FC/347/YB,,,YOBE
8467,BALLE/GALABA/MELERI,02,GEIDAM,06,GEIDAM NORTH,SC/953/YB,Bursari/Geidam/Yunusari,FC/347/YB,,,YOBE
8468,DAMAKARWA/KUSUR,03,GEIDAM,06,GEIDAM SOUTH,SC/952/YB,Bursari/Geidam/Yunusari,FC/347/YB,,,YOBE
8469,DEJINA/FUTURTI,04,GEIDAM,06,GEIDAM SOUTH,SC/952/YB,Bursari/Geidam/Yunusari,FC/347/YB,,,YOBE
8470,FUTCHIMIRAM,05,GEIDAM,06,GEIDAM SOUTH,SC/952/YB,Bursari/Geidam/Yunusari,FC/347/YB,,,YOBE
8471,GUMSA,06,GEIDAM,06,GEIDAM SOUTH,SC/952/YB,Bursari/Geidam/Yunusari,FC/347/YB,,,YOBE
8472,HAUSARI,07,GEIDAM,06,GEIDAM NORTH,SC/953/YB,Bursari/Geidam/Yunusari,FC/347/YB,,,YOBE
8473,KAWURI,08,GEIDAM,06,GEIDAM NORTH,SC/953/YB,Bursari/Geidam/Yunusari,FC/347/YB,,,YOBE
8474,MA’ANNA/DAGAMBI,09,GEIDAM,06,GEIDAM SOUTH,SC/952/YB,Bursari/Geidam/Yunusari,FC/347/YB,,,YOBE
8475,SHAME KURA/DILAWA,10,GEIDAM,06,GEIDAM NORTH,SC/953/YB,Bursari/Geidam/Yunusari,FC/347/YB,,,YOBE
8476,ZURGU NGILEWA/BORKO,11,GEIDAM,06,GEIDAM SOUTH,SC/952/YB,Bursari/Geidam/Yunusari,FC/347/YB,,,YOBE
8477,BUNIGARI/LAWANTI,01,GUJBA,07,GUJBA,SC/954/YB,Damaturu/Gujba/Gulani/ Tarmuwa,FC/348/YB,,,YOBE
8478,BUNIYADI NORTH/SOUTH,02,GUJBA,07,GUJBA,SC/954/YB,Damaturu/Gujba/Gulani/ Tarmuwa,FC/348/YB,,,YOBE
8479,DADINGEL,03,GUJBA,07,GUJBA,SC/954/YB,Damaturu/Gujba/Gulani/ Tarmuwa,FC/348/YB,,,YOBE
8480,GONIRI,04,GUJBA,07,GUJBA,SC/954/YB,Damaturu/Gujba/Gulani/ Tarmuwa,FC/348/YB,,,YOBE
8481,GOTALA/GOTUMBA,05,GUJBA,07,GUJBA,SC/954/YB,Damaturu/Gujba/Gulani/ Tarmuwa,FC/348/YB,,,YOBE
8482,GUJBA,06,GUJBA,07,GUJBA,SC/954/YB,Damaturu/Gujba/Gulani/ Tarmuwa,FC/348/YB,,,YOBE
8483,MALLAM DUNARI,07,GUJBA,07,GUJBA,SC/954/YB,Damaturu/Gujba/Gulani/ Tarmuwa,FC/348/YB,,,YOBE
8484,MUTAI,08,GUJBA,07,GUJBA,SC/954/YB,Damaturu/Gujba/Gulani/ Tarmuwa,FC/348/YB,,,YOBE
8485,BGURBUWA,09,GUJBA,07,GUJBA,SC/954/YB,Damaturu/Gujba/Gulani/ Tarmuwa,FC/348/YB,,,YOBE
8486,WAGIR,10,GUJBA,07,GUJBA,SC/954/YB,Damaturu/Gujba/Gulani/ Tarmuwa,FC/348/YB,,,YOBE
8487,BARA,01,GULANI,08,GULANI,SC/955/YB,Damaturu/Gujba/Gulani/ Tarmuwa,FC/348/YB,,,YOBE
8488,BORNOKIJI/TETTEBA,02,GULANI,08,GULANI,SC/955/YB,Damaturu/Gujba/Gulani/ Tarmuwa,FC/348/YB,,,YOBE
8489,BULARAFA,03,GULANI,08,GULANI,SC/955/YB,Damaturu/Gujba/Gulani/ Tarmuwa,FC/348/YB,,,YOBE
8490,BUMSA,04,GULANI,08,GULANI,SC/955/YB,Damaturu/Gujba/Gulani/ Tarmuwa,FC/348/YB,,,YOBE
8491,DOKSHI,05,GULANI,08,GULANI,SC/955/YB,Damaturu/Gujba/Gulani/ Tarmuwa,FC/348/YB,,,YOBE
8492,GABAI,06,GULANI,08,GULANI,SC/955/YB,Damaturu/Gujba/Gulani/ Tarmuwa,FC/348/YB,,,YOBE
8493,GAGURE,07,GULANI,08,GULANI,SC/955/YB,Damaturu/Gujba/Gulani/ Tarmuwa,FC/348/YB,,,YOBE
8494,GARIN TUWO,08,GULANI,08,GULANI,SC/955/YB,Damaturu/Gujba/Gulani/ Tarmuwa,FC/348/YB,,,YOBE
8495,GULANI,09,GULANI,08,GULANI,SC/955/YB,Damaturu/Gujba/Gulani/ Tarmuwa,FC/348/YB,,,YOBE
8496,KUSHIMAGA,10,GULANI,08,GULANI,SC/955/YB,Damaturu/Gujba/Gulani/ Tarmuwa,FC/348/YB,,,YOBE
8497,NJIBULWA,11,GULANI,08,GULANI,SC/955/YB,Damaturu/Gujba/Gulani/ Tarmuwa,FC/348/YB,,,YOBE
8498,RUHU,12,GULANI,08,GULANI,SC/955/YB,Damaturu/Gujba/Gulani/ Tarmuwa,FC/348/YB,,,YOBE
8499,BUDUNA/SAMINAKA,01,JAKUSKO,09,JAKUSKO,SC/956/YB,Bade/Jakusko,FC/346/YB,,,YOBE
8500,DAMBARI,02,JAKUSKO,09,JAKUSKO,SC/956/YB,Bade/Jakusko,FC/346/YB,,,YOBE
8501,GIDGID/GARAM,03,JAKUSKO,09,JAKUSKO,SC/956/YB,Bade/Jakusko,FC/346/YB,,,YOBE
8502,GORGORAM,04,JAKUSKO,09,JAKUSKO,SC/956/YB,Bade/Jakusko,FC/346/YB,,,YOBE
8503,JABA,05,JAKUSKO,09,JAKUSKO,SC/956/YB,Bade/Jakusko,FC/346/YB,,,YOBE
8504,JAKUSKO,06,JAKUSKO,09,JAKUSKO,SC/956/YB,Bade/Jakusko,FC/346/YB,,,YOBE
8505,JAWUR/KATAMMA,07,JAKUSKO,09,JAKUSKO,SC/956/YB,Bade/Jakusko,FC/346/YB,,,YOBE
8506,LAIYA LOI-LOI,08,JAKUSKO,09,JAKUSKO,SC/956/YB,Bade/Jakusko,FC/346/YB,,,YOBE
8507,MUGURAM,09,JAKUSKO,09,JAKUSKO,SC/956/YB,Bade/Jakusko,FC/346/YB,,,YOBE
8508,ZABUDUM/DACHA,10,JAKUSKO,09,JAKUSKO,SC/956/YB,Bade/Jakusko,FC/346/YB,,,YOBE
8509,BUKARTI,01,KARASUWA,10,KARASUWA,SC/957/YB,Machina/Nguru/Yusufari/ Karasuwa,FC/350/YB,,,YOBE
8510,FAJIGANARI,02,KARASUWA,10,KARASUWA,SC/957/YB,Machina/Nguru/Yusufari/ Karasuwa,FC/350/YB,,,YOBE
8511,GARIN GAWO,03,KARASUWA,10,KARASUWA,SC/957/YB,Machina/Nguru/Yusufari/ Karasuwa,FC/350/YB,,,YOBE
8512,GASMA,04,KARASUWA,10,KARASUWA,SC/957/YB,Machina/Nguru/Yusufari/ Karasuwa,FC/350/YB,,,YOBE
8513,JAJI MAJI,05,KARASUWA,10,KARASUWA,SC/957/YB,Machina/Nguru/Yusufari/ Karasuwa,FC/350/YB,,,YOBE
8514,KARASUWA GALU,06,KARASUWA,10,KARASUWA,SC/957/YB,Machina/Nguru/Yusufari/ Karasuwa,FC/350/YB,,,YOBE
8515,KARASUWA GARU GUNA,07,KARASUWA,10,KARASUWA,SC/957/YB,Machina/Nguru/Yusufari/ Karasuwa,FC/350/YB,,,YOBE
8516,WACHAKAL,08,KARASUWA,10,KARASUWA,SC/957/YB,Machina/Nguru/Yusufari/ Karasuwa,FC/350/YB,,,YOBE
8517,WARO,09,KARASUWA,10,KARASUWA,SC/957/YB,Machina/Nguru/Yusufari/ Karasuwa,FC/350/YB,,,YOBE
8518,YAJIRI,10,KARASUWA,10,KARASUWA,SC/957/YB,Machina/Nguru/Yusufari/ Karasuwa,FC/350/YB,,,YOBE
8519,BOGO,01,MACHINA,11,MACHINA,SC/958/YB,Machina/Nguru/Yusufari/ Karasuwa,FC/350/YB,,,YOBE
8520,DAMAI,02,MACHINA,11,MACHINA,SC/958/YB,Machina/Nguru/Yusufari/ Karasuwa,FC/350/YB,,,YOBE
8521,DOLE,03,MACHINA,11,MACHINA,SC/958/YB,Machina/Nguru/Yusufari/ Karasuwa,FC/350/YB,,,YOBE
8522,FALIMARAM,04,MACHINA,11,MACHINA,SC/958/YB,Machina/Nguru/Yusufari/ Karasuwa,FC/350/YB,,,YOBE
8523,KOM-KOMMA,05,MACHINA,11,MACHINA,SC/958/YB,Machina/Nguru/Yusufari/ Karasuwa,FC/350/YB,,,YOBE
8524,KUKA-YASKU,06,MACHINA,11,MACHINA,SC/958/YB,Machina/Nguru/Yusufari/ Karasuwa,FC/350/YB,,,YOBE
8525,LAMISU,07,MACHINA,11,MACHINA,SC/958/YB,Machina/Nguru/Yusufari/ Karasuwa,FC/350/YB,,,YOBE
8526,MACHINA-KWARI,08,MACHINA,11,MACHINA,SC/958/YB,Machina/Nguru/Yusufari/ Karasuwa,FC/350/YB,,,YOBE
8527,MASKANDARE,09,MACHINA,11,MACHINA,SC/958/YB,Machina/Nguru/Yusufari/ Karasuwa,FC/350/YB,,,YOBE
8528,TAGANAMA,10,MACHINA,11,MACHINA,SC/958/YB,Machina/Nguru/Yusufari/ Karasuwa,FC/350/YB,,,YOBE
8529,CHILARIYE,01,NANGERE,12,NANGERE,SC/959/YB,Nangere/Potiskm,FC/351/YB,,,YOBE
8530,DADISO/CHUKURIWA,02,NANGERE,12,NANGERE,SC/959/YB,Nangere/Potiskm,FC/351/YB,,,YOBE
8531,DAWASA/G. BABA,03,NANGERE,12,NANGERE,SC/959/YB,Nangere/Potiskm,FC/351/YB,,,YOBE
8532,DAZIGAU,04,NANGERE,12,NANGERE,SC/959/YB,Nangere/Potiskm,FC/351/YB,,,YOBE
8533,DEGUBI,05,NANGERE,12,NANGERE,SC/959/YB,Nangere/Potiskm,FC/351/YB,,,YOBE
8534,KUKURI/CHIROMARI,06,NANGERE,12,NANGERE,SC/959/YB,Nangere/Potiskm,FC/351/YB,,,YOBE
8535,LANGAWA/DARIN,07,NANGERE,12,NANGERE,SC/959/YB,Nangere/Potiskm,FC/351/YB,,,YOBE
8536,NANGERE,08,NANGERE,12,NANGERE,SC/959/YB,Nangere/Potiskm,FC/351/YB,,,YOBE
8537,PAKARAU KARE-KAREP PAKARAU FULANI,09,NANGERE,12,NANGERE,SC/959/YB,Nangere/Potiskm,FC/351/YB,,,YOBE
8538,TIKAU,10,NANGERE,12,NANGERE,SC/959/YB,Nangere/Potiskm,FC/351/YB,,,YOBE
8539,WATINANI,11,NANGERE,12,NANGERE,SC/959/YB,Nangere/Potiskm,FC/351/YB,,,YOBE
8540,BULABULIN,01,NGURU,13,NGURU I,SC/960/YB,Machina/Nguru/Yusufari/ Karasuwa,FC/350/YB,,,YOBE
8541,BULANGUWA,02,NGURU,13,NGURU II,SC/961/YB,Machina/Nguru/Yusufari/ Karasuwa,FC/350/YB,,,YOBE
8542,DABULE,03,NGURU,13,NGURU II,SC/961/YB,Machina/Nguru/Yusufari/ Karasuwa,FC/350/YB,,,YOBE
8543,DUMSA/DOGON-KUKA,04,NGURU,13,NGURU II,SC/961/YB,Machina/Nguru/Yusufari/ Karasuwa,FC/350/YB,,,YOBE
8544,GARBI/BAMBORI,05,NGURU,13,NGURU II,SC/961/YB,Machina/Nguru/Yusufari/ Karasuwa,FC/350/YB,,,YOBE
8545,HAUSARI,06,NGURU,13,NGURU I,SC/960/YB,Machina/Nguru/Yusufari/ Karasuwa,FC/350/YB,,,YOBE
8546,KANURI,07,NGURU,13,NGURU I,SC/960/YB,Machina/Nguru/Yusufari/ Karasuwa,FC/350/YB,,,YOBE
8547,MAJA-KURA,08,NGURU,13,NGURU II,SC/961/YB,Machina/Nguru/Yusufari/ Karasuwa,FC/350/YB,,,YOBE
8548,MIRBA-KABIR/MIRDA SAGIR,09,NGURU,13,NGURU II,SC/961/YB,Machina/Nguru/Yusufari/ Karasuwa,FC/350/YB,,,YOBE
8549,NGLAIWA,10,NGURU,13,NGURU I,SC/960/YB,Machina/Nguru/Yusufari/ Karasuwa,FC/350/YB,,,YOBE
8550,BARE-BARE/BAUYA/LALAI DUMBULWA,01,POTISKUM,14,POTISKUM TOWN,SC/962/YB,Nangere/Potiskm,FC/351/YB,,,YOBE
8551,BOLEWA ‘A’,02,POTISKUM,14,POTISKUM TOWN,SC/962/YB,Nangere/Potiskm,FC/351/YB,,,YOBE
8552,BOLEWA ‘B’,03,POTISKUM,14,POTISKUM TOWN,SC/962/YB,Nangere/Potiskm,FC/351/YB,,,YOBE
8553,ANCHUWA/BULA,04,POTISKUM,14,MAMUDO,SC/963/YB,Nangere/Potiskm,FC/351/YB,,,YOBE
8554,DOGO NINI,05,POTISKUM,14,POTISKUM TOWN,SC/962/YB,Nangere/Potiskm,FC/351/YB,,,YOBE
8555,DOGO TEBO,06,POTISKUM,14,POTISKUM TOWN,SC/962/YB,Nangere/Potiskm,FC/351/YB,,,YOBE
8556,HAUSAWA,07,POTISKUM,14,POTISKUM TOWN,SC/962/YB,Nangere/Potiskm,FC/351/YB,,,YOBE
8557,MAMUDO,08,POTISKUM,14,MAMUDO,SC/963/YB,Nangere/Potiskm,FC/351/YB,,,YOBE
8558,NGOJIN/ALARABA,09,POTISKUM,14,MAMUDO,SC/963/YB,Nangere/Potiskm,FC/351/YB,,,YOBE
8559,YERIMARAM/GARIN DAYE/BADEJO/NAIIUTA,10,POTISKUM,14,POTISKUM TOWN,SC/962/YB,Nangere/Potiskm,FC/351/YB,,,YOBE
8560,BABANGIDA,01,TARMUA,15,TARMUWA,SC/964/YB,Damaturu/Gujba/Gulani/ Tarmuwa,FC/348/YB,,,YOBE
8561,BARKAMI/BULTURI,02,TARMUA,15,TARMUWA,SC/964/YB,Damaturu/Gujba/Gulani/ Tarmuwa,FC/348/YB,,,YOBE
8562,BIRIRI/CHUROKUSKO,03,TARMUA,15,TARMUWA,SC/964/YB,Damaturu/Gujba/Gulani/ Tarmuwa,FC/348/YB,,,YOBE
8563,JUMBAM,04,TARMUA,15,TARMUWA,SC/964/YB,Damaturu/Gujba/Gulani/ Tarmuwa,FC/348/YB,,,YOBE
8564,KOKA/SUNGUL,05,TARMUA,15,TARMUWA,SC/964/YB,Damaturu/Gujba/Gulani/ Tarmuwa,FC/348/YB,,,YOBE
8565,KORIYEL,06,TARMUA,15,TARMUWA,SC/964/YB,Damaturu/Gujba/Gulani/ Tarmuwa,FC/348/YB,,,YOBE
8566,LANTAIWA,07,TARMUA,15,TARMUWA,SC/964/YB,Damaturu/Gujba/Gulani/ Tarmuwa,FC/348/YB,,,YOBE
8567,MAFA,08,TARMUA,15,TARMUWA,SC/964/YB,Damaturu/Gujba/Gulani/ Tarmuwa,FC/348/YB,,,YOBE
8568,MANDADAWA,09,TARMUA,15,TARMUWA,SC/964/YB,Damaturu/Gujba/Gulani/ Tarmuwa,FC/348/YB,,,YOBE
8569,SHEKAU,10,TARMUA,15,TARMUWA,SC/964/YB,Damaturu/Gujba/Gulani/ Tarmuwa,FC/348/YB,,,YOBE
8570,BULTUWA/MAR/YARO,01,YUNUSARI,16,YUNUSARI,SC/965/YB,Bursari/Geidam/Yunusari,FC/347/YB,,,YOBE
8571,DARATOSHIA,02,YUNUSARI,16,YUNUSARI,SC/965/YB,Bursari/Geidam/Yunusari,FC/347/YB,,,YOBE
8572,DEGALTURA/NGAMZAI,03,YUNUSARI,16,YUNUSARI,SC/965/YB,Bursari/Geidam/Yunusari,FC/347/YB,,,YOBE
8573,DEKWA,04,YUNUSARI,16,YUNUSARI,SC/965/YB,Bursari/Geidam/Yunusari,FC/347/YB,,,YOBE
8574,DILALA/KALGI,05,YUNUSARI,16,YUNUSARI,SC/965/YB,Bursari/Geidam/Yunusari,FC/347/YB,,,YOBE
8575,MAIRARI,06,YUNUSARI,16,YUNUSARI,SC/965/YB,Bursari/Geidam/Yunusari,FC/347/YB,,,YOBE
8576,MOZOGUN/KUJARI,07,YUNUSARI,16,YUNUSARI,SC/965/YB,Bursari/Geidam/Yunusari,FC/347/YB,,,YOBE
8577,NGIRABO,08,YUNUSARI,16,YUNUSARI,SC/965/YB,Bursari/Geidam/Yunusari,FC/347/YB,,,YOBE
8578,WADI/LAFIYA,09,YUNUSARI,16,YUNUSARI,SC/965/YB,Bursari/Geidam/Yunusari,FC/347/YB,,,YOBE
8579,ZAJIBIRI/DUMBAL,10,YUNUSARI,16,YUNUSARI,SC/965/YB,Bursari/Geidam/Yunusari,FC/347/YB,,,YOBE
8580,ALANJIRORI,01,YUNUFARI,17,YUNUFARI,SC/966/YB,Machina/Nguru/Yusufari/ Karasuwa,FC/350/YB,,,YOBE
8581,GUMSHI,02,YUNUFARI,17,YUNUFARI,SC/966/YB,Machina/Nguru/Yusufari/ Karasuwa,FC/350/YB,,,YOBE
8582,GUYA,03,YUNUFARI,17,YUNUFARI,SC/966/YB,Machina/Nguru/Yusufari/ Karasuwa,FC/350/YB,,,YOBE
8583,JEBUWA,04,YUNUFARI,17,YUNUFARI,SC/966/YB,Machina/Nguru/Yusufari/ Karasuwa,FC/350/YB,,,YOBE
8584,KAJIMARAM/SUMBAR,05,YUNUFARI,17,YUNUFARI,SC/966/YB,Machina/Nguru/Yusufari/ Karasuwa,FC/350/YB,,,YOBE
8585,KASKA/TULOTOLUWA,06,YUNUFARI,17,YUNUFARI,SC/966/YB,Machina/Nguru/Yusufari/ Karasuwa,FC/350/YB,,,YOBE
8586,KUMAGANNAM,07,YUNUFARI,17,YUNUFARI,SC/966/YB,Machina/Nguru/Yusufari/ Karasuwa,FC/350/YB,,,YOBE
8587,MAI-MALARI,08,YUNUFARI,17,YUNUFARI,SC/966/YB,Machina/Nguru/Yusufari/ Karasuwa,FC/350/YB,,,YOBE
8588,MAYORI,09,YUNUFARI,17,YUNUFARI,SC/966/YB,Machina/Nguru/Yusufari/ Karasuwa,FC/350/YB,,,YOBE
8589,YUNUFARI,10,YUNUFARI,17,YUNUFARI,SC/966/YB,Machina/Nguru/Yusufari/ Karasuwa,FC/350/YB,,,YOBE
8590,BAGEGE,01,ANKA,01,ANKA,SC/981/ZF,Anka/Talata Mafara,FC/356/ZF,,,ZAMFARA
8591,BARAYAR ZAKI,02,ANKA,01,ANKA,SC/981/ZF,Anka/Talata Mafara,FC/356/ZF,,,ZAMFARA
8592,DANGALAADIMA,03,ANKA,01,ANKA,SC/981/ZF,Anka/Talata Mafara,FC/356/ZF,,,ZAMFARA
8593,GALADIMA,04,ANKA,01,T/MAFARA NORTH,SC/982/ZF,Anka/Talata Mafara,FC/356/ZF,,,ZAMFARA
8594,MAGAJI,05,ANKA,01,ANKA,SC/981/ZF,Anka/Talata Mafara,FC/356/ZF,,,ZAMFARA
8595,MATSERI,06,ANKA,01,ANKA,SC/981/ZF,Anka/Talata Mafara,FC/356/ZF,,,ZAMFARA
8596,SABON-BIRNI,07,ANKA,01,ANKA,SC/981/ZF,Anka/Talata Mafara,FC/356/ZF,,,ZAMFARA
8597,WARAMU,08,ANKA,01,ANKA,SC/981/ZF,Anka/Talata Mafara,FC/356/ZF,,,ZAMFARA
8598,WUYA,09,ANKA,01,ANKA,SC/981/ZF,Anka/Talata Mafara,FC/356/ZF,,,ZAMFARA
8599,YARSABAYA,10,ANKA,01,ANKA,SC/981/ZF,Anka/Talata Mafara,FC/356/ZF,,,ZAMFARA
8600,BAKURA,01,BAKURA,02,BAKURA,SC/984/ZF,,,,,ZAMFARA
8601,BINRIN TUDU,02,BAKURA,02,BAKURA,SC/984/ZF,,,,,ZAMFARA
8602,DAMRI,03,BAKURA,02,BAKURA,SC/984/ZF,,,,,ZAMFARA
8603,DANKADU,04,BAKURA,02,BAKURA,SC/984/ZF,,,,,ZAMFARA
8604,DANMANAU,05,BAKURA,02,BAKURA,SC/984/ZF,,,,,ZAMFARA
8605,YARKUFOJI,06,BAKURA,02,BAKURA,SC/984/ZF,,,,,ZAMFARA
8606,DAKKO,07,BAKURA,02,BAKURA,SC/984/ZF,,,,,ZAMFARA
8607,NASARAWA,08,BAKURA,02,BAKURA,SC/984/ZF,,,,,ZAMFARA
8608,RINI,09,BAKURA,02,BAKURA,SC/984/ZF,,,,,ZAMFARA
8609,YAR GEDA,10,BAKURA,02,BAKURA,SC/984/ZF,,,,,ZAMFARA
8610,BIRNIN MAGAJI,01,BIRNIN MAGAJI,03,BIRNIN MAGAJI,SC/969/ZF,Kaura-Namoda/Birnin Magaji,FC/352/ZF,,,ZAMFARA
8611,DANFAMI SABON BIRNIN,02,BIRNIN MAGAJI,03,BIRNIN MAGAJI,SC/969/ZF,Kaura-Namoda/Birnin Magaji,FC/352/ZF,,,ZAMFARA
8612,GORA,03,BIRNIN MAGAJI,03,BIRNIN MAGAJI,SC/969/ZF,Kaura-Namoda/Birnin Magaji,FC/352/ZF,,,ZAMFARA
8613,GUSAMI GARI,04,BIRNIN MAGAJI,03,BIRNIN MAGAJI,SC/969/ZF,Kaura-Namoda/Birnin Magaji,FC/352/ZF,,,ZAMFARA
8614,GUSAMI HAYA,05,BIRNIN MAGAJI,03,BIRNIN MAGAJI,SC/969/ZF,Kaura-Namoda/Birnin Magaji,FC/352/ZF,,,ZAMFARA
8615,KIYAWA,06,BIRNIN MAGAJI,03,BIRNIN MAGAJI,SC/969/ZF,Kaura-Namoda/Birnin Magaji,FC/352/ZF,,,ZAMFARA
8616,MODAWA EAST,07,BIRNIN MAGAJI,03,BIRNIN MAGAJI,SC/969/ZF,Kaura-Namoda/Birnin Magaji,FC/352/ZF,,,ZAMFARA
8617,MODAWA WEST,08,BIRNIN MAGAJI,03,BIRNIN MAGAJI,SC/969/ZF,Kaura-Namoda/Birnin Magaji,FC/352/ZF,,,ZAMFARA
8618,NASARAWA GODAL EAST,09,BIRNIN MAGAJI,03,BIRNIN MAGAJI,SC/969/ZF,Kaura-Namoda/Birnin Magaji,FC/352/ZF,,,ZAMFARA
8619,NASARAWA GODAL WEST,10,BIRNIN MAGAJI,03,BIRNIN MAGAJI,SC/969/ZF,Kaura-Namoda/Birnin Magaji,FC/352/ZF,,,ZAMFARA
8620,ADABKA,01,BUKKUYUM,04,BUKKUYUM SOUTH,SC/990/ZF,,,,,ZAMFARA
8621,BUKKUYUM,02,BUKKUYUM,04,BUKKUYUM NORTH,SC/989/ZF,,,,,ZAMFARA
8622,GWASHI,03,BUKKUYUM,04,BUKKUYUM SOUTH,SC/990/ZF,,,,,ZAMFARA
8623,KYARAM,04,BUKKUYUM,04,BUKKUYUM SOUTH,SC/990/ZF,,,,,ZAMFARA
8624,MASAMA,05,BUKKUYUM,04,BUKKUYUM NORTH,SC/989/ZF,,,,,ZAMFARA
8625,NASARAWA,06,BUKKUYUM,04,BUKKUYUM SOUTH,SC/990/ZF,,,,,ZAMFARA
8626,RUWAN JEMA,07,BUKKUYUM,04,BUKKUYUM NORTH,SC/989/ZF,,,,,ZAMFARA
8627,YASHI,08,BUKKUYUM,04,BUKKUYUM SOUTH,SC/990/ZF,,,,,ZAMFARA
8628,ZURUMMAI,09,BUKKUYUM,04,BUKKUYUM NORTH,SC/989/ZF,,,,,ZAMFARA
8629,ZAUMA,10,BUKKUYUM,04,BUKKUYUM NORTH,SC/989/ZF,,,,,ZAMFARA
8630,BINGI NORTH,01,BUNGUDU,05,BUNGUDU WEST,SC/978/ZF,Bungudu/Maru,FC/355/ZF,,,ZAMFARA
8631,BINGI SOUTH,02,BUNGUDU,05,BUNGUDU WEST,SC/978/ZF,Bungudu/Maru,FC/355/ZF,,,ZAMFARA
8632,BUNGUDU,03,BUNGUDU,05,BUNGUDU WEST,SC/978/ZF,Bungudu/Maru,FC/355/ZF,,,ZAMFARA
8633,FURFURI/KWAIKWAI,04,BUNGUDU,05,BUNGUDU WEST,SC/978/ZF,Bungudu/Maru,FC/355/ZF,,,ZAMFARA
8634,GADA/KARAKKAI,05,BUNGUDU,05,BUNGUDU WEST,SC/978/ZF,Bungudu/Maru,FC/355/ZF,,,ZAMFARA
8635,NAHUCE KEKU/NAHUCE U/DAW,06,BUNGUDU,05,BUNGUDU WEST,SC/978/ZF,Bungudu/Maru,FC/355/ZF,,,ZAMFARA
8636,KWATARKWASHI,07,BUNGUDU,05,BUNGUDU EAST,SC/977/ZF,Bungudu/Maru,FC/355/ZF,,,ZAMFARA
8637,RAWAYYA/BELA,08,BUNGUDU,05,BUNGUDU EAST,SC/977/ZF,Bungudu/Maru,FC/355/ZF,,,ZAMFARA
8638,SAMAWA,09,BUNGUDU,05,BUNGUDU EAST,SC/977/ZF,Bungudu/Maru,FC/355/ZF,,,ZAMFARA
8639,SANKALAWA,10,BUNGUDU,05,BUNGUDU EAST,SC/977/ZF,Bungudu/Maru,FC/355/ZF,,,ZAMFARA
8640,TOFA,11,BUNGUDU,05,BUNGUDU EAST,SC/977/ZF,Bungudu/Maru,FC/355/ZF,,,ZAMFARA
8641,BARDOKI,01,GUMMI,06,GUMMI II,SC/988/ZF,,,,,ZAMFARA
8642,BIRNIN MAGAJI,02,GUMMI,06,GUMMI II,SC/988/ZF,,,,,ZAMFARA
8643,BIRNIN TUDU,03,GUMMI,06,GUMMI I,SC/987/ZF,,,,,ZAMFARA
8644,FALALE,04,GUMMI,06,GUMMI I,SC/987/ZF,,,,,ZAMFARA
8645,FELEFELDU,05,GUMMI,06,GUMMI II,SC/988/ZF,,,,,ZAMFARA
8646,GAYARIU,06,GUMMI,06,GUMMI II,SC/988/ZF,,,,,ZAMFARA
8647,GYALANGE,07,GUMMI,06,GUMMI II,SC/988/ZF,,,,,ZAMFARA
8648,ILLELARAWAL,08,GUMMI,06,GUMMI II,SC/988/ZF,,,,,ZAMFARA
8649,MAGAJI GARI,09,GUMMI,06,GUMMI I,SC/987/ZF,,,,,ZAMFARA
8650,SHIYAR RAFI,10,GUMMI,06,GUMMI I,SC/987/ZF,,,,,ZAMFARA
8651,UBANDAWAKI,11,GUMMI,06,GUMMI I,SC/987/ZF,,,,,ZAMFARA
8652,GALADIMA,01,GUASAU,07,GUSAU II,SC/976/ZF,Gusau/Tsafe,FC/354/ZF,,,ZAMFARA
8653,MADAWAKI,02,GUASAU,07,GUSAU II,SC/976/ZF,Gusau/Tsafe,FC/354/ZF,,,ZAMFARA
8654,MADA,03,GUASAU,07,GUSAU I,SC/975/ZF,Gusau/Tsafe,FC/354/ZF,,,ZAMFARA
8655,MAGAMI,04,GUASAU,07,GUSAU I,SC/975/ZF,Gusau/Tsafe,FC/354/ZF,,,ZAMFARA
8656,MAYANA,05,GUASAU,07,GUSAU II,SC/976/ZF,Gusau/Tsafe,FC/354/ZF,,,ZAMFARA
8657,RIJIYA,06,GUASAU,07,GUSAU I,SC/975/ZF,Gusau/Tsafe,FC/354/ZF,,,ZAMFARA
8658,RUWAN BORE,07,GUASAU,07,GUSAU I,SC/975/ZF,Gusau/Tsafe,FC/354/ZF,,,ZAMFARA
8659,SABON GARI,08,GUASAU,07,GUSAU II,SC/976/ZF,Gusau/Tsafe,FC/354/ZF,,,ZAMFARA
8660,RUDUN WADA,09,GUASAU,07,GUSAU II,SC/976/ZF,Gusau/Tsafe,FC/354/ZF,,,ZAMFARA
8661,WANKE,10,GUASAU,07,GUSAU I,SC/975/ZF,Gusau/Tsafe,FC/354/ZF,,,ZAMFARA
8662,WONKA,11,GUASAU,07,GUSAU I,SC/975/ZF,Gusau/Tsafe,FC/354/ZF,,,ZAMFARA
8663,BANGA,01,KAURA NAMODA,08,K/NAMODA SOUTH,SC/968/ZF,Kaura-Namoda/Birnin Magaji,FC/352/ZF,,,ZAMFARA
8664,DAN ISA,02,KAURA NAMODA,08,K/NAMODA SOUTH,SC/968/ZF,Kaura-Namoda/Birnin Magaji,FC/352/ZF,,,ZAMFARA
8665,GABAKE,03,KAURA NAMODA,08,K/NAMODA NORTH,SC/967/ZF,Kaura-Namoda/Birnin Magaji,FC/352/ZF,,,ZAMFARA
8666,GALADIMA DAN GALADIMA,04,KAURA NAMODA,08,K/NAMODA NORTH,SC/967/ZF,Kaura-Namoda/Birnin Magaji,FC/352/ZF,,,ZAMFARA
8667,KAGARA,05,KAURA NAMODA,08,K/NAMODA SOUTH,SC/968/ZF,Kaura-Namoda/Birnin Magaji,FC/352/ZF,,,ZAMFARA
8668,KUNGURKI,06,KAURA NAMODA,08,K/NAMODA NORTH,SC/967/ZF,Kaura-Namoda/Birnin Magaji,FC/352/ZF,,,ZAMFARA
8669,KURYA MADARO,07,KAURA NAMODA,08,,,Kaura-Namoda/Birnin Magaji,FC/352/ZF,,,ZAMFARA
8670,KYAM BARAWA,08,KAURA NAMODA,08,K/NAMODA SOUTH,SC/968/ZF,Kaura-Namoda/Birnin Magaji,FC/352/ZF,,,ZAMFARA
8671,SAKAJIKI,09,KAURA NAMODA,08,K/NAMODA SOUTH,SC/968/ZF,Kaura-Namoda/Birnin Magaji,FC/352/ZF,,,ZAMFARA
8672,S/BAURA S/MAFARA,10,KAURA NAMODA,08,K/NAMODA NORTH,SC/967/ZF,Kaura-Namoda/Birnin Magaji,FC/352/ZF,,,ZAMFARA
8673,YANKABA,11,KAURA NAMODA,08,K/NAMODA NORTH,SC/967/ZF,Kaura-Namoda/Birnin Magaji,FC/352/ZF,,,ZAMFARA
8674,BIRNIN KAYA/DASARA,01,MARADUN,09,MARADUN I,SC/985/ZF,,,,,ZAMFARA
8675,DAMAGA-FAMAGIWA,02,MARADUN,09,MARADUN I,SC/985/ZF,,,,,ZAMFARA
8676,FARU/MAGAMI,03,MARADUN,09,MARADUN II,SC/986/ZF,,,,,ZAMFARA
8677,GORA,04,MARADUN,09,MARADUN II,SC/986/ZF,,,,,ZAMFARA
8678,GIDAN GOGA,05,MARADUN,09,MARADUN II,SC/986/ZF,,,,,ZAMFARA
8679,JANBAKO,06,MARADUN,09,MARADUN I,SC/985/ZF,,,,,ZAMFARA
8680,KAYA,07,MARADUN,09,MARADUN II,SC/986/ZF,,,,,ZAMFARA
8681,MARADUN NORHT,08,MARADUN,09,MARADUN I,SC/985/ZF,,,,,ZAMFARA
8682,MARADUN SOUTH,09,MARADUN,09,MARADUN I,SC/985/ZF,,,,,ZAMFARA
8683,TSIBIRI,10,MARADUN,09,MARADUN II,SC/986/ZF,,,,,ZAMFARA
8684,BINDIN,01,MARU,10,MARU SOUTH,SC/980/ZF,Bungudu/Maru,FC/355/ZF,,,ZAMFARA
8685,BINGI,02,MARU,10,MARU NORTH,SC/979/ZF,Bungudu/Maru,FC/355/ZF,,,ZAMFARA
8686,DAN GULBI,03,MARU,10,MARU SOUTH,SC/980/ZF,Bungudu/Maru,FC/355/ZF,,,ZAMFARA
8687,DAN KURMI,04,MARU,10,MARU SOUTH,SC/980/ZF,Bungudu/Maru,FC/355/ZF,,,ZAMFARA
8688,DAN SADAU,05,MARU,10,MARU SOUTH,SC/980/ZF,Bungudu/Maru,FC/355/ZF,,,ZAMFARA
8689,KANOMA,06,MARU,10,MARU NORTH,SC/979/ZF,Bungudu/Maru,FC/355/ZF,,,ZAMFARA
8690,KUYAN BANA,07,MARU,10,MARU SOUTH,SC/980/ZF,Bungudu/Maru,FC/355/ZF,,,ZAMFARA
8691,MARU,08,MARU,10,MARU NORTH,SC/979/ZF,Bungudu/Maru,FC/355/ZF,,,ZAMFARA
8692,MAYANCHI,09,MARU,10,MARU NORTH,SC/979/ZF,Bungudu/Maru,FC/355/ZF,,,ZAMFARA
8693,RUWAN DORAWA,10,MARU,10,MARU NORTH,SC/979/ZF,Bungudu/Maru,FC/355/ZF,,,ZAMFARA
8694,BADARAWA,01,SHINKAFI,11,SHINKAFI,SC/972/ZF,Shinkafi/Zurmi,FC/353/ZF,,,ZAMFARA
8695,CHIKI,02,SHINKAFI,11,SHINKAFI,SC/972/ZF,Shinkafi/Zurmi,FC/353/ZF,,,ZAMFARA
8696,GALADI,03,SHINKAFI,11,SHINKAFI,SC/972/ZF,Shinkafi/Zurmi,FC/353/ZF,,,ZAMFARA
8697,JANGERU,04,SHINKAFI,11,SHINKAFI,SC/972/ZF,Shinkafi/Zurmi,FC/353/ZF,,,ZAMFARA
8698,KATURU,05,SHINKAFI,11,SHINKAFI,SC/972/ZF,Shinkafi/Zurmi,FC/353/ZF,,,ZAMFARA
8699,KWARE,06,SHINKAFI,11,SHINKAFI,SC/972/ZF,Shinkafi/Zurmi,FC/353/ZF,,,ZAMFARA
8700,KURYA,07,SHINKAFI,11,SHINKAFI,SC/972/ZF,Shinkafi/Zurmi,FC/353/ZF,,,ZAMFARA
8701,SHINKAFI NORTH,08,SHINKAFI,11,SHINKAFI,SC/972/ZF,Shinkafi/Zurmi,FC/353/ZF,,,ZAMFARA
8702,SHINKAFI SOUTH,09,SHINKAFI,11,SHINKAFI,SC/972/ZF,Shinkafi/Zurmi,FC/353/ZF,,,ZAMFARA
8703,SHANAWA,10,SHINKAFI,11,SHINKAFI,SC/972/ZF,Shinkafi/Zurmi,FC/353/ZF,,,ZAMFARA
8704,GARBADU,01,TALATA MAFARA,12,,,Anka/Talata Mafara,FC/356/ZF,,,ZAMFARA
8705,GWARAM,02,TALATA MAFARA,12,,,Anka/Talata Mafara,FC/356/ZF,,,ZAMFARA
8706,JANGEBE,03,TALATA MAFARA,12,,,Anka/Talata Mafara,FC/356/ZF,,,ZAMFARA
8707,KAGARA,04,TALATA MAFARA,12,,,Anka/Talata Mafara,FC/356/ZF,,,ZAMFARA
8708,MORAI,05,TALATA MAFARA,12,,,Anka/Talata Mafara,FC/356/ZF,,,ZAMFARA
8709,RUWAN BORE,06,TALATA MAFARA,12,,,Anka/Talata Mafara,FC/356/ZF,,,ZAMFARA
8710,RUWAN GIZO,07,TALATA MAFARA,12,,,Anka/Talata Mafara,FC/356/ZF,,,ZAMFARA
8711,SAUNA R/GORA,08,TALATA MAFARA,12,,,Anka/Talata Mafara,FC/356/ZF,,,ZAMFARA
8712,SHIYAR GALADIMA,09,TALATA MAFARA,12,,,Anka/Talata Mafara,FC/356/ZF,,,ZAMFARA
8713,SHIYAR KAYAYE/MATUSGI,10,TALATA MAFARA,12,,,Anka/Talata Mafara,FC/356/ZF,,,ZAMFARA
8714,TAKE TSABA/MAKERA,11,TALATA MAFARA,12,,,Anka/Talata Mafara,FC/356/ZF,,,ZAMFARA
8715,KWAREN GANUWA,01,TSAFE,13,TSAFE WEST,SC/974/ZF,Gusau/Tsafe,FC/354/ZF,,,ZAMFARA
8716,YAN KUZO ‘’B'’,02,TSAFE,13,TSAFE EAST,SC/973/ZF,Gusau/Tsafe,FC/354/ZF,,,ZAMFARA
8717,YANDOTON DAJI,03,TSAFE,13,TSAFE EAST,SC/973/ZF,Gusau/Tsafe,FC/354/ZF,,,ZAMFARA
8718,YANKUZO ‘’A’’,04,TSAFE,13,TSAFE EAST,SC/973/ZF,Gusau/Tsafe,FC/354/ZF,,,ZAMFARA
8719,DANJIBGA/KUNCHIN-KALGO,05,TSAFE,13,,,Gusau/Tsafe,FC/354/ZF,,,ZAMFARA
8720,DAUKI,06,TSAFE,13,,,Gusau/Tsafe,FC/354/ZF,,,ZAMFARA
8721,KETA/KIZARA,07,TSAFE,13,TSAFE WEST,SC/974/ZF,Gusau/Tsafe,FC/354/ZF,,,ZAMFARA
8722,TSAFE,08,TSAFE,13,TSAFE EAST,SC/973/ZF,Gusau/Tsafe,FC/354/ZF,,,ZAMFARA
8723,CHEDIYA,09,TSAFE,13,TSAFE EAST,SC/973/ZF,Gusau/Tsafe,FC/354/ZF,,,ZAMFARA
8724,YAN WAREN DAJI,10,TSAFE,13,,,Gusau/Tsafe,FC/354/ZF,,,ZAMFARA
8725,BILBIS,11,TSAFE,13,TSAFE WEST,SC/974/ZF,Gusau/Tsafe,FC/354/ZF,,,ZAMFARA
8726,BOKO,01,ZURMI,14,ZURMI WEST,SC/971/ZF,Shinkafi/Zurmi,FC/353/ZF,,,ZAMFARA
8727,DAURA/BIRNIN-TSABA,02,ZURMI,14,ZURMI EAST,SC/970/ZF,Shinkafi/Zurmi,FC/353/ZF,,,ZAMFARA
8728,DOLE,03,ZURMI,14,ZURMI WEST,SC/971/ZF,Shinkafi/Zurmi,FC/353/ZF,,,ZAMFARA
8729,GALADIMA/ANRUWA,04,ZURMI,14,ZURMI WEST,SC/971/ZF,Shinkafi/Zurmi,FC/353/ZF,,,ZAMFARA
8730,KANWA,05,ZURMI,14,ZURMI WEST,SC/971/ZF,Shinkafi/Zurmi,FC/353/ZF,,,ZAMFARA
8731,KWASHIBAWA,06,ZURMI,14,ZURMI EAST,SC/970/ZF,Shinkafi/Zurmi,FC/353/ZF,,,ZAMFARA
8732,MASHEMA,07,ZURMI,14,ZURMI EAST,SC/970/ZF,Shinkafi/Zurmi,FC/353/ZF,,,ZAMFARA
8733,KUTURU/MAYASA,08,ZURMI,14,ZURMI EAST,SC/970/ZF,Shinkafi/Zurmi,FC/353/ZF,,,ZAMFARA
8734,RUKUDAWA,09,ZURMI,14,ZURMI EAST,SC/970/ZF,Shinkafi/Zurmi,FC/353/ZF,,,ZAMFARA
8735,YAN BUKI/DUTSI,10,ZURMI,14,ZURMI WEST,SC/971/ZF,Shinkafi/Zurmi,FC/353/ZF,,,ZAMFARA
8736,ZURMI,11,ZURMI,14,ZURMI EAST,SC/970/ZF,Shinkafi/Zurmi,FC/353/ZF,,,ZAMFARA
8737,ABAJI CENTRAL,01,ABAJI,01,,,Abaji/Gwagwalada/Kwali/Kuje,FC/359/FCT,,,FCT
8738,ABAJI NORTH EAST,02,ABAJI,01,,,Abaji/Gwagwalada/Kwali/Kuje,FC/359/FCT,,,FCT
8739,ABAJI SOUTH EAST,03,ABAJI,01,,,Abaji/Gwagwalada/Kwali/Kuje,FC/359/FCT,,,FCT
8740,AGYANA/PANDAGI,04,ABAJI,01,,,Abaji/Gwagwalada/Kwali/Kuje,FC/359/FCT,,,FCT
8741,RIMBA EBAGI,05,ABAJI,01,,,Abaji/Gwagwalada/Kwali/Kuje,FC/359/FCT,,,FCT
8742,NUKU,06,ABAJI,01,,,Abaji/Gwagwalada/Kwali/Kuje,FC/359/FCT,,,FCT
8743,ALU MAMAGI,07,ABAJI,01,,,Abaji/Gwagwalada/Kwali/Kuje,FC/359/FCT,,,FCT
8744,YABA,08,ABAJI,01,,,Abaji/Gwagwalada/Kwali/Kuje,FC/359/FCT,,,FCT
8745,GURDI,09,ABAJI,01,,,Abaji/Gwagwalada/Kwali/Kuje,FC/359/FCT,,,FCT
8746,GAWU,10,ABAJI,01,,,Abaji/Gwagwalada/Kwali/Kuje,FC/359/FCT,,,FCT
8747,BWARI CENTRAL,01,BWARI,02,,,Municipal/Bwari,FC/360/FCT,,,FCT
8748,KUDURU,02,BWARI,02,,,Municipal/Bwari,FC/360/FCT,,,FCT
8749,IGU,03,BWARI,02,,,Municipal/Bwari,FC/360/FCT,,,FCT
8750,SHERE,04,BWARI,02,,,Municipal/Bwari,FC/360/FCT,,,FCT
8751,KAWU,05,BWARI,02,,,Municipal/Bwari,FC/360/FCT,,,FCT
8752,USHAFA,06,BWARI,02,,,Municipal/Bwari,FC/360/FCT,,,FCT
8753,DUTSE ALHAJI,07,BWARI,02,,,Municipal/Bwari,FC/360/FCT,,,FCT
8754,BYAZIN,08,BWARI,02,,,Municipal/Bwari,FC/360/FCT,,,FCT
8755,KUBWA,09,BWARI,02,,,Municipal/Bwari,FC/360/FCT,,,FCT
8756,USUMA,10,BWARI,02,,,Municipal/Bwari,FC/360/FCT,,,FCT
8757,GWAGWALADA CENTRAL,01,GWAGWALADA,03,,,Abaji/Gwagwalada/Kwali/Kuje,FC/359/FCT,,,FCT
8758,KUTUNKU,02,GWAGWALADA,03,,,Abaji/Gwagwalada/Kwali/Kuje,FC/359/FCT,,,FCT
8759,STAFF QUARTERS,03,GWAGWALADA,03,,,Abaji/Gwagwalada/Kwali/Kuje,FC/359/FCT,,,FCT
8760,IBWA,04,GWAGWALADA,03,,,Abaji/Gwagwalada/Kwali/Kuje,FC/359/FCT,,,FCT
8761,DOBI,05,GWAGWALADA,03,,,Abaji/Gwagwalada/Kwali/Kuje,FC/359/FCT,,,FCT
8762,PAIKO,06,GWAGWALADA,03,,,Abaji/Gwagwalada/Kwali/Kuje,FC/359/FCT,,,FCT
8763,TUNGAN MAJE,07,GWAGWALADA,03,,,Abaji/Gwagwalada/Kwali/Kuje,FC/359/FCT,,,FCT
8764,ZUBA,08,GWAGWALADA,03,,,Abaji/Gwagwalada/Kwali/Kuje,FC/359/FCT,,,FCT
8765,IKWA,09,GWAGWALADA,03,,,Abaji/Gwagwalada/Kwali/Kuje,FC/359/FCT,,,FCT
8766,GWAKO,10,GWAGWALADA,03,,,Abaji/Gwagwalada/Kwali/Kuje,FC/359/FCT,,,FCT
8767,KUJE,01,KUJE,04,,,Abaji/Gwagwalada/Kwali/Kuje,FC/359/FCT,,,FCT
8768,CHIBIRI,02,KUJE,04,,,Abaji/Gwagwalada/Kwali/Kuje,FC/359/FCT,,,FCT
8769,GAUBE,03,KUJE,04,,,Abaji/Gwagwalada/Kwali/Kuje,FC/359/FCT,,,FCT
8770,KWAKU,04,KUJE,04,,,Abaji/Gwagwalada/Kwali/Kuje,FC/359/FCT,,,FCT
8771,KABI,05,KUJE,04,,,Abaji/Gwagwalada/Kwali/Kuje,FC/359/FCT,,,FCT
8772,RUBOCHI,06,KUJE,04,,,Abaji/Gwagwalada/Kwali/Kuje,FC/359/FCT,,,FCT
8773,GWAGWADA,07,KUJE,04,,,Abaji/Gwagwalada/Kwali/Kuje,FC/359/FCT,,,FCT
8774,GUDUN KARYA,08,KUJE,04,,,Abaji/Gwagwalada/Kwali/Kuje,FC/359/FCT,,,FCT
8775,KUJEKWA,09,KUJE,04,,,Abaji/Gwagwalada/Kwali/Kuje,FC/359/FCT,,,FCT
8776,YENCHE,10,KUJE,04,,,Abaji/Gwagwalada/Kwali/Kuje,FC/359/FCT,,,FCT
8777,KWALI,01,KWALI,05,,,Abaji/Gwagwalada/Kwali/Kuje,FC/359/FCT,,,FCT
8778,YANGOJI,02,KWALI,05,,,Abaji/Gwagwalada/Kwali/Kuje,FC/359/FCT,,,FCT
8779,PAI,03,KWALI,05,,,Abaji/Gwagwalada/Kwali/Kuje,FC/359/FCT,,,FCT
8780,KILANKWA,04,KWALI,05,,,Abaji/Gwagwalada/Kwali/Kuje,FC/359/FCT,,,FCT
8781,DAFA,05,KWALI,05,,,Abaji/Gwagwalada/Kwali/Kuje,FC/359/FCT,,,FCT
8782,KUNDU,06,KWALI,05,,,Abaji/Gwagwalada/Kwali/Kuje,FC/359/FCT,,,FCT
8783,ASHARA,07,KWALI,05,,,Abaji/Gwagwalada/Kwali/Kuje,FC/359/FCT,,,FCT
8784,GUMBO,08,KWALI,05,,,Abaji/Gwagwalada/Kwali/Kuje,FC/359/FCT,,,FCT
8785,WAKO,09,KWALI,05,,,Abaji/Gwagwalada/Kwali/Kuje,FC/359/FCT,,,FCT
8786,YEBO,10,KWALI,05,,,Abaji/Gwagwalada/Kwali/Kuje,FC/359/FCT,,,FCT
8787,CITY CENTER,01,MUNICIPAL,06,,,Municipal/Bwari,FC/360/FCT,,,FCT
8788,GARKI,02,MUNICIPAL,06,,,Municipal/Bwari,FC/360/FCT,,,FCT
8789,KABUSA,03,MUNICIPAL,06,,,Municipal/Bwari,FC/360/FCT,,,FCT
8790,WUSE,04,MUNICIPAL,06,,,Municipal/Bwari,FC/360/FCT,,,FCT
8791,GWARINPA,05,MUNICIPAL,06,,,Municipal/Bwari,FC/360/FCT,,,FCT
8792,JIWA,06,MUNICIPAL,06,,,Municipal/Bwari,FC/360/FCT,,,FCT
8793,GUI,07,MUNICIPAL,06,,,Municipal/Bwari,FC/360/FCT,,,FCT
8794,KARSHI,08,MUNICIPAL,06,,,Municipal/Bwari,FC/360/FCT,,,FCT
8795,OROZO,09,MUNICIPAL,06,,,Municipal/Bwari,FC/360/FCT,,,FCT
8796,KARU,10,MUNICIPAL,06,,,Municipal/Bwari,FC/360/FCT,,,FCT
8797,NYANYA,11,MUNICIPAL,06,,,Municipal/Bwari,FC/360/FCT,,,FCT
8798,GWAGWA,12,MUNICIPAL,06,,,Municipal/Bwari,FC/360/FCT,,,FCT